1045461	2711768	227
4161588	4601158	4
4432533	4601158	4
4601158	4049366	3
4652212	4583433	687
320893	510275	4
730950	4601158	4
4137347	4601158	4
4601158	1216150	3
599820	554587	10
1111808	1035968	101
4601158	4032562	3
3360286	1826611	11
4601158	3506227	7
1262298	4514417	6
4601158	229922	3
510275	4438788	3
510275	2814477	7
3841688	4601158	4
1857379	4568752	279
4601158	393186	3
785451	4601158	4
4601158	1662823	3
2165159	4514417	6
3111304	2343492	38
1111808	1051363	101
4601158	4161588	3
1682617	554587	17
553840	4601158	15
1958350	4601158	4
1659429	4601158	4
2487177	554587	17
1964956	4601158	4
3864688	4514417	6
2415630	4601158	4
510275	3201994	3
741755	4514417	6
1346153	4601158	4
691661	554587	511
1111808	297553	101
4015508	510275	4
741870	377463	687
2512397	2343644	75
3321553	4601158	4
1583911	554587	17
510275	1670218	7
3529352	4601158	4
2502941	4601158	4
1863111	789803	4
4601158	4085007	101
4601158	4527759	7
4273011	3786976	7
564944	554587	23
3394343	554587	17
1006087	4601158	4
150603	554587	17
510275	1119441	7
4601158	4362842	3
159418	2602242	12
4601158	3272956	3
4601158	553840	228
288881	554587	17
3391494	554587	17
1035968	4601158	10
4404074	3111304	32
1857379	4196977	279
510275	1853162	7
1861613	554587	17
1857379	3635360	279
666243	554587	17
420632	1111808	10
798250	4601158	4
1592386	4601158	4
1150541	1116740	761
287921	6437	12
1022300	4601158	4
4601158	4012823	3
244638	3103413	11
4404074	4514417	6
4601158	3458432	3
554587	339664	18
1035608	4601158	4
4601158	2621454	101
632920	554587	17
3332115	3687451	766
4305804	789803	4
4539416	510275	4
4601158	3073463	3
887978	821157	25
1857379	3062539	5
1391276	789803	4
416516	3111304	32
3885216	554587	17
4062610	1857379	1
1111808	4515590	101
1680625	554587	17
4542336	4601158	15
2979791	244638	21
244638	2860669	4
4601158	1981389	3
3062539	1857379	16
2343644	4123729	3
808670	1362981	38
554587	1879859	101
2730778	510275	4
330113	510275	9
1857379	4319952	5
4601158	980492	3
4489110	4601158	4
510275	139346	3
2423208	4601158	4
510275	1561526	7
1009889	510275	4
3272956	510275	4
4601158	3570610	7
2343644	4542336	228
1846093	4514417	6
510275	3554595	7
3833400	1111808	2
2471270	510275	4
1635461	4601158	4
4601158	2170019	3
4526334	3111304	32
2022227	4601158	4
2296470	3434551	12
1894870	4514417	6
1790443	4514417	6
1856590	4601158	4
2621370	510275	9
3113668	4514417	6
2377246	510275	4
554587	1515158	101
4601158	928409	7
2411039	4601158	4
2187213	671236	687
2376259	4601158	4
1205261	4340629	21
425032	4601158	4
4601158	3468793	3
4601158	4386269	7
563257	554587	17
1371736	1857379	16
4601158	1921032	764
4568754	4601158	4
3320247	1111808	10
2717007	4601158	4
4601158	55659	3
577617	4601158	4
510275	1133040	3
1004721	2343644	9
554587	3688362	101
2343644	842336	228
810618	4273011	9
1981389	554587	17
4601158	1226982	3
244638	52694	71
2277953	789803	4
360705	1001038	228
1857379	3347441	385
4601158	3801627	7
244638	3242992	32
4601158	1556750	3
4601158	768808	3
219554	4514417	6
4601158	741870	3
4601158	3426316	3
4542336	2343644	15
890589	2510440	542
3646109	4601158	4
3904639	4601158	4
2486446	510275	9
1589040	554587	17
3401834	4601158	4
4601158	4004180	3
3291753	4514417	6
2412418	407695	1158
3924830	4514417	6
4601158	329232	3
4601158	3109244	3
2713535	1857379	16
554587	3067404	18
2911074	510275	4
3826665	2860669	9
2552814	4601158	4
510275	2521251	3
4601158	2270636	3
1111808	3262076	101
787333	554587	10
2357434	4601158	4
510275	650710	3
4196977	1857379	27
3717213	554587	17
510275	4470410	7
1737301	554587	17
4102423	4601158	9
159418	231609	21
4601158	1212169	3
1857379	3301725	5
888605	4514417	6
1116501	4601158	4
3229975	554587	32
1111808	1608907	101
1361730	4601158	4
2852726	510275	4
4601158	1857379	3
2296470	4340629	21
4601158	2616855	3
554587	3312851	101
347642	3111304	32
22844	510275	4
3342980	4601158	4
3267885	4601158	10
1111808	3868348	190
4142301	4601158	9
1014334	789803	4
4029359	1857379	16
1561526	510275	9
4601158	4068564	3
788379	1111808	10
168636	4601158	4
711054	4601158	4
3360807	554587	32
510275	2103363	3
3077814	554587	17
2322775	554587	17
4022096	1857379	16
188905	789803	4
1857379	1111808	10
3641594	1857379	16
4601158	1840340	3
3294973	2919220	106
159418	1902219	12
563182	2723813	9
3581162	554587	23
470217	1857379	16
2860669	4252498	7
159418	2081808	21
4601158	2378531	3
510275	3411041	7
2386381	4601158	4
1362981	808670	32
1857379	4509975	5
1546761	510275	4
1857379	1045461	5
1336059	808670	18
2916604	554587	35
4115090	4601158	4
2699575	554587	35
175594	510275	9
510275	3236807	3
1098424	554587	24
4601158	3453225	3
4310562	4514417	6
2009858	4601158	4
4601158	1090618	3
3147783	510275	9
2343644	553840	228
1787540	510275	4
4601158	585483	7
4383494	4601158	4
4601158	4342259	3
801723	1111808	2
1628056	4514417	6
2740660	2388423	26
3628856	4601158	4
4601158	1271382	3
4165054	4601158	4
554587	3339662	101
4601158	1001573	3
1947586	510275	4
1150541	4509975	761
2813192	510275	4
3539402	159418	14
407837	4601158	4
4601158	923680	3
4601158	2220108	3
4601158	3040636	3
244638	3511836	383
510275	755635	3
4369727	554587	17
4601158	729044	101
866937	554587	17
2616855	4601158	4
4601158	563257	3
2846839	4335556	1096
2454954	1857379	16
4340629	1814484	28
287921	3283207	12
470051	4601158	4
449718	4514417	6
4356177	4601158	4
671236	887978	19
4601158	4474703	3
4601158	2105455	3
244638	3662518	5
1607291	1103326	7
4196666	554587	17
1857379	510275	4
2377246	4601158	4
3890046	510275	4
3154750	2343644	9
366823	1857379	20
4601158	42680	3
3086405	554587	23
1419354	4514417	6
4601158	2621037	3
4601158	3223597	3
2103246	510275	9
1829593	554587	17
931384	4601158	4
510275	4318976	3
2597951	4601158	4
1952673	554587	17
2007830	4601158	4
1190677	510275	4
3272250	4601158	4
143288	510275	9
510275	3782034	3
4022179	3826665	7
4601158	4178059	3
900963	4601158	4
3762672	2383080	951
3871145	3111304	31
2118713	4601158	4
4314375	789803	4
2809738	4601158	4
4601158	2764696	3
4601158	2739263	3
2075614	4514417	6
510275	771700	3
4601158	3132739	3
1291392	4601158	4
2729691	1857379	3
1690763	554587	23
3393325	4601158	4
3743892	510275	9
3000503	554587	100
416516	4514417	6
3759416	4514417	6
4273011	3403377	7
1318246	510275	4
3256648	4601158	9
2558340	789803	4
4340629	497694	28
510275	96536	3
3326990	4601158	4
247001	1121242	687
3257800	554587	17
3111304	1219236	38
3038911	3111304	31
1694945	4601158	4
3557567	4601158	4
2296470	2588418	12
84017	4601158	4
510275	3939362	3
1567231	4601158	4
1006087	789803	4
2537873	4601158	4
3963453	4601158	4
4601158	283262	101
971926	4514417	6
3954982	789803	4
3984818	3111304	32
3847903	554587	17
4601158	1970279	3
244638	779405	5
4362842	4601158	4
862745	4601158	4
737182	4601158	4
3675443	510275	4
4601158	2078809	101
2109799	4514417	6
3154750	3219459	76
1743764	510275	4
4012832	554587	23
1814484	2919220	106
1762636	4601158	4
4601158	3273282	3
1857379	3815570	5
3360286	2157546	28
244638	554587	17
887978	2196958	943
4099807	510275	4
4554768	4601158	4
4088656	4514417	6
3657738	554587	10
2006604	1857379	16
1066083	2157546	1399
287921	244638	21
4589710	4601158	4
497694	2955796	12
1103326	2343644	9
4601158	1561750	7
3782034	3111304	32
4601158	3989952	3
1157339	4601158	15
2258576	4514417	6
292537	4601158	4
1782523	4601158	4
127036	244638	21
887978	559522	162
4601158	4296552	3
709978	789803	4
3000988	554587	17
3329811	554587	17
693935	554587	17
4366617	510275	4
1857379	2984177	279
4601158	1329693	7
4601158	2420407	3
1330496	554587	23
4012832	4601158	4
1787540	4601158	4
510275	2061578	7
3329811	3111304	32
3492965	4601158	4
4601158	3740122	3
741870	554587	17
4601158	4231111	3
1607291	4067765	7
3803803	510275	4
735079	4601158	4
554587	1340655	101
4183697	4601158	4
510275	4311422	3
52694	244638	74
4601158	41163	3
510275	4107485	3
4601158	218416	3
2506686	4601158	4
664849	4601158	4
3441111	554587	23
4171877	4601158	4
2157546	2919220	106
2621454	1111808	10
3118946	554587	17
275056	554587	17
4345223	4514417	6
3888490	554587	17
4601158	3693985	3
843566	554587	23
3434551	2296470	14
2604742	4514417	6
1291914	4601158	4
554587	2122239	38
3694607	554587	17
4601158	4025566	3
510275	4418198	3
4601158	3841688	3
4601158	2465889	3
1857379	3568473	79
4601158	1008536	7
27258	4601158	9
1667444	4601158	4
4601158	2864264	3
2296470	3360286	281
1070792	1111808	10
4601158	186790	3
509181	4601158	4
4601158	2411039	3
2157546	3360286	21
3064318	4514417	6
4601158	1065159	3
3847797	4601158	4
2296470	3168232	12
4601158	3516118	3
554587	1925482	101
4601158	3397183	3
2901079	4514417	6
3184691	4601158	4
2596962	789803	4
2343644	1077472	228
1857379	2439013	5
2534875	554587	17
4601158	1003006	3
4601158	3837936	3
3019020	1857379	16
4412551	554587	17
2833333	510275	4
1922668	497694	14
4601158	96536	3
4601158	758574	3
510275	3936166	3
585483	4601158	9
1657016	4514417	6
510275	2782149	3
1857379	3864224	385
2616855	4514417	6
2979791	1534731	12
192290	4601158	4
4601158	2157210	7
497694	1857379	21
4601158	4554768	3
1925482	554587	10
510275	2187213	3
3422737	4601158	4
1118124	4601158	4
4601158	2847442	3
2103246	4601158	9
1750992	554587	17
1105577	789803	4
1201545	4601158	4
3376352	554587	10
802140	789803	4
3288198	4514417	6
3401834	510275	4
554587	2729178	101
4601158	1410615	3
2315943	4601158	4
2613515	4601158	4
971683	510275	9
1857379	2383080	587
2343644	728738	228
4601158	3079339	3
1583911	4601158	4
2633898	3367289	853
887978	564945	25
3635360	1232245	9
2343644	3861633	228
841583	4601158	4
4125746	1580342	687
4601158	3978014	3
4601158	4397112	3
2559112	4601158	4
1857379	1248686	5
2343644	3513451	7
4601158	1353539	3
3173902	554587	17
3889273	510275	4
2740660	1857379	16
1004721	2633898	766
497694	3333814	12
907691	4601158	4
2385205	1857379	21
4601158	128863	3
2049697	4314375	542
4601158	4516390	3
1468929	554587	23
3391494	4601158	4
2713535	1380936	14
1267158	4601158	4
34944	510275	4
1150541	1606486	761
4601158	1164341	228
3283207	1857379	16
59489	1205261	14
4601158	1814030	3
2314361	4514417	6
4601158	2839045	101
101947	554587	17
4601158	3635360	7
4601158	3631405	3
4601158	128820	3
608190	508173	14
554587	2203347	101
2557344	2343644	15
4467969	159418	344
3113668	4601158	4
4022179	4601158	230
1857379	3641508	5
1857379	3445281	5
3360286	3294973	28
3755498	554587	17
2888798	510275	9
3918730	4601158	4
2721589	554587	17
4131909	4514417	6
3586965	1857379	16
4601158	4496975	3
510275	994384	3
3542817	554587	17
4438788	554587	32
2009078	3687451	766
1829593	4601158	4
1262298	4601158	4
4467969	4175291	344
4294941	510275	9
4601158	1132782	3
1343434	4601158	4
1410615	4514417	6
2960023	554587	24
3530066	4601158	4
794435	4601158	10
3566764	1751427	9
510275	2775057	3
3242992	554587	24
1857379	2034201	5
1673380	4601158	4
2083782	4601158	4
506258	1857379	16
510275	4483303	3
4601158	1120105	7
554587	283262	101
1451915	4514417	6
2919148	3360286	21
2343644	4252498	7
3901710	510275	4
3111304	3799910	38
3174636	4601158	4
3789310	3577664	227
1705098	510275	4
1772221	4601158	4
2141897	4601158	4
4601158	676807	3
3994168	1111808	10
448474	144173	12
244638	4341718	279
4601158	4580499	3
4435528	3111304	23
4601158	1527165	3
883750	4514417	6
4601158	2962536	3
4601158	3426856	3
3843992	4601158	4
2739945	554587	17
2081808	554587	17
339664	554587	100
4601158	1122396	3
2573599	4514417	6
4601158	1157339	228
4601158	406397	3
4601158	1597872	3
4601158	1177699	3
2157546	244638	21
693313	4601158	15
576225	4514417	6
4226692	554587	17
3034862	4601158	4
497694	4471666	12
4470410	510275	9
448474	2919220	106
2592093	4601158	10
2546490	4601158	4
4601158	605493	3
4601158	330113	7
4601158	2352579	3
3111304	4404074	38
887978	1111808	539
2406498	1111808	10
1111808	1051363	207
2919148	1857379	21
4601158	3142855	3
457127	789803	4
2971232	4601158	4
4601158	3748272	3
2192038	4601158	4
2366407	4601158	4
554587	3196363	101
1291392	4514417	6
3635360	1857379	27
651412	4601158	4
4601158	921345	3
2548267	510275	4
4601158	375089	3
3360807	4601158	4
601054	789803	4
98713	808670	31
1857379	4072125	5
4601158	29484	3
510275	3507265	3
4425627	4601158	4
4199313	789803	4
3554595	4601158	9
1580342	4125746	542
4601158	3162631	3
1857379	2520572	5
569442	510275	4
3094858	4601158	15
2470230	4601158	4
810618	2343644	9
554587	301288	479
196644	4601158	4
510275	1048300	3
3001007	1150541	29
554587	2765235	101
3381742	4514417	6
544496	3111304	31
4601158	65847	3
1583196	4601158	4
1045461	1857379	16
4601158	2842771	7
3437031	4601158	4
252621	4514417	6
1111808	2839045	101
2689790	4601158	4
1231670	2388423	29
510275	1219372	3
4014018	554587	17
231609	2296470	11
3150736	789803	4
510275	4294941	7
4601158	2141897	3
510275	1433212	7
2544634	4601158	4
4601158	852403	3
1723890	4601158	4
3951826	789803	4
1198164	4601158	4
140888	510275	4
1651263	4601158	4
996727	2979791	14
1857379	1719093	5
4601158	3681619	3
510275	4366617	3
127036	2402402	12
6437	1857379	16
1902219	1857379	26
510275	3090613	3
3458432	4601158	4
1857379	2713535	5
1857379	3586965	5
967298	1150541	29
4601158	4425627	3
4106953	1857379	27
2220664	554587	17
510275	133419	7
3284945	554587	23
4146621	4514417	6
1111808	115144	101
4305804	4514417	6
1116740	2919148	14
1768662	4601158	9
751986	1857379	8
583790	4601158	4
2290964	789803	4
4601158	1397413	3
4601158	887978	4063
3245078	510275	4
1035579	554587	17
3413293	4601158	4
360705	3347441	228
2343644	1790736	7
510275	3784441	3
1111808	794435	207
3888490	564945	687
1640131	808670	32
1111808	781669	101
4327478	4514417	6
1165477	789803	4
4601158	3743892	7
4601158	1118558	3
510275	4582807	7
1105577	4601158	4
341180	789803	4
2555903	4601158	4
3647638	554587	17
196644	4514417	6
368188	2296470	14
3564040	1857379	16
3288198	4601158	4
1150541	967298	761
510275	4004001	3
4515900	4601158	9
377463	741870	542
1561750	510275	9
2979791	4151646	12
3184691	554587	17
2642343	789803	4
1857379	1116740	5
1210279	554587	17
4276148	3111304	32
2794236	229922	542
510275	2808600	3
2383080	1024629	564
3465451	4601158	4
1857379	3210499	5
510275	1787540	3
2995817	4601158	4
1981389	4601158	4
3094143	4601158	4
4601158	2888798	7
510275	4082646	3
510275	4183137	3
2012190	510275	4
4601158	3942857	7
755635	4601158	4
2264332	4514417	6
1857379	3861633	385
1078444	554587	17
554587	2406498	101
4160553	554587	17
2695550	4601158	4
510275	2647829	3
186811	4601158	4
4342929	244638	27
510275	3229975	3
1857379	2315853	5
4039930	4601158	4
4154798	1857379	16
4273011	1857379	3
4601158	4394860	3
1145	4514417	6
4583346	1111808	10
2643375	3111304	32
4652212	4514417	6
4015653	4601158	4
3980923	554587	17
497694	730201	12
1229552	789803	4
976555	554587	17
2489352	510275	9
78403	554587	10
4320053	4601158	4
2111773	789803	4
2860669	4601158	230
1586252	554587	17
1111808	2729178	101
1910667	554587	22
2549390	510275	4
4538847	4601158	4
3584855	789803	4
887978	3111304	436
3748946	4601158	4
2343644	4568752	7
12697	554587	32
1770328	554587	17
2349336	1111808	2
415088	4601158	9
1983727	4514417	6
3072445	201925	226
2746418	3111304	32
789803	4601158	230
1205261	470217	12
4601158	1026824	3
2371767	554587	17
2628424	4601158	4
4601158	3861633	228
4601158	478947	3
1857379	479759	5
1857379	2157546	28
1362628	510275	9
2940099	554587	17
510275	1361818	3
510275	3519075	7
3215055	554587	43
4601158	3086994	7
3263368	4601158	4
231609	159418	28
510275	1483646	3
4601158	1976486	3
1111808	2125147	101
3347441	1712256	15
744823	3111304	32
979699	4601158	4
2080000	4514417	6
4262551	554587	17
1525877	554587	17
510275	2367256	7
3837936	4601158	4
2936267	554587	17
3360286	497694	28
337230	554587	23
2532701	789803	4
4190718	4601158	4
2246020	3111304	32
3990899	510275	4
748751	789803	4
728623	510275	4
3628856	510275	4
1506493	4601158	9
2544634	554587	17
301288	554587	70
838387	510275	4
288065	2157546	14
887978	3642499	25
3684508	510275	4
1985386	510275	9
510275	1575062	3
4601158	2710009	3
4601158	1352411	3
2240857	4514417	6
4601158	3617881	3
3109244	4601158	4
3581621	789803	4
1670742	1205261	14
4483303	510275	4
4601158	2458946	3
510275	3635360	7
510275	2305293	3
1111808	3252671	101
2893248	4601158	4
115144	1111808	206
1278073	2860669	9
1925482	4601158	10
1857379	3243947	279
4636060	4514417	6
248591	4601158	9
955549	4601158	4
510275	2013186	7
532257	1857379	27
1592386	4514417	6
4455722	554587	17
4601158	449231	3
4601158	4310562	3
3866086	554587	17
2259362	4514417	6
3529352	4514417	6
2003410	4601158	4
3111304	3927311	38
3577664	244638	229
2674695	1857379	21
4601158	2098896	3
4601158	2552814	3
2368671	1857379	21
160729	4601158	4
2808600	4601158	4
4601158	1592846	3
4601158	2445367	3
1857379	3023553	5
1857379	4326135	5
2510440	4601158	4
2616747	510275	9
2737405	4341718	7
1857379	1775084	5
3111304	1482393	38
4597688	4601158	4
4601158	118578	228
4601158	349980	3
1001038	360705	15
4601158	3922674	3
1701061	4514417	6
3600943	789803	4
4601158	1003207	3
1829634	554587	23
3884351	4514417	6
3949173	510275	9
1857379	4022096	5
1172137	4601158	4
4333054	789803	4
4601158	4387723	3
4601158	4506142	3
510275	1978954	3
3321553	554587	17
3637444	4601158	4
1111808	3320247	101
3090619	127036	14
4601158	3358937	3
510275	2730778	3
4631454	4601158	10
1857379	1517841	385
2296470	4340629	281
1111808	115144	207
2296470	3301725	12
3927311	3111304	32
1030549	554587	35
4601158	3313531	3
2456211	4514417	6
128301	554587	17
4601158	3437031	3
4601158	3796898	3
510275	2325227	7
1760241	554587	23
2404317	4601158	4
368188	2388423	26
2823853	4601158	4
728623	554587	17
2296470	3940158	12
18650	554587	17
4601158	1886104	3
510275	1328617	3
1858931	1857379	16
1729906	4601158	4
723187	554587	17
4601158	3969109	3
510275	2157210	7
2610648	789803	4
2919148	4340629	21
565504	497694	14
510275	2080000	3
934556	4601158	4
3635360	2860669	9
4601158	433087	3
1527165	554587	17
1538551	4601158	4
4601158	1044337	3
1857379	27258	279
1092417	4601158	4
4471666	1857379	16
4601158	3076873	3
4601158	1790443	3
892454	4601158	4
509181	554587	17
1318246	4601158	4
4555198	510275	4
2721589	4601158	4
558668	789803	4
4601158	188905	3
1814030	4601158	4
2343644	1402958	7
510275	362484	7
554587	3005497	38
2864892	789803	4
510275	101947	3
2919148	2081808	21
455510	4601158	4
3454684	4601158	4
3170762	4514417	6
1518765	4601158	4
2775664	497694	14
1857379	1785684	279
4601158	4039930	3
4041194	554587	10
4430005	2296470	14
347642	4514417	6
2926899	554587	10
554587	3956074	141
2296470	244638	281
1435554	4601158	4
2592151	4601158	4
3426856	4514417	6
462315	4514417	6
4296552	4514417	6
4271627	4601158	4
35015	4601158	9
3679087	3360286	400
1568130	4601158	4
564944	808670	32
2084222	789803	4
3201994	4601158	4
1319978	1111808	10
4294941	4601158	9
2157546	288065	12
2391761	4601158	4
2388423	1802967	382
3648300	4601158	4
3131637	2315853	12
4580499	4514417	6
4601158	3441111	3
2264332	4601158	4
4601158	2616747	7
3007122	1150541	29
554587	3000503	18
887978	890589	25
1111983	554587	17
4601158	531606	3
4580499	2706329	687
1468929	510275	4
1857379	4335556	41
1111808	1937565	101
4601158	2549390	3
4049822	554587	17
3224548	4514417	6
3111304	74873	38
1462493	510275	9
4601158	2809738	3
1857379	4363639	5
4601158	455510	3
3978014	4601158	4
4601158	2230175	3
1446907	4514417	6
2920199	1857379	16
4601158	3998979	3
4601158	2901079	3
1857379	6437	5
3111304	1790820	38
3103413	2518379	12
1527473	4534777	951
4027737	4601158	4
3485499	4601158	4
4435342	2388423	26
3776616	4601158	4
4601158	4389440	3
2250078	3111304	32
510275	474549	3
1119227	554587	112
3316959	510275	4
329232	510275	4
985625	1111808	2
4142046	4601158	4
2826575	4601158	4
4646598	4514417	6
4601158	975760	764
765083	554587	10
4342929	2737405	9
1815350	554587	17
1857379	789803	4
1094794	554587	17
4106162	510275	4
4601158	1237008	3
497694	244638	21
4601158	3471369	3
554587	2621454	101
3884351	4601158	4
1654590	3111304	32
4601158	1462493	7
4601158	3411041	7
2383080	1527473	564
4601158	251748	3
217670	554587	17
3875070	1857379	27
1857379	1238012	5
510275	1578863	3
1804361	554587	24
4601158	637541	3
3351233	554587	10
154191	4601158	4
808670	2825005	38
4601158	414137	3
1567231	789803	4
510275	3591168	3
4004180	4601158	4
1086739	1857379	16
4601158	1762636	3
363711	4534777	951
2729691	2343644	230
2633898	3450176	853
4533923	4514417	6
2138985	554587	17
2895762	4601158	4
510275	2237399	3
3635360	789803	9
4601158	852665	3
3255544	4601158	4
4601158	1009938	3
4601158	434981	3
1597872	4601158	4
2333180	2388423	26
510275	1013590	3
1857379	2557344	385
4601158	907691	3
510275	2620648	3
4604017	3035013	12
1857379	2296470	28
510275	3422737	3
1191385	789803	4
4601158	3150952	3
1111808	1292943	101
4631531	4514417	6
3360286	554587	17
2268340	554587	23
4601158	444102	3
244638	1195595	71
1688645	554587	17
3142855	4601158	4
4601158	4482872	3
861794	4601158	4
3113197	510275	9
4310562	4601158	4
3642285	554587	17
4601158	3492965	3
1978954	510275	4
1857379	2941847	5
1659429	789803	4
1857379	2588418	5
510275	174815	7
3850847	510275	4
3042355	789803	4
892454	789803	4
4449780	510275	4
3989952	789803	4
1670218	510275	9
4340629	1205261	28
2313855	554587	23
4496252	554587	10
1857379	1314585	5
4630141	789803	4
1857379	4274742	5
2081808	2296470	28
4601158	1846093	3
510275	4383494	3
3850847	4514417	6
4601158	853611	3
2495730	4601158	9
4601158	1735823	3
1866646	4601158	4
3320247	4601158	10
3630685	554587	17
3937311	4601158	4
868932	2412418	935
2122239	554587	32
554587	2654470	240
1251169	4514417	6
4648996	4601158	4
1909345	4601158	4
2860669	1857379	3
3360286	807032	11
244638	2247702	5
557328	4514417	6
168636	554587	17
4231111	4601158	4
3906349	789803	4
4305246	510275	9
751986	244638	8
1485111	789803	4
4551856	510275	4
1094794	4601158	4
2343644	4517648	228
4601158	4408234	3
4601158	3890046	3
4601158	4517648	228
510275	460141	3
510275	321801	3
554587	2217148	101
4583433	887978	19
1857379	2510440	79
2557344	2343644	1367
4601158	3034862	3
3897973	4601158	4
808670	3718076	18
1857379	1231670	5
2465889	554587	17
4601158	313596	3
4601158	4142301	7
2360886	789803	4
4601158	2476631	7
4106953	2343644	9
2621454	4601158	10
4291628	2305293	542
1790736	1607291	9
510275	218416	3
510275	723979	3
4601158	2592093	101
1857379	2009078	279
4601158	1651263	3
4495235	1857379	16
4601158	3465451	3
4601158	2430762	3
1583196	554587	17
4546264	554587	35
231157	4514417	6
307598	4514417	6
3221435	510275	4
4601158	2304745	3
3183003	554587	17
4601158	2357434	3
2343644	3403377	7
4601158	3019854	3
510275	2492787	3
4601158	133419	7
4601158	2711089	3
3964698	554587	17
1857379	969154	5
2510440	1607291	4
3000133	4514417	6
4307060	554587	10
3111304	1821045	38
510275	3890046	3
433087	510275	4
4601158	3331645	228
1842070	554587	17
3347441	1857379	20
510275	4555765	3
4416945	4601158	4
3198821	1111808	10
554587	3144598	101
2305293	4601158	4
4539416	4601158	4
4601158	4541752	3
3797978	4601158	4
4551927	510275	9
3315122	1857379	16
3111304	150979	38
362484	4601158	9
4022096	2296470	14
510275	3132877	3
565133	554587	17
4601158	3401834	3
1219372	4514417	6
1857379	3139702	5
1050324	554587	17
4601158	3639300	3
4029359	2296470	14
3841688	510275	4
554587	2912097	18
3150952	789803	4
510275	97456	3
3342620	4601158	4
96536	510275	4
1165667	4601158	4
1608907	1111808	10
2674695	2919220	106
442966	554587	17
3714920	4514417	6
3458432	789803	4
2367256	510275	9
3045906	4601158	4
510275	143288	7
510275	3515474	3
231609	808670	32
650710	510275	4
972284	789803	4
1857379	1814484	28
231609	1814484	28
661354	4601158	4
4273011	244638	3
1724047	4601158	4
3190081	554587	17
311095	1857379	16
2865449	2157546	14
3738505	4601158	4
4601158	2488857	7
4601158	1583911	3
564504	554587	35
4273011	4106953	7
1464082	4514417	6
4327478	554587	17
1941460	4601158	4
2386381	789803	4
679424	4514417	6
1111808	1319978	101
3716249	4601158	15
2296470	2231679	12
4601158	2728043	3
1264756	554587	23
510275	2220125	7
1828073	4601158	4
4088656	4601158	4
497694	4340629	21
3644139	4601158	4
2388423	3668418	761
2439013	2388423	26
510275	695521	7
4601158	2919856	3
3786976	4273011	9
102772	4514417	6
3090613	4601158	4
2602242	159418	14
3940158	1857379	16
1768443	4514417	6
4601158	2393930	3
4601158	3529001	3
2006604	1205261	14
693313	1712256	15
4322846	4601158	4
2371767	789803	4
949579	4601158	4
4601158	1890316	3
510275	381560	3
2911074	4601158	4
4601158	1077472	228
4131909	4601158	4
4601158	3668628	3
2352579	554587	17
4601158	3694607	3
3969109	4601158	4
3468793	4514417	6
3358096	4601158	4
4601158	711054	3
3210539	4335556	190
4601158	2995817	3
554587	2882692	38
4601158	1327670	3
1149300	554587	23
4601158	409754	3
2213704	4514417	6
460141	4601158	4
775825	554587	24
205365	4601158	4
510275	3860136	3
2343644	2557344	228
2268141	4514417	6
2343644	1164725	228
3906349	4514417	6
4601158	3784441	3
2084222	554587	17
1103326	3687451	766
3068251	4601158	4
4041194	1111808	10
4601158	2471270	3
3040924	244638	16
4601158	1770328	3
4601158	3904639	3
3925497	510275	4
3243947	2343644	9
510275	22844	3
4601158	2530808	3
42680	554587	17
510275	269697	3
188905	554587	17
1267158	554587	17
1790736	789803	9
654498	1857379	16
4601158	1629825	3
244638	3083061	225
3265608	789803	4
4273011	4067765	7
2834619	4601158	4
4601158	600089	3
4273011	2921019	7
4601158	3864688	3
1857379	1606486	5
2905770	244638	180
510275	2549390	3
4045441	4514417	6
1857379	2041023	5
2343644	3786976	7
4037383	4601158	4
4601158	271517	3
554587	599820	101
1378498	4601158	4
3111304	3329811	38
122760	1857379	77
2610933	4601158	4
4601158	3788805	3
510275	4425301	3
4601158	320862	3
1111808	3253690	101
4379940	4601158	4
1857379	3516671	5
510275	557928	7
1857379	448474	28
510275	548362	7
847557	4514417	6
4450266	4514417	6
4601158	3050004	3
4601158	3637444	3
4601158	4631531	3
2583086	808670	32
4601158	1027169	3
1703363	4601158	4
1065159	4601158	4
439452	4601158	4
849926	554587	17
3788805	789803	4
3816294	4601158	4
4601158	2609882	3
928409	510275	9
4172568	4514417	6
554587	3854522	24
1857379	2495820	5
2313855	789803	4
277566	4601158	4
3660849	4601158	4
4601158	3964694	3
2506686	4514417	6
4601158	2695550	3
2368671	4467969	342
4601158	4356177	3
3094143	554587	17
917095	510275	4
2307633	4601158	9
887978	1546878	162
4601158	3524573	3
2412418	1805805	1158
92598	789803	4
484192	1857379	16
371344	554587	23
3111304	3592023	38
1958350	789803	4
4601158	3473776	3
4601158	429180	3
773002	4601158	4
4601158	3190081	3
4601158	1341730	3
315328	4601158	4
4601158	2271175	3
510275	1041871	3
1116740	1150541	29
502859	4601158	4
4340629	2296470	28
4601158	247001	3
1672737	554587	17
4601158	3279099	3
730950	554587	17
4601158	971683	7
864641	4601158	4
497694	4035865	12
1068067	554587	22
3515474	510275	4
1312700	4601158	4
3333814	1857379	16
4601158	478658	3
448474	1857379	21
2842771	4601158	9
2378785	4601158	10
1856590	4514417	6
4601158	2315943	3
4644903	4601158	4
244638	2905770	182
1120105	4601158	9
3530066	510275	4
554587	3364464	101
3466934	554587	511
2903453	4601158	4
1725143	510275	4
2833333	4601158	4
4068564	554587	17
3111304	3981780	38
4601158	1006087	3
560416	554587	17
2530808	554587	23
554587	1649713	18
510275	1198164	3
4259369	4601158	4
1790820	3111304	32
1219372	510275	4
4601158	3316959	3
2296470	178734	12
363711	4062610	951
4340629	2296470	11
898308	4601158	4
887978	2020739	1037
2343644	1020735	228
2501244	4601158	4
4461729	4601158	4
1857379	3365226	5
3939362	4601158	4
27258	1857379	27
549620	4514417	6
4554768	4514417	6
4601158	2282297	3
4601158	34944	3
4467969	1205261	344
3019854	554587	17
779405	71717	16
807032	3360286	281
1857379	1642507	193
1857379	3007122	5
4601158	4412767	3
4012823	4601158	4
4129980	4601158	4
4601158	3170252	3
3304861	4601158	4
3301004	510275	9
2122239	789803	4
1111808	3657738	101
247775	554587	17
2343644	1004721	7
510275	1708908	3
510275	271517	3
4389440	4601158	4
2845643	554587	17
4601158	3454684	3
2315853	3131637	14
4128892	1857379	16
4601158	4517982	7
464425	4601158	4
2343644	3154750	7
510275	161302	3
1857379	3019020	5
1857379	902436	279
4601158	893840	3
1821045	4514417	6
1211565	4601158	4
3693985	4601158	4
4197161	4514417	6
1929897	554587	17
2390497	789803	4
510275	1852693	7
510275	2669340	3
3335925	1857379	16
2919148	954886	12
1494886	4514417	6
2764696	4514417	6
2979791	3062539	12
510275	2621037	3
3782034	510275	4
2043471	4601158	4
1607821	1857379	16
375089	4601158	4
4601158	898308	3
2309873	554587	23
3885916	789803	4
4601158	838387	3
3507265	4601158	4
2087760	4601158	4
4601158	366823	228
212504	4514417	6
1926280	554587	17
1697592	789803	4
1837691	554587	17
332602	4601158	4
4601158	460141	3
3397183	4601158	4
425032	554587	17
2769314	4514417	6
4601158	2007830	3
4609673	4514417	6
3860136	510275	4
554587	1937565	101
1984524	554587	17
510275	3575898	7
510275	2220108	3
1852693	4601158	9
4273011	1790736	7
2831255	1111808	2
4342929	1607291	9
1705098	4601158	4
4601158	4014471	3
1712256	4106953	7
931384	554587	17
3365226	1857379	16
4601158	2880632	3
1111808	599820	101
377463	887978	19
534971	4601158	4
3548670	510275	9
4406718	2979791	14
3332375	127036	14
554587	3360807	38
244638	439760	383
2173548	510275	4
1857379	2306952	279
1111808	2124959	207
2511584	510275	4
600089	554587	17
4601158	3118946	3
3816738	510275	4
3668628	4601158	4
4601158	4124451	3
1735664	4601158	4
3181612	510275	4
2388423	3668418	382
1164725	4601158	15
3063713	554587	23
1232245	4601158	230
614139	789803	4
4082646	4601158	4
3111304	2346287	38
4601158	3303155	3
244638	1814484	28
921345	4601158	4
4282498	1205261	14
4601158	629782	3
1857379	2602242	5
4435528	510275	4
1804361	554587	100
4601158	1335663	3
563182	2343644	9
2860669	3635360	7
4601158	1019150	3
1857379	4398857	279
2227745	4601158	4
2752357	554587	17
4601158	3425485	3
510275	1651952	3
554587	339664	498
3292823	510275	4
798250	554587	23
4601158	1667444	3
4601158	3954982	3
4601158	1162609	3
4610188	4514417	6
4601158	4584235	3
1334286	789803	4
1442040	1857379	16
29484	4601158	4
1751416	4601158	4
848859	510275	4
4601158	3618414	3
4228622	4601158	4
4601158	1164725	228
4538847	4514417	6
4048812	808670	31
4541752	4601158	4
4601158	213919	3
3111304	3317044	38
1072978	554587	17
4636060	4601158	4
3596934	789803	4
4202466	4514417	6
1573860	554587	39
4196666	4601158	4
638618	554587	23
1729079	4601158	4
1380936	244638	21
4342259	510275	4
497694	2919220	106
1402958	360705	9
1857379	382565	5
1857379	3786976	77
4601158	4262551	3
1643479	4514417	6
4601158	2710243	101
1115629	789803	4
554587	420632	101
1232245	3635360	7
3283207	287921	14
244638	2522596	28
1111808	1442699	101
2522596	1197508	12
4601158	3847797	3
4324183	4601158	4
510275	2043471	3
510275	428615	3
497694	565504	12
4601158	4589710	3
4015508	4601158	4
1864238	554587	17
2893248	789803	4
3668418	2388423	29
2125790	510275	4
554587	375089	38
2210501	554587	17
3575898	4601158	9
3717213	4514417	6
4601158	3529352	3
4601158	3265608	3
3339662	1111808	10
441175	554587	847
887978	4291628	25
248591	510275	9
1719093	1205261	14
4601158	4560178	3
1111808	2203347	101
996727	1857379	16
3748946	789803	4
1800590	554587	112
4601158	3810930	7
1009938	4601158	4
1546878	4514417	6
1041871	510275	4
3168232	2296470	14
1164725	1857379	20
4467969	2368671	344
1403777	4601158	4
301288	554587	256
1635461	510275	4
563257	4601158	4
4601158	3342980	3
4601158	4115090	3
4512533	4601158	4
1488017	554587	17
474549	554587	17
1477626	554587	17
4522605	4514417	6
4601158	3717213	3
3947587	4601158	4
2814477	510275	9
4601158	2721589	3
3468793	4601158	4
1857379	329441	279
2647385	789803	4
4467969	3633130	344
2247600	4601158	15
510275	1705098	3
4601158	3094858	228
3557567	554587	17
2909408	554587	10
3403951	1111808	10
554587	1292943	101
244638	435375	28
510275	1947586	3
4594281	789803	4
3505042	2860669	9
1609332	1111808	10
1930583	4514417	6
4601158	3840626	3
3577664	3789310	226
3961702	4514417	6
122760	2343644	4
168529	554587	17
2640493	4514417	6
840480	4601158	4
2706329	4580499	542
857923	887978	19
4470119	4601158	4
3315215	2157546	14
4601158	439452	3
3816631	554587	17
636846	3111304	32
554587	679182	101
1857379	2247600	385
3111304	3782034	38
44394	554587	17
2020739	2912097	1300
612035	4601158	4
554587	2919220	91
4601158	4642336	3
2424879	554587	32
3360286	159418	28
1190677	4514417	6
3083061	244638	8
4024842	789803	4
4355425	4601158	4
4601158	726680	3
2921019	1857379	27
842336	4601158	15
2962536	554587	23
1435082	789803	4
554587	1481623	101
4153891	4514417	6
510275	3803803	3
35875	1857379	20
797324	554587	17
3865409	1857379	20
4510356	554587	17
4601158	1094794	3
3472497	4514417	6
4601158	735079	3
117923	510275	9
954886	1857379	16
3355841	554587	511
4202466	4601158	4
721546	510275	9
2230175	554587	32
3111304	741755	38
2643672	4601158	4
4582699	4514417	6
1857379	1278073	279
244638	2221584	383
4601158	2009858	3
4319952	1857379	16
4212530	4601158	4
819252	510275	4
887143	554587	17
3935487	244638	21
133419	4601158	9
510275	1552478	3
1857379	4601158	4
3718076	554587	24
1857379	2919148	28
2402122	4601158	4
1111808	845769	101
510275	728623	3
888605	4601158	4
244638	1607291	4
1994068	4601158	4
1546878	887978	13
3445281	2157546	14
1104140	4601158	4
2220125	4601158	9
1607291	4342929	7
4510356	4601158	4
2579839	510275	4
549861	4601158	4
4601158	2012190	3
111857	4514417	6
1857379	4029359	5
2378028	789803	4
1035968	554587	10
975760	4601158	230
2320128	510275	4
510275	2415630	3
3221886	4514417	6
4346398	510275	9
1607291	810618	7
1397413	4601158	4
282921	3635360	7
1607291	1278073	7
885016	244638	229
1857379	3807697	5
1700497	4514417	6
301609	510275	4
569762	1857379	20
4601158	3581162	3
4601158	1182515	3
510275	3148580	3
1814484	1857379	21
832338	554587	10
801723	554587	35
4601158	3166575	3
2427233	789803	4
4601158	3106991	3
4601158	1092417	3
230690	554587	17
554587	3130548	428
1857379	1921024	5
4601158	3748946	3
4601158	1116501	3
2245281	789803	4
3381434	4514417	6
510275	2548267	3
2081808	2157546	28
3253690	1111808	10
3379569	2919220	106
549620	789803	4
315844	510275	4
1237616	4514417	6
4601158	3803803	3
4601158	77173	3
3076873	510275	4
605493	4601158	4
1735664	4514417	6
1546761	4601158	4
2960023	554587	100
4601158	163374	3
3637444	554587	17
4601158	156323	3
2305293	554587	17
2213704	789803	4
1211492	2343644	75
729044	4601158	10
2346287	4514417	6
4601158	2486446	7
1517841	4601158	15
1069706	1857379	20
65438	510275	9
2423208	554587	17
127576	4514417	6
1092417	554587	17
4601158	336564	3
510275	3485499	3
728738	1857379	20
2782149	510275	4
1553330	554587	35
2470230	789803	4
4467969	2919148	344
2378785	554587	10
247001	4601158	4
2183938	4514417	6
4026377	4601158	4
2296470	244638	21
3415292	1111808	10
4601158	4470119	3
4291547	4514417	6
921345	4514417	6
1201950	4601158	4
510275	4015508	3
3105077	4514417	6
1419354	4601158	4
1041061	789803	4
4601158	1628838	3
283262	4601158	10
3358937	4514417	6
1194001	4601158	4
1857379	2454954	5
3838940	4514417	6
510275	3743892	7
2306314	4514417	6
4613773	2081808	566
4032882	4601158	4
144173	448474	14
2979791	996727	12
2737405	4342929	7
1857379	1705005	5
810618	1607291	9
510275	1009889	3
4601158	3280206	3
4601158	731089	3
2706749	4601158	4
1607291	4106953	7
1190972	4601158	4
1145	3111304	32
1362981	554587	17
1205261	59489	12
4601158	721546	7
2020247	4601158	9
4620477	4601158	4
4264186	4601158	9
4601158	2616083	3
2047911	554587	17
2607486	4514417	6
510275	4142301	7
3635360	282921	9
2984177	3687451	766
3839747	554587	17
3942857	4601158	9
3223597	4601158	4
2962536	4601158	4
510275	2471270	3
1929897	789803	4
1111808	729044	101
3009257	510275	4
1111808	3198821	101
3086994	510275	9
4601158	2540939	3
1790736	3687451	766
4601158	3776616	3
1857379	842336	385
2006479	554587	23
2708909	4514417	6
3891619	554587	17
3735800	3111304	23
4601158	1607448	3
1550189	3111304	32
554587	4033516	101
4601158	2544634	3
3252671	554587	10
4601158	4446444	3
1857379	506258	5
2157210	4601158	9
890589	887978	19
902752	554587	17
2296470	2081808	21
4085007	1111808	10
3705620	4601158	4
4601158	900963	3
4601158	4346398	7
2247635	554587	17
510275	1449775	3
1048300	510275	4
645843	2522596	14
3170762	4601158	4
2545671	4601158	4
1212169	554587	17
1712256	3347441	228
1328617	4601158	4
608190	1857379	16
2941847	885016	227
349980	4601158	4
548362	4601158	9
758574	789803	4
554587	3215055	86
2368671	2919220	106
651412	554587	17
464425	554587	17
510275	1561750	7
1077472	2343644	15
1803477	510275	4
554587	2124959	101
510275	4560178	3
307885	789803	4
3746830	497694	14
3111304	2676441	38
35875	2343644	15
3738971	4514417	6
2643672	4514417	6
637541	510275	4
1418092	4601158	4
4601158	1104870	3
4601158	1423135	3
2360886	4601158	4
755635	510275	4
3350665	887978	19
4601158	2689790	3
4601158	2756774	3
4365860	3111304	32
1921032	4601158	230
1857379	751986	225
3315215	1857379	16
2979791	3052655	12
1628886	554587	17
4601158	4018596	3
2852061	554587	17
4601158	3077814	3
735079	554587	17
4601158	3383155	3
3964641	4514417	6
2196457	554587	17
1361818	510275	4
2309467	554587	17
510275	433087	3
2995817	554587	17
2514819	4514417	6
100997	510275	9
510275	3719040	7
2349336	554587	35
1527473	300559	951
1670742	1857379	16
3064318	554587	17
231157	554587	17
3717213	4601158	4
4585542	4601158	4
3190888	510275	4
4501926	4601158	4
887978	2412418	935
2880433	4601158	4
4601158	3552620	3
1409064	789803	4
1185898	554587	23
4601158	3644139	3
1132782	554587	17
4601158	350879	3
3924606	554587	17
3868348	554587	35
4601158	1435554	3
3581621	4514417	6
4287225	4514417	6
1857379	1702076	5
665727	287921	14
4407286	789803	4
470051	4514417	6
564945	3888490	542
4509576	4514417	6
980492	4601158	4
20895	510275	9
4601158	2752357	3
2764696	4601158	4
4601158	4254703	3
1353539	789803	4
1111983	789803	4
2332420	1857379	16
4601158	3557567	3
1657016	3111304	32
797864	3111304	32
4601158	2936267	3
807032	2919220	106
2736070	4601158	4
4175291	1857379	21
2919148	231609	21
510275	4302056	7
339664	554587	24
1857379	808670	23
3668418	1857379	16
510275	2237058	3
4601158	2386381	3
3365226	2296470	14
1857379	4151646	5
1216822	4601158	4
721546	4601158	9
2343644	27258	7
4601158	3005497	3
1527473	244638	81
4601158	3168609	3
689458	554587	24
3086405	4601158	4
4601158	2187213	3
3843992	554587	17
4601158	1330496	3
554587	3731392	101
243111	4514417	6
1857379	2740660	5
1610500	4646598	26
469735	4514417	6
497694	3139702	12
919186	127036	14
4035865	497694	14
799986	4514417	6
1304368	4514417	6
3111304	847557	38
4601158	548362	7
3301725	2296470	14
3826665	2343644	9
3441111	4601158	4
2487658	554587	338
810028	4514417	6
2916604	1111808	2
693313	1857379	20
4541752	554587	17
4506142	4601158	4
1125602	554587	22
510275	4328080	7
4389440	554587	17
1111808	4583346	101
1435082	554587	23
4084760	1569272	14
1111808	972094	101
4601158	2153412	3
4361928	510275	9
3397183	554587	17
1402958	1232245	9
508173	1015041	12
147293	554587	23
1402958	1712256	9
4601158	275056	3
3360286	2383080	541
3393813	4514417	6
1857379	2043220	279
2190385	4601158	9
1150541	2680112	761
414056	510275	9
1814484	244638	21
2157546	1371736	12
656872	4601158	4
2416576	2157546	14
1975270	3111304	32
4601158	4183137	3
1952673	4601158	4
2314230	554587	17
4601158	737182	3
3360286	1814484	28
2521251	510275	4
4601158	4585542	3
558668	554587	17
510275	2082783	7
320862	4601158	4
554587	972094	101
2973303	1111808	10
3078608	554587	17
510275	4644903	3
4601158	1751416	3
301609	4601158	4
1857379	954886	5
2081808	4613773	655
3111304	2580431	38
3633130	1857379	21
510275	329232	3
4601158	2854959	3
4601158	2610933	3
2489352	4601158	9
4601158	2247635	3
4501926	554587	17
1111808	564504	190
1122396	4601158	4
1094557	4601158	15
244638	4514417	6
3970358	789803	4
3591713	554587	17
510275	2125790	3
150979	3111304	32
510275	4449780	3
2388423	1231670	761
1607448	4601158	4
4601158	2233223	3
4601158	4226692	3
3910804	554587	17
244638	4604017	28
4601158	2109799	3
2882692	554587	17
4601158	4456793	3
3910804	4601158	4
341180	554587	17
1724047	554587	17
4067765	3687451	766
4601158	1586252	3
2939107	789803	4
994537	554587	17
4601158	3023530	3
1034392	554587	17
4601158	3221435	3
2153412	4601158	4
4461729	554587	17
3507265	510275	4
2388423	376041	382
94447	554587	17
4601158	2596962	3
2393930	554587	17
554587	3253690	101
4305246	4601158	9
3273282	4601158	4
636846	4514417	6
4601158	3221886	3
4601158	1822923	3
3916128	554587	23
1162609	4601158	4
4379940	554587	17
3262076	554587	10
1111808	4074673	101
554587	3351233	101
3111304	4512306	38
1111808	3351233	101
2522596	1086739	12
4601158	3575898	7
3141300	554587	23
4601158	1361288	3
1597872	510275	4
729044	1111808	206
283262	1111808	10
1870840	510275	4
244638	159418	28
3969385	4601158	4
4085007	4601158	10
3180475	554587	23
3052655	1857379	16
4210139	554587	17
4601158	1020735	228
1651263	789803	4
4490599	554587	17
1205261	231609	21
4601158	35015	7
4601158	1994068	3
2880632	4514417	6
4484989	554587	17
4601158	1395117	3
2613515	510275	4
2343644	2009078	7
4062610	3762672	564
4067765	1607291	9
2979283	2296470	14
1857379	1858931	5
852665	4514417	6
178734	1857379	16
2343644	3332115	7
666243	510275	4
3079339	554587	23
4181143	4601158	4
3200673	2919220	58
887978	2439462	162
554587	2125147	101
3111304	4432058	38
3019020	2157546	14
1642507	4335556	330
510275	2742634	3
239728	554587	17
1458682	510275	9
1191385	4514417	6
2237399	510275	4
510275	3949173	7
1857379	3746830	5
3813109	1857379	16
3111304	168529	38
4601158	1485111	3
1857379	4503965	5
2886616	4601158	4
4601158	3034770	3
3472505	4601158	4
4601158	605586	7
4601158	317431	3
4601158	771700	3
967159	1015041	382
554587	2428881	498
2938804	4514417	6
219554	4601158	4
1026356	789803	4
1449775	510275	4
2476479	510275	4
2268141	4601158	4
3753677	4601158	4
4601158	554434	3
4601158	2903453	3
3008090	3111304	23
3978275	4601158	4
1340655	554587	10
3156675	1857379	16
4151646	1857379	16
1857379	3813109	5
4601158	4620477	3
4601158	4311976	3
69246	554587	23
554587	1718021	18
1121242	247001	542
4187465	554587	23
1857379	3911563	5
4601158	4137347	3
1005266	4514417	6
2704308	1857379	20
1118124	510275	4
510275	3529001	3
2439013	1857379	16
1857379	3539402	5
2615794	4514417	6
554587	1319978	101
3279575	4514417	6
4035865	1857379	16
163374	4601158	4
632920	789803	4
1271382	4601158	4
1409064	4601158	4
637541	4601158	4
554587	3244916	101
4601158	1765686	3
1341730	4514417	6
4601158	1729906	3
4203854	4601158	4
1201950	554587	17
4601158	1978954	3
4307057	4601158	4
1858931	287921	14
2921019	4273011	9
2079190	4601158	9
3360031	1111808	10
1790388	554587	10
1726028	4514417	6
3069662	4601158	4
554587	393186	38
2109799	4601158	4
2388423	4128892	382
4601158	4077960	7
3797978	554587	17
4363639	497694	14
2717007	789803	4
2513017	2041671	806
4416739	2633898	766
4601158	112871	3
4015653	554587	17
4601158	1852693	7
1481623	554587	10
3045906	4514417	6
683089	4601158	4
435375	1921024	12
2296470	3586965	12
3377769	554587	32
1857379	1371736	5
554587	4041194	101
2343492	4514417	6
4601158	3816294	3
554587	1068067	498
4601158	140131	101
244638	1712256	4
4601158	1409064	3
3050004	4601158	4
554587	1136032	18
842336	1857379	20
4072125	1857379	16
510275	3174636	3
1205261	244638	21
4103459	4601158	4
3111304	1864310	38
59489	1857379	16
2213704	554587	17
4197107	4601158	4
822523	4514417	6
416748	554587	17
3611754	4601158	4
554587	2765008	101
4517648	4601158	15
2865921	4514417	6
497694	231609	21
1433212	4601158	9
510275	3147783	7
2388423	2044895	382
22844	789803	4
1111808	998505	207
2255803	4514417	6
843149	1857379	16
2343644	3786976	3
4601158	1768443	3
2125790	554587	17
554587	1609332	101
510275	2488857	7
3641496	4601158	4
1857379	366823	385
4468838	554587	17
3132739	4601158	4
4601158	71913	3
141765	231609	543
1363420	1857379	16
1857379	940752	5
788379	554587	10
2343644	3826665	7
3792196	1205261	14
510275	3190888	3
1219236	4514417	6
1210659	4514417	6
2201324	554587	17
3360286	1205261	28
4601158	1419354	3
2448924	4601158	4
1111808	4041194	101
4601158	463706	7
764027	4514417	6
2427233	4601158	4
3460423	789803	4
4601158	2946599	3
2357434	554587	17
1712256	3635360	7
300559	2081808	543
478024	4601158	4
838387	4601158	4
4601158	239728	3
4189234	4601158	15
3111304	4276148	38
382565	1839354	227
1237008	554587	17
2431484	554587	17
1607291	3786976	3
510275	2489352	7
214669	554587	17
1826611	2919220	106
565133	4601158	4
1205261	4330691	12
4601158	4027737	3
3062738	554587	17
3809241	789803	4
2919148	4467969	342
2529894	4601158	9
4032562	4514417	6
1643479	4601158	4
1111808	2349336	190
4601158	1690763	3
1857379	4517648	385
2573599	3111304	32
3196363	554587	10
1857379	3940158	5
510275	214240	3
3376352	1111808	10
4601158	1768662	7
4515590	1111808	10
508173	3650022	12
1111808	3196363	101
4499359	554587	17
1111808	3267885	207
4601158	3180475	3
4601158	1961514	3
231609	1205261	28
3998979	4601158	4
1953419	554587	10
4601158	4259369	3
288261	554587	17
675910	789803	4
1512421	554587	17
1433212	510275	9
3279099	4601158	4
1525877	4601158	4
2734796	789803	4
1131893	554587	17
128820	4601158	4
4601158	1552478	3
252621	3111304	32
3154750	4601158	9
2296470	4022096	12
4601158	3725563	3
707088	141765	951
387069	510275	9
510275	4551927	7
4601158	1022300	3
3662518	1150541	26
4601158	642368	3
244638	4100704	225
4601158	2401170	3
4601158	728738	228
510275	1329693	7
1111808	1070792	101
510275	2764632	3
56319	4601158	4
509181	789803	4
1111808	788379	101
4505615	4601158	4
3105077	4601158	4
4601158	2739945	3
3079339	554587	17
4601158	2483861	3
4601158	557928	7
3939362	510275	4
1857379	3434551	5
4340629	2919148	28
4601158	4014018	3
4175291	4467969	342
2527197	554587	17
442966	4601158	4
4601158	3342620	3
2157546	4340629	21
3644139	554587	23
4601158	3884351	3
1264756	4601158	4
554587	4211607	18
1160826	4601158	4
1205261	1719093	12
159418	4340629	21
1195595	2439462	74
4601158	1078444	3
1607291	1402958	7
554587	1607448	38
2439013	2388423	29
1111808	4496252	101
4601158	3415615	3
94447	554587	32
4601158	1546761	3
554587	3415292	101
554587	2787616	18
4273011	4196977	7
4601158	1094557	228
231609	808670	23
984779	554587	23
2332068	4514417	6
2962381	4514417	6
2125147	1111808	10
1195595	244638	74
510275	3214830	3
163374	554587	17
1411234	4514417	6
324739	4514417	6
554587	4283495	18
2081808	448474	28
4555765	510275	4
2723813	563182	7
1446907	3111304	31
510275	2270636	3
4601158	2552859	3
368188	1857379	16
827317	4601158	4
4601158	976555	3
4320053	510275	4
1111808	2710243	207
2521251	4601158	4
3111304	4365860	38
4482959	4446444	542
510275	3202306	3
4601158	3416129	3
510275	1049099	7
1864310	3111304	32
1111808	1553330	190
3003079	554587	24
2607486	3111304	32
244638	3762672	285
599066	4601158	4
4601158	2911074	3
4503965	1857379	16
3227855	3524490	542
4601158	822523	3
2378531	4601158	4
1214566	4601158	4
3838940	789803	4
2844680	3687451	766
4158386	4601158	4
4285135	789803	4
4499359	554587	32
585483	510275	9
3018193	4601158	4
2864892	554587	17
1626449	4514417	6
510275	1760241	3
74873	4514417	6
2890390	4514417	6
3379569	4467969	342
297553	1111808	10
1712256	1001038	228
4644249	789803	4
457923	1857379	20
2343644	532257	7
1205261	14399	12
1744508	554587	24
840480	789803	4
4322846	554587	17
4307060	1111808	10
4601158	1191631	3
4601158	4022040	3
3066953	3111304	31
1098883	4601158	4
244638	127036	28
4601158	2132129	3
2343644	1069706	228
3471369	4514417	6
1089892	4514417	6
4062610	363711	564
4491189	789803	4
4601158	693313	228
4225032	1857379	1
554587	787333	101
4601158	631296	3
2388423	1231670	382
510275	1743764	3
4062610	2427316	290
1857379	4596192	5
1525702	4601158	4
510275	4197161	3
448474	244638	21
1025908	1205261	14
4601158	2501244	3
3383155	554587	17
2196457	554587	23
510275	338291	3
3796898	510275	4
244638	2307773	383
2919148	244638	21
4601158	4361928	7
674383	554587	23
510275	4342259	3
2501244	4514417	6
1534731	1857379	16
4601158	1041061	3
1008536	510275	9
2537873	789803	4
4318976	510275	4
3111304	744823	38
244638	2041671	225
4296000	4601158	4
2669340	4514417	6
1877274	244638	229
510275	2487177	3
1229903	4601158	4
4610188	4601158	4
1110746	789803	4
4601158	917095	3
4601158	2082783	7
4630141	554587	17
2683592	4601158	4
2729178	1111808	10
3511836	3813109	226
510275	2083782	3
2739945	4601158	4
2333202	4601158	4
1095092	554587	17
2905770	508173	92
1312349	4514417	6
4134216	4601158	9
2483861	554587	23
2863405	789803	4
2877854	554587	17
1516416	4514417	6
3471369	4601158	4
1024055	4601158	4
4601158	1782523	3
3111304	600046	38
2680112	1857379	16
1768662	510275	9
1025908	1857379	16
2596962	4601158	4
3746830	1857379	16
4601158	4510356	3
533221	4601158	4
14399	1857379	16
4601158	1551561	3
1814484	680118	12
4535609	4601158	4
4601158	1592386	3
893840	789803	4
1015966	554587	17
4512306	4514417	6
887978	1464082	162
3972073	510275	4
4601158	2415630	3
510275	3841688	3
2971232	789803	4
4172918	4514417	6
1231670	2388423	26
2420407	510275	4
1104140	554587	17
1857379	2921019	279
2971232	554587	17
1651952	510275	4
554587	90979	18
808670	3793340	38
1371736	2157546	14
3686489	4601158	9
554587	1503129	101
244638	1875210	383
1682617	789803	4
2441503	1111808	10
3166575	4601158	4
2013186	4601158	9
4601158	1291914	3
1857379	118578	385
4601158	3689763	3
596260	4601158	4
3376706	4514417	6
4601158	14034	3
3001007	1857379	16
2524759	4601158	4
3277047	2919148	14
4286646	4601158	4
1328617	510275	4
213919	789803	4
1525702	554587	17
4601158	810301	3
4601158	1214566	3
3642499	127576	542
3949173	4601158	9
3335390	1111808	10
1857379	3513451	279
4601158	449718	3
3513451	4273011	9
407695	2412418	935
4203854	554587	17
768808	4601158	4
4407359	4601158	9
2854959	4601158	4
1857379	4189234	385
510275	3816738	3
899524	4514417	6
1857379	565504	5
1003006	4601158	4
4601158	2518880	7
3305321	4601158	4
4601158	1267158	3
883750	3111304	32
4601158	2813192	3
4601158	3214830	3
4418200	789803	4
3570610	4601158	9
1205261	1025908	12
4601158	3507265	3
2105455	510275	4
4102423	510275	9
3360286	3679087	5
68125	554587	17
4386891	4601158	4
4526334	4514417	6
2343644	35875	228
4601158	193916	3
1857379	4100704	225
4601158	161302	3
2979791	713360	12
4601158	4326533	3
1667444	554587	17
1857379	368188	5
4601158	1050324	3
1516416	789803	4
510275	2119114	7
3816631	4601158	4
376041	2388423	29
1575062	4514417	6
3473776	510275	4
4601158	4349457	3
510275	320893	3
4601158	3440895	3
4601158	2402122	3
4601158	797324	3
3111304	2643375	38
2059514	4514417	6
3552620	789803	4
510275	512173	3
510275	3839747	3
2775057	510275	4
2388423	2891058	382
4601158	1070757	3
1043471	4601158	4
1857379	680118	5
4601158	601054	3
857923	4131909	542
767325	789803	4
554587	1800590	141
510275	1834275	7
1857379	3315215	5
3939885	4601158	4
4601158	2486916	3
4601158	3395160	3
2979791	3315122	12
2580487	4514417	6
1857379	2704308	385
4601158	3229609	3
1842567	4514417	6
2674598	3111304	31
4601158	4181143	3
4233695	4514417	6
1857379	122760	79
4105601	554587	17
2267718	4601158	4
3568473	1857379	77
2730778	554587	17
2638106	808670	341
1814484	231609	21
2676441	4514417	6
47707	789803	4
716381	1857379	16
1822923	554587	23
554587	12697	38
510275	2103246	7
2633898	3505042	853
2009078	1857379	27
2296470	2979283	12
4601158	1346153	3
4601158	2083782	3
4601158	1568130	3
423617	4514417	6
510275	953154	3
1857379	3036409	5
3786976	1857379	79
3111304	705843	38
479759	2296470	14
510275	3511588	7
2483861	4601158	4
2221584	244638	229
775350	4601158	4
997393	4601158	4
3252496	4601158	4
3453225	554587	17
2314230	4601158	4
4601158	4490599	3
317431	554587	17
244638	3620820	225
3885216	789803	4
3735800	4514417	6
1395117	554587	23
4601158	2079190	7
510275	1462493	7
554587	3376352	101
186790	554587	17
4601158	2165159	3
4601158	4025149	101
3109244	789803	4
271517	510275	4
2530808	4601158	4
1111808	2926899	101
2615888	4514417	6
967298	1857379	16
4397112	4601158	4
2034201	1857379	16
77173	4601158	4
4291628	887978	19
3111304	252621	38
4129980	510275	4
3493382	4601158	4
362484	510275	9
4161224	4601158	4
554587	689458	18
2393930	4601158	4
3511836	244638	229
2495730	510275	9
2660573	4514417	6
600046	4514417	6
4601158	3042355	3
2421677	4601158	4
3515474	4601158	4
3064318	510275	4
3695793	4514417	6
2282371	554587	17
244638	1205261	28
470217	1205261	14
3380717	554587	10
2425044	4601158	4
1556750	4601158	4
4601158	2192038	3
1867808	510275	4
4340629	3294973	28
3447247	4514417	6
510275	2909002	7
2467866	2157546	14
1857379	2041671	225
96536	4601158	4
1857379	553840	385
4512501	4514417	6
4601158	1111291	3
2633898	2118243	853
1853162	4601158	9
2388423	3641508	382
2920199	2296470	14
3281195	1857379	16
1004125	4601158	4
4601158	1945092	3
4601158	3292823	3
1111808	3891759	101
510275	87944	3
4456793	4601158	4
231609	554587	17
4601158	4539416	3
1857379	3566764	279
1330496	4601158	4
4601158	1837691	3
4023351	1857379	16
1621702	554587	32
1599103	4601158	4
1481623	1111808	206
3529001	510275	4
1515158	1111808	10
4601158	303482	3
510275	4264186	7
1231670	1857379	16
3361682	4601158	9
2343644	1103326	7
510275	4305246	7
554587	301288	741
1068067	554587	100
4601158	4345223	3
4601158	4282925	3
554587	4499359	38
1789278	4601158	4
4340629	448474	28
4601158	2220664	3
4601158	3924830	3
4601158	1546116	3
510275	2946599	3
1052876	497694	14
4573737	2221584	227
4199313	4514417	6
4601158	301609	3
510275	917095	3
1896167	554587	17
2320619	510275	9
1445897	4601158	4
1278073	1857379	27
1621702	789803	4
4335556	301288	46
3018193	554587	23
55659	4514417	6
2979791	716381	12
510275	1985386	7
4601158	1362628	7
3067404	554587	24
3111304	2993468	38
4601158	4559418	3
1607821	1569272	14
313596	4601158	4
2328840	4601158	4
510275	4291547	3
2131155	4514417	6
1157339	1857379	20
3505042	2343644	9
2263950	4601158	4
1751416	554587	17
4601158	4012832	3
4601158	1462150	3
4601158	3181612	3
1111808	2378785	101
2588611	4601158	9
510275	1190677	3
4601158	2596400	3
754997	4601158	4
4601158	662315	3
554587	2230175	38
866937	4601158	4
1701061	3111304	32
2710243	4601158	10
3635360	510275	9
4601158	192290	3
4601158	1160826	3
2332420	497694	14
4018596	4601158	4
3111304	1304368	38
4601158	3816738	3
1004721	1857379	27
406397	4601158	4
2061578	510275	9
2306314	4601158	4
244638	4534777	541
4494881	4601158	4
520689	4601158	4
1829634	789803	4
4387723	4601158	4
2376259	4514417	6
2343644	3875070	7
2282297	4601158	4
4455722	4601158	4
2151078	4601158	4
4301050	4601158	9
1445897	4514417	6
1615422	4601158	9
234442	4601158	4
554587	3252671	101
2313855	4601158	4
2009078	2860669	9
2864264	4601158	4
1366648	4601158	4
4601158	2169292	7
3769366	4601158	4
4302056	510275	9
2086009	789803	4
193916	510275	4
2518379	1857379	16
4601158	3947587	3
3796898	4601158	4
428615	4601158	4
3815203	554587	17
4189234	2343644	15
2946599	510275	4
1857379	2516026	5
907691	554587	17
1125602	554587	24
3279575	789803	4
2296470	2149978	12
4601158	4045060	3
2847442	554587	17
1111808	765083	101
2041023	2157546	14
27947	4601158	4
4515900	510275	9
3566764	3687451	766
510275	3303625	3
3492965	789803	4
337120	3111304	32
159418	2520572	12
4082646	510275	4
1857379	2680112	5
186790	4601158	4
4601158	4099807	3
4601158	3105077	3
4601158	754997	3
1607291	3635360	7
1111808	3360031	101
1041061	4601158	4
510275	1970279	3
2744357	510275	4
302754	4601158	4
1219236	3111304	32
3062539	2979791	14
1857379	1802967	5
4513838	789803	4
4601158	3360807	3
4517648	1857379	20
3190081	4601158	4
4601158	3897973	3
554587	1125602	18
862745	554587	17
448474	3360286	21
2861866	1857379	16
4033516	1111808	10
4601158	2184999	3
4601158	1196817	3
1330496	554587	17
84017	554587	17
510275	415088	7
1003006	554587	23
1252962	4601158	4
2074046	4514417	6
3303058	4514417	6
4601158	4242429	3
4601158	533221	3
4601158	1651952	3
510275	2476479	3
4601158	3170762	3
3251428	4514417	6
4601158	3891619	3
3504019	4601158	9
4601158	849326	3
4601158	934556	3
654498	1150541	29
4509975	1857379	16
3088807	554587	167
4601158	1517841	228
2495820	1857379	16
510275	3288032	3
1857379	730201	5
4467969	3294973	344
1111808	794435	101
3740122	789803	4
808670	1688645	38
510275	1369482	7
3078608	4601158	4
4601158	954606	3
4039930	3081928	687
4512306	3111304	32
621315	4601158	4
3719667	554587	17
4601158	508054	3
1857379	508173	11
4509576	4601158	4
3866086	4601158	4
4601158	3272250	3
2543682	4601158	4
2993468	3111304	32
2245281	4514417	6
1341730	4601158	4
4601158	3301972	3
4601158	1363200	7
3208672	4514417	6
2424879	789803	4
4601158	2314361	3
2909408	1111808	10
1857379	300559	587
554587	1356267	101
3856621	554587	23
4601158	2597951	3
1801282	554587	23
2548267	4601158	4
3595974	554587	32
526348	1111808	10
4067765	4273011	9
4601158	462315	3
1070757	4601158	4
2388423	2439013	382
2899029	554587	17
4601158	2844116	3
2964569	4601158	4
4601158	4324183	3
1608907	554587	10
4601158	3847903	3
510275	585483	7
3007122	1857379	16
4601158	1819037	3
3524490	4601158	4
4601158	3964698	3
887978	377463	25
1119441	510275	9
4601158	768743	3
510275	2813192	3
510275	3850847	3
4601158	1190972	3
510275	810301	3
553840	1857379	20
2979966	808670	32
4601158	2009078	7
3111304	856363	38
1345815	4601158	4
1534731	2979791	14
12697	554587	17
68125	789803	4
3475387	4601158	4
1857379	2865449	5
510275	65438	7
1857379	2333180	5
3633130	2919220	106
1997471	554587	23
4601158	2683592	3
557928	4601158	9
2979791	1775084	12
510275	2888798	7
716381	2979791	14
564944	554587	17
4601158	1458682	7
554587	301288	22
4601158	2506686	3
3890046	4601158	4
1921531	510275	9
244638	2817056	459
4160553	789803	4
510275	3617881	3
2157546	2416576	12
510275	3570610	7
3301972	4601158	4
4601158	1834275	7
244638	751986	225
510275	2518880	7
297236	4514417	6
4387723	554587	17
3419394	4514417	6
981461	4601158	4
4183697	789803	4
2445367	554587	17
2187213	4601158	4
4601158	4291579	3
3111304	1657016	38
4568754	554587	17
4601158	819252	3
1278073	1712256	9
2854242	2979791	14
3236807	4601158	4
4601158	4379940	3
1857379	532257	279
4601158	1521249	3
4601158	288881	3
4037383	554587	23
3229975	510275	4
2633898	1010383	853
1712256	2009078	7
3422737	510275	4
599820	1111808	10
510275	3223597	3
244638	2919148	28
4601158	1518765	3
4601158	614139	3
2424699	3111304	32
4601158	621315	3
4601158	4328080	7
2845643	4601158	4
1857379	3154750	279
510275	4559418	3
1319978	4601158	10
4601158	2834619	3
4394860	554587	17
2430762	4601158	4
1857379	3367289	279
810618	1857379	27
2744357	4514417	6
726680	4514417	6
497694	4363639	12
2890390	4601158	4
1136032	554587	24
3267344	4601158	9
4049366	554587	17
3272956	4601158	4
185979	4601158	4
243111	510275	4
510275	156323	3
510275	1362628	7
4601158	3716249	228
4601158	3951826	3
415026	554587	17
1111808	2406498	207
4601158	1194001	3
4601158	972284	3
2157546	4467969	342
4254703	4601158	4
1857379	393119	279
4601158	1853162	7
4499359	789803	4
3395160	554587	23
510275	243111	3
4601158	1051363	101
1111808	3688362	101
554587	3360031	101
1160826	4514417	6
1111808	3267885	101
4056580	244638	229
34944	554587	23
3509212	4601158	9
1606486	1857379	16
3837936	789803	4
8745	4601158	4
1857379	178734	5
4250357	554587	17
4601158	3113668	3
387069	4601158	9
4601158	1204452	3
141765	707088	564
2366407	4514417	6
2710654	4601158	4
1538551	510275	4
2250078	4514417	6
4560178	510275	4
554587	794435	101
3799910	4514417	6
1857379	2779152	5
2831255	554587	35
4553011	4514417	6
77173	789803	4
4601158	2011806	3
3360031	554587	10
510275	3086994	7
510275	1165667	3
4124451	4601158	4
4386891	4514417	6
1857379	1363420	5
1926280	4514417	6
4045060	4601158	4
2459497	4601158	4
510275	2188750	3
1310783	4601158	4
1120105	510275	9
1729906	554587	23
3069662	554587	17
297553	554587	10
1439508	4601158	4
3257800	4601158	4
2343644	4067765	7
3312851	554587	10
510275	4102423	7
4601158	4032882	3
1027169	4601158	4
4335556	2817056	375
3589763	4601158	4
4601158	4301050	7
4601158	2006393	3
3728416	554587	17
2524759	4514417	6
382565	1857379	16
4601158	1496727	3
2301936	554587	17
2361868	4601158	4
4601158	4468838	3
849326	4514417	6
3353542	4601158	9
309593	789803	4
4601158	3939362	3
1700497	510275	4
2852726	4514417	6
574548	789803	4
151407	510275	4
1857379	1385221	5
4601158	4609673	3
4601158	2245281	3
1205261	2056428	12
4601158	1566904	3
2271175	789803	4
423866	4514417	6
676807	554587	17
4601158	3321553	3
4601158	655834	3
4146621	4601158	4
4287225	4601158	4
3889273	4601158	4
3452795	4514417	6
339664	554587	22
744868	4514417	6
3423740	3687451	766
1826611	313864	21
4644249	4601158	4
3254888	510275	4
2861866	2388423	29
510275	414137	3
2165159	4601158	4
2846839	1857379	27
3575898	510275	9
4296000	789803	4
662315	554587	23
3728416	4601158	4
1842070	4514417	6
3419394	510275	4
1150541	820495	761
4601158	2367256	7
2522596	2695302	12
2676441	3111304	32
4601158	1120437	3
604462	4514417	6
4366617	4601158	4
1403777	789803	4
768808	789803	4
2798366	4601158	4
554587	3657738	101
1223746	2921019	7
4601158	3642285	3
4601158	3714920	3
4032882	789803	4
3725563	4514417	6
4601158	3141300	3
1024629	2383080	951
2205709	554587	17
3834178	4514417	6
4601158	2118713	3
4601158	315844	3
1956899	4514417	6
4256129	4514417	6
1303771	4601158	4
2555903	554587	17
2461076	554587	17
4601158	432545	3
4115090	4514417	6
4601158	1407657	3
1857379	3148617	5
139346	510275	4
1291914	554587	17
1066083	1857379	1504
554587	140131	101
852665	4601158	4
271517	4601158	4
2787616	554587	24
4592862	554587	35
3813109	3511836	227
1051363	554587	10
4601158	1292943	101
727750	510275	4
2552814	789803	4
287921	4319952	12
2919795	510275	4
508173	2905770	95
3294973	4467969	342
442966	789803	4
4601158	4022179	764
1642507	1111808	2
4601158	4302056	7
2122239	554587	17
870914	1205261	1399
4601158	565133	3
2901079	789803	4
510275	1044337	3
4601158	457923	228
1020735	1857379	20
1857379	2302775	5
2245281	4601158	4
301288	4335556	63
4582807	510275	9
2998729	4514417	6
1857379	59489	5
1857379	4225032	587
201104	4601158	4
3040924	1150541	26
601054	4601158	4
3068997	4514417	6
4601158	1867808	3
1876789	4514417	6
4601158	387069	7
510275	1318246	3
483830	554587	17
1104870	4601158	4
3360286	2296470	11
1857379	515953	5
4601158	2059514	3
526348	554587	10
419729	3111304	32
4601158	4057651	3
1496727	4601158	4
248171	4514417	6
2034201	439760	227
423617	4601158	4
4601158	2852061	3
300750	789803	4
27544	554587	17
1857379	2729691	4
2476631	510275	9
533221	554587	17
3103413	532699	12
2668793	554587	17
4601158	1708882	3
1546116	4514417	6
510275	416735	3
3038911	4514417	6
4601158	2314230	3
2237399	554587	17
2266384	4601158	4
2301326	4601158	4
320862	4514417	6
1550189	4514417	6
1034894	4601158	4
287921	4281141	12
1205261	1857379	21
1526647	1857379	16
2668081	4601158	4
4282925	4601158	4
1156773	1857379	1504
2711089	4601158	4
4601158	789803	764
4407286	4601158	4
1857379	35875	385
4601158	4245600	3
2742634	510275	4
4601158	3949173	7
1077472	1857379	20
631296	554587	17
2941847	1857379	16
1026356	4601158	4
4601158	217670	3
1455658	4601158	4
1103326	2860669	9
4601158	1248100	3
4601158	2752984	3
4438788	510275	4
1567988	554587	17
1397413	554587	17
4601158	4307057	3
3586604	789803	4
554587	2592093	101
2304745	4601158	4
2583856	510275	4
3463469	510275	4
1506493	510275	9
3642285	4601158	4
4601158	1369482	7
3738505	4514417	6
4103459	510275	4
4601158	2307633	7
4601158	3063713	3
3243947	1857379	27
3808188	2296470	14
2779085	554587	17
2184999	4601158	4
1111808	3415292	207
2006393	4601158	4
287921	1858931	12
554587	2973303	101
1111808	2078809	101
2939107	554587	17
4601158	2301936	3
520689	4514417	6
1212169	4601158	4
554587	881534	18
4601158	3865409	228
3426316	4601158	4
4386269	510275	9
4601158	2636242	3
4601158	4538847	3
350879	4601158	4
3639300	4514417	6
478947	554587	17
2343644	2729691	764
4171877	554587	17
4601158	752900	3
1402958	3096049	9
3936166	789803	4
510275	2833333	3
4311422	510275	4
4601158	147293	3
554587	3100280	101
4601158	853337	7
554587	3262076	101
1190074	3111304	32
3118946	4601158	4
4601158	297236	3
682553	4514417	6
4407359	510275	9
952183	4601158	230
1599103	510275	4
2710243	554587	10
1857379	3997679	385
3360286	2296470	28
3217594	4514417	6
1330496	4514417	6
4601158	4568754	3
4326533	554587	17
810301	4601158	4
2217148	554587	10
2043220	2633898	766
4601158	4143709	3
1857379	1902219	382
2119114	4601158	9
4601158	2277953	3
3081928	887978	19
3168609	4601158	4
3891759	554587	10
934556	554587	17
3227855	887978	19
4559418	4601158	4
3000503	554587	24
2860669	1103326	7
244638	1569272	28
1111808	2769728	190
4601158	3353542	7
1826611	3360286	281
1594605	4601158	9
3173902	4601158	4
4601158	2939107	3
2439462	887978	13
2118243	2633898	766
554587	4438788	38
4601158	2833333	3
4604017	3641594	12
510275	838387	3
2782149	554587	17
510275	3675443	3
4024842	554587	17
2532701	4601158	4
3983330	4514417	6
3516118	4601158	4
1165667	510275	4
3825442	3111304	32
4601158	4432533	3
843149	287921	14
4601158	2768958	3
3911563	2919148	14
4178059	4514417	6
741755	3111304	32
3288032	4601158	4
4601158	414056	7
4601158	1659429	3
2593035	554587	17
332602	4514417	6
1190985	2307773	227
2695550	789803	4
3576307	554587	17
3332375	1857379	16
1857379	2042286	5
3954881	3111304	32
2633898	1785684	853
3148617	1877274	227
3807697	2157546	14
554587	3252176	101
4249782	789803	4
510275	819252	3
4601158	2417801	3
2404317	554587	17
3642285	4514417	6
4161588	554587	17
583790	554587	23
615407	554587	17
4601158	3816631	3
4601158	27947	3
554587	4583346	101
810618	2633898	766
4601158	1004125	3
4601158	1229903	3
580595	554587	17
4583346	554587	10
510275	1597872	3
2081808	497694	28
4601158	2628424	3
329232	4601158	4
554587	1442699	101
3803803	4601158	4
415088	510275	9
4601158	1172137	3
1977926	4601158	4
1395117	4601158	4
967975	4601158	4
3288032	4514417	6
3369545	789803	4
244638	3131637	28
3815203	4601158	4
1857379	3423740	279
4601158	3320247	101
154191	789803	4
1182515	4601158	4
2009078	2343644	9
4601158	1216822	3
2527197	4601158	4
4601158	2620648	3
557328	3111304	31
4489110	554587	17
510275	3132739	3
2602242	1857379	16
4601158	798250	3
1560868	789803	4
1197508	2522596	14
1111983	510275	4
4601158	2006479	3
1517586	554587	17
4601158	311356	7
1229903	554587	17
853611	554587	17
3170762	554587	17
300750	554587	23
510275	387069	7
1407792	789803	4
4601158	730950	3
2041671	244638	8
2101264	4601158	4
3663058	1857379	16
4601158	3755498	3
2020247	510275	9
1418092	789803	4
1977926	554587	17
3708152	4514417	6
554587	3666098	38
1857379	4252498	279
510275	2613515	3
1534312	4601158	4
2483861	789803	4
2891058	1857379	16
1103326	1712256	9
887978	4601158	1836
554587	2441503	101
4601158	3381742	3
174815	510275	9
515953	2157546	14
4104940	554587	23
4601158	1977926	3
244638	4056580	383
3617881	4601158	4
888605	789803	4
4601158	423617	3
3519075	4601158	9
3847797	554587	17
2846839	2343644	9
4601158	1201545	3
2699575	1111808	2
1534731	1857379	26
3305321	510275	4
2271175	554587	17
2891058	2388423	26
2125147	554587	10
1059340	554587	17
998505	554587	10
1165477	554587	17
381560	510275	4
3592023	3111304	32
1857379	996727	5
510275	4455837	3
3221886	4601158	4
3148580	510275	4
1369482	510275	9
4281141	287921	14
4349457	4601158	4
2210501	4601158	4
4499549	1857379	16
2669340	510275	4
3294973	3360286	21
510275	301609	3
1607448	554587	32
3924606	4601158	4
448474	4467969	342
4601158	2425044	3
4483303	4514417	6
4601158	107644	3
2248218	789803	4
3641508	1857379	16
185979	4514417	6
1857379	4573737	5
4601158	309593	3
554587	407695	18
4601158	1004721	7
3631405	4601158	4
2647829	510275	4
3424339	3826665	7
3911563	1857379	16
4601158	518588	3
3112893	1857379	16
360705	244638	3
2938804	789803	4
2189871	4601158	4
4497346	554587	23
1857379	2955796	5
4601158	225121	3
510275	3686489	7
4601158	1049099	7
4078663	4514417	6
1111808	4546264	190
1857379	1001038	385
4546264	1111808	2
918787	4514417	6
554587	1945092	38
1049099	4601158	9
3581162	4601158	4
972284	4601158	4
1216822	554587	17
4601158	604462	3
510275	4212154	3
4128892	2388423	26
4601158	3769366	3
1019150	4601158	4
1561750	4601158	9
1857379	1790736	279
1162609	554587	17
3111304	987859	38
2309467	4601158	4
4642336	4601158	4
4450266	4601158	4
4317527	4514417	6
71717	4601158	4
2231679	1857379	16
4430005	1857379	16
4580499	4601158	4
4601158	1345815	3
4601158	143288	7
2708909	4601158	4
2964569	554587	17
1069706	2343644	15
3034770	4514417	6
894676	554587	17
589642	4601158	4
2304745	789803	4
4601158	2151078	3
454159	1857379	16
3111304	2640493	38
3944984	554587	17
4517648	2343644	15
4085007	554587	10
2388423	506258	382
3369545	554587	17
675326	1857379	27
478024	554587	23
1110746	4514417	6
2439462	4514417	6
4601158	1260285	3
2854959	4514417	6
4584235	4601158	4
435375	452435	12
510275	3472497	3
3394343	4601158	4
510275	4026377	3
4601158	1104140	3
510275	666243	3
2847442	4601158	4
554587	832338	101
2305293	510275	4
1735823	4601158	4
1857379	1607821	5
633259	4601158	4
2416576	1857379	16
3918730	789803	4
744823	4514417	6
1981389	789803	4
414056	4601158	9
3668418	2388423	26
4407286	4514417	6
3936166	510275	4
4601158	2360886	3
1857379	1256702	5
4107485	4601158	4
554587	526348	101
510275	1725143	3
4601158	3918730	3
633259	554587	17
515953	1857379	16
868932	554587	24
4342929	1712256	9
2061083	4601158	4
1038995	4601158	4
802140	4601158	4
1922393	4514417	6
4601158	727750	3
4568752	2343644	9
4601158	4551927	7
4601158	3000133	3
2315853	1857379	16
231609	2919148	28
2798366	554587	17
1111808	1356267	101
4601158	4610188	3
3485499	510275	4
3998979	554587	23
713360	1857379	16
2633898	27258	853
4601158	3394343	3
1863111	554587	17
510275	2583856	3
2328840	554587	17
4601158	2043471	3
3380717	1111808	10
4601158	3158050	3
6437	287921	14
1026824	4601158	4
510275	2047911	3
917095	4601158	4
4601158	3148580	3
1857379	141765	587
4601158	2273817	3
1122927	554587	17
4601158	2390497	3
1015099	1857379	16
4406718	1857379	16
3111304	2998729	38
510275	3401834	3
4601158	4513838	3
3111304	2258576	38
4601158	4142046	3
2406141	4514417	6
2518880	4601158	9
631296	4601158	4
1750992	789803	4
564504	1111808	2
4642336	554587	17
2806454	4514417	6
1909345	4514417	6
3162631	4601158	4
510275	117923	7
1857379	2646891	5
2081808	159418	28
2458946	554587	23
4601158	3628856	3
3342620	554587	17
510275	4129980	3
4496975	4601158	4
409754	554587	17
3411041	4601158	9
4601158	3719667	3
554587	3198821	101
2739263	4601158	4
3170252	4601158	4
1022300	4514417	6
2184999	4514417	6
2082783	510275	9
4601158	651412	3
510275	1111291	3
4601158	1049101	3
2128685	4601158	4
1857379	3094858	385
1857379	608190	5
554587	3003079	18
4601158	3251428	3
1111808	2836039	190
3927311	4514417	6
1351201	1205261	14
554587	1910667	18
4601158	2097780	3
1440155	554587	17
554587	1035968	101
1470928	554587	17
1857379	3331645	385
723979	4601158	4
3969109	4514417	6
4166864	4601158	4
785451	4514417	6
510275	928409	7
2388423	4499549	382
1662823	4601158	4
4601158	3631934	3
4067765	2343644	9
2746418	4514417	6
2919148	3911563	12
510275	3256648	7
1358796	4601158	9
229922	2794236	687
4601158	864641	3
4383264	4601158	9
3407426	4514417	6
2510440	789803	4
2388423	2861866	382
1857379	1922668	5
4446444	4601158	4
27947	554587	17
4601158	4172918	3
3861633	2343644	15
779651	3111304	32
4470410	4601158	9
510275	3796898	3
1190074	4514417	6
3318658	510275	4
1975270	4514417	6
3854522	554587	18
4601158	1223746	764
251748	4601158	4
1442699	1111808	10
150603	4601158	4
2273817	4601158	4
1111808	1642507	190
554587	4454889	18
510275	3990899	3
510275	1165140	7
4601158	1952673	3
4601158	4285135	3
4601158	388599	3
1534312	554587	17
238185	554587	17
4361928	4601158	9
4335556	3210539	2
213919	4601158	4
4601158	1312349	3
4601158	2495730	7
3917082	510275	4
2346287	3111304	32
2633898	810618	853
2078809	554587	10
4601158	3596934	3
4285135	4601158	4
2428881	554587	100
2514819	4601158	4
4383494	510275	4
4601158	4553011	3
1857379	1694892	5
4601158	2320619	7
1262351	4601158	4
2775664	1857379	16
2268340	4601158	4
1929897	4601158	4
3474641	789803	4
931598	4601158	4
457923	4601158	15
2343644	118578	228
159418	3539402	12
518588	4514417	6
726680	4601158	4
4551856	4601158	4
1857379	1015041	5
324739	887978	13
163974	1857379	16
4601158	3730881	3
3519075	510275	9
4455837	510275	4
4601158	3990899	3
247775	4601158	4
3251428	4601158	4
919186	1857379	16
4089772	4514417	6
1857379	4435342	5
4601158	3939885	3
3472489	554587	17
3112893	1380936	14
3740122	510275	4
4088851	554587	23
4601158	97456	3
1737301	789803	4
2736070	510275	4
4601158	3236807	3
1814484	4467969	342
4568752	1857379	27
4212154	510275	4
2081808	300559	541
4601158	775350	3
3111304	248171	38
4601158	1538551	3
3806103	554587	17
3748272	789803	4
2909002	4601158	9
3131637	1238012	12
4197107	554587	17
1216150	4601158	4
3024636	554587	17
1857379	2979283	5
1196817	554587	17
554587	78403	101
554587	372133	18
1165140	4601158	9
4601158	1713416	7
399832	789803	4
336564	4601158	4
4197161	510275	4
1857379	3403377	279
4076084	2296470	14
244638	3935487	28
1629825	510275	4
853337	510275	9
4482872	4514417	6
1365652	510275	9
1378498	510275	4
101947	510275	4
497694	2775664	12
1857379	4147585	5
510275	3076873	3
4601158	3485499	3
2383080	3360286	543
4418198	4601158	4
315328	554587	23
1615894	554587	511
1035579	789803	4
1710873	4514417	6
4601158	1262298	3
2992438	4601158	4
423723	789803	4
3755299	4514417	6
3657738	1111808	10
3066786	554587	10
1111808	477485	101
2456972	4514417	6
949579	554587	17
1857379	4517342	279
779651	4514417	6
4023351	1569272	14
406397	4514417	6
1935349	4601158	4
2378028	4514417	6
2388423	2439013	761
3126231	554587	23
771700	4601158	4
1173732	4514417	6
4601158	307885	3
4601158	1635461	3
4623473	367986	542
2740660	2296470	14
1640131	554587	17
1551561	4514417	6
416748	4601158	4
419729	4514417	6
1237127	4601158	4
4601158	2610648	3
3618414	554587	17
3217594	3111304	32
4135543	789803	4
4601158	2328840	3
1205261	3663058	12
510275	1111983	3
2270636	4601158	4
4601158	3619166	3
1814484	2081808	21
4534777	1527473	564
2518379	3103413	14
4601158	464425	3
161496	510275	9
1204452	554587	17
994384	4601158	4
4601158	583790	3
510275	4551856	3
4601158	3960239	3
107644	4601158	4
4601158	2893248	3
4297954	554587	23
4601158	2378785	101
4601158	1828073	3
4467969	2296470	344
2132129	4601158	4
1857379	4416739	279
1385221	1857379	16
324990	4514417	6
744868	554587	17
554587	1621702	38
731089	554587	17
3026763	554587	23
4601158	984779	3
3019854	4601158	4
1802967	1857379	16
2247635	4601158	4
3320247	1111808	206
4601158	661354	3
3111304	779651	38
4601158	3615946	3
3413293	4514417	6
2258576	3111304	32
3148580	4601158	4
554587	3000503	498
2081808	3294973	28
2511584	4601158	4
3003361	789803	4
3111304	1701061	38
4601158	3474641	3
554587	2839045	101
554587	2078809	101
231609	3294973	28
4601158	1021164	3
4273011	810618	7
3755498	4514417	6
71913	554587	17
1525077	789803	4
2098896	4601158	4
4328080	4601158	9
1278073	2343644	9
4601158	3641496	3
2582647	4514417	6
458156	4514417	6
292537	554587	23
4601158	1703363	3
1983727	4601158	4
3689763	4601158	4
3694607	4601158	4
159418	3516671	12
2412418	868932	1158
4089772	4601158	4
4601158	2613515	3
4264964	554587	17
1970279	4601158	4
2307633	510275	9
705843	3111304	32
4601158	1165667	3
510275	35015	7
4282925	510275	4
510275	1365652	7
2668081	554587	17
4301050	510275	9
824588	4601158	4
293342	4514417	6
4601158	2565895	3
4601158	899524	3
1248100	4601158	4
887143	4601158	4
497694	4467969	342
510275	975760	764
4123729	4601158	4
1846093	4601158	4
2059514	4601158	4
3942969	4601158	4
3416129	4601158	4
4601158	794435	101
2633898	3875070	853
4106953	4273011	9
4601158	664994	7
4601158	3815203	3
3615946	554587	17
797864	4514417	6
982855	789803	4
549861	554587	17
4601158	69246	3
4601158	2543682	3
3377769	3111304	31
4601158	4461729	3
4601158	2173548	3
2401170	4601158	4
3688362	1111808	10
1857379	2512397	76
2809738	554587	17
2826575	789803	4
2886616	554587	17
1937565	1111808	10
554587	3380717	101
454159	2296470	14
4601158	3154750	7
4601158	1921531	7
4601158	549861	3
1069706	4601158	15
2979791	4406718	12
4601158	1024055	3
2506010	4514417	6
4262551	4601158	4
360705	3635360	7
1482393	3111304	32
3303058	4601158	4
953154	4601158	4
4601158	410835	3
4601158	2713402	3
244638	1380936	28
4601158	2593035	3
4601158	1863111	3
1402958	1857379	27
4601158	12697	3
1857379	1610500	5
360705	1402958	7
510275	311356	7
3301972	510275	4
479759	1857379	16
4601158	3595974	3
4601158	3184691	3
4601158	185979	3
497694	1248686	12
4307057	554587	17
1442040	3131637	14
4601158	277566	3
2995415	4514417	6
4269385	4601158	4
890867	4601158	4
3473776	4601158	4
4004378	554587	17
1462187	4514417	6
554587	890867	38
4601158	1098883	3
765083	1111808	10
4425627	510275	4
4601158	1583196	3
1103326	4273011	9
1336059	554587	24
2385205	2919220	106
4601158	1628886	3
531606	4514417	6
3984818	4514417	6
4503965	2157546	14
3856621	4601158	4
460141	510275	4
4601158	3916128	3
3506227	510275	9
510275	3917082	3
4601158	1789278	3
3002989	4514417	6
1150541	3662518	382
4256129	3111304	32
3807697	1857379	16
1111808	832338	101
4601158	3326990	3
3111304	887978	426
1857379	1052876	5
4601158	3198337	3
2536450	4601158	4
3666098	554587	32
4601158	4491189	3
4394860	4601158	4
3111304	2571521	38
14034	4601158	4
4601158	1567231	3
1857379	3789310	5
3825442	4514417	6
2512397	2343644	52
510275	3666098	3
2940099	4601158	4
1694892	1857379	16
4482872	4601158	4
381560	4514417	6
97456	510275	4
1044337	4601158	4
3521779	554587	17
1857379	4123729	77
2011806	789803	4
4601158	380927	3
783756	510275	4
1712256	1278073	7
4527759	4601158	9
2470230	4514417	6
3309689	4601158	4
767325	4601158	4
1402958	4273011	9
4196977	1607291	9
1818980	789803	4
4601158	3267885	101
510275	203247	3
4601158	1034894	3
601054	4514417	6
4513838	554587	17
2009858	789803	4
277566	554587	23
3600943	4514417	6
510275	2169292	7
554587	773002	38
4601158	3366769	3
2361868	4514417	6
4601158	3804847	3
2764632	4514417	6
69246	4601158	4
112871	4514417	6
2098896	554587	17
4080655	510275	4
510275	1635461	3
3158050	4601158	4
2265607	4601158	4
554587	3320247	101
4601158	981461	3
4601158	4037383	3
477485	1111808	10
510275	2949488	3
3111304	3738971	38
506162	4514417	6
4601158	4249782	3
1857379	3200673	279
4252498	2343644	9
4601158	4366617	3
3111304	1550189	38
1672737	4601158	4
951457	1111808	10
3450176	2633898	766
3106991	4601158	4
4335556	1878558	2
4601158	8745	3
2615794	4601158	4
1857379	1010383	279
435375	244638	21
2255803	4601158	4
554587	4515590	101
65847	510275	4
2056428	1205261	14
1857379	2118243	279
4150992	510275	4
1842567	510275	4
3748272	4514417	6
3539402	1857379	16
1607291	244638	3
1857379	1020735	385
3202306	510275	4
3718760	4601158	4
1682617	4601158	4
1024629	244638	81
1009889	4601158	4
3916128	4601158	4
4601158	919750	3
2621037	510275	4
4601158	3062738	3
3339662	554587	10
3827373	554587	17
3806103	4601158	4
4601158	1783755	3
967975	554587	17
4601158	1772221	3
4601158	2275411	3
1271618	554587	17
1214823	2979791	14
3840626	789803	4
931384	4514417	6
1335663	554587	23
288261	4601158	4
4601158	2255803	3
3168609	4514417	6
2979791	1214823	12
4601158	2736070	3
1857379	2149978	5
3024636	554587	32
3068251	789803	4
484192	2522596	14
4601158	1440155	3
4601158	1835019	3
4601158	4512501	3
2561113	2919220	106
1857379	1077472	385
463706	4601158	9
658013	4601158	4
4601158	3530066	3
4418198	510275	4
2628424	554587	23
2270636	510275	4
2078809	4601158	10
1857379	4406718	5
3111304	3675443	38
98713	554587	17
779405	244638	16
705843	4514417	6
1078444	4601158	4
4225032	244638	543
2834619	789803	4
4601158	3263368	3
3505042	2633898	766
1455658	554587	17
575788	4601158	4
4535609	510275	4
1857379	2846839	279
3548670	4601158	9
1112613	4601158	4
4601158	1926280	3
301288	554587	18
1569272	244638	21
2075781	554587	17
2310323	808670	341
3255544	554587	23
2388423	1802967	761
4637663	4514417	6
4601158	2431484	3
768743	4601158	4
4601158	2247078	3
2103363	510275	4
1857379	1025908	5
4228622	4514417	6
532699	1857379	16
3309689	789803	4
1606486	1150541	29
3641594	1150541	29
2333180	1857379	16
3723868	789803	4
2756774	4514417	6
1353539	4601158	4
605493	4514417	6
41163	554587	17
78403	1111808	10
510275	3925497	3
510275	4494881	3
4601158	3972073	3
1385221	497694	14
4196779	554587	17
1019150	554587	23
1628886	4601158	4
420632	554587	10
1556750	4514417	6
2871777	4514417	6
4355425	789803	4
554587	4085007	101
3633130	4467969	342
4601158	1299371	3
2467866	1857379	16
4161224	4514417	6
1857379	376041	5
898308	554587	17
2406498	554587	10
2057566	4601158	4
1104870	4514417	6
856363	4514417	6
244638	497694	28
4601158	1433212	7
4497346	4601158	4
510275	2320619	7
4601158	1105577	3
925291	4601158	4
4601158	4166864	3
3403951	554587	10
2668793	4601158	4
4601158	3646109	3
4211607	554587	22
4601158	3978275	3
2227745	554587	17
2081808	2296470	11
1615422	510275	9
2296470	368188	12
3816738	554587	17
510275	1803477	3
434330	789803	4
1875210	4326135	226
4196779	4601158	4
4045441	3111304	32
4601158	44394	3
3759416	510275	4
4601158	4407286	3
4601158	1035608	3
4019962	789803	4
3725563	4601158	4
2006479	4601158	4
4286646	554587	17
510275	1439508	3
3381742	4601158	4
1857379	3281195	5
2689790	4514417	6
1857379	4542336	385
1713416	510275	9
665727	1857379	16
4211607	554587	24
1875210	244638	229
2188750	4601158	4
3181612	4601158	4
4178059	4601158	4
3303155	4601158	4
92598	4601158	4
2616083	789803	4
3978275	789803	4
3229609	554587	23
3090619	1857379	16
269697	510275	4
510275	1921531	7
1578863	510275	4
2952491	4601158	4
4583433	4652212	542
4166864	510275	4
3714920	4601158	4
3564040	2296470	14
2588096	4514417	6
1177699	4601158	4
1391726	510275	4
3086994	4601158	9
4601158	416748	3
1211565	554587	17
532257	1921032	9
3366769	4514417	6
1334286	4601158	4
4282498	1857379	16
4601158	1391276	3
4601158	175594	7
3303625	510275	4
4601158	2343644	764
1751427	4601158	230
1210659	789803	4
2263950	554587	17
510275	569442	3
4601158	4082646	3
4601158	4196666	3
4601158	2814477	7
4601158	84017	3
455510	554587	23
1783755	4601158	4
3620820	1857379	8
3506227	4601158	9
1327670	789803	4
2044895	1857379	16
3111304	4582699	38
510275	3009257	3
554587	3603629	101
848859	4601158	4
287921	665727	12
1857379	2231679	5
4252498	1607291	9
1111808	4631454	101
2157546	3445281	12
4601158	2103246	7
1049099	510275	9
1606747	554587	17
3111304	347642	38
2912097	554587	24
2187213	510275	4
3589763	789803	4
1314585	1857379	16
1857379	2920199	5
1857379	452435	5
2057371	4514417	6
4212154	554587	17
2220664	4601158	4
4601158	1271344	3
4601158	2742634	3
3940158	2296470	14
2266384	554587	17
1609332	554587	10
4601158	3704723	3
159418	4221594	12
444102	4601158	4
2522596	645843	12
650710	4601158	4
3003361	4601158	4
1712256	3403377	7
4601158	4455722	3
4601158	1578863	3
994537	554587	23
4601158	1112613	3
4601158	3738505	3
674383	4601158	4
723979	510275	4
3403377	3687451	766
2149978	2296470	14
3229975	789803	4
2852061	4601158	4
4601158	633259	3
2592093	554587	10
3111304	337120	38
534971	510275	4
4601158	2101264	3
388599	4601158	4
1111808	887978	160
3786976	2860669	9
4512533	554587	23
4397894	789803	4
3039671	510275	4
4601158	2282371	3
2343644	3243947	7
1111808	3312851	101
4601158	2210501	3
4601158	2313855	3
4601158	2404317	3
1857379	2044895	5
4601158	1607291	764
4601158	4631454	101
1157339	2343644	15
510275	1726028	3
4601158	3843992	3
510275	1768662	7
2616083	4601158	4
852403	554587	23
4408234	789803	4
1150541	532699	761
4123729	1857379	79
201925	3072445	227
510275	4134216	7
3762672	600800	951
794435	554587	10
4601158	3309689	3
239728	4601158	4
4601158	931598	3
4601158	4317817	3
4601158	2920444	3
3326990	4514417	6
3990899	4601158	4
1001038	1857379	20
2938804	4601158	4
2296470	3023553	12
4601158	1517586	3
707088	4062610	951
4601158	3303625	3
4601158	458156	3
1902219	159418	14
1857379	3851096	223
758574	4601158	4
4601158	1673380	3
822523	4601158	4
3804847	4601158	4
3925497	4514417	6
2296470	4467969	342
3719040	4601158	9
2615305	554587	23
2157546	2467866	12
1567165	789803	4
4601158	3647638	3
1527165	4601158	4
2646891	1569272	14
3103413	244638	21
244638	287921	28
448474	4340629	21
4100704	244638	8
1517586	4601158	4
1765686	4514417	6
3864224	2343644	15
554587	477485	101
4311976	789803	4
3969385	4514417	6
3023553	1857379	16
4601158	2263950	3
4601158	1252962	3
4601158	1666294	3
847557	3111304	32
4601158	785451	3
3009257	4601158	4
1920394	510275	4
4601158	1688899	3
3719667	4601158	4
1174540	4601158	4
510275	3360286	3
3131637	1442040	12
1690763	4601158	4
497694	3360286	21
1857379	901621	5
3351233	1111808	10
1857379	2861866	5
2081808	1814484	28
554587	1608907	101
1303771	510275	4
4601158	4037639	3
810301	510275	4
1271382	554587	17
1857379	3090619	5
4273011	1402958	7
3592023	4514417	6
4601158	764027	3
1397413	789803	4
1797746	1857379	16
428615	510275	4
2343644	4189234	228
1111808	78403	101
2188750	510275	4
1003006	554587	17
600800	244638	543
3223597	510275	4
4601158	2765008	101
3288198	554587	17
4601158	407837	3
778130	2343644	9
2713402	4601158	4
4601158	4333054	3
2730778	554587	32
3983330	4601158	4
2609882	4514417	6
2296470	163974	12
4592862	1111808	2
3096049	4601158	230
1111808	2621454	101
3559136	4601158	9
4601158	3252496	3
1857379	713360	5
3111304	2573599	38
4512501	4601158	4
4601158	656872	3
510275	3740122	3
4601158	1643479	3
4601158	4158386	3
1365655	789803	4
1150541	3641594	761
463706	510275	9
4245600	510275	4
2011806	4601158	4
301288	808670	18
4601158	4202466	3
754997	554587	17
4555198	4601158	4
2592093	1111808	10
2549390	4601158	4
1205261	2006604	12
1356267	1111808	10
2456972	3111304	32
3786976	4273011	4
4601158	1947586	3
3332099	4601158	4
1857379	1534731	382
510275	3361682	7
2343644	244638	3
3077814	4601158	4
510275	3521779	3
3005497	554587	32
4004001	554587	17
1223746	4067765	7
423866	4601158	4
2861866	2388423	26
2343644	3450176	7
1712256	1103326	7
951457	554587	10
4601158	4397894	3
4025566	554587	17
510275	1538551	3
1485111	4601158	4
850073	510275	4
4601158	4582807	7
3198821	554587	10
2343644	1857379	3
1024055	4514417	6
510275	3305321	3
1086739	2522596	14
3154750	1857379	27
4601158	3708152	3
4601158	1232245	764
1857379	3505042	279
2558340	554587	17
3141300	789803	4
2633898	743459	853
4049366	4601158	4
3111304	2097780	38
4601158	1053289	3
883081	3635360	7
664849	4514417	6
4601158	540468	3
510275	4166864	3
4601158	1599103	3
4601158	4535609	3
115144	1111808	10
4601158	1705098	3
2540939	789803	4
554587	765083	101
510275	34944	3
1857379	2413767	279
4340629	2157546	28
1688645	808670	32
2752357	4601158	4
1970279	510275	4
2009078	4601158	9
1857379	3333814	5
510275	534971	3
954606	4601158	4
2448924	789803	4
4601158	2104609	3
4601158	2717007	3
2388423	2740660	382
2636242	4601158	4
510275	2476631	7
1111291	4601158	4
4601158	376639	7
2638967	789803	4
2723813	4601158	230
1407792	4514417	6
3769366	4514417	6
1694892	2296470	14
4252498	2860669	9
1799025	554587	17
1156773	287921	1399
832338	1111808	10
3294973	4340629	21
976555	4601158	4
3472489	4514417	6
2678206	789803	4
4143709	4601158	4
3073463	4514417	6
2041023	1857379	16
4601158	4203854	3
4601158	1048300	3
510275	2616747	7
288881	789803	4
231609	2157546	28
2301326	4514417	6
4537763	510275	4
1226982	4601158	4
4467969	497694	344
3864224	1857379	20
1095092	4601158	4
218273	789803	4
4448057	510275	9
773002	554587	32
4620477	554587	17
2385205	4467969	342
1857379	3865409	385
2752984	554587	23
1077472	4601158	15
2623182	4514417	6
2153412	4514417	6
4601158	3068251	3
1122927	4601158	4
4601158	3888490	3
554587	3718076	18
4601158	2565354	3
4252498	1857379	27
4025566	4601158	4
2594508	4601158	4
2281467	4514417	6
1206366	4601158	4
661354	554587	23
4601158	4102423	7
4601158	3937311	3
4601158	3332099	3
4601158	650710	3
1310783	4514417	6
1442699	554587	10
2402122	554587	17
462315	4601158	4
1717665	4514417	6
4100704	1857379	8
3272250	4514417	6
4319952	287921	14
577617	510275	4
510275	1842567	3
1248686	497694	14
4601158	2201324	3
1857379	14399	5
4601158	2022227	3
4601158	2227745	3
1640131	4514417	6
4601158	247775	3
1790820	4514417	6
2979791	2854242	12
2343644	1094557	228
2495820	497694	14
4601158	1733490	3
1081843	4514417	6
1014334	554587	17
3786976	2860669	4
510275	1629825	3
722035	808670	341
1953419	1111808	10
2277953	4601158	4
3265608	4601158	4
3594094	1857379	20
4601158	3381434	3
2998729	3111304	32
2532701	554587	23
1857379	3332115	279
1723890	554587	17
510275	4103459	3
510275	1546761	3
2164340	4514417	6
682553	3111304	32
1391276	4514417	6
4601158	4291547	3
510275	2320128	3
3229609	4601158	4
4083793	4601158	4
2952491	4514417	6
4601158	1894870	3
4601158	3361682	7
2765008	4601158	10
1013793	887978	13
4601158	599066	3
1260285	4514417	6
4601158	1842070	3
4601158	1035968	101
2009078	1712256	9
897915	4601158	4
1921032	532257	7
887978	4482959	25
4601158	2706749	3
4601158	367986	3
244638	4342929	279
244638	2296470	28
4494881	510275	4
4608698	554587	511
4553011	4601158	4
4601158	3910804	3
3201994	510275	4
244638	360705	4
1857379	3792196	5
2124959	1111808	206
1857379	967298	5
1111808	3364464	101
3426856	4601158	4
510275	4255013	3
3660849	554587	23
2912097	2020739	1037
4601158	1945791	3
127576	3642499	687
510275	3221435	3
393186	554587	32
2620648	4601158	4
510275	94447	3
1857379	1157339	385
3704723	4514417	6
1150541	3210499	761
510275	376639	7
3111304	2250078	38
1639596	789803	4
3403377	1607291	9
3666098	554587	17
1964956	4514417	6
510275	1920394	3
2224202	554587	511
1857379	3826665	279
554587	2378785	101
4172918	4601158	4
127036	3332375	12
1437077	3111304	32
510275	2992438	3
554587	1041871	38
4601158	2406498	101
3403377	2343644	9
218416	510275	4
4601158	1038995	3
718959	4514417	6
4479829	789803	4
1111808	2592093	101
554587	788379	101
2241972	4601158	4
3111304	636846	38
4307678	510275	4
1423135	510275	4
3864224	4601158	15
575788	4514417	6
1111808	2406498	101
3454684	4514417	6
4601158	1145161	7
4601158	4228622	3
1802967	2388423	26
4601158	2489352	7
2157210	510275	9
2502941	4514417	6
2854242	1857379	16
554587	1336059	18
1573860	808670	341
574548	4514417	6
218273	554587	23
3111304	4526334	38
2056428	1857379	16
283262	554587	10
2401357	4601158	4
4276148	4514417	6
4601158	442966	3
510275	4291579	3
2219723	808670	341
3304861	789803	4
1358796	510275	9
4646598	1610500	382
2061083	4514417	6
1857379	563182	279
3679087	244638	16
2388423	4435342	382
1857379	4062610	587
3134330	510275	4
510275	3942857	7
4004378	4601158	4
4601158	3244717	3
1111808	3994168	101
3026763	4601158	4
1512421	808670	31
4601158	1122927	3
1207684	4514417	6
510275	1599103	3
4335556	2919220	58
2711768	1045461	226
2378109	4514417	6
1533721	554587	17
4335556	301288	35
2343644	3864224	228
4143709	4514417	6
1120437	4601158	4
4250357	4601158	4
1785684	2633898	766
845769	554587	10
4601158	1935349	3
3793340	808670	32
4601158	1525702	3
4231111	554587	17
1503129	554587	10
1143112	4601158	4
2320619	4601158	9
554587	2543682	38
4601158	1560868	3
953154	510275	4
1712256	693313	228
1694945	554587	23
3514683	3935487	14
2742634	4601158	4
1670366	4514417	6
2384525	789803	4
1561526	4601158	9
303482	554587	17
2343492	3111304	32
1210279	4601158	4
407695	554587	24
2522596	484192	12
1857379	1015099	5
212504	789803	4
4601158	3284945	3
1857379	3650022	5
629782	4514417	6
3415292	554587	10
1772221	510275	4
1857379	1197508	5
4398857	3687451	766
4601158	674383	3
3615946	4601158	4
4601158	3797978	3
4106953	1712256	9
3244717	4514417	6
510275	3559136	7
510275	3113197	7
4601158	887143	3
4601158	203247	3
3226461	554587	17
554587	3335390	101
3868348	1111808	2
4601158	415088	7
1857379	2518379	5
4601158	3980923	3
4601158	4369727	3
4601158	4448057	7
4618429	4514417	6
3559136	510275	9
510275	3509212	7
2571521	4514417	6
4601158	2075614	3
2169292	510275	9
366823	4601158	15
510275	3245078	3
1237008	4601158	4
1361288	554587	17
2557344	1857379	20
4534777	244638	543
4516390	4601158	4
4601158	2267718	3
1118558	554587	17
3516671	1857379	16
887978	1369028	25
510275	3039671	3
3332115	2343644	9
3762672	244638	81
3994168	554587	10
554587	3267885	101
1251169	4601158	4
2267718	554587	17
510275	1008536	7
4242429	4601158	4
1857379	1351201	5
3575293	789803	4
1271618	510275	4
1607291	3513451	7
510275	2529894	7
1111808	801723	190
554587	3024636	38
307885	4601158	4
2430762	554587	23
3493382	554587	17
540468	4601158	4
3256648	510275	9
1852693	510275	9
510275	1423135	3
4601158	2529894	7
4601158	3493382	3
2756774	4601158	4
510275	3473776	3
510275	3318658	3
1857379	4067765	279
603459	789803	4
1976486	554587	17
510275	4320053	3
510275	4539416	3
4601158	2459497	3
2514674	554587	17
4601158	1682617	3
3328705	554587	17
4623473	887978	19
2151784	4514417	6
1226982	554587	17
4296552	4601158	4
435375	4495235	12
510275	100997	7
3111304	1708908	38
4601158	1925482	101
4601158	1149300	3
4601158	1361730	3
1521249	4601158	4
324379	554587	23
1442290	554587	17
4151646	2979791	14
4596192	1857379	16
3148617	1857379	16
1078444	789803	4
3111304	3217594	38
2565354	4601158	4
1575062	510275	4
4601158	2949488	3
4105601	4601158	4
4601158	1173732	3
1790736	4273011	9
1568130	554587	17
3591713	4601158	4
2441503	554587	10
2105455	4601158	4
4345223	4601158	4
1103326	1607291	9
4076084	1857379	16
808670	2979966	38
510275	2744357	3
1197508	1857379	16
4601158	434330	3
3889190	4601158	4
8745	554587	17
4291547	510275	4
2412418	887978	1158
2296470	231609	21
1351201	1857379	16
4482959	887978	19
251748	554587	17
4601158	2325227	7
4418200	4601158	4
4601158	2444282	3
2860669	1790736	7
554587	1804361	18
4496975	789803	4
1569272	2646891	12
1607291	3403377	7
244638	4613773	655
3039671	554587	23
2583086	554587	17
4154798	1205261	14
1361288	4601158	4
1840340	4601158	4
3073463	4601158	4
1790736	2860669	9
3566764	2343644	9
275056	4601158	4
3922674	4601158	4
1857379	1402958	279
3560729	789803	4
510275	3801627	7
3310363	4514417	6
1607291	4601158	230
554434	554587	17
728738	4601158	15
4601158	415026	3
2388423	2861866	761
229922	4601158	4
2296470	1857379	21
87944	510275	4
3620820	244638	8
1049101	554587	23
741870	4601158	4
4454889	554587	24
820495	1150541	29
560416	789803	4
510275	2844116	3
4601158	1533721	3
554587	3403951	101
510275	1034894	3
789803	3635360	7
1111808	283262	101
2487177	789803	4
580595	4601158	4
1150541	3040924	382
2315943	4514417	6
1009938	554587	17
1205261	4282498	12
3226721	4514417	6
1801282	4601158	4
324990	789803	4
2565895	4601158	4
4601158	2265607	3
1001573	554587	23
1205261	1351201	12
4601158	2510440	3
315844	4601158	4
449231	4601158	4
3686489	510275	9
768743	789803	4
4601158	1680625	3
4601158	4287225	3
3287899	4514417	6
4068564	4601158	4
615407	789803	4
4165054	789803	4
1115629	4601158	4
4601158	2010988	3
1165140	510275	9
1482393	510275	4
2393930	510275	4
2769728	1111808	2
1629825	4601158	4
3111304	2871777	38
2296470	2454954	12
554587	3229975	38
3062738	4601158	4
3111304	2607486	38
4517982	4601158	9
565504	1857379	16
510275	3542817	3
3704723	4601158	4
3317044	3111304	32
3034862	4514417	6
807032	1857379	21
1111808	985625	190
2157546	4147585	12
4601158	979699	3
3650022	508173	14
2683592	4514417	6
3292823	4601158	4
4601158	4407359	7
4601158	534971	3
4601158	3094143	3
97456	4601158	4
4601158	4165054	3
4022040	4601158	4
1526647	497694	14
2742189	4514417	6
161496	4601158	9
244638	3072445	383
569442	554587	23
2152178	4601158	4
4601158	2421677	3
2325227	510275	9
3445281	1857379	16
564945	887978	19
2895762	510275	4
2173548	4601158	4
393119	3687451	766
510275	2511584	3
4601158	87944	3
1586252	4601158	4
601054	554587	17
3513451	2860669	9
4435342	1857379	16
1876789	789803	4
4601158	4004378	3
3591168	554587	17
2777070	4514417	6
161302	4601158	4
554587	2960023	498
2615888	3111304	31
3000988	4601158	4
4601158	892454	3
47707	554587	17
1518765	4514417	6
4601158	2502941	3
3515944	324739	74
2955796	497694	14
2157546	515953	12
2678206	4601158	4
3111304	883750	38
3090343	554587	17
287921	714926	12
4045060	554587	23
901621	2388423	26
2704308	2343644	15
4601158	151407	3
4601158	994384	3
1299371	789803	4
2823853	510275	4
554587	94447	38
4446444	554587	17
887978	3350665	25
2796310	554587	17
2042286	1857379	16
439452	4514417	6
2510440	890589	687
1328415	4514417	6
2768958	789803	4
1205261	3792196	12
336564	4514417	6
4601158	1561526	7
1278073	4273011	9
2610933	4514417	6
4601158	2940099	3
3954881	4514417	6
1021164	4601158	4
4346398	4601158	9
3288032	510275	4
4601158	4105601	3
3190888	4514417	6
4601158	3866086	3
3214830	4601158	4
2674598	4514417	6
1551561	4601158	4
4601158	4555198	3
1842163	4601158	4
3647638	4514417	6
510275	2823853	3
1304368	3111304	32
4458957	4601158	4
4601158	1567165	3
4601158	423866	3
1111808	3143254	101
4408234	4601158	4
141765	1857379	1
1859114	3111304	31
510275	4412767	3
4601158	4121970	3
2041671	1857379	8
4601158	3660849	3
808670	1864238	38
3109244	4514417	6
4601158	4189234	228
3397749	4601158	4
2456211	4601158	4
544496	4514417	6
4601158	2559112	3
1299371	4601158	4
3090613	510275	4
3981780	4514417	6
3035013	4604017	14
376041	1857379	16
683089	4514417	6
4601158	894676	3
1205261	2081808	21
1877274	3148617	226
2779152	287921	14
3001824	789803	4
3315122	2979791	14
2520572	159418	14
4474703	789803	4
4601158	2534875	3
4048812	554587	17
4601158	2309467	3
3730881	4601158	4
118578	2343644	15
2104609	4601158	4
128820	789803	4
4601158	963018	764
4601158	3728416	3
3328705	789803	4
2009078	1607291	9
1052876	1857379	16
3111304	2246020	38
4273011	3786976	3
2275411	4601158	4
4601158	596260	3
2580431	4514417	6
244638	1024629	285
2492787	4601158	4
4601158	1262351	3
4601158	427070	3
3524490	3227855	687
1857379	497694	28
1038995	4514417	6
2864264	554587	17
4601158	2247600	228
1121242	887978	19
4026377	510275	4
3366769	4601158	4
2565895	4514417	6
2456211	789803	4
230690	4601158	4
3331645	4601158	15
3463469	4514417	6
1111808	3320247	207
4644903	4514417	6
4601158	1529106	3
4601158	2288265	3
3332099	4514417	6
2097780	4514417	6
2157546	992063	12
4125746	4514417	6
510275	783756	3
2520572	1857379	16
981461	554587	17
3973055	4601158	4
3158050	554587	17
320893	554587	23
510275	848859	3
3001824	4514417	6
4601158	1628056	3
979699	789803	4
3210499	1857379	16
603459	4601158	4
1404663	4601158	4
510275	727750	3
4601158	161496	7
4601158	3045906	3
554587	3066786	101
3183003	4601158	4
1363200	510275	9
1775084	2979791	14
646594	4601158	4
2296470	4076084	12
4584235	554587	17
1278073	3687451	766
4516390	554587	17
3989952	4514417	6
457127	4601158	4
4601158	1303771	3
510275	4301050	7
4106162	4601158	4
4123729	2343644	4
4446444	4482959	687
1819037	789803	4
3576307	4601158	4
4601158	4386891	3
1111808	787333	101
2296470	940752	12
2425044	554587	17
2203347	554587	10
1876789	4601158	4
3130548	554587	438
1008536	4601158	9
3415292	1111808	206
849326	4601158	4
1857379	4471666	5
2794236	887978	19
2471535	510275	4
4601158	3183003	3
4601158	2580487	3
4601158	4212530	3
163974	2296470	14
1607291	1790736	7
510275	1378498	3
2646891	1857379	16
4601158	2003410	3
4601158	3864224	228
3935487	3514683	12
510275	2173548	3
4383264	510275	9
554587	2926899	101
2151784	4601158	4
554587	3242992	18
1111808	2916604	190
2041671	2513017	807
4601158	2514674	3
4037639	4601158	4
3635360	360705	9
2863405	4601158	4
147293	4601158	4
4601158	32163	228
4601158	2909002	7
3513451	1857379	27
4181143	4514417	6
161302	554587	17
367986	4601158	4
510275	2377246	3
1870840	4514417	6
3379569	1857379	21
1666294	4601158	4
4601158	4197107	3
2844116	510275	4
510275	2903453	3
3143254	1111808	10
2982595	554587	438
4601158	502859	3
1013590	4514417	6
4324183	4514417	6
4458957	554587	17
3504019	510275	9
1380936	2713535	12
4495235	435375	14
4601158	841583	3
2486916	4514417	6
3513451	2343644	9
1116740	1857379	16
2237058	4601158	4
244638	282921	4
4601158	2615305	3
1725143	554587	17
2817056	244638	102
3279099	4514417	6
3980923	4601158	4
128863	4601158	4
2766908	4601158	4
4601158	2124959	101
4601158	1072978	3
4601158	3364464	101
554587	3143254	101
2296470	2081808	281
3863982	4601158	4
3789310	1857379	16
4601158	1328415	3
4601158	3134330	3
4601158	2890390	3
4554971	4601158	4
2919148	2919220	106
1150541	1797746	761
474549	510275	4
4004001	510275	4
510275	3267344	7
3450176	1857379	27
638152	4601158	4
1589040	4601158	4
2169292	4601158	9
4601158	2456211	3
1070757	4514417	6
1532948	789803	4
292752	554587	39
4601158	3984063	3
4432058	4514417	6
4601158	2470230	3
3132877	510275	4
4601158	3924606	3
1857379	1607291	4
1857379	4273011	4
1857379	4076084	5
3111304	1717665	38
4601158	3686489	7
3366769	554587	17
4601158	1984524	3
2779152	1857379	16
1857379	810618	279
366823	1712256	15
3106991	554587	17
3111304	4256129	38
3273282	4514417	6
4341718	244638	27
3111304	419729	38
3834178	4601158	4
3284945	4601158	4
969154	1857379	16
4601158	428615	3
4601158	1376072	3
2406498	4601158	10
3434551	1857379	16
2552859	4601158	4
3111304	2746418	38
1857379	1103326	279
4601158	1589040	3
244638	2296470	11
4601158	3475387	3
2121401	4601158	4
100997	4601158	9
4601158	842336	228
4554971	554587	17
2183938	3111304	32
3875070	2633898	766
1857379	843149	5
2865076	554587	17
3318658	4601158	4
3788805	4601158	4
512173	510275	4
427070	4514417	6
3942857	510275	9
117889	244638	81
589642	4514417	6
2768958	4601158	4
4601158	4125746	3
4601158	4489110	3
3936166	554587	17
3403377	1712256	9
3150736	4601158	4
3521779	510275	4
2760690	4514417	6
1857379	32163	385
1111808	1035968	207
3984063	4514417	6
4297954	4601158	4
1145161	510275	9
4456793	4514417	6
1857379	470217	5
1352411	554587	23
2993468	4514417	6
3631405	789803	4
664994	4601158	9
1945791	554587	17
4534777	2427316	290
1111808	2699575	190
1857379	201925	5
2266384	789803	4
4601158	2196457	3
940752	1857379	16
2561113	3360286	281
4318716	4601158	4
1111808	2831255	190
4601158	1856590	3
4601158	140888	3
1111808	3376352	101
2057371	4601158	4
1857379	716381	5
3460423	554587	23
4601158	1470928	3
2296470	4029359	12
850073	554587	17
4601158	1534312	3
1688899	510275	4
781669	554587	10
4363639	1857379	16
3168609	510275	4
2561113	4467969	342
4601158	1723890	3
510275	151407	3
2296470	1694892	12
2979283	1857379	16
1712256	4342929	7
510275	3134330	3
2343644	2704308	228
1020735	2343644	15
4610188	554587	17
4601158	3086405	3
2766908	4514417	6
4601158	425032	3
3168232	1857379	16
4121970	4514417	6
4601158	658013	3
2119114	510275	9
1111808	3100280	101
2734796	4514417	6
4601158	4271627	3
4601158	952183	764
1361730	554587	23
4601158	3942969	3
3964698	4601158	4
3090343	789803	4
2301936	4601158	4
1864310	4514417	6
2476631	4601158	9
2124959	4601158	10
4601158	3305321	3
4601158	4470410	7
1111808	3144598	101
3516080	4514417	6
3792196	1857379	16
764027	4601158	4
1111808	3066786	207
4601158	1801282	3
1278073	789803	9
789803	4273011	764
244638	4201130	28
244638	1211492	76
4601158	3944984	3
4601158	186811	3
4601158	4383264	7
554587	1790388	101
1205261	2919220	106
2247600	1857379	20
188905	4601158	4
4326135	1875210	227
4601158	4644249	3
3040636	4514417	6
1857379	288065	5
1521249	554587	17
3415615	4514417	6
600800	3762672	564
940752	2296470	14
1402958	1607291	9
4601158	2524759	3
2936267	4601158	4
1494886	3111304	32
2320128	4514417	6
1945092	554587	32
4049822	789803	4
4601158	2823853	3
4601158	1506493	7
1826611	4467969	342
2388423	368188	382
433087	4601158	4
1857379	932057	5
2461076	4601158	4
2296470	1705005	12
3252671	1111808	10
3762672	4062610	951
1213042	4514417	6
3472489	4601158	4
3603629	554587	10
2355131	4514417	6
2390497	4601158	4
3826665	952183	9
74873	3111304	32
510275	3901710	3
4601158	4612935	3
510275	2486446	7
510275	330113	7
217670	4601158	4
2189871	808670	23
376639	4601158	9
1111808	3403951	101
3200673	1857379	27
4601158	2808600	3
554587	3994168	101
1857379	2402402	5
4601158	2899029	3
2082783	4601158	9
1708908	3111304	32
2638106	554587	39
4601158	4286646	3
4601158	4483303	3
4601158	2366407	3
510275	3972073	3
1997471	789803	4
1857379	457923	385
1442290	789803	4
244638	117889	285
4467969	807032	344
4601158	139346	3
2343644	3505042	7
4601158	3288032	3
350879	554587	17
3100280	554587	10
1572355	4601158	4
4601158	470051	3
3393325	789803	4
510275	1027169	3
4340629	4062610	541
1026824	4514417	6
4147585	1857379	16
4601158	2187266	3
4601158	3723868	3
1712256	1857379	3
128863	554587	17
2836039	1111808	2
4601158	1439508	3
201925	1857379	16
338291	510275	4
4612935	789803	4
554587	781669	101
388599	554587	17
2282297	554587	17
1857379	743459	279
2534875	4514417	6
510275	637541	3
1343434	510275	4
293990	4514417	6
887978	2794236	25
510275	2842771	7
508173	244638	21
3860136	554587	23
477485	554587	10
4631531	4601158	4
2041671	3667721	807
1237380	808670	341
4072125	448474	14
4078663	789803	4
71913	4601158	4
2081808	1205261	28
4121970	4601158	4
994537	789803	4
923680	4601158	4
4601158	827317	3
452435	1857379	16
1705005	2296470	14
3200134	4514417	6
127036	3090619	12
1437077	4514417	6
1857379	163974	5
4183137	4601158	4
1790736	1857379	27
1566904	554587	17
1828073	789803	4
4601158	2322775	3
4326135	1857379	16
324379	4601158	4
4255013	4601158	4
1945791	4601158	4
2083782	510275	4
3302859	1857379	20
4601158	1334286	3
971926	3111304	31
1902219	1857379	16
1304368	3111304	31
4037639	4514417	6
3378163	554587	17
4601158	2361868	3
1111808	679182	207
4601158	4183697	3
458156	4601158	4
2388423	969154	382
2620648	510275	4
3570610	510275	9
4601158	2461076	3
2421677	789803	4
1314585	2296470	14
4513838	4601158	4
4134216	510275	9
1560868	4601158	4
4326533	4601158	4
1094557	2343644	15
3281195	4201130	14
4150992	4514417	6
4249782	4601158	4
887978	4623473	25
2488857	4601158	9
3150952	554587	17
3252176	554587	10
4601158	4088656	3
3954982	4601158	4
4601158	3806103	3
2187266	4601158	4
4601158	1672737	3
554587	951457	101
4601158	1770228	3
4084760	1857379	16
4601158	2103363	3
3801627	4601158	9
856363	3111304	32
510275	3419394	3
3100280	1111808	10
2454954	2296470	14
4601158	949579	3
554587	2428881	18
4226692	4601158	4
213919	4514417	6
4601158	128301	3
3755299	4601158	4
4601158	3511588	7
3815570	3935487	14
140888	4601158	4
321801	4601158	4
4601158	866937	3
4161621	554587	511
4601158	1143112	3
4601158	3201994	3
1081843	789803	4
4601158	2423208	3
554587	3891759	101
1043471	510275	4
4183697	554587	17
4601158	2919795	3
4601158	1036043	3
1857379	3594094	385
2401357	510275	4
1857379	3302859	385
3635360	4601158	9
3339435	789803	4
4601158	2647829	3
1089892	4601158	4
1902040	4514417	6
4104940	4601158	4
4601158	2290964	3
2059514	554587	17
510275	4527759	7
4517982	510275	9
902436	2343644	9
1690763	789803	4
3133131	554587	17
4601158	1009889	3
3139702	1857379	16
2860669	1402958	7
932574	554587	17
4601158	1115629	3
2388423	376041	761
4573737	1857379	16
864641	4514417	6
1111808	4085007	101
3000988	4514417	6
4601158	1694945	3
1857379	2695302	5
932574	4601158	4
510275	4158386	3
3889190	789803	4
4601158	1909345	3
1211492	2343644	52
1814484	4340629	21
2187213	789803	4
244638	3679087	5
532699	1150541	29
512173	4601158	4
458156	789803	4
510275	2420407	3
287921	2779152	12
645843	1857379	16
1857379	1205261	28
4601158	1026356	3
1857379	2056428	5
4601158	4551856	3
3335390	554587	10
781669	4601158	10
2765008	554587	10
2343644	810618	7
4601158	3255544	3
554587	419699	101
380927	554587	17
2131155	4601158	4
3302859	4601158	15
1857379	645843	5
2860669	3786976	7
2901079	4601158	4
510275	238185	3
4601158	615407	3
497694	1385221	12
4601158	4305246	7
510275	971683	7
4601158	3705620	3
2296470	2740660	12
3103413	1015099	12
4601158	748751	3
554587	1958008	18
2842771	510275	9
1366648	554587	17
2080000	510275	4
510275	3303058	3
2458946	554587	17
4601158	1095092	3
4416945	4514417	6
4474703	4601158	4
4273011	4601158	230
3474641	4601158	4
1451915	3111304	32
27258	2343644	9
4601158	1133040	3
1238012	3131637	14
3403377	4273011	9
1702076	2979791	14
1214823	1857379	16
3244717	4601158	4
4601158	3245078	3
900963	789803	4
159418	3360286	21
771700	510275	4
2012190	4601158	4
3839747	510275	4
510275	3889273	3
4601158	4509576	3
3681619	554587	17
3956074	554587	112
2728043	4514417	6
4601158	2588611	7
1621702	554587	17
2351694	4514417	6
1201545	4514417	6
3052655	2979791	14
3156675	287921	14
1369482	4601158	9
510275	4080655	3
4601158	890867	3
3863982	789803	4
3294973	231609	21
2081808	2919148	28
2039143	4601158	4
3008090	510275	4
510275	140888	3
4032562	4601158	4
1402958	3687451	766
2621037	4601158	4
4644903	510275	4
4601158	3515474	3
1111808	3380717	101
4601158	4269385	3
3514683	1857379	16
1639596	554587	17
4601158	1477626	3
4601158	1724047	3
478658	4601158	4
1594605	510275	9
3686898	1857379	16
1391276	4601158	4
133419	510275	9
1072978	4601158	4
1191631	4601158	4
4601158	3302859	228
510275	3810930	7
554587	1119227	141
423723	554587	23
4601158	2532701	3
2565354	4514417	6
510275	4435528	3
2047911	510275	4
3242992	244638	38
1751427	3566764	7
705843	3111304	23
288065	1857379	16
2401170	789803	4
3132739	510275	4
4233695	4601158	4
244638	1527473	285
244638	3515944	71
2521251	789803	4
478658	554587	17
862745	789803	4
2973001	3111304	31
510275	4448057	7
901621	1857379	16
4601158	664849	3
4601158	3753677	3
1362418	789803	4
4601158	4636060	3
1818980	554587	23
675326	4273011	9
794435	1111808	206
2826575	554587	17
781669	1111808	10
4601158	4416945	3
2388423	2333180	382
4609673	554587	17
3644654	4514417	6
4601158	3519075	7
554587	1248100	38
2388423	901621	382
3076873	4601158	4
897915	789803	4
244638	3577664	383
4317527	4601158	4
3144598	554587	10
2860669	3786976	3
2157546	2516026	12
559522	4514417	6
510275	3618414	3
2552512	554587	17
4601158	3415292	101
554587	441175	1376
3888490	4601158	4
4601158	897915	3
3935487	3815570	12
2378109	3111304	31
2813192	4601158	4
2860669	1278073	7
1376072	554587	23
3450590	554587	23
4601158	1751427	764
3219459	4601158	52
664994	510275	9
2322775	4601158	4
1118558	4601158	4
2049697	887978	19
3360286	3679087	399
1071495	554587	17
1003207	4601158	4
4601158	1941460	3
789803	1278073	7
554587	2730778	38
287921	3156675	12
3437031	4514417	6
2880632	4601158	4
2871777	3111304	32
4601158	3090613	3
838615	554587	17
3961702	4601158	4
3219459	4601158	75
1198164	510275	4
1369028	887978	19
4601158	1445897	3
1835019	4601158	4
1857379	1526647	5
1356267	554587	10
159418	2919220	106
2042286	497694	14
3722482	554587	39
4448057	4601158	9
1947586	4601158	4
4601158	1207684	3
3511588	510275	9
554587	4307060	101
3492965	554587	23
502859	554587	23
3301725	1857379	16
4601158	2886616	3
4123061	4514417	6
1111808	526348	101
3150952	4601158	4
1857379	4035865	5
4601158	315328	3
1291392	554587	17
1797746	1150541	29
4601158	1488017	3
4601158	457127	3
336564	789803	4
679182	554587	10
410835	4601158	4
4601158	575788	3
4601158	230690	3
980492	4514417	6
954606	4514417	6
4467969	2674695	344
3693985	554587	17
3566764	1857379	27
2057566	4514417	6
1857379	1214823	5
1628838	4514417	6
4412767	4601158	4
1111808	1503129	101
932057	1205261	14
3541385	789803	4
510275	186811	3
1729079	4514417	6
2296470	231609	281
906823	4514417	6
3650022	1857379	16
1985386	4601158	9
4601158	2119114	7
4601158	2268340	3
4601158	1876789	3
2522596	244638	21
4618429	4601158	4
3277047	1857379	16
1857379	3156675	5
1572355	554587	17
2536450	554587	17
2633898	1004721	853
2259362	4601158	4
510275	2079190	7
554587	90979	1713
3675443	3111304	32
4601158	27544	3
1111808	3833400	190
1111808	1292943	207
518588	4601158	4
4601158	4311422	3
1111808	1515158	101
193916	4601158	4
3641496	554587	17
1857379	4154798	5
34944	4601158	4
1607291	1857379	3
1205261	4154798	12
4509975	1150541	29
510275	193916	3
117889	4534777	951
510275	4407359	7
2919148	1116740	12
1857379	3716249	385
646594	4514417	6
2865449	1857379	16
1112613	554587	17
1857379	3335925	5
1103326	1857379	27
4601158	469735	3
325022	554587	511
1805805	2412418	935
899524	4601158	4
244638	1877555	383
2552512	4601158	4
532699	3103413	14
1065159	4514417	6
2674695	4467969	342
1643027	554587	17
4601158	71717	3
2903453	510275	4
3253690	554587	10
3963453	510275	4
4601158	2521251	3
1312349	4601158	4
510275	2973999	3
1145161	4601158	9
1477626	4601158	4
1365652	4601158	9
2383080	3762672	564
884387	4601158	4
2061578	4601158	9
4273011	1103326	7
4630141	4601158	4
2471535	4601158	4
554587	2960023	18
1143112	554587	17
722035	554587	39
419699	1111808	10
4601158	1131893	3
1703363	789803	4
4601158	1328617	3
1027169	510275	4
448474	4072125	12
2604742	4601158	4
3810930	510275	9
2273817	554587	17
3023553	2296470	14
1710873	510275	4
3126231	554587	17
510275	2621370	7
3214830	510275	4
1404663	4514417	6
1256702	1857379	16
1857379	1534731	5
4335556	1857379	27
532257	2343644	9
554587	775825	18
1462150	4601158	4
4601158	3504019	7
4601158	1119441	7
4601158	3906349	3
4533923	4601158	4
510275	577617	3
4601158	3576307	3
313864	1826611	28
4281141	1857379	16
569762	2343644	15
1036043	554587	17
2459497	554587	17
3111304	1975270	38
1688645	4514417	6
4601158	2952491	3
3641594	4604017	14
3369545	4601158	4
4601158	1366648	3
1098883	789803	4
540468	554587	17
4601158	580595	3
2237058	510275	4
2384525	554587	17
3132877	4601158	4
1111808	3083061	440
18650	4601158	4
122760	1607291	4
4601158	2131155	3
1712256	3513451	7
4318976	4514417	6
884387	4514417	6
4601158	3096049	764
4014471	4601158	4
4328080	510275	9
3944984	4601158	4
1857379	4106953	279
2302775	497694	14
4601158	2205709	3
1829634	4601158	4
599066	789803	4
2343644	778130	7
2919795	554587	23
931598	4514417	6
2817892	808670	32
247001	554587	23
1223746	4601158	230
4273011	3243947	7
3568473	4514417	6
887978	2706329	25
3353542	510275	9
2955796	1857379	16
3646109	510275	4
3066786	1111808	206
302754	554587	17
4601158	3911010	3
3111304	1494886	38
457923	2343644	15
3141300	4601158	4
4601158	2643672	3
2444282	554587	17
576225	4601158	4
4022040	554587	17
4601158	1362418	3
709978	554587	17
3911010	4601158	4
3686898	2157546	14
4601158	2582647	3
1857379	2947711	279
1857379	2416576	5
4601158	3026763	3
4601158	1449775	3
4601158	2511584	3
1857379	2891058	5
4601158	1069706	228
3111304	3516080	38
1111808	3603629	101
605493	789803	4
3748272	4601158	4
1857379	4221594	5
658013	554587	17
2247702	244638	16
3726380	554587	17
3917082	4514417	6
554587	1070792	101
2949488	510275	4
3180475	4601158	4
3076873	1369028	687
4172568	3111304	31
2393930	789803	4
510275	4537763	3
3542817	510275	4
244638	2157546	28
2233011	4514417	6
861794	554587	17
2430762	554587	17
282921	244638	3
1610500	1857379	16
2597951	554587	17
1292943	554587	10
3679087	3360286	16
2233223	554587	17
2086009	4601158	4
870914	1857379	1504
2321805	1857379	16
559522	887978	13
510275	3064318	3
478947	4601158	4
2220108	4601158	4
1857379	1190985	5
4601158	321801	3
3552620	4601158	4
2424699	4514417	6
4601158	3548670	7
3631934	4601158	4
2860669	3513451	7
3378163	4601158	4
3924830	4601158	4
1857379	3514683	5
1945092	554587	17
1174540	554587	23
808670	2583086	38
1859114	4514417	6
1164725	2343644	15
287921	4596192	12
2149978	1857379	16
842336	2343644	15
2488857	510275	9
3505042	1857379	27
1111808	2909408	101
337120	4514417	6
4601158	3524490	3
2540939	4601158	4
4601158	2552512	3
3635360	4273011	9
1237127	4514417	6
3111304	3200134	38
1177699	554587	17
1071495	789803	4
2561113	1857379	21
231609	448474	28
3376706	789803	4
3198337	4601158	4
407837	789803	4
1857379	2737405	4
3591168	510275	4
1059340	789803	4
2921019	3687451	766
293990	4601158	4
3989952	4601158	4
731089	4601158	4
2992438	510275	4
510275	1358796	7
3263368	554587	17
2559112	554587	17
510275	2105455	3
1628056	4601158	4
972284	554587	17
2962381	789803	4
510275	1615422	7
4432058	3111304	32
554587	998505	101
410835	554587	17
1051363	4601158	10
3208672	4601158	4
3360286	4514417	6
3639300	4601158	4
4601158	4542336	228
4483303	4601158	4
4601158	1198164	3
3358096	554587	17
4616703	554587	17
1857379	3315122	5
4274742	1857379	16
4601158	2332068	3
4142301	510275	9
2345147	4601158	4
3313531	4601158	4
1262351	4514417	6
1834275	4601158	9
3267344	510275	9
399832	4601158	4
159418	244638	21
3453225	4601158	4
719140	554587	17
3312851	1111808	10
1232245	1402958	7
3316959	4601158	4
4601158	2779085	3
4601158	695521	7
2296470	3335925	12
4601158	399832	3
2710654	554587	23
4601158	3002989	3
1020735	4601158	15
3611754	554587	17
4601158	4618429	3
4601158	4630141	3
1345815	4514417	6
3303155	510275	4
2221584	4573737	226
2843040	554587	23
2196457	4601158	4
4601158	3069662	3
2296470	454159	12
4123061	4601158	4
3103413	244638	281
3360286	448474	28
419699	554587	10
1111808	3335390	101
311095	2979791	14
3863982	554587	17
1607291	122760	3
1857379	3112893	5
841583	554587	17
3942969	554587	17
4397112	4514417	6
1649713	554587	24
3786976	2343644	9
4601158	902752	3
2439462	1195595	71
12697	4601158	4
3111304	1626449	38
3799910	3111304	32
3947587	789803	4
483830	4601158	4
4534777	117889	564
1857379	693313	385
4471666	497694	14
1819037	4601158	4
1133040	510275	4
375089	554587	32
3607176	3111304	32
4601158	338291	3
808670	2787616	18
510275	3425485	3
2132129	4514417	6
1185898	4601158	4
4601158	638152	3
3383155	4601158	4
4601158	4089772	3
44394	4601158	4
2310323	554587	39
1051363	1111808	10
2388423	4601158	4
313864	554587	17
4517342	3687451	766
4601158	2039143	3
448474	2081808	21
2424879	554587	17
1053289	4514417	6
1708908	510275	4
20895	4601158	9
4601158	1404663	3
510275	3301972	3
2513017	1857379	748
557928	510275	9
3516080	3111304	32
2487177	510275	4
1105577	554587	17
287921	843149	12
4601158	1206366	3
4601158	1251169	3
2039143	554587	23
4601158	2391761	3
2806454	3111304	31
1402958	2343644	9
510275	1482393	3
1803477	789803	4
1673380	554587	23
3598101	4514417	6
2647829	4601158	4
1894870	4601158	4
3647638	4601158	4
423723	4601158	4
1670366	4601158	4
2752984	4601158	4
4601158	925291	3
2660573	4601158	4
2580487	4601158	4
1607291	4196977	7
1790736	2343644	9
510275	4517982	7
4601158	1118124	3
4601158	1525877	3
2920444	554587	17
510275	1407657	3
4601158	3648300	3
4601158	4190718	3
3111304	3984818	38
1857379	992063	5
1910667	554587	24
2306952	2633898	766
1826611	1857379	21
214669	4601158	4
1196817	4601158	4
3111304	1654590	38
4335556	1642507	329
4601158	2766908	3
293342	789803	4
3516118	4514417	6
1517841	1857379	20
2121401	789803	4
2926899	1111808	10
2402402	127036	14
1167742	3687451	766
1842163	554587	17
3810930	4601158	9
3630685	789803	4
4601158	3378163	3
367986	4514417	6
3267885	1111808	206
1362628	4601158	9
2321805	2296470	14
14034	554587	17
4601158	1378498	3
881534	554587	24
1857379	4281141	5
1867808	4601158	4
3450176	2343644	9
2406141	3111304	32
554587	3595974	38
1857379	3875070	279
2230175	4601158	4
2061083	789803	4
4601158	2087760	3
2282371	4601158	4
231157	4601158	4
3381434	4601158	4
1328415	4601158	4
4601158	2777070	3
600046	3111304	32
2592151	789803	4
2431484	4601158	4
2588418	1857379	16
1172137	554587	17
4601158	293990	3
3776616	4514417	6
1607291	4252498	7
311356	510275	9
510275	605586	7
3619166	789803	4
3024636	554587	23
2220108	510275	4
1857379	2332420	5
1857379	159418	28
554587	4074673	101
4601158	646594	3
2444282	4601158	4
919750	4514417	6
3607176	4514417	6
3362079	4514417	6
159418	3036409	12
718959	789803	4
2079190	510275	9
1857379	569762	385
1670218	4601158	9
27544	4601158	4
4601158	767325	3
2796310	789803	4
4106953	3687451	766
3376706	4601158	4
4057651	554587	17
1015099	3103413	14
4601158	1866646	3
3804847	554587	23
2710009	4601158	4
1213042	4601158	4
1190985	1857379	16
3166575	789803	4
2290964	4601158	4
1048300	4601158	4
1004125	554587	32
4397894	4601158	4
300559	1857379	1
1890316	554587	17
3618414	4601158	4
554587	1051363	101
1606747	4601158	4
4601158	3000988	3
4049366	4514417	6
1857379	2854242	5
604462	4601158	4
4601158	3719040	7
117923	4601158	9
508054	554587	17
3937311	554587	23
510275	3759416	3
1050324	4601158	4
2711089	554587	23
4534777	363711	564
808670	301288	24
3808188	1857379	16
3133131	808670	23
4601158	1319978	101
4601158	675910	3
3267885	1111808	10
2492787	510275	4
3202306	789803	4
4131909	857923	687
3111304	2406141	38
4601158	2545671	3
4074673	1111808	10
3360286	510275	4
2643375	4514417	6
3529001	4601158	4
3111304	1437077	38
4601158	3376706	3
2888798	4601158	9
2996296	4514417	6
3426316	789803	4
1886104	4601158	4
4601158	1343434	3
4601158	4129980	3
4601158	3301004	7
1717665	3111304	32
510275	1713416	7
4601158	1201950	3
2386381	554587	17
1407657	4601158	4
2633898	675326	853
3111304	3607176	38
244638	2343644	4
2510440	4273011	4
4147585	2157546	14
4601158	196644	3
3034770	4601158	4
554587	2909408	101
679182	1111808	206
3139702	497694	14
329441	3687451	766
2420407	4601158	4
510275	4307678	3
3904639	789803	4
1053289	4601158	4
369215	554587	47
4135543	554587	17
3111304	4045441	38
2825005	808670	32
1775084	1857379	16
4601158	2660573	3
4601158	4161224	3
4601158	781669	101
4467969	1826611	344
1802967	2388423	29
2296470	3808188	12
234442	4514417	6
3586965	2296470	14
967159	554587	23
2158388	510275	4
4601158	997393	3
65847	4601158	4
510275	2401357	3
1866646	554587	17
4601158	2514819	3
3066953	4514417	6
2450301	3111304	31
1111808	4307060	101
1961514	4601158	4
4601158	2536450	3
2817892	554587	17
1132782	4601158	4
1839354	244638	229
4601158	3078608	3
3524573	4601158	4
3313531	554587	17
1592846	789803	4
985625	554587	35
1111808	2654470	190
3786976	1607291	4
4490599	4601158	4
4601158	1829593	3
612035	554587	17
4601158	20895	7
510275	2307633	7
787333	1111808	10
2808600	554587	17
554587	4025149	101
4601158	1089892	3
4014471	554587	17
2765235	554587	10
1770228	4514417	6
3450590	789803	4
1111808	1609332	101
4601158	1643027	3
4077960	510275	9
2973999	510275	4
3688362	554587	10
311356	4601158	9
4601158	3598101	3
4601158	1043471	3
1768443	4601158	4
3111304	1451915	38
2343644	4601158	230
4601158	1174540	3
554587	2424879	38
4601158	4455837	3
4018596	789803	4
497694	1922668	12
1902040	3111304	32
1790736	1712256	9
3447247	4601158	4
2825005	554587	17
4330691	1857379	16
3320247	554587	10
3740122	4601158	4
1150541	2247702	382
2006479	554587	17
4104940	554587	17
2882692	789803	4
3978014	789803	4
4601158	4196779	3
2529894	510275	9
4601158	1403777	3
2936267	789803	4
510275	4150992	3
2077720	4514417	6
349980	4514417	6
2296470	4430005	12
2131155	789803	4
729044	554587	10
1857379	3641594	5
309593	4601158	4
510275	1867808	3
4335556	2846839	1098
2343644	3566764	7
4245600	4601158	4
376041	2388423	26
3440895	554587	17
94378	3687451	766
510275	2006393	3
214240	510275	4
4601158	3889273	3
600089	4601158	4
229922	510275	4
4601158	292537	3
3358937	4601158	4
2510440	1857379	77
554434	4601158	4
1252962	554587	17
4314375	2049697	687
4601158	3318658	3
4601158	2476479	3
150603	789803	4
1238012	1857379	16
1035968	1111808	10
2417801	4514417	6
2231679	2296470	14
4601158	1815350	3
2710243	1111808	206
510275	4099807	3
510275	2919795	3
4601158	2301326	3
4019962	4514417	6
77478	4514417	6
3619166	4601158	4
288881	3350665	687
808670	3226461	38
1863111	4601158	4
4601158	4494881	3
887978	1580342	25
2615305	4601158	4
3731392	554587	10
4601158	3208672	3
4601158	683089	3
3126231	789803	4
4125746	4601158	4
4601158	1191385	3
1958008	554587	24
4601158	4450266	3
510275	161496	7
112871	4601158	4
102772	4601158	4
2633898	2043220	853
3901710	4601158	4
2044895	2388423	26
4277669	4601158	4
2355131	4601158	4
4601158	102772	3
1369028	3076873	542
4601158	603459	3
4601158	4307678	3
752900	789803	4
2836039	554587	35
928409	4601158	9
3722482	808670	341
2013186	510275	9
4604017	244638	21
2006393	510275	4
902436	1857379	27
4467969	2385205	344
3514188	554587	17
1857379	2343644	4
4601158	214669	3
3111304	3954881	38
497694	2042286	12
4601158	4597688	3
1984524	4601158	4
510275	2911074	3
4601158	1842163	3
843566	4601158	4
4589710	4514417	6
1857379	484192	5
1712256	4067765	7
671236	2187213	542
1857379	1004721	279
3635360	1712256	9
4601158	1455658	3
925291	4514417	6
642368	554587	17
4601158	2152178	3
4601158	2615794	3
4467969	2561113	344
605586	4601158	9
2205709	4601158	4
4318716	510275	4
317431	4601158	4
3131637	244638	21
1688899	4601158	4
4601158	2189871	3
1529106	4601158	4
4631454	554587	10
1111808	4592862	190
4601158	4015508	3
3252496	4514417	6
4601158	1165140	7
3111304	799986	38
449718	4601158	4
2128685	4514417	6
1362418	4601158	4
3362079	4601158	4
2680112	1150541	29
3816738	4601158	4
4601158	3009257	3
3783256	510275	4
3180475	789803	4
4601158	4250357	3
4025149	4601158	10
3566764	963018	9
4601158	2668793	3
2157546	2865449	12
3718760	554587	17
4601158	802140	3
4189234	1857379	20
887978	857923	25
111857	4601158	4
975760	510275	230
297236	4601158	4
4601158	931384	3
2343644	457923	228
3951826	4601158	4
201104	554587	17
4601158	3447247	3
3301004	4601158	9
416735	510275	4
3552620	4514417	6
1363420	1205261	14
1654590	4514417	6
448474	231609	21
4255013	510275	4
3036409	159418	14
807032	4467969	342
510275	229922	3
2445367	4601158	4
2196958	887978	533
3280206	554587	17
2378531	4514417	6
174815	4601158	9
434330	4601158	4
3635360	3687451	766
4601158	2448924	3
510275	4245600	3
3667721	1857379	748
1712256	244638	3
998505	1111808	206
4083793	554587	17
3254888	4514417	6
510275	3530066	3
4601158	4273011	764
3002989	4601158	4
2220125	510275	9
2899029	4601158	4
4601158	2061083	3
244638	508173	28
432545	4514417	6
1842070	789803	4
4601158	3393325	3
1857379	1797746	5
3960239	4514417	6
4307678	4601158	4
2979966	554587	17
3111304	2769314	38
3143254	554587	10
4273011	675326	7
554587	2982595	428
510275	1468929	3
1733490	789803	4
1051363	1111808	206
4291547	4601158	4
2022227	554587	17
3596934	4601158	4
4340629	159418	28
4601158	1930583	3
4596192	287921	14
3718076	808670	24
4601158	302754	3
4601158	65438	7
1719093	1857379	16
2938804	554587	17
3973055	554587	32
1994068	4514417	6
4601158	4103459	3
1271344	554587	23
3144598	1111808	10
4601158	3113197	7
1150541	654498	761
4242429	554587	17
4644249	554587	17
1352411	4601158	4
2296470	479759	12
2247078	4514417	6
1423135	4601158	4
1857379	4282498	5
2201324	4601158	4
4601158	362484	7
3554595	510275	9
1402958	2860669	9
3023530	4601158	4
4601158	848859	3
4601158	3973055	3
554587	297553	101
1004125	554587	23
510275	3316959	3
427070	4601158	4
3865409	4601158	15
3415292	4601158	10
3719040	510275	9
1712256	1402958	7
4601158	2264332	3
4601158	2527197	3
4601158	4104940	3
510275	248591	7
2345147	554587	17
3111304	682553	38
238185	510275	4
2378531	554587	17
2779085	4601158	4
4601158	2964569	3
4601158	3684508	3
695521	510275	9
4601158	4515900	7
2402402	1857379	16
3440895	4601158	4
127036	919186	12
1013793	4514417	6
1941460	554587	17
4601158	520689	3
4601158	4146621	3
3350665	288881	542
4527759	510275	9
2097780	4601158	4
4601158	884387	3
2973303	554587	10
2817056	4335556	105
2151078	554587	17
4601158	3147783	7
3333814	497694	14
4067765	1857379	27
4616703	789803	4
313596	4514417	6
4601158	2710654	3
2514674	4601158	4
321801	510275	4
2343644	2921019	7
2104609	4514417	6
3515944	244638	74
4601158	111857	3
1857379	3332375	5
4601158	4327478	3
3738971	3111304	32
2486916	4601158	4
797324	4601158	4
2973999	4514417	6
1937565	554587	10
324739	3515944	71
3897973	554587	17
3339435	4601158	4
2946599	4601158	4
3416129	554587	17
4601158	3827373	3
4491189	4601158	4
2305293	4291628	687
1680625	4601158	4
563182	1857379	27
4601158	2604742	3
1765686	4601158	4
808670	231609	38
510275	2012190	3
820495	1857379	16
554587	1953419	101
2296470	3564040	12
4426987	789803	4
2314361	4601158	4
3644654	4601158	4
2367256	4601158	9
4601158	2492787	3
510275	3548670	7
1857379	3001007	5
2296470	1314585	12
3667721	2041671	806
1857379	4335556	279
1111808	1857379	101
186811	510275	4
3196363	1111808	10
506162	4601158	4
1857379	1712256	4
4601158	3369545	3
1190972	554587	17
1643027	4601158	4
4601158	2190385	7
118578	4601158	15
2516026	2157546	14
4283495	554587	24
2157546	3019020	12
2621454	554587	10
1713416	4601158	9
1292943	4601158	10
3635360	1607291	9
4601158	205365	3
1840340	554587	23
4601158	154191	3
4534777	1857379	1
4601158	843566	3
2305293	789803	4
1857379	714926	5
4601158	231157	3
4522605	4601158	4
4601158	2723813	764
2546490	554587	17
3472497	510275	4
615407	4601158	4
1708882	4601158	4
3984063	4601158	4
510275	175594	7
168529	3111304	32
1835019	4514417	6
2476479	4601158	4
1956899	789803	4
1567165	4601158	4
2157546	2081808	21
1878558	4335556	190
2695302	1857379	16
4601158	2548267	3
4601158	4083793	3
510275	2158388	3
1822923	4601158	4
554587	1804361	498
887978	3227855	25
14399	1205261	14
3415615	4601158	4
695521	4601158	9
4601158	4554971	3
4594281	4601158	4
139346	4601158	4
2343644	122760	3
1010383	2633898	766
2766908	554587	17
4601158	2427233	3
1111808	3339662	101
4601158	2388423	3
434981	554587	17
1628838	4601158	4
1021164	4514417	6
1070792	554587	10
4025149	554587	10
4302056	4601158	9
118578	1857379	20
4601158	150603	3
4601158	3358096	3
3911010	554587	17
1857379	4495235	5
4601158	1185898	3
3826665	3424339	9
510275	2852726	3
887978	324739	162
4062610	4340629	543
2633898	4416739	853
4273011	3513451	7
510275	4361928	7
554587	3377769	38
1149300	4601158	4
303482	4601158	4
510275	1772221	3
414137	510275	4
4014018	4601158	4
231609	497694	28
1278073	1607291	9
952183	3826665	7
1173732	4601158	4
662315	4601158	4
2769314	3111304	32
554587	845769	101
1111808	2441503	101
1435554	4514417	6
2343644	1157339	228
1569272	1607821	12
371344	4601158	4
497694	1526647	12
3595974	4601158	4
4455837	4601158	4
159418	778130	1140
1857379	665727	5
4426987	4601158	4
3847903	4601158	4
3303058	510275	4
1111808	729044	207
3786976	2343644	4
2343644	3635360	7
2880433	554587	17
452435	435375	14
3198337	554587	17
3555851	4601158	4
2010988	4601158	4
510275	1710873	3
2383080	1857379	1
4601158	4512533	3
2706749	554587	17
3964694	4601158	4
372133	554587	24
887978	1121242	25
4601158	723979	3
4601158	18650	3
2041671	3851096	807
4137347	554587	17
3126231	554587	32
2288265	4601158	4
4601158	100997	7
1036043	4601158	4
728738	2343644	15
1762636	554587	17
1789278	554587	17
2695302	2522596	14
1133040	4601158	4
2233223	4601158	4
4386269	4601158	9
845769	1111808	10
2739263	554587	23
248171	3111304	32
4601158	1960894	3
1743764	4601158	4
292752	808670	341
3224548	3111304	32
1462493	4601158	9
4601158	3472489	3
4601158	4026377	3
4187465	789803	4
4601158	4123061	3
923680	554587	17
4601158	4107485	3
2077720	3111304	32
3598101	4601158	4
4056580	1256702	226
4601158	755635	3
1111808	4025149	101
3042355	4601158	4
3666098	510275	4
4601158	1670218	7
3280206	4601158	4
2583856	554587	17
3050004	554587	23
4601158	92598	3
1607291	2510440	3
1697592	4514417	6
1842070	4601158	4
4601158	2151784	3
3681619	4601158	4
4601158	861794	3
4601158	4264964	3
510275	4555198	3
2157546	3315215	12
4601158	4233695	3
1483646	510275	4
1533721	4601158	4
4601158	3472505	3
4601158	2880433	3
1857379	4430005	5
2281467	3111304	32
4264186	510275	9
1666294	4514417	6
4601158	3303058	3
2633898	902436	853
3244916	554587	10
655834	4514417	6
1569272	4084760	12
4601158	2546490	3
3730881	554587	17
4601158	3755299	3
554587	868932	18
4601158	840480	3
1857379	1094557	385
510275	2393930	3
2920444	4601158	4
2458946	4601158	4
510275	1529106	3
4601158	3611754	3
4254703	4514417	6
510275	1145161	7
429180	4601158	4
969154	2388423	26
3111304	2077720	38
4499549	2388423	26
1857379	3663058	5
3367289	2633898	766
4551856	821157	687
1857379	4499549	5
4601158	2020247	7
244638	2711768	383
244638	448474	28
3134330	4601158	4
159418	1857379	21
1546116	4601158	4
2919856	554587	17
743459	2633898	766
3170252	554587	17
4190718	554587	17
4601158	3591713	3
2638967	554587	17
3081928	4039930	542
3475387	789803	4
1857379	144173	5
1857379	728738	385
1518410	510275	4
4601158	1729079	3
3024636	789803	4
4601158	4501926	3
4601158	1735664	3
4601158	4426987	3
4505615	554587	17
244638	1839354	383
4601158	4318716	3
1626449	3111304	32
1857379	454159	5
4468838	4601158	4
1515158	554587	10
4601158	589642	3
2333202	554587	17
1857379	1670742	5
3111304	1145	38
4467969	3379569	344
2633898	2306952	853
1930583	4601158	4
4601158	3834178	3
4601158	332602	3
4273011	1278073	7
510275	2895762	3
2343644	4106953	7
4601158	2057566	3
1857379	3052655	5
4601158	236999	3
269697	4601158	4
4601158	2268141	3
1122396	554587	17
1857379	919186	5
4601158	941525	3
1292943	1111808	206
2852177	554587	17
510275	3301004	7
2411039	554587	17
2596400	4514417	6
1814484	3360286	21
4515590	554587	10
638152	554587	17
1488017	4601158	4
3111304	1190074	38
4067765	1223746	9
2352579	4601158	4
4601158	862745	3
4273011	3635360	7
1319978	554587	10
1857379	1127392	279
1857379	1086739	5
3784441	510275	4
4601158	423723	3
2919856	4601158	4
55659	4601158	4
554587	2710243	101
203247	4601158	4
737182	554587	17
4601158	3407426	3
2417801	4601158	4
1857379	3277047	5
4601158	2895762	3
711054	4514417	6
2157546	231609	21
714926	1857379	16
819252	4601158	4
1120437	4514417	6
2408920	789803	4
3635360	883081	9
4648996	4514417	6
1790443	4601158	4
3631934	554587	17
554587	2487658	367
1335663	4601158	4
3147783	4601158	9
4601158	3589763	3
4269385	4514417	6
4601158	201104	3
1920394	554587	17
4601158	2555903	3
4601158	4106162	3
3524490	789803	4
1857379	3620820	225
3891759	1111808	10
497694	3746830	12
554587	1744508	18
4369727	4601158	4
2281467	3111304	23
4601158	4294941	7
4033516	554587	10
2288265	554587	23
2775057	4601158	4
1857379	4330691	5
1857379	3283207	5
4601158	1958350	3
4601158	3863982	3
4601158	4296000	3
941525	4601158	4
510275	3465451	3
1857379	1164725	385
2241972	554587	17
4601158	2401357	3
3393813	3111304	32
2814477	4601158	9
4317817	789803	4
510275	2138985	3
3575293	554587	17
4585542	554587	17
3142855	4514417	6
3648300	554587	17
1834275	510275	9
4601158	1985386	7
56319	554587	17
4601158	4277669	3
3511588	4601158	9
3541385	4514417	6
1496727	554587	17
2187266	4514417	6
4067765	1712256	9
4601158	4418200	3
2579839	4514417	6
1861613	4601158	4
510275	3783256	3
3568473	52694	71
4601158	4320053	3
824588	4514417	6
337230	789803	4
885016	2941847	226
1191385	4601158	4
4597688	4514417	6
3875070	2343644	9
1205261	4467969	342
629782	4601158	4
4340629	554587	17
115144	554587	10
531606	4601158	4
1961514	4514417	6
1673380	789803	4
4317817	4601158	4
2343644	569762	228
1216150	554587	17
2787616	808670	24
497694	1052876	12
1592846	4601158	4
3079339	4601158	4
1566904	4601158	4
510275	4425627	3
4601158	3413293	3
4601158	1237127	3
1527473	2383080	951
4601158	3397749	3
4601158	57822	3
3294973	2081808	21
3630437	789803	4
1271344	4601158	4
4601158	3969385	3
1857379	1902219	5
1256702	4056580	227
3960239	4601158	4
4601158	3362079	3
510275	4346398	7
2075781	789803	4
4330691	1205261	14
1857379	4534777	587
65438	4601158	9
4601158	4322846	3
3342980	554587	23
4212530	789803	4
3361682	510275	9
1857379	820495	5
2391761	554587	17
2921019	1223746	9
4601158	1929897	3
4027737	554587	17
1205261	1363420	12
2296470	3360286	21
853611	4601158	4
77478	789803	4
4601158	1291392	3
508054	4601158	4
1111808	2839045	207
1935349	4514417	6
3555851	554587	23
4601158	3514188	3
2332068	4601158	4
2075614	4601158	4
808670	1640131	38
1361818	4514417	6
2616747	4601158	9
1821045	3111304	32
510275	4318716	3
4601158	3256648	7
852403	4601158	4
1857379	4128892	5
508173	608190	12
3111304	1902040	38
2296470	2321805	12
963018	3566764	7
1044337	510275	4
2919148	3277047	12
128301	4601158	4
4601158	1615422	7
4088851	789803	4
1857379	1069706	385
4601158	3267344	7
2654470	554587	349
4601158	174815	7
4601158	509181	3
3407426	4601158	4
510275	2588611	7
4004180	4514417	6
52694	3568473	74
4601158	2333202	3
469735	4601158	4
1857379	1442040	5
330113	4601158	9
4601158	4648996	3
3618414	510275	4
4601158	3961702	3
4025149	1111808	10
941525	554587	17
2636242	554587	17
510275	2190385	7
2020739	887978	1300
4311976	4601158	4
1111808	419699	101
3662518	244638	16
156323	510275	4
3111304	2183938	38
3891619	4601158	4
1221973	554587	2149
4637663	4601158	4
1206366	789803	4
4601158	3718760	3
301288	554587	151
57822	554587	17
918787	789803	4
1191631	4514417	6
497694	2332420	12
4601158	4505615	3
4631454	1111808	10
2183938	3111304	31
3513451	1607291	9
713360	2979791	14
205365	789803	4
4612935	4601158	4
887978	671236	25
4601158	371344	3
2609882	4601158	4
3617881	510275	4
2078809	1111808	10
4601158	4134216	7
1853162	510275	9
1248686	1857379	16
90979	554587	24
554587	3126231	38
510275	3303155	3
2247078	4601158	4
151407	4601158	4
4601158	4015653	3
554587	729044	101
3111304	3224548	38
4601158	1829634	3
510275	1594605	7
300559	2427316	290
1003207	554587	17
1329693	4601158	9
676807	4601158	4
4601158	4533923	3
4124451	554587	17
1205261	3360286	21
1439508	510275	4
1131893	4601158	4
3000133	4601158	4
4394860	4514417	6
2588418	2296470	14
510275	3272956	3
92908	4514417	6
4601158	2305293	3
4560178	4601158	4
4039930	554587	17
2043471	510275	4
4601158	3257800	3
1814030	554587	17
4601158	1211565	3
1857379	532699	5
2141897	554587	17
849926	4601158	4
2506686	554587	23
4601158	1418092	3
4074673	554587	10
1049101	4601158	4
510275	4515900	7
4601158	2220125	7
3833400	554587	35
57822	4601158	4
2588611	510275	9
3826665	4022179	9
3040636	4601158	4
4601158	288261	3
2706329	887978	19
1127392	3687451	766
2415630	510275	4
3827373	4601158	4
729044	1111808	10
2465889	4601158	4
4183137	510275	4
4273011	2510440	3
2247702	1150541	26
3514188	4601158	4
4601158	953154	3
3516118	554587	17
2713402	789803	4
4601158	2826575	3
3784441	4514417	6
2009858	554587	17
4601158	612035	3
4601158	2537873	3
941926	789803	4
4601158	824588	3
3397749	554587	17
4601158	3983330	3
4601158	3889190	3
2623182	789803	4
4601158	3901710	3
808670	2817892	38
1111808	1953419	101
510275	1271618	3
3516671	159418	14
992063	2157546	14
4601158	1743764	3
808670	564944	38
1365655	554587	23
1857379	3450176	279
2343644	2557344	283
1857379	2006604	5
2594508	554587	17
1857379	2860669	4
3594094	4601158	15
4601158	1264756	3
3840626	4601158	4
1111291	510275	4
3743892	4601158	9
510275	2579839	3
887978	4583433	25
1094557	1857379	20
3036409	1857379	16
300559	1527473	564
4601158	160729	3
2343644	675326	7
2138985	510275	4
2157546	1857379	21
1214566	4514417	6
963018	4601158	230
4479829	4514417	6
642368	4601158	4
140131	554587	10
4601158	4418198	3
510275	4106162	3
4601158	3963453	3
1001573	4601158	4
244638	1877274	383
4601158	2668081	3
596260	4514417	6
1896167	4601158	4
2302775	1857379	16
87944	4601158	4
510275	3168609	3
1363200	4601158	9
4601158	1896167	3
1857379	675326	279
3317044	4514417	6
4601158	1983727	3
982855	554587	23
4601158	56319	3
380927	4601158	4
409754	4601158	4
510275	3292823	3
3360286	2919148	28
4601158	4355425	3
4601158	483830	3
3335925	2296470	14
510275	4282925	3
510275	4535609	3
3200673	554587	35
1391726	4514417	6
656872	554587	17
4153891	4601158	4
3425485	4601158	4
1329693	510275	9
4341718	2737405	9
2919795	4601158	4
3403377	1857379	27
3262076	1111808	10
434981	4601158	4
71717	779405	5
2593035	4601158	4
4601158	4594281	3
3063713	4601158	4
4601158	2678206	3
1569272	4023351	12
4601158	219554	3
218416	4601158	4
4601158	512173	3
3243947	4273011	9
150979	4514417	6
3465451	510275	4
2157546	3807697	12
4106953	1607291	9
3411041	510275	9
1879859	554587	10
3210499	1150541	29
244638	3103413	28
1580342	887978	19
497694	2081808	21
65847	3111304	23
510275	4383264	7
2343644	1278073	7
4432533	789803	4
510275	315844	3
4601158	4080655	3
2103363	4601158	4
1859114	3111304	32
2246020	4514417	6
1470928	4601158	4
288881	4601158	4
3331645	1857379	20
3023530	554587	17
4264964	4601158	4
4601158	4264186	7
775350	554587	17
143288	4601158	9
1926280	4601158	4
3083061	1111808	519
2408920	554587	17
789803	1790736	7
416735	4514417	6
2101264	554587	17
4601158	2592151	3
244638	4225032	541
3861633	4601158	15
3906349	4601158	4
4601158	168636	3
1770228	4601158	4
2633898	2413767	853
4601158	3856621	3
1718021	554587	24
1529106	510275	4
4601158	506162	3
2995415	789803	4
1150541	3001007	761
4601158	1594605	7
510275	2495730	7
1472030	554587	511
1857379	3564040	5
1312700	789803	4
2203347	1111808	10
1376072	4601158	4
2296470	2920199	12
1578863	4601158	4
2296470	3365226	12
4601158	2594508	3
2844116	4601158	4
554587	4496252	101
971683	4601158	9
3111304	3825442	38
497694	2302775	12
1525077	4514417	6
4601158	4484989	3
506258	2388423	26
4551927	4601158	9
838615	789803	4
3094858	1857379	20
2860669	2009078	7
2118713	554587	17
4601158	2306314	3
510275	3646109	3
4601158	3594094	228
510275	463706	7
2647385	554587	17
994384	510275	4
997393	789803	4
3111304	2424699	38
4601158	2121401	3
2010988	4514417	6
510275	664994	7
2248218	554587	23
3524573	4514417	6
4601158	1606747	3
3111304	1859114	38
1642507	1857379	280
2486446	4601158	9
2588096	3111304	31
2007830	554587	17
2296470	2919220	106
4601158	3018193	3
2152178	4514417	6
4601158	3310363	3
2737405	1857379	3
3801627	510275	9
4057651	4601158	4
4601158	3288198	3
1815350	4601158	4
3332115	1857379	27
1292943	1111808	10
41163	4601158	4
231609	141765	541
1111808	951457	101
4601158	2992438	3
4601158	2237058	3
2087760	554587	17
894676	4601158	4
3395160	4601158	4
3221435	4601158	4
4601158	2471535	3
605493	554587	17
887978	1013793	162
1857379	1167742	279
4601158	234442	3
4601158	2188750	3
2642343	554587	23
605586	510275	9
4601158	576225	3
3267885	554587	10
3303625	4601158	4
2882692	554587	32
4365860	4514417	6
554587	115144	101
2939107	4601158	4
2545671	554587	17
1782523	4514417	6
1712256	366823	228
94447	510275	4
4601158	638618	3
2383080	2427316	290
950027	554587	17
160729	4514417	6
2343644	902436	7
510275	1506493	7
3584855	4514417	6
4555765	4514417	6
2450301	4514417	6
4601158	3003361	3
2668793	789803	4
3096049	1402958	7
4601158	2863405	3
4601158	3644654	3
4601158	1318246	3
4601158	248591	7
1090618	554587	17
4068564	789803	4
140131	4601158	10
4601158	1964956	3
3111304	3393813	38
4601158	3150736	3
3783256	4514417	6
1205261	1670742	12
4601158	4458957	3
1857379	3686898	5
827317	554587	17
3705620	554587	17
4559418	510275	4
2979791	1702076	12
3347441	360705	15
4467969	1814484	344
4582807	4601158	9
4601158	2355131	3
1464082	887978	13
2518880	510275	9
4601158	4425301	3
1223746	3566764	7
4601158	3132877	3
236999	554587	17
244638	4273011	4
2413767	2633898	766
554587	1805805	18
3111304	2281467	38
1712256	1790736	7
4601158	1567988	3
510275	1120105	7
4601158	3424339	764
727750	4601158	4
2979791	311095	12
3560729	554587	17
415026	4601158	4
2909002	510275	9
1708882	4514417	6
4601158	2775057	3
178734	2296470	14
4362842	789803	4
941926	554587	23
1857379	3168232	5
1092417	789803	4
2580431	3111304	32
1260285	4601158	4
510275	1700497	3
4467969	448474	344
1921531	4601158	9
4297954	789803	4
1407657	510275	4
510275	3463469	3
2309873	789803	4
2506010	4601158	4
2728043	4601158	4
4542336	1857379	20
1111808	2973303	101
4601158	1358796	7
2325227	4601158	9
799986	3111304	32
4311422	4601158	4
4601158	2845643	3
3162631	554587	17
893840	4601158	4
4107485	510275	4
1237380	554587	39
902752	789803	4
3885916	554587	17
554587	3973055	38
1041871	554587	32
510275	1363200	7
1960894	4601158	4
510275	721546	7
773002	554587	17
2461076	4514417	6
1978954	4601158	4
2233011	789803	4
554587	1004125	38
2860669	3505042	7
429180	554587	17
1111808	420632	101
510275	3504019	7
2124959	554587	10
35015	510275	9
3885216	4514417	6
783756	4514417	6
3972073	4601158	4
2949488	4601158	4
1518410	4514417	6
1462187	789803	4
3668628	554587	23
1760241	510275	4
4601158	2128685	3
510275	4077960	7
510275	1118124	3
1001038	1712256	15
1248100	554587	32
3472505	554587	17
4601158	2621370	7
4631531	789803	4
2860669	3826665	7
1726028	510275	4
510275	20895	7
3809241	4514417	6
1104870	789803	4
554587	4631454	101
3937311	789803	4
548362	510275	9
3111304	2456972	38
3245078	4601158	4
2711768	244638	229
3310363	4601158	4
4412551	789803	4
4601158	1310783	3
2640493	3111304	32
3113197	4601158	9
1702076	1857379	16
3793340	554587	17
4327478	4601158	4
2571521	3111304	32
214240	4514417	6
4601158	1861613	3
4601158	888605	3
2596962	554587	17
1204452	4601158	4
47707	4514417	6
1857379	4023351	5
4601158	849926	3
3864688	4601158	4
2582647	4601158	4
4537763	4601158	4
4601158	4210139	3
4601158	2266384	3
3226461	808670	32
4335556	1857379	125
2919220	554587	572
4449780	554587	17
510275	3506227	7
4506142	4514417	6
4601158	4171877	3
4601158	2259362	3
107644	4514417	6
4274742	1877555	227
3513451	1712256	9
4601158	1670366	3
1205261	932057	12
4601158	3174636	3
4601158	478024	3
2170019	4514417	6
3981780	3111304	32
1182515	554587	17
4077960	4601158	9
4601158	324379	3
4062610	707088	564
29484	4514417	6
4196977	4273011	9
510275	3684508	3
449231	554587	17
744868	789803	4
2192038	4514417	6
723187	510275	4
1327670	4601158	4
2823853	789803	4
1662823	789803	4
2521251	554587	17
510275	3628856	3
2275411	554587	17
510275	723187	3
2266384	4514417	6
156323	4601158	4
4601158	2377246	3
1116501	554587	17
4601158	577617	3
175594	4601158	9
3072445	244638	229
2271175	4601158	4
4601158	773002	3
2045089	244638	74
3424339	4601158	230
2734796	554587	17
1035608	554587	17
244638	2045089	71
4412767	510275	4
554587	301288	89
554587	301288	24
4178059	554587	17
2158388	4514417	6
1857379	2844680	279
1783755	789803	4
3513451	3687451	766
675326	2343644	9
902752	4601158	4
887978	2049697	25
4142046	554587	17
2973001	4514417	6
1207684	4601158	4
2860669	244638	3
4349457	4514417	6
3509212	510275	9
3970358	4514417	6
2343644	3997679	228
4601158	2061578	7
3689763	4514417	6
4601158	1312700	3
1229552	4514417	6
1621702	554587	23
510275	1688899	3
3716249	1857379	20
2157546	4503965	12
42680	4601158	4
4601158	932574	3
144173	1857379	16
1090618	4601158	4
4609673	4601158	4
3630437	4514417	6
2343644	563182	7
1013590	510275	4
4601158	3391494	3
510275	3963453	3
510275	3353542	7
2621370	4601158	9
1864238	808670	32
27258	2633898	766
808670	1336059	24
2516026	1857379	16
1857379	2775664	5
2170019	4601158	4
4012823	554587	17
4601158	2506010	3
4601158	4317527	3
1462150	4514417	6
3964694	4514417	6
2843040	789803	4
955549	789803	4
4601158	1210279	3
203247	510275	4
497694	2495820	12
3922674	789803	4
4601158	2013186	7
1799025	789803	4
4259369	789803	4
3035013	1857379	16
1857379	4084760	5
4601158	3173902	3
2471270	4601158	4
4601158	1787540	3
1857379	2467866	5
1857379	3808188	5
432545	4601158	4
4601158	3554595	7
848859	554587	17
1532948	554587	23
510275	3181612	3
987859	3111304	32
2406498	1111808	206
3755498	4601158	4
159418	4467969	342
510275	2471535	3
3174636	510275	4
554587	1098424	18
4601158	1005266	3
4601158	3304861	3
2157546	2041023	12
4601158	4123729	3
4601158	3422737	3
2610648	4601158	4
4601158	4131909	3
4601158	2376259	3
1380936	3112893	12
4496252	1111808	10
1857379	1164341	385
510275	3254888	3
1035968	1111808	206
4601158	4637663	3
508173	1857379	281
1119441	4601158	9
510275	1518410	3
1976486	4601158	4
3360286	2561113	11
3871145	4514417	6
1890316	4601158	4
4333054	4601158	4
4601158	2057371	3
161302	510275	4
4601158	2241972	3
1857379	3668418	5
2196958	4514417	6
2157546	3686898	12
376639	510275	9
3425485	510275	4
510275	1043471	3
4601158	4255013	3
244638	3040924	5
4601158	3559136	7
510275	65847	3
1886104	554587	17
1005266	4601158	4
510275	1391726	3
3642499	887978	19
2543682	554587	32
748751	4601158	4
1567988	4601158	4
2764632	510275	4
244638	2979791	28
1842567	789803	4
3635360	2343644	9
510275	1343434	3
675326	2633898	766
510275	3008090	3
954886	2919148	14
902436	2633898	766
4601158	1213042	3
614139	4601158	4
621315	554587	23
1857379	654498	5
1857379	94378	279
4601158	2086009	3
4601158	1365652	7
1803477	554587	17
2654470	1111808	2
992063	1857379	16
3861633	1857379	20
554587	3088807	45
1857379	3035013	5
3586604	554587	23
510275	4386269	7
3815570	1857379	16
1111808	4033516	101
3816294	4514417	6
853337	4601158	9
4601158	3555851	3
4470119	554587	17
4601158	2938804	3
2097780	3111304	32
1483646	554587	17
3294973	1857379	21
2111773	4514417	6
414137	4601158	4
4356177	4514417	6
675910	4601158	4
984779	4601158	4
510275	1870840	3
4601158	2971232	3
393186	4601158	4
1922668	1857379	16
3111304	797864	38
22844	554587	17
225121	4601158	4
4601158	3509212	7
3595974	554587	17
244638	885016	383
3236807	510275	4
4484989	4601158	4
2219723	554587	39
2427233	4514417	6
4568754	4514417	6
4601158	1572355	3
4601158	4644903	3
2343644	2846839	7
4601158	4537763	3
919750	4601158	4
1651952	4601158	4
4342259	4601158	4
1607291	2009078	7
4601158	4383494	3
3826665	1857379	27
655834	4601158	4
2769728	554587	35
1805805	554587	24
4601158	2708909	3
638618	4601158	4
3753677	789803	4
1705005	1857379	16
2921019	2343644	9
510275	2736070	3
1960894	4514417	6
4601158	4153891	3
3684508	4601158	4
3566764	1223746	9
714926	287921	14
338291	4601158	4
2947711	3687451	766
4601158	2860669	764
510275	853337	7
4601158	4297954	3
4467969	2157546	344
2378785	1111808	10
1226982	789803	4
510275	1458682	7
1733490	4601158	4
236999	4601158	4
510275	2020247	7
4273011	789803	230
141765	2427316	290
444102	554587	17
4210139	4601158	4
1440155	4601158	4
1839354	382565	226
1034894	510275	4
2729178	554587	10
4158386	510275	4
4601158	3339435	3
4474703	4514417	6
1735823	789803	4
4099807	4601158	4
3202306	4514417	6
2190385	510275	9
987859	4514417	6
1553330	1111808	2
1150541	3007122	761
225121	554587	17
3784441	4601158	4
1194001	4514417	6
1503129	1111808	10
3111304	416516	38
1945092	4601158	4
3723868	4601158	4
3708152	4601158	4
3200134	3111304	32
2552859	4514417	6
4601158	27258	7
752900	4601158	4
1111808	3415292	101
887978	3081928	25
1004721	4601158	9
4277669	789803	4
2158388	789803	4
1857379	2321805	5
1346153	554587	17
3603629	1111808	10
2710009	4514417	6
4601158	967975	3
1111808	1481623	207
1770328	4601158	4
4601158	955549	3
2777070	4601158	4
1015966	808670	31
1458682	4601158	9
778130	1857379	27
2596400	4601158	4
890867	554587	32
1837691	4601158	4
789803	1857379	3
4080655	4601158	4
4271627	554587	17
2003410	554587	17
778130	159418	888
794435	1111808	10
1857379	311095	5
1857379	778130	279
1449775	4601158	4
4175291	2919220	106
367986	4623473	687
3005497	4601158	4
4582699	3111304	32
2808600	510275	4
4601158	117923	7
3663058	1205261	14
4601158	4522605	3
231609	2296470	28
510275	850073	3
2534875	4601158	4
3728416	789803	4
4601158	4497346	3
2428881	554587	24
4601158	269697	3
510275	414056	7
1410615	4601158	4
4601158	2345147	3
3641508	2388423	26
510275	1303771	3
2265607	4514417	6
553840	2343644	15
3939885	554587	23
4601158	2798366	3
192290	789803	4
932057	1857379	16
2711768	1045461	6903
4601158	4161588	6680
4601158	4432533	6680
4049366	4601158	6679
4583433	4652212	7363
510275	320893	6680
4601158	730950	6680
4601158	4137347	6680
1216150	4601158	6679
554587	599820	6686
1035968	1111808	6777
4032562	4601158	6679
1826611	3360286	6687
3506227	4601158	6683
4514417	1262298	6682
229922	4601158	6679
4438788	510275	6679
2814477	510275	6683
4601158	3841688	6680
4568752	1857379	6955
393186	4601158	6679
4601158	785451	6680
1662823	4601158	6679
4514417	2165159	6682
2343492	3111304	6714
1051363	1111808	6777
4161588	4601158	6679
554587	1682617	6693
4601158	553840	6691
4601158	1958350	6680
4601158	1659429	6680
554587	2487177	6693
4601158	1964956	6680
4514417	3864688	6682
4601158	2415630	6680
3201994	510275	6679
4514417	741755	6682
4601158	1346153	6680
554587	691661	7187
297553	1111808	6777
510275	4015508	6680
377463	741870	7363
2343644	2512397	6751
4601158	3321553	6680
554587	1583911	6693
1670218	510275	6683
4601158	3529352	6680
4601158	2502941	6680
789803	1863111	6680
4085007	4601158	6777
4527759	4601158	6683
3786976	4273011	6683
554587	564944	6699
554587	3394343	6693
4601158	1006087	6680
554587	150603	6693
1119441	510275	6683
4362842	4601158	6679
2602242	159418	6688
3272956	4601158	6679
553840	4601158	6904
554587	288881	6693
554587	3391494	6693
4601158	1035968	6686
3111304	4404074	6708
4196977	1857379	6955
1853162	510275	6683
554587	1861613	6693
3635360	1857379	6955
554587	666243	6693
1111808	420632	6686
4601158	798250	6680
4601158	1592386	6680
1116740	1150541	7437
6437	287921	6688
4601158	1022300	6680
4012823	4601158	6679
3103413	244638	6687
4514417	4404074	6682
3458432	4601158	6679
339664	554587	6694
4601158	1035608	6680
2621454	4601158	6777
554587	632920	6693
3687451	3332115	7442
789803	4305804	6680
510275	4539416	6680
3073463	4601158	6679
821157	887978	6701
3062539	1857379	6681
789803	1391276	6680
3111304	416516	6708
554587	3885216	6693
1857379	4062610	6677
4515590	1111808	6777
554587	1680625	6693
4601158	4542336	6691
244638	2979791	6697
2860669	244638	6680
1981389	4601158	6679
1857379	3062539	6692
4123729	2343644	6679
1362981	808670	6714
1879859	554587	6777
510275	2730778	6680
510275	330113	6685
4319952	1857379	6681
980492	4601158	6679
4601158	4489110	6680
139346	510275	6679
4601158	2423208	6680
1561526	510275	6683
510275	1009889	6680
510275	3272956	6680
3570610	4601158	6683
4542336	2343644	6904
4514417	1846093	6682
3554595	510275	6683
1111808	3833400	6678
510275	2471270	6680
4601158	1635461	6680
2170019	4601158	6679
3111304	4526334	6708
4601158	2022227	6680
3434551	2296470	6688
4514417	1894870	6682
4514417	1790443	6682
4601158	1856590	6680
510275	2621370	6685
4514417	3113668	6682
510275	2377246	6680
1515158	554587	6777
928409	4601158	6683
4601158	2411039	6680
671236	2187213	7363
4601158	2376259	6680
4340629	1205261	6697
4601158	425032	6680
3468793	4601158	6679
4386269	4601158	6683
554587	563257	6693
1857379	1371736	6692
1921032	4601158	7440
4601158	4568754	6680
1111808	3320247	6686
4601158	2717007	6680
55659	4601158	6679
4601158	577617	6680
1133040	510275	6679
2343644	1004721	6685
3688362	554587	6777
842336	2343644	6904
4273011	810618	6685
554587	1981389	6693
1226982	4601158	6679
52694	244638	6747
789803	2277953	6680
1001038	360705	6904
3347441	1857379	7061
3801627	4601158	6683
3242992	244638	6708
1556750	4601158	6679
768808	4601158	6679
4514417	219554	6682
741870	4601158	6679
3426316	4601158	6679
2343644	4542336	6691
2510440	890589	7218
4601158	3646109	6680
4601158	3904639	6680
510275	2486446	6685
554587	1589040	6693
4601158	3401834	6680
4004180	4601158	6679
4514417	3291753	6682
407695	2412418	7834
4514417	3924830	6682
329232	4601158	6679
3109244	4601158	6679
1857379	2713535	6692
3067404	554587	6694
510275	2911074	6680
2860669	3826665	6685
4601158	2552814	6680
2521251	510275	6679
2270636	4601158	6679
3262076	1111808	6777
554587	787333	6686
4601158	2357434	6680
650710	510275	6679
1857379	4196977	6703
554587	3717213	6693
4470410	510275	6683
554587	1737301	6693
4601158	4102423	6685
231609	159418	6697
1212169	4601158	6679
3301725	1857379	6681
4514417	888605	6682
4601158	1116501	6680
554587	3229975	6708
1608907	1111808	6777
4601158	1361730	6680
510275	2852726	6680
1857379	4601158	6679
4340629	2296470	6697
2616855	4601158	6679
3312851	554587	6777
3111304	347642	6708
510275	22844	6680
4601158	3342980	6680
4601158	3267885	6686
3868348	1111808	6866
4601158	4142301	6685
789803	1014334	6680
1857379	4029359	6692
510275	1561526	6685
4068564	4601158	6679
1111808	788379	6686
4601158	168636	6680
4601158	711054	6680
554587	3360807	6708
2103363	510275	6679
554587	3077814	6693
554587	2322775	6693
1857379	4022096	6692
789803	188905	6680
1111808	1857379	6686
1857379	3641594	6692
1840340	4601158	6679
2919220	3294973	6782
1902219	159418	6688
2723813	563182	6685
554587	3581162	6699
1857379	470217	6692
4252498	2860669	6683
2081808	159418	6697
2378531	4601158	6679
3411041	510275	6683
4601158	2386381	6680
808670	1362981	6708
4509975	1857379	6681
510275	1546761	6680
1045461	1857379	6681
808670	1336059	6694
554587	2916604	6711
4601158	4115090	6680
554587	2699575	6711
510275	175594	6685
3236807	510275	6679
554587	1098424	6700
3453225	4601158	6679
4514417	4310562	6682
4601158	2009858	6680
1090618	4601158	6679
510275	3147783	6685
553840	2343644	6904
510275	1787540	6680
585483	4601158	6683
4601158	4383494	6680
4342259	4601158	6679
1111808	801723	6678
4514417	1628056	6682
2388423	2740660	6702
4601158	3628856	6680
1271382	4601158	6679
4601158	4165054	6680
3339662	554587	6777
1001573	4601158	6679
510275	1947586	6680
4509975	1150541	7437
510275	2813192	6680
159418	3539402	6690
4601158	407837	6680
923680	4601158	6679
2220108	4601158	6679
3040636	4601158	6679
3511836	244638	7059
755635	510275	6679
554587	4369727	6693
729044	4601158	6777
554587	866937	6693
4601158	2616855	6680
563257	4601158	6679
4335556	2846839	7772
1857379	2454954	6692
1814484	4340629	6704
3283207	287921	6688
4601158	470051	6680
4514417	449718	6682
4601158	4356177	6680
887978	671236	6695
4474703	4601158	6679
2105455	4601158	6679
3662518	244638	6681
1103326	1607291	6683
554587	4196666	6693
510275	1857379	6680
4601158	2377246	6680
510275	3890046	6680
2343644	3154750	6685
1857379	366823	6696
42680	4601158	6679
554587	3086405	6699
4514417	1419354	6682
2621037	4601158	6679
3223597	4601158	6679
510275	2103246	6685
554587	1829593	6693
4601158	931384	6680
4318976	510275	6679
4601158	2597951	6680
554587	1952673	6693
4601158	2007830	6680
510275	1190677	6680
4601158	3272250	6680
510275	143288	6685
3782034	510275	6679
3826665	4022179	6683
4178059	4601158	6679
4601158	900963	6680
2383080	3762672	7627
3111304	3871145	6707
4601158	2118713	6680
789803	4314375	6680
4601158	2809738	6680
2764696	4601158	6679
2739263	4601158	6679
4514417	2075614	6682
771700	510275	6679
3132739	4601158	6679
4601158	1291392	6680
1857379	2729691	6679
554587	1690763	6699
4601158	3393325	6680
510275	3743892	6685
554587	3000503	6776
4514417	416516	6682
4514417	3759416	6682
3403377	4273011	6683
510275	1318246	6680
4601158	3256648	6685
789803	2558340	6680
497694	4340629	6704
96536	510275	6679
4601158	3326990	6680
1121242	247001	7363
554587	3257800	6693
1219236	3111304	6714
3111304	3038911	6707
4601158	1694945	6680
4601158	3557567	6680
2588418	2296470	6688
4601158	84017	6680
3939362	510275	6679
4601158	1567231	6680
789803	1006087	6680
4601158	2537873	6680
4601158	3963453	6680
283262	4601158	6777
4514417	971926	6682
789803	3954982	6680
3111304	3984818	6708
554587	3847903	6693
1970279	4601158	6679
779405	244638	6681
4601158	4362842	6680
4601158	862745	6680
4601158	737182	6680
510275	3675443	6680
2078809	4601158	6777
4514417	2109799	6682
3219459	3154750	6752
510275	1743764	6680
554587	4012832	6699
2919220	1814484	6782
4601158	1762636	6680
3273282	4601158	6679
3815570	1857379	6681
2157546	3360286	6704
554587	244638	6693
2196958	887978	7619
510275	4099807	6680
4601158	4554768	6680
4514417	4088656	6682
554587	3657738	6686
1857379	2006604	6692
2157546	1066083	8075
244638	287921	6697
4601158	4589710	6680
2955796	497694	6688
2343644	1103326	6685
1561750	4601158	6683
3111304	3782034	6708
3989952	4601158	6679
4601158	1157339	6691
4514417	2258576	6682
4601158	292537	6680
4601158	1782523	6680
244638	127036	6697
559522	887978	6838
4296552	4601158	6679
789803	709978	6680
554587	3000988	6693
554587	3329811	6693
554587	693935	6693
510275	4366617	6680
2984177	1857379	6955
1329693	4601158	6683
2420407	4601158	6679
554587	1330496	6699
4601158	4012832	6680
4601158	1787540	6680
2061578	510275	6683
3111304	3329811	6708
4601158	3492965	6680
3740122	4601158	6679
554587	741870	6693
4231111	4601158	6679
4067765	1607291	6683
510275	3803803	6680
4601158	735079	6680
1340655	554587	6777
4601158	4183697	6680
4311422	510275	6679
244638	52694	6750
41163	4601158	6679
4107485	510275	6679
218416	4601158	6679
4601158	2506686	6680
4601158	664849	6680
554587	3441111	6699
4601158	4171877	6680
2919220	2157546	6782
1111808	2621454	6686
554587	3118946	6693
554587	275056	6693
4514417	4345223	6682
554587	3888490	6693
3693985	4601158	6679
554587	843566	6699
2296470	3434551	6690
4514417	2604742	6682
4601158	1291914	6680
2122239	554587	6714
554587	3694607	6693
4025566	4601158	6679
4418198	510275	6679
3841688	4601158	6679
2465889	4601158	6679
3568473	1857379	6755
1008536	4601158	6683
4601158	27258	6685
4601158	1667444	6680
2864264	4601158	6679
3360286	2296470	6957
1111808	1070792	6686
186790	4601158	6679
4601158	509181	6680
2411039	4601158	6679
3360286	2157546	6697
4514417	3064318	6682
1065159	4601158	6679
4601158	3847797	6680
3168232	2296470	6688
3516118	4601158	6679
1925482	554587	6777
3397183	4601158	6679
4514417	2901079	6682
4601158	3184691	6680
789803	2596962	6680
1077472	2343644	6904
2439013	1857379	6681
554587	2534875	6693
1003006	4601158	6679
3837936	4601158	6679
1857379	3019020	6692
554587	4412551	6693
510275	2833333	6680
497694	1922668	6690
96536	4601158	6679
758574	4601158	6679
3936166	510275	6679
4601158	585483	6685
4514417	1657016	6682
2782149	510275	6679
3864224	1857379	7061
4514417	2616855	6682
1534731	2979791	6688
4601158	192290	6680
2157210	4601158	6683
1857379	497694	6697
4554768	4601158	6679
554587	1925482	6686
2187213	510275	6679
4601158	3422737	6680
4601158	1118124	6680
2847442	4601158	6679
4601158	2103246	6685
554587	1750992	6693
789803	1105577	6680
4601158	1201545	6680
554587	3376352	6686
789803	802140	6680
4514417	3288198	6682
510275	3401834	6680
2729178	554587	6777
1410615	4601158	6679
4601158	2315943	6680
4601158	2613515	6680
510275	971683	6685
2383080	1857379	7263
728738	2343644	6904
3079339	4601158	6679
4601158	1583911	6680
3367289	2633898	7529
564945	887978	6701
1232245	3635360	6685
3861633	2343644	6904
4601158	841583	6680
1580342	4125746	7363
3978014	4601158	6679
4397112	4601158	6679
4601158	2559112	6680
1248686	1857379	6681
3513451	2343644	6683
1353539	4601158	6679
554587	3173902	6693
510275	3889273	6680
1857379	2740660	6692
2633898	1004721	7442
3333814	497694	6688
4601158	907691	6680
1857379	2385205	6697
128863	4601158	6679
4314375	2049697	7218
4516390	4601158	6679
554587	1468929	6699
4601158	3391494	6680
1380936	2713535	6690
4601158	1267158	6680
510275	34944	6680
1606486	1150541	7437
1164341	4601158	6904
1857379	3283207	6692
1205261	59489	6690
1814030	4601158	6679
4514417	2314361	6682
2839045	4601158	6777
554587	101947	6693
3635360	4601158	6683
3631405	4601158	6679
128820	4601158	6679
508173	608190	6690
2203347	554587	6777
2343644	2557344	6691
159418	4467969	7020
4601158	3113668	6680
4601158	4022179	6906
3641508	1857379	6681
3445281	1857379	6681
3294973	3360286	6704
554587	3755498	6693
510275	2888798	6685
4601158	3918730	6680
554587	2721589	6693
4514417	4131909	6682
1857379	3586965	6692
4496975	4601158	6679
994384	510275	6679
554587	3542817	6693
554587	4438788	6708
3687451	2009078	7442
4601158	1829593	6680
4601158	1262298	6680
4175291	4467969	7020
510275	4294941	6685
1132782	4601158	6679
4601158	1343434	6680
4514417	1410615	6682
554587	2960023	6700
4601158	3530066	6680
4601158	794435	6686
1751427	3566764	6685
2775057	510275	6679
554587	3242992	6700
2034201	1857379	6681
4601158	1673380	6680
4601158	2083782	6680
1857379	506258	6692
4483303	510275	6679
1120105	4601158	6683
283262	554587	6777
4514417	1451915	6682
3360286	2919148	6697
4252498	2343644	6683
510275	3901710	6680
3799910	3111304	6714
4601158	3174636	6680
3577664	3789310	6903
510275	1705098	6680
4601158	1772221	6680
4601158	2141897	6680
676807	4601158	6679
1111808	3994168	6686
144173	448474	6688
4341718	244638	6955
4580499	4601158	6679
3111304	4435528	6699
1527165	4601158	6679
4514417	883750	6682
2962536	4601158	6679
3426856	4601158	6679
4601158	3843992	6680
554587	2739945	6693
554587	2081808	6693
554587	339664	6776
1122396	4601158	6679
4514417	2573599	6682
1157339	4601158	6904
406397	4601158	6679
1597872	4601158	6679
1177699	4601158	6679
244638	2157546	6697
4601158	693313	6691
4514417	576225	6682
554587	4226692	6693
4601158	3034862	6680
4471666	497694	6688
510275	4470410	6685
2919220	448474	6782
4601158	2592093	6686
4601158	2546490	6680
605493	4601158	6679
330113	4601158	6683
2352579	4601158	6679
4404074	3111304	6714
1111808	887978	7215
1111808	2406498	6686
1051363	1111808	6883
1857379	2919148	6697
3142855	4601158	6679
789803	457127	6680
4601158	2971232	6680
3748272	4601158	6679
4601158	2192038	6680
4601158	2366407	6680
3196363	554587	6777
4514417	1291392	6682
1857379	3635360	6703
4601158	651412	6680
921345	4601158	6679
510275	2548267	6680
375089	4601158	6679
4601158	3360807	6680
789803	601054	6680
808670	98713	6707
4072125	1857379	6681
29484	4601158	6679
3507265	510275	6679
4601158	4425627	6680
789803	4199313	6680
4601158	3554595	6685
4125746	1580342	7218
3162631	4601158	6679
2520572	1857379	6681
510275	569442	6680
4601158	3094858	6691
4601158	2470230	6680
2343644	810618	6685
301288	554587	7155
4601158	196644	6680
1048300	510275	6679
1150541	3001007	6705
2765235	554587	6777
4514417	3381742	6682
3111304	544496	6707
65847	4601158	6679
4601158	1583196	6680
1857379	1045461	6692
2842771	4601158	6683
4601158	3437031	6680
4514417	252621	6682
2839045	1111808	6777
4601158	2689790	6680
2388423	1231670	6705
1219372	510275	6679
554587	4014018	6693
2296470	231609	6687
789803	3150736	6680
4294941	510275	6683
2141897	4601158	6679
1433212	510275	6683
4601158	2544634	6680
852403	4601158	6679
4601158	1723890	6680
789803	3951826	6680
4601158	1198164	6680
510275	140888	6680
4601158	1651263	6680
2979791	996727	6690
1719093	1857379	6681
3681619	4601158	6679
4366617	510275	6679
2402402	127036	6688
1857379	6437	6692
1857379	1902219	6702
3090613	510275	6679
4601158	3458432	6680
2713535	1857379	6681
3586965	1857379	6681
1150541	967298	6705
4425627	4601158	6679
1857379	4106953	6703
554587	2220664	6693
133419	510275	6683
554587	3284945	6699
4514417	4146621	6682
115144	1111808	6777
4514417	4305804	6682
2919148	1116740	6690
4601158	1768662	6685
1857379	751986	6684
4601158	583790	6680
789803	2290964	6680
1397413	4601158	6679
887978	4601158	10739
510275	3245078	6680
554587	1035579	6693
4601158	3413293	6680
3347441	360705	6904
1790736	2343644	6683
3784441	510275	6679
794435	1111808	6883
564945	3888490	7363
808670	1640131	6708
781669	1111808	6777
4514417	4327478	6682
789803	1165477	6680
3743892	4601158	6683
1118558	4601158	6679
4582807	510275	6683
4601158	1105577	6680
789803	341180	6680
4601158	2555903	6680
554587	3647638	6693
4514417	196644	6682
2296470	368188	6690
1857379	3564040	6692
4601158	3288198	6680
967298	1150541	7437
4004001	510275	6679
4601158	4515900	6685
741870	377463	7218
510275	1561750	6685
4151646	2979791	6688
554587	3184691	6693
789803	2642343	6680
1116740	1857379	6681
554587	1210279	6693
3111304	4276148	6708
229922	2794236	7218
2808600	510275	6679
1024629	2383080	7240
4601158	3465451	6680
3210499	1857379	6681
1787540	510275	6679
4601158	2995817	6680
4601158	1981389	6680
4601158	3094143	6680
2888798	4601158	6683
4082646	510275	6679
4183137	510275	6679
510275	2012190	6680
3942857	4601158	6683
4601158	755635	6680
4514417	2264332	6682
3861633	1857379	7061
554587	1078444	6693
2406498	554587	6777
554587	4160553	6693
4601158	2695550	6680
2647829	510275	6679
4601158	186811	6680
244638	4342929	6703
3229975	510275	6679
2315853	1857379	6681
4601158	4039930	6680
1857379	4154798	6692
1857379	4273011	6679
4394860	4601158	6679
4514417	1145	6682
1111808	4583346	6686
3111304	2643375	6708
4514417	4652212	6682
4601158	4015653	6680
554587	3980923	6693
730201	497694	6688
789803	1229552	6680
554587	976555	6693
510275	2489352	6685
554587	78403	6686
4601158	4320053	6680
789803	2111773	6680
4601158	2860669	6906
554587	1586252	6693
2729178	1111808	6777
554587	1910667	6698
510275	2549390	6680
4601158	4538847	6680
789803	3584855	6680
3111304	887978	7112
4601158	3748946	6680
4568752	2343644	6683
554587	12697	6708
554587	1770328	6693
1111808	2349336	6678
4601158	415088	6685
4514417	1983727	6682
201925	3072445	6902
3111304	2746418	6708
4601158	789803	6906
470217	1205261	6688
1026824	4601158	6679
554587	2371767	6693
4601158	2628424	6680
3861633	4601158	6904
478947	4601158	6679
479759	1857379	6681
2157546	1857379	6704
510275	1362628	6685
554587	2940099	6693
1361818	510275	6679
3519075	510275	6683
554587	3215055	6719
3086994	4601158	6683
4601158	3263368	6680
159418	231609	6704
1483646	510275	6679
1976486	4601158	6679
2125147	1111808	6777
1712256	3347441	6691
3111304	744823	6708
4601158	979699	6680
4514417	2080000	6682
554587	4262551	6693
554587	1525877	6693
2367256	510275	6683
4601158	3837936	6680
554587	2936267	6693
497694	3360286	6704
554587	337230	6699
789803	2532701	6680
4601158	4190718	6680
3111304	2246020	6708
510275	3990899	6680
789803	748751	6680
510275	728623	6680
510275	3628856	6680
4601158	1506493	6685
554587	2544634	6693
554587	301288	6746
510275	838387	6680
2157546	288065	6690
3642499	887978	6701
510275	3684508	6680
510275	1985386	6685
1575062	510275	6679
2710009	4601158	6679
1352411	4601158	6679
4514417	2240857	6682
3617881	4601158	6679
4601158	3109244	6680
789803	3581621	6680
1205261	1670742	6690
510275	4483303	6680
2458946	4601158	6679
3635360	510275	6683
2305293	510275	6679
3252671	1111808	6777
4601158	2893248	6680
1111808	115144	6882
2860669	1278073	6685
4601158	1925482	6686
3243947	1857379	6955
4514417	4636060	6682
4601158	248591	6685
4601158	955549	6680
2013186	510275	6683
1857379	532257	6703
4514417	1592386	6682
554587	4455722	6693
449231	4601158	6679
4310562	4601158	6679
554587	3866086	6693
4514417	2259362	6682
4514417	3529352	6682
4601158	2003410	6680
3927311	3111304	6714
244638	3577664	6905
1857379	2674695	6697
2098896	4601158	6679
2552814	4601158	6679
1857379	2368671	6697
4601158	160729	6680
4601158	2808600	6680
1592846	4601158	6679
2445367	4601158	6679
3023553	1857379	6681
4326135	1857379	6681
4601158	2510440	6680
510275	2616747	6685
4341718	2737405	6683
1775084	1857379	6681
1482393	3111304	6714
4601158	4597688	6680
118578	4601158	6904
349980	4601158	6679
360705	1001038	6691
3922674	4601158	6679
4514417	1701061	6682
789803	3600943	6680
1003207	4601158	6679
554587	1829634	6699
4514417	3884351	6682
510275	3949173	6685
4022096	1857379	6681
4601158	1172137	6680
789803	4333054	6680
4387723	4601158	6679
4506142	4601158	6679
1978954	510275	6679
554587	3321553	6693
4601158	3637444	6680
3320247	1111808	6777
127036	3090619	6690
3358937	4601158	6679
2730778	510275	6679
4601158	4631454	6686
1517841	1857379	7061
4340629	2296470	6957
115144	1111808	6883
3301725	2296470	6688
3111304	3927311	6708
554587	1030549	6711
3313531	4601158	6679
4514417	2456211	6682
554587	128301	6693
3437031	4601158	6679
3796898	4601158	6679
2325227	510275	6683
554587	1760241	6699
4601158	2404317	6680
2388423	368188	6702
4601158	2823853	6680
554587	728623	6693
3940158	2296470	6688
554587	18650	6693
1886104	4601158	6679
1328617	510275	6679
1857379	1858931	6692
4601158	1729906	6680
554587	723187	6693
3969109	4601158	6679
2157210	510275	6683
789803	2610648	6680
4340629	2919148	6697
497694	565504	6690
2080000	510275	6679
4601158	934556	6680
2860669	3635360	6685
433087	4601158	6679
554587	1527165	6693
4601158	1538551	6680
1044337	4601158	6679
27258	1857379	6955
4601158	1092417	6680
1857379	4471666	6692
3076873	4601158	6679
1790443	4601158	6679
4601158	892454	6680
554587	509181	6693
4601158	1318246	6680
510275	4555198	6680
4601158	2721589	6680
789803	558668	6680
188905	4601158	6679
4601158	1814030	6680
1402958	2343644	6683
362484	510275	6683
3005497	554587	6714
789803	2864892	6680
101947	510275	6679
2081808	2919148	6697
4601158	455510	6680
4601158	3454684	6680
4514417	3170762	6682
4601158	1518765	6680
497694	2775664	6690
1785684	1857379	6955
4039930	4601158	6679
554587	4041194	6686
2296470	4430005	6690
4514417	347642	6682
554587	2926899	6686
3956074	554587	6817
244638	2296470	6957
4601158	1435554	6680
4601158	2592151	6680
4514417	3426856	6682
4514417	462315	6682
4514417	4296552	6682
4601158	4271627	6680
4601158	35015	6685
3360286	3679087	7076
4601158	1568130	6680
808670	564944	6708
789803	2084222	6680
4601158	3201994	6680
1111808	1319978	6686
4601158	4294941	6685
288065	2157546	6688
4601158	2391761	6680
1802967	2388423	7058
4601158	3648300	6680
2315853	3131637	6688
4514417	4580499	6682
3441111	4601158	6679
4601158	2264332	6680
2616747	4601158	6683
1150541	3007122	6705
3000503	554587	6694
890589	887978	6701
554587	1111983	6693
531606	4601158	6679
2706329	4580499	7363
510275	1468929	6680
4335556	1857379	6717
1937565	1111808	6777
2549390	4601158	6679
554587	4049822	6693
4514417	3224548	6682
74873	3111304	6714
510275	1462493	6685
2809738	4601158	6679
4363639	1857379	6681
455510	4601158	6679
4601158	3978014	6680
2230175	4601158	6679
4514417	1446907	6682
1857379	2920199	6692
3998979	4601158	6679
2901079	4601158	6679
6437	1857379	6681
1790820	3111304	6714
2518379	3103413	6688
4534777	1527473	7627
4601158	4027737	6680
4601158	3485499	6680
2388423	4435342	6702
4601158	3776616	6680
4389440	4601158	6679
3111304	2250078	6708
474549	510275	6679
554587	1119227	6788
510275	3316959	6680
510275	329232	6680
1111808	985625	6678
4601158	4142046	6680
4601158	2826575	6680
4514417	4646598	6682
975760	4601158	7440
554587	765083	6686
2737405	4342929	6685
554587	1815350	6693
789803	1857379	6680
554587	1094794	6693
510275	4106162	6680
1237008	4601158	6679
244638	497694	6697
3471369	4601158	6679
2621454	554587	6777
4601158	3884351	6680
3111304	1654590	6708
1462493	4601158	6683
3411041	4601158	6683
1527473	2383080	7240
251748	4601158	6679
554587	217670	6693
1857379	3875070	6703
1238012	1857379	6681
1578863	510275	6679
554587	1804361	6700
637541	4601158	6679
554587	3351233	6686
4601158	154191	6680
2825005	808670	6714
414137	4601158	6679
789803	1567231	6680
3591168	510275	6679
4601158	4004180	6680
1857379	1086739	6692
1762636	4601158	6679
4534777	363711	7627
2343644	2729691	6906
3450176	2633898	7529
4514417	4533923	6682
554587	2138985	6693
4601158	2895762	6680
2237399	510275	6679
789803	3635360	6685
852665	4601158	6679
4601158	3255544	6680
1009938	4601158	6679
434981	4601158	6679
4601158	1597872	6680
2388423	2333180	6702
1013590	510275	6679
2557344	1857379	7061
907691	4601158	6679
2620648	510275	6679
3035013	4604017	6688
2296470	1857379	6704
3422737	510275	6679
789803	1191385	6680
3150952	4601158	6679
1292943	1111808	6777
4514417	4631531	6682
554587	3360286	6693
554587	2268340	6699
444102	4601158	6679
1195595	244638	6747
554587	1688645	6693
4601158	3142855	6680
4482872	4601158	6679
4601158	861794	6680
510275	3113197	6685
4601158	4310562	6680
554587	3642285	6693
3492965	4601158	6679
510275	1978954	6680
2941847	1857379	6681
789803	1659429	6680
2588418	1857379	6681
174815	510275	6683
510275	3850847	6680
789803	3042355	6680
789803	892454	6680
510275	4449780	6680
789803	3989952	6680
510275	1670218	6685
1205261	4340629	6704
554587	2313855	6699
554587	4496252	6686
1314585	1857379	6681
789803	4630141	6680
4274742	1857379	6681
2296470	2081808	6704
1846093	4601158	6679
4383494	510275	6679
4514417	3850847	6682
853611	4601158	6679
4601158	2495730	6685
1735823	4601158	6679
4601158	1866646	6680
4601158	3320247	6686
554587	3630685	6693
4601158	3937311	6680
2412418	868932	7611
554587	2122239	6708
2654470	554587	6916
4514417	1251169	6682
4601158	4648996	6680
4601158	1909345	6680
1857379	2860669	6679
807032	3360286	6687
2247702	244638	6681
4514417	557328	6682
554587	168636	6693
4601158	4231111	6680
789803	3906349	6680
510275	4305246	6685
244638	751986	6684
789803	1485111	6680
510275	4551856	6680
4601158	1094794	6680
4517648	2343644	6904
4408234	4601158	6679
3890046	4601158	6679
4517648	4601158	6904
460141	510275	6679
321801	510275	6679
2217148	554587	6777
887978	4583433	6695
2510440	1857379	6755
2343644	2557344	8043
3034862	4601158	6679
4601158	3897973	6680
3718076	808670	6694
1231670	1857379	6681
554587	2465889	6693
313596	4601158	6679
4142301	4601158	6683
789803	2360886	6680
2476631	4601158	6683
2343644	4106953	6685
4601158	2621454	6686
2305293	4291628	7218
1607291	1790736	6685
218416	510275	6679
723979	510275	6679
2592093	4601158	6777
2009078	1857379	6955
1651263	4601158	6679
1857379	4495235	6692
3465451	4601158	6679
2430762	4601158	6679
554587	1583196	6693
554587	4546264	6711
4514417	231157	6682
4514417	307598	6682
510275	3221435	6680
2304745	4601158	6679
554587	3183003	6693
2357434	4601158	6679
3403377	2343644	6683
3019854	4601158	6679
2492787	510275	6679
133419	4601158	6683
2711089	4601158	6679
554587	3964698	6693
969154	1857379	6681
1607291	2510440	6680
4514417	3000133	6682
554587	4307060	6686
1821045	3111304	6714
3890046	510275	6679
510275	433087	6680
3331645	4601158	6904
554587	1842070	6693
1857379	3347441	6696
4555765	510275	6679
4601158	4416945	6680
1111808	3198821	6686
3144598	554587	6777
4601158	2305293	6680
4601158	4539416	6680
4541752	4601158	6679
4601158	3797978	6680
510275	4551927	6685
1857379	3315122	6692
150979	3111304	6714
4601158	362484	6685
2296470	4022096	6690
3132877	510275	6679
554587	565133	6693
3401834	4601158	6679
4514417	1219372	6682
3139702	1857379	6681
554587	1050324	6693
3639300	4601158	6679
2296470	4029359	6690
510275	3841688	6680
2912097	554587	6694
789803	3150952	6680
97456	510275	6679
4601158	3342620	6680
510275	96536	6680
4601158	1165667	6680
1111808	1608907	6686
2919220	2674695	6782
554587	442966	6693
4514417	3714920	6682
789803	3458432	6680
510275	2367256	6685
4601158	3045906	6680
143288	510275	6683
3515474	510275	6679
808670	231609	6708
510275	650710	6680
789803	972284	6680
1814484	1857379	6704
1814484	231609	6704
4601158	661354	6680
244638	4273011	6679
4601158	1724047	6680
554587	3190081	6693
1857379	311095	6692
2157546	2865449	6690
4601158	3738505	6680
2488857	4601158	6683
1583911	4601158	6679
554587	564504	6711
4106953	4273011	6683
4514417	1464082	6682
554587	4327478	6693
4601158	1941460	6680
789803	2386381	6680
4514417	679424	6682
1319978	1111808	6777
4601158	3716249	6691
2231679	2296470	6688
2728043	4601158	6679
554587	1264756	6699
2220125	510275	6683
4601158	1828073	6680
4601158	4088656	6680
4340629	497694	6697
4601158	3644139	6680
3668418	2388423	7437
2388423	2439013	6702
695521	510275	6683
2919856	4601158	6679
4273011	3786976	6685
4514417	102772	6682
4601158	3090613	6680
159418	2602242	6690
1857379	3940158	6692
4514417	1768443	6682
2393930	4601158	6679
3529001	4601158	6679
1205261	2006604	6690
1712256	693313	6691
4601158	4322846	6680
789803	2371767	6680
4601158	949579	6680
1890316	4601158	6679
381560	510275	6679
4601158	2911074	6680
1077472	4601158	6904
4601158	4131909	6680
3668628	4601158	6679
554587	2352579	6693
3694607	4601158	6679
4601158	3969109	6680
4514417	3468793	6682
4601158	3358096	6680
711054	4601158	6679
4335556	3210539	6866
2995817	4601158	6679
2882692	554587	6714
1327670	4601158	6679
554587	1149300	6699
409754	4601158	6679
4514417	2213704	6682
4601158	460141	6680
554587	775825	6700
4601158	205365	6680
3860136	510275	6679
2557344	2343644	6904
4514417	2268141	6682
1164725	2343644	6904
4514417	3906349	6682
3784441	4601158	6679
554587	2084222	6693
3687451	1103326	7442
4601158	3068251	6680
1111808	4041194	6686
2471270	4601158	6679
244638	3040924	6692
1770328	4601158	6679
3904639	4601158	6679
510275	3925497	6680
2343644	3243947	6685
22844	510275	6679
2530808	4601158	6679
554587	42680	6693
269697	510275	6679
554587	188905	6693
554587	1267158	6693
789803	1790736	6685
1857379	654498	6692
1629825	4601158	6679
3083061	244638	6901
789803	3265608	6680
4067765	4273011	6683
4601158	2834619	6680
600089	4601158	6679
2921019	4273011	6683
3864688	4601158	6679
1606486	1857379	6681
244638	2905770	6856
2549390	510275	6679
4514417	4045441	6682
2041023	1857379	6681
3786976	2343644	6683
4601158	4037383	6680
271517	4601158	6679
599820	554587	6777
4601158	1378498	6680
3329811	3111304	6714
1857379	122760	6753
4601158	2610933	6680
3788805	4601158	6679
4425301	510275	6679
320862	4601158	6679
3253690	1111808	6777
4601158	4379940	6680
3516671	1857379	6681
557928	510275	6683
448474	1857379	6704
548362	510275	6683
4514417	847557	6682
4514417	4450266	6682
3050004	4601158	6679
3637444	4601158	6679
4631531	4601158	6679
808670	2583086	6708
1027169	4601158	6679
4601158	1703363	6680
4601158	1065159	6680
4601158	439452	6680
554587	849926	6693
789803	3788805	6680
4601158	3816294	6680
2609882	4601158	6679
510275	928409	6685
4514417	4172568	6682
3854522	554587	6700
2495820	1857379	6681
789803	2313855	6680
4601158	277566	6680
4601158	3660849	6680
3964694	4601158	6679
4514417	2506686	6682
2695550	4601158	6679
4467969	2368671	7018
4356177	4601158	6679
554587	3094143	6693
510275	917095	6680
4601158	2307633	6685
1546878	887978	6838
3524573	4601158	6679
1805805	2412418	7834
789803	92598	6680
1857379	484192	6692
554587	371344	6699
3592023	3111304	6714
789803	1958350	6680
3473776	4601158	6679
429180	4601158	6679
4601158	773002	6680
3190081	4601158	6679
1341730	4601158	6679
4601158	315328	6680
2271175	4601158	6679
1041871	510275	6679
1150541	1116740	6705
4601158	502859	6680
2296470	4340629	6704
247001	4601158	6679
554587	1672737	6693
3279099	4601158	6679
554587	730950	6693
971683	4601158	6683
4601158	864641	6680
4035865	497694	6688
554587	1068067	6698
510275	3515474	6680
4601158	1312700	6680
1857379	3333814	6692
478658	4601158	6679
1857379	448474	6697
4601158	2842771	6685
4601158	2378785	6686
4514417	1856590	6682
2315943	4601158	6679
4601158	4644903	6680
2905770	244638	6858
4601158	1120105	6685
510275	3530066	6680
3364464	554587	6777
554587	3466934	7187
4601158	2903453	6680
510275	1725143	6680
4601158	2833333	6680
554587	4068564	6693
3981780	3111304	6714
1006087	4601158	6679
554587	560416	6693
554587	2530808	6699
1649713	554587	6694
1198164	510275	6679
4601158	4259369	6680
3111304	1790820	6708
510275	1219372	6680
3316959	4601158	6679
178734	2296470	6688
4062610	363711	7627
2296470	4340629	6687
4601158	898308	6680
2020739	887978	7713
1020735	2343644	6904
4601158	2501244	6680
4601158	4461729	6680
3365226	1857379	6681
4601158	3939362	6680
1857379	27258	6703
4514417	549620	6682
4514417	4554768	6682
2282297	4601158	6679
34944	4601158	6679
1205261	4467969	7020
554587	3019854	6693
71717	779405	6692
3360286	807032	6957
1642507	1857379	6869
3007122	1857379	6681
4412767	4601158	6679
4601158	4012823	6680
4601158	4129980	6680
3170252	4601158	6679
4601158	3304861	6680
510275	3301004	6685
789803	2122239	6680
3657738	1111808	6777
554587	247775	6693
1004721	2343644	6683
1708908	510275	6679
271517	510275	6679
4601158	4389440	6680
554587	2845643	6693
3454684	4601158	6679
3131637	2315853	6690
1857379	4128892	6692
4517982	4601158	6683
4601158	464425	6680
3154750	2343644	6683
161302	510275	6679
3019020	1857379	6681
902436	1857379	6955
893840	4601158	6679
4514417	1821045	6682
4601158	1211565	6680
4601158	3693985	6680
4514417	4197161	6682
554587	1929897	6693
789803	2390497	6680
1852693	510275	6683
2669340	510275	6679
1857379	3335925	6692
954886	2919148	6688
4514417	1494886	6682
4514417	2764696	6682
3062539	2979791	6688
2621037	510275	6679
510275	3782034	6680
4601158	2043471	6680
1857379	1607821	6692
4601158	375089	6680
898308	4601158	6679
554587	2309873	6699
789803	3885916	6680
838387	4601158	6679
4601158	3507265	6680
4601158	2087760	6680
366823	4601158	6904
4514417	212504	6682
554587	1926280	6693
789803	1697592	6680
554587	1837691	6693
4601158	332602	6680
460141	4601158	6679
4601158	3397183	6680
554587	425032	6693
4514417	2769314	6682
2007830	4601158	6679
4514417	4609673	6682
510275	3860136	6680
1937565	554587	6777
554587	1984524	6693
3575898	510275	6683
2220108	510275	6679
4601158	1852693	6685
1790736	4273011	6683
1111808	2831255	6678
1607291	4342929	6685
4601158	1705098	6680
4014471	4601158	6679
4106953	1712256	6683
554587	931384	6693
1857379	3365226	6692
2880632	4601158	6679
599820	1111808	6777
887978	377463	6695
4601158	534971	6680
510275	3548670	6685
2979791	4406718	6690
127036	3332375	6690
3360807	554587	6714
439760	244638	7059
510275	2173548	6680
2306952	1857379	6955
2124959	1111808	6883
510275	2511584	6680
554587	600089	6693
3118946	4601158	6679
510275	3816738	6680
4601158	3668628	6680
4124451	4601158	6679
4601158	1735664	6680
510275	3181612	6680
3668418	2388423	7058
4601158	1164725	6691
554587	3063713	6699
4601158	1232245	6906
789803	614139	6680
4601158	4082646	6680
2346287	3111304	6714
3303155	4601158	6679
1814484	244638	6704
4601158	921345	6680
1205261	4282498	6690
629782	4601158	6679
2602242	1857379	6681
510275	4435528	6680
554587	1804361	6776
1335663	4601158	6679
2343644	563182	6685
3635360	2860669	6683
1019150	4601158	6679
4398857	1857379	6955
4601158	2227745	6680
554587	2752357	6693
3425485	4601158	6679
1651952	510275	6679
339664	554587	7174
510275	3292823	6680
554587	798250	6699
1667444	4601158	6679
3954982	4601158	6679
1162609	4601158	6679
4514417	4610188	6682
4584235	4601158	6679
789803	1334286	6680
1857379	1442040	6692
4601158	29484	6680
4601158	1751416	6680
510275	848859	6680
3618414	4601158	6679
4601158	4228622	6680
1164725	4601158	6904
4514417	4538847	6682
808670	4048812	6707
4601158	4541752	6680
213919	4601158	6679
3317044	3111304	6714
554587	1072978	6693
4601158	4636060	6680
789803	3596934	6680
4514417	4202466	6682
554587	1573860	6715
4601158	4196666	6680
554587	638618	6699
4601158	1729079	6680
244638	1380936	6697
510275	4342259	6680
2919220	497694	6782
360705	1402958	6685
382565	1857379	6681
3786976	1857379	6753
4262551	4601158	6679
4514417	1643479	6682
2710243	4601158	6777
789803	1115629	6680
420632	554587	6777
3635360	1232245	6683
287921	3283207	6690
2522596	244638	6704
1442699	1111808	6777
1197508	2522596	6688
3847797	4601158	6679
4601158	4324183	6680
2043471	510275	6679
428615	510275	6679
565504	497694	6688
4589710	4601158	6679
4601158	4015508	6680
554587	1864238	6693
789803	2893248	6680
2388423	3668418	6705
510275	2125790	6680
375089	554587	6714
554587	2210501	6693
4601158	3575898	6685
4514417	3717213	6682
3529352	4601158	6679
3265608	4601158	6679
1111808	3339662	6686
554587	441175	7523
4291628	887978	6701
510275	248591	6685
1205261	1719093	6690
4560178	4601158	6679
2203347	1111808	6777
1857379	996727	6692
789803	3748946	6680
554587	1800590	6788
3810930	4601158	6683
4601158	1009938	6680
4514417	1546878	6682
510275	1041871	6680
2296470	3168232	6690
1857379	1164725	6696
2368671	4467969	7020
4601158	1403777	6680
554587	301288	6932
510275	1635461	6680
4601158	563257	6680
3342980	4601158	6679
4115090	4601158	6679
4601158	4512533	6680
554587	1488017	6693
554587	474549	6693
554587	1477626	6693
4514417	4522605	6682
3717213	4601158	6679
4601158	3947587	6680
510275	2814477	6685
2721589	4601158	6679
4601158	3468793	6680
329441	1857379	6955
789803	2647385	6680
3633130	4467969	7020
4601158	2247600	6691
1705098	510275	6679
3094858	4601158	6904
554587	3557567	6693
554587	2909408	6686
1111808	3403951	6686
1292943	554587	6777
435375	244638	6704
1947586	510275	6679
789803	4594281	6680
2860669	3505042	6685
1111808	1609332	6686
4514417	1930583	6682
3840626	4601158	6679
3789310	3577664	6902
4514417	3961702	6682
2343644	122760	6680
554587	168529	6693
4514417	2640493	6682
4601158	840480	6680
4580499	2706329	7218
887978	857923	6695
4601158	4470119	6680
2157546	3315215	6690
439452	4601158	6679
554587	3816631	6693
3111304	636846	6708
679182	554587	6777
2247600	1857379	7061
3782034	3111304	6714
554587	44394	6693
2912097	2020739	7976
4601158	612035	6680
2919220	554587	6767
4642336	4601158	6679
554587	2424879	6708
159418	3360286	6704
4514417	1190677	6682
244638	3083061	6684
789803	4024842	6680
4601158	4355425	6680
726680	4601158	6679
1857379	2921019	6703
4601158	842336	6691
554587	2962536	6699
789803	1435082	6680
1481623	554587	6777
4514417	4153891	6682
3803803	510275	6679
1857379	35875	6696
554587	797324	6693
1857379	3865409	6696
554587	4510356	6693
1094794	4601158	6679
4514417	3472497	6682
735079	4601158	6679
510275	117923	6685
1857379	954886	6692
554587	3355841	7187
4601158	4202466	6680
510275	721546	6685
554587	2230175	6708
741755	3111304	6714
4601158	2643672	6680
4514417	4582699	6682
1278073	1857379	6955
2221584	244638	7059
2009858	4601158	6679
1857379	4319952	6692
4601158	4212530	6680
510275	819252	6680
554587	887143	6693
244638	3935487	6697
4601158	133419	6685
1552478	510275	6679
4601158	1857379	6680
554587	3718076	6700
2919148	1857379	6704
4601158	2402122	6680
845769	1111808	6777
728623	510275	6679
4601158	888605	6680
1607291	244638	6680
4601158	1994068	6680
887978	1546878	6689
2157546	3445281	6690
4601158	1104140	6680
4601158	2220125	6685
4342929	1607291	6683
4601158	4510356	6680
510275	2579839	6680
4601158	549861	6680
2012190	4601158	6679
4514417	111857	6682
4029359	1857379	6681
789803	2378028	6680
554587	1035968	6686
4601158	975760	6906
510275	2320128	6680
2415630	510275	6679
4514417	3221886	6682
510275	4346398	6685
810618	1607291	6683
4601158	1397413	6680
3635360	282921	6683
1278073	1607291	6683
244638	885016	6905
3807697	1857379	6681
4514417	1700497	6682
510275	301609	6680
1857379	569762	6696
3581162	4601158	6679
1182515	4601158	6679
3148580	510275	6679
1857379	1814484	6697
554587	832338	6686
554587	801723	6711
3166575	4601158	6679
789803	2427233	6680
3106991	4601158	6679
1092417	4601158	6679
554587	230690	6693
3130548	554587	7104
1921024	1857379	6681
3748946	4601158	6679
1116501	4601158	6679
789803	2245281	6680
4514417	3381434	6682
2548267	510275	6679
2157546	2081808	6704
1111808	3253690	6686
2919220	3379569	6782
789803	549620	6680
510275	315844	6680
4514417	1237616	6682
3803803	4601158	6679
77173	4601158	6679
510275	3076873	6680
4601158	605493	6680
4514417	1735664	6682
4601158	1546761	6680
554587	2960023	6776
163374	4601158	6679
554587	3637444	6693
156323	4601158	6679
554587	2305293	6693
789803	2213704	6680
2343644	1211492	6751
4601158	729044	6686
4514417	2346287	6682
2486446	4601158	6683
4601158	1517841	6691
1857379	1069706	6696
510275	65438	6685
554587	2423208	6693
4514417	127576	6682
554587	1092417	6693
336564	4601158	6679
3485499	510275	6679
1857379	728738	6696
510275	2782149	6680
554587	1553330	6711
789803	2470230	6680
2919148	4467969	7020
554587	2378785	6686
4601158	247001	6680
4514417	2183938	6682
4601158	4026377	6680
244638	2296470	6697
1111808	3415292	6686
4470119	4601158	6679
4514417	4291547	6682
4514417	921345	6682
4601158	1201950	6680
4015508	510275	6679
4514417	3105077	6682
4601158	1419354	6680
789803	1041061	6680
1628838	4601158	6679
4601158	283262	6686
4514417	3358937	6682
4601158	1194001	6680
2454954	1857379	6681
4514417	3838940	6682
3743892	510275	6683
4514417	2306314	6682
2081808	4613773	7242
4601158	4032882	6680
448474	144173	6690
996727	2979791	6688
4342929	2737405	6683
1705005	1857379	6681
1607291	810618	6685
1009889	510275	6679
3280206	4601158	6679
731089	4601158	6679
4601158	2706749	6680
4106953	1607291	6683
4601158	1190972	6680
3111304	1145	6708
554587	1362981	6693
59489	1205261	6688
721546	4601158	6683
4601158	2020247	6685
4601158	4620477	6680
4601158	4264186	6685
2616083	4601158	6679
554587	2047911	6693
4514417	2607486	6682
4142301	510275	6683
282921	3635360	6685
3687451	2984177	7442
554587	3839747	6693
4601158	3942857	6685
4601158	3223597	6680
4601158	2962536	6680
2471270	510275	6679
789803	1929897	6680
729044	1111808	6777
510275	3009257	6680
3198821	1111808	6777
510275	3086994	6685
2540939	4601158	6679
3687451	1790736	7442
3776616	4601158	6679
842336	1857379	7061
554587	2006479	6699
4514417	2708909	6682
554587	3891619	6693
3111304	3735800	6699
1607448	4601158	6679
3111304	1550189	6708
4033516	554587	6777
2544634	4601158	6679
554587	3252671	6686
4446444	4601158	6679
506258	1857379	6681
4601158	2157210	6685
887978	890589	6695
554587	902752	6693
2081808	2296470	6697
1111808	4085007	6686
4601158	3705620	6680
900963	4601158	6679
4346398	4601158	6683
554587	2247635	6693
1449775	510275	6679
510275	1048300	6680
2522596	645843	6690
4601158	3170762	6680
4601158	2545671	6680
554587	1212169	6693
3347441	1712256	6904
4601158	1328617	6680
1857379	608190	6692
885016	2941847	6903
4601158	349980	6680
4601158	548362	6685
789803	758574	6680
3215055	554587	6762
2919220	2368671	6782
554587	651412	6693
554587	464425	6693
1561750	510275	6683
2343644	1077472	6691
510275	1803477	6680
2124959	554587	6777
4560178	510275	6679
789803	307885	6680
497694	3746830	6690
2676441	3111304	6714
2343644	35875	6691
4514417	3738971	6682
4514417	2643672	6682
510275	637541	6680
4601158	1418092	6680
1104870	4601158	6679
1423135	4601158	6679
4601158	2360886	6680
510275	755635	6680
887978	3350665	6695
2689790	4601158	6679
2756774	4601158	6679
3111304	4365860	6708
4601158	1921032	6906
751986	1857379	6901
1857379	3315215	6692
3052655	2979791	6688
554587	1628886	6693
4018596	4601158	6679
554587	2852061	6693
3077814	4601158	6679
554587	735079	6693
3383155	4601158	6679
4514417	3964641	6682
554587	2196457	6693
510275	1361818	6680
554587	2309467	6693
433087	510275	6679
554587	2995817	6693
4514417	2514819	6682
510275	100997	6685
3719040	510275	6683
554587	2349336	6711
300559	1527473	7627
1857379	1670742	6692
554587	3064318	6693
554587	231157	6693
4601158	3717213	6680
4601158	4585542	6680
510275	3190888	6680
4601158	4501926	6680
2412418	887978	7611
4601158	2880433	6680
3552620	4601158	6679
789803	1409064	6680
554587	1185898	6699
3644139	4601158	6679
554587	1132782	6693
350879	4601158	6679
554587	3924606	6693
554587	3868348	6711
1435554	4601158	6679
4514417	3581621	6682
4514417	4287225	6682
1702076	1857379	6681
287921	665727	6690
789803	4407286	6680
4514417	470051	6682
3888490	564945	7218
4514417	4509576	6682
4601158	980492	6680
510275	20895	6685
2752357	4601158	6679
4601158	2764696	6680
4254703	4601158	6679
789803	1353539	6680
789803	1111983	6680
1857379	2332420	6692
3557567	4601158	6679
3111304	1657016	6708
3111304	797864	6708
2936267	4601158	6679
2919220	807032	6782
4601158	2736070	6680
1857379	4175291	6697
231609	2919148	6697
4302056	510275	6683
554587	339664	6700
808670	1857379	6699
1857379	3668418	6692
2237058	510275	6679
2386381	4601158	6679
2296470	3365226	6690
4151646	1857379	6681
4601158	1216822	6680
4601158	721546	6685
27258	2343644	6683
3005497	4601158	6679
244638	1527473	6757
3168609	4601158	6679
554587	689458	6700
4601158	3086405	6680
2187213	4601158	6679
554587	3843992	6693
1330496	4601158	6679
3731392	554587	6777
4514417	243111	6682
2740660	1857379	6681
4646598	1610500	6702
4514417	469735	6682
3139702	497694	6688
127036	919186	6690
497694	4035865	6690
4514417	799986	6682
4514417	1304368	6682
847557	3111304	6714
548362	4601158	6683
2296470	3301725	6690
2343644	3826665	6685
4601158	3441111	6680
554587	2487658	7014
4514417	810028	6682
1111808	2916604	6678
1857379	693313	6696
554587	4541752	6693
4601158	4506142	6680
554587	1125602	6698
4328080	510275	6683
554587	4389440	6693
4583346	1111808	6777
554587	1435082	6699
1569272	4084760	6690
972094	1111808	6777
2153412	4601158	6679
510275	4361928	6685
554587	3397183	6693
1232245	1402958	6685
1015041	508173	6688
554587	147293	6699
1712256	1402958	6685
275056	4601158	6679
2383080	3360286	7217
4514417	3393813	6682
2043220	1857379	6955
4601158	2190385	6685
2680112	1150541	7437
510275	414056	6685
244638	1814484	6697
1371736	2157546	6688
4601158	656872	6680
2157546	2416576	6690
3111304	1975270	6708
4183137	4601158	6679
4601158	1952673	6680
554587	2314230	6693
737182	4601158	6679
1814484	3360286	6704
510275	2521251	6680
4585542	4601158	6679
554587	558668	6693
2082783	510275	6683
4601158	320862	6680
972094	554587	6777
1111808	2973303	6686
554587	3078608	6693
4644903	510275	6679
1751416	4601158	6679
4601158	301609	6680
954886	1857379	6681
4613773	2081808	7331
2580431	3111304	6714
1857379	3633130	6697
329232	510275	6679
2854959	4601158	6679
2610933	4601158	6679
4601158	2489352	6685
2247635	4601158	6679
554587	4501926	6693
564504	1111808	6866
4601158	1122396	6680
4601158	1094557	6691
4514417	244638	6682
789803	3970358	6680
554587	3591713	6693
2125790	510275	6679
3111304	150979	6708
4449780	510275	6679
1231670	2388423	7437
4601158	1607448	6680
2233223	4601158	6679
4226692	4601158	6679
554587	3910804	6693
4604017	244638	6704
2109799	4601158	6679
554587	2882692	6693
4456793	4601158	6679
4601158	3910804	6680
554587	341180	6693
554587	1724047	6693
3687451	4067765	7442
1586252	4601158	6679
789803	2939107	6680
554587	994537	6693
3023530	4601158	6679
554587	1034392	6693
3221435	4601158	6679
4601158	2153412	6680
554587	4461729	6693
510275	3507265	6680
376041	2388423	7058
554587	94447	6693
2596962	4601158	6679
554587	2393930	6693
3253690	554587	6777
4601158	4305246	6685
4601158	3273282	6680
4514417	636846	6682
3221886	4601158	6679
1822923	4601158	6679
554587	3916128	6699
4601158	1162609	6680
554587	4379940	6693
554587	3262076	6686
4074673	1111808	6777
3351233	554587	6777
4512306	3111304	6714
3351233	1111808	6777
1086739	2522596	6688
3575898	4601158	6683
554587	3141300	6699
1361288	4601158	6679
510275	1597872	6680
1111808	729044	6882
1111808	283262	6686
510275	1870840	6680
159418	244638	6704
4601158	3969385	6680
4601158	4085007	6686
554587	3180475	6699
1857379	3052655	6692
554587	4210139	6693
1020735	4601158	6904
789803	1651263	6680
554587	4490599	6693
231609	1205261	6697
35015	4601158	6683
1994068	4601158	6679
4514417	2880632	6682
554587	4484989	6693
1395117	4601158	6679
510275	2613515	6680
2009078	2343644	6683
3762672	4062610	7240
1607291	4067765	6685
2296470	2979283	6690
1858931	1857379	6681
4514417	852665	6682
1857379	178734	6692
3332115	2343644	6683
510275	666243	6680
554587	3079339	6699
4601158	4181143	6680
2919220	3200673	6734
2439462	887978	6838
2125147	554587	6777
4432058	3111304	6714
2157546	3019020	6690
4335556	1642507	7006
2742634	510275	6679
554587	239728	6693
510275	1458682	6685
4514417	1191385	6682
510275	2237399	6680
3949173	510275	6683
3746830	1857379	6681
1857379	3813109	6692
168529	3111304	6714
1485111	4601158	6679
4503965	1857379	6681
4601158	2886616	6680
3034770	4601158	6679
4601158	3472505	6680
605586	4601158	6683
317431	4601158	6679
771700	4601158	6679
1015041	967159	7058
2428881	554587	7174
4514417	2938804	6682
4601158	219554	6680
789803	1026356	6680
510275	1449775	6680
510275	2476479	6680
4601158	2268141	6680
4601158	3753677	6680
554434	4601158	6679
2903453	4601158	6679
3111304	3008090	6699
4601158	3978275	6680
554587	1340655	6686
1857379	3156675	6692
1857379	4151646	6692
3813109	1857379	6681
4620477	4601158	6679
4311976	4601158	6679
554587	69246	6699
1718021	554587	6694
247001	1121242	7218
554587	4187465	6699
3911563	1857379	6681
4137347	4601158	6679
4514417	1005266	6682
1857379	2704308	6696
510275	1118124	6680
3529001	510275	6679
1857379	2439013	6692
3539402	1857379	6681
4514417	2615794	6682
1319978	554587	6777
4514417	3279575	6682
1857379	4035865	6692
4601158	163374	6680
789803	632920	6680
4601158	1271382	6680
4601158	1409064	6680
4601158	637541	6680
3244916	554587	6777
1765686	4601158	6679
4514417	1341730	6682
1729906	4601158	6679
4601158	4203854	6680
554587	1201950	6693
1978954	4601158	6679
4601158	4307057	6680
287921	1858931	6690
4273011	2921019	6685
4601158	2079190	6685
1111808	3360031	6686
554587	1790388	6686
4514417	1726028	6682
4601158	3069662	6680
393186	554587	6714
4601158	2109799	6680
4128892	2388423	7058
4077960	4601158	6683
554587	3797978	6693
497694	4363639	6690
789803	2717007	6680
2041671	2513017	7482
2633898	4416739	7442
112871	4601158	6679
554587	4015653	6693
1852693	4601158	6683
554587	1481623	6686
4514417	3045906	6682
4601158	683089	6680
1921024	435375	6688
3586965	2296470	6688
554587	3377769	6708
1371736	1857379	6681
4041194	554587	6777
4514417	2343492	6682
3816294	4601158	6679
1068067	554587	7174
140131	4601158	6777
1712256	244638	6680
1409064	4601158	6679
4601158	3050004	6680
1136032	554587	6694
1857379	842336	6696
1857379	4072125	6692
3174636	510275	6679
244638	1205261	6697
4601158	4103459	6680
1864310	3111304	6714
1857379	59489	6692
554587	2213704	6693
4601158	4197107	6680
4514417	822523	6682
554587	416748	6693
4601158	3611754	6680
2765008	554587	6777
4601158	4517648	6691
4514417	2865921	6682
231609	497694	6697
4601158	1433212	6685
3147783	510275	6683
2044895	2388423	7058
789803	22844	6680
998505	1111808	6883
4514417	2255803	6682
1857379	843149	6692
3786976	2343644	6679
1768443	4601158	6679
554587	2125790	6693
1609332	554587	6777
2488857	510275	6683
4601158	3641496	6680
366823	1857379	7061
554587	4468838	6693
4601158	3132739	6680
71913	4601158	6679
231609	141765	7219
1857379	1363420	6692
940752	1857379	6681
554587	788379	6686
3826665	2343644	6683
1205261	3792196	6690
3190888	510275	6679
4514417	1219236	6682
4514417	1210659	6682
554587	2201324	6693
1205261	3360286	6704
1419354	4601158	6679
4601158	2448924	6680
4041194	1111808	6777
463706	4601158	6683
4514417	764027	6682
4601158	2427233	6680
789803	3460423	6680
2946599	4601158	6679
554587	2357434	6693
3635360	1712256	6683
2081808	300559	7219
4601158	478024	6680
4601158	838387	6680
239728	4601158	6679
4601158	4189234	6691
4276148	3111304	6714
1839354	382565	6903
554587	1237008	6693
554587	2431484	6693
3786976	1607291	6679
2489352	510275	6683
554587	214669	6693
2919220	1826611	6782
4601158	565133	6680
4330691	1205261	6688
4027737	4601158	6679
554587	3062738	6693
789803	3809241	6680
4467969	2919148	7018
4601158	2529894	6685
4514417	4032562	6682
4601158	1643479	6680
2349336	1111808	6866
1690763	4601158	6679
4517648	1857379	7061
3111304	2573599	6708
554587	3196363	6686
3940158	1857379	6681
214240	510275	6679
1111808	3376352	6686
1768662	4601158	6683
1111808	4515590	6686
3650022	508173	6688
3196363	1111808	6777
554587	4499359	6693
3267885	1111808	6883
3180475	4601158	6679
1961514	4601158	6679
1205261	231609	6704
4601158	3998979	6680
554587	1953419	6686
4259369	4601158	6679
554587	288261	6693
789803	675910	6680
554587	1512421	6693
510275	1433212	6685
4601158	3279099	6680
4601158	1525877	6680
789803	2734796	6680
554587	1131893	6693
4601158	128820	6680
1552478	4601158	6679
3111304	252621	6708
4601158	3154750	6685
4022096	2296470	6688
3725563	4601158	6679
141765	707088	7627
510275	387069	6685
4551927	510275	6683
1022300	4601158	6679
1150541	3662518	6702
642368	4601158	6679
4100704	244638	6901
2401170	4601158	6679
728738	4601158	6904
1329693	510275	6683
1070792	1111808	6777
2764632	510275	6679
4601158	56319	6680
789803	509181	6680
788379	1111808	6777
4601158	4505615	6680
4601158	3105077	6680
2739945	4601158	6679
554587	3079339	6693
2483861	4601158	6679
557928	4601158	6683
510275	3939362	6680
3434551	1857379	6681
2919148	4340629	6704
4014018	4601158	6679
4467969	4175291	7018
554587	2527197	6693
4601158	442966	6680
3342620	4601158	6679
4340629	2157546	6697
554587	3644139	6699
3884351	4601158	6679
4601158	1264756	6680
4211607	554587	6694
4601158	1160826	6680
1719093	1205261	6688
4340629	159418	6697
2439462	1195595	6750
1078444	4601158	6679
1402958	1607291	6683
1607448	554587	6714
2388423	2439013	6705
4496252	1111808	6777
3415615	4601158	6679
554587	94447	6708
1546761	4601158	6679
3415292	554587	6777
2787616	554587	6694
4196977	4273011	6683
1094557	4601158	6904
808670	231609	6699
554587	984779	6699
4514417	2332068	6682
4514417	2962381	6682
1111808	2125147	6686
244638	1195595	6750
3214830	510275	6679
554587	163374	6693
4514417	1411234	6682
4514417	324739	6682
4283495	554587	6694
448474	2081808	6704
510275	4555765	6680
563182	2723813	6683
3111304	1446907	6707
2270636	510275	6679
2552859	4601158	6679
1857379	368188	6692
4601158	827317	6680
976555	4601158	6679
510275	4320053	6680
2710243	1111808	6883
4601158	2521251	6680
4365860	3111304	6714
4446444	4482959	7218
3202306	510275	6679
3416129	4601158	6679
1049099	510275	6683
3111304	1864310	6708
1553330	1111808	6866
554587	3003079	6700
3111304	2607486	6708
3762672	244638	6961
4601158	599066	6680
2911074	4601158	6679
1857379	4503965	6692
3524490	3227855	7218
822523	4601158	6679
4601158	2378531	6680
4601158	1214566	6680
789803	3838940	6680
3687451	2844680	7442
4601158	4158386	6680
789803	4285135	6680
554587	4499359	6708
510275	585483	6685
4601158	3018193	6680
554587	2864892	6693
4514417	1626449	6682
1760241	510275	6679
4514417	74873	6682
4514417	2890390	6682
4467969	3379569	7018
1111808	297553	6686
1001038	1712256	6904
789803	4644249	6680
1857379	457923	6696
532257	2343644	6683
14399	1205261	6688
554587	1744508	6700
789803	840480	6680
554587	4322846	6693
1111808	4307060	6686
1191631	4601158	6679
4022040	4601158	6679
3111304	3066953	6707
4601158	1098883	6680
127036	244638	6704
2132129	4601158	6679
1069706	2343644	6904
4514417	3471369	6682
4514417	1089892	6682
363711	4062610	7240
789803	4491189	6680
693313	4601158	6904
1857379	4225032	6677
787333	554587	6777
631296	4601158	6679
1231670	2388423	7058
1743764	510275	6679
2427316	4062610	6966
4596192	1857379	6681
4601158	1525702	6680
4197161	510275	6679
244638	448474	6697
1205261	1025908	6690
2501244	4601158	6679
554587	3383155	6693
554587	2196457	6699
338291	510275	6679
510275	3796898	6680
2307773	244638	7059
244638	2919148	6697
4361928	4601158	6683
554587	674383	6699
4342259	510275	6679
4514417	2501244	6682
1857379	1534731	6692
1041061	4601158	6679
510275	1008536	6685
789803	2537873	6680
510275	4318976	6680
744823	3111304	6714
2041671	244638	6901
4601158	4296000	6680
4514417	2669340	6682
244638	1877274	6905
2487177	510275	6679
4601158	1229903	6680
4601158	4610188	6680
789803	1110746	6680
917095	4601158	6679
2082783	4601158	6683
554587	4630141	6693
4601158	2683592	6680
1111808	2729178	6686
3813109	3511836	6902
2083782	510275	6679
4601158	2739945	6680
4601158	2333202	6680
554587	1095092	6693
508173	2905770	6768
4514417	1312349	6682
4601158	4134216	6685
554587	2483861	6699
789803	2863405	6680
554587	2877854	6693
4514417	1516416	6682
4601158	3471369	6680
4601158	1024055	6680
1782523	4601158	6679
600046	3111304	6714
1857379	2680112	6692
510275	1768662	6685
1857379	1025908	6692
4601158	2596962	6680
1857379	3746830	6692
4510356	4601158	6679
4601158	533221	6680
1857379	14399	6692
1551561	4601158	6679
680118	1814484	6688
4601158	4535609	6680
1592386	4601158	6679
789803	893840	6680
554587	1015966	6693
4514417	4512306	6682
1464082	887978	6838
510275	3972073	6680
2415630	4601158	6679
3841688	510275	6679
789803	2971232	6680
4514417	4172918	6682
2388423	1231670	6702
510275	2420407	6680
554587	1104140	6693
2921019	1857379	6955
554587	2971232	6693
510275	1651952	6680
90979	554587	6694
3793340	808670	6714
2157546	1371736	6690
4601158	3686489	6685
1503129	554587	6777
1875210	244638	7059
789803	1682617	6680
1111808	2441503	6686
4601158	3166575	6680
4601158	2013186	6685
1291914	4601158	6679
118578	1857379	7061
3689763	4601158	6679
4601158	596260	6680
4514417	3376706	6682
14034	4601158	6679
1857379	3001007	6692
4601158	2524759	6680
2919148	3277047	6690
4601158	4286646	6680
510275	1328617	6680
789803	213919	6680
554587	1525702	6693
810301	4601158	6679
1214566	4601158	6679
127576	3642499	7218
4601158	3949173	6685
1111808	3335390	6686
3513451	1857379	6955
449718	4601158	6679
4273011	3513451	6685
2412418	407695	7611
554587	4203854	6693
4601158	768808	6680
4601158	4407359	6685
4601158	2854959	6680
4189234	1857379	7061
3816738	510275	6679
4514417	899524	6682
565504	1857379	6681
4601158	1003006	6680
2518880	4601158	6683
4601158	3305321	6680
1267158	4601158	6679
3111304	883750	6708
2813192	4601158	6679
3214830	4601158	6679
789803	4418200	6680
4601158	3570610	6685
1025908	1205261	6688
3507265	4601158	6679
510275	2105455	6680
510275	4102423	6685
3679087	3360286	6681
554587	68125	6693
4601158	4386891	6680
4514417	4526334	6682
35875	2343644	6904
193916	4601158	6679
4100704	1857379	6901
161302	4601158	6679
713360	2979791	6688
4326533	4601158	6679
554587	1667444	6693
368188	1857379	6681
1050324	4601158	6679
789803	1516416	6680
2119114	510275	6683
4601158	3816631	6680
2388423	376041	6705
4514417	1575062	6682
510275	3473776	6680
4349457	4601158	6679
320893	510275	6679
3440895	4601158	6679
2402122	4601158	6679
797324	4601158	6679
2643375	3111304	6714
4514417	2059514	6682
789803	3552620	6680
512173	510275	6679
3839747	510275	6679
510275	2775057	6680
2891058	2388423	7058
1070757	4601158	6679
4601158	1043471	6680
680118	1857379	6681
601054	4601158	6679
4131909	857923	7218
789803	767325	6680
1800590	554587	6817
1834275	510275	6683
3315215	1857379	6681
4601158	3939885	6680
2486916	4601158	6679
3395160	4601158	6679
3315122	2979791	6688
4514417	2580487	6682
2704308	1857379	7061
3229609	4601158	6679
4514417	1842567	6682
3111304	2674598	6707
4181143	4601158	6679
4514417	4233695	6682
122760	1857379	6755
554587	4105601	6693
4601158	2267718	6680
1857379	3568473	6753
554587	2730778	6693
808670	2638106	7017
231609	1814484	6697
4514417	2676441	6682
789803	47707	6680
1857379	716381	6692
554587	1822923	6699
12697	554587	6714
2103246	510275	6683
3505042	2633898	7529
1857379	2009078	6703
2979283	2296470	6688
1346153	4601158	6679
2083782	4601158	6679
1568130	4601158	6679
4514417	423617	6682
953154	510275	6679
3036409	1857379	6681
1857379	3786976	6755
705843	3111304	6714
2296470	479759	6690
3511588	510275	6683
4601158	2483861	6680
244638	2221584	6905
4601158	775350	6680
4601158	997393	6680
4601158	3252496	6680
554587	3453225	6693
4601158	2314230	6680
4490599	4601158	6679
554587	317431	6693
3620820	244638	6901
789803	3885216	6680
4514417	3735800	6682
554587	1395117	6699
2079190	4601158	6683
1462493	510275	6683
3376352	554587	6777
554587	186790	6693
2165159	4601158	6679
4025149	4601158	6777
789803	3109244	6680
510275	271517	6680
4601158	2530808	6680
2926899	1111808	6777
4514417	2615888	6682
1857379	967298	6692
4601158	4397112	6680
1857379	2034201	6692
4601158	77173	6680
887978	4291628	6695
252621	3111304	6714
510275	4129980	6680
4601158	3493382	6680
510275	362484	6685
4601158	4161224	6680
689458	554587	6694
4601158	2393930	6680
244638	3511836	6905
510275	2495730	6685
4514417	2660573	6682
4514417	600046	6682
3042355	4601158	6679
4601158	2421677	6680
4601158	3515474	6680
510275	3064318	6680
4514417	3695793	6682
554587	2282371	6693
1205261	244638	6704
1205261	470217	6690
554587	3380717	6686
4601158	2425044	6680
4601158	1556750	6680
2192038	4601158	6679
510275	1867808	6680
3294973	4340629	6704
4514417	3447247	6682
2909002	510275	6683
2157546	2467866	6690
2041671	1857379	6901
4601158	96536	6680
553840	1857379	7061
4514417	4512501	6682
1111291	4601158	6679
2118243	2633898	7529
4601158	1853162	6685
3641508	2388423	7058
2296470	2920199	6690
1857379	3281195	6692
4601158	1004125	6680
1945092	4601158	6679
3292823	4601158	6679
3891759	1111808	6777
87944	510275	6679
4601158	4456793	6680
554587	231609	6693
4539416	4601158	6679
3566764	1857379	6955
4601158	1330496	6680
1837691	4601158	6679
1857379	4023351	6692
554587	1621702	6708
4601158	1599103	6680
1111808	1481623	6882
510275	3529001	6680
1111808	1515158	6686
303482	4601158	6679
4264186	510275	6683
1857379	1231670	6692
4601158	3361682	6685
1103326	2343644	6683
4305246	510275	6683
301288	554587	7417
554587	1068067	6776
4345223	4601158	6679
4282925	4601158	6679
4499359	554587	6714
4601158	1789278	6680
448474	4340629	6704
2220664	4601158	6679
3924830	4601158	6679
1546116	4601158	6679
2946599	510275	6679
497694	1052876	6690
2221584	4573737	6903
4514417	4199313	6682
301609	4601158	6679
917095	510275	6679
554587	1896167	6693
510275	2320619	6685
4601158	1445897	6680
1857379	1278073	6703
789803	1621702	6680
301288	4335556	6722
554587	3018193	6699
4514417	55659	6682
716381	2979791	6688
1985386	510275	6683
1362628	4601158	6683
554587	3067404	6700
2993468	3111304	6714
4559418	4601158	6679
1569272	1607821	6690
4601158	313596	6680
4601158	2328840	6680
4291547	510275	6679
4514417	2131155	6682
1857379	1157339	6696
2343644	3505042	6685
4601158	2263950	6680
554587	1751416	6693
4012832	4601158	6679
1462150	4601158	6679
3181612	4601158	6679
2378785	1111808	6777
4601158	2588611	6685
1190677	510275	6679
2596400	4601158	6679
4601158	754997	6680
662315	4601158	6679
2230175	554587	6714
4601158	866937	6680
3111304	1701061	6708
4601158	2710243	6686
510275	3635360	6685
192290	4601158	6679
1160826	4601158	6679
497694	2332420	6690
4601158	4018596	6680
1304368	3111304	6714
3816738	4601158	6679
1857379	1004721	6703
4601158	406397	6680
510275	2061578	6685
4601158	2306314	6680
4534777	244638	7217
4601158	4494881	6680
4601158	520689	6680
789803	1829634	6680
4601158	4387723	6680
4514417	2376259	6682
3875070	2343644	6683
4601158	2282297	6680
4601158	4455722	6680
4601158	2151078	6680
4601158	4301050	6685
4514417	1445897	6682
4601158	1615422	6685
4601158	234442	6680
3252671	554587	6777
4601158	2313855	6680
2860669	2009078	6685
4601158	2864264	6680
4601158	1366648	6680
2169292	4601158	6683
4601158	3769366	6680
510275	4302056	6685
789803	2086009	6680
510275	193916	6680
1857379	2518379	6692
3947587	4601158	6679
4601158	3796898	6680
4601158	428615	6680
554587	3815203	6693
2343644	4189234	6691
510275	2946599	6680
2516026	1857379	6681
554587	907691	6693
554587	1125602	6700
789803	3279575	6680
2149978	2296470	6688
4045060	4601158	6679
554587	2847442	6693
765083	1111808	6777
2157546	2041023	6690
4601158	27947	6680
510275	4515900	6685
3687451	3566764	7442
3303625	510275	6679
789803	3492965	6680
3111304	337120	6708
2520572	159418	6688
510275	4082646	6680
2680112	1857379	6681
4601158	186790	6680
4099807	4601158	6679
3105077	4601158	6679
754997	4601158	6679
3635360	1607291	6683
3360031	1111808	6777
4601158	1041061	6680
1970279	510275	6679
510275	2744357	6680
4601158	302754	6680
3111304	1219236	6708
2979791	3062539	6690
1802967	1857379	6681
789803	4513838	6680
3360807	4601158	6679
1857379	4517648	6696
4601158	3190081	6680
3897973	4601158	6679
1125602	554587	6694
554587	862745	6693
3360286	448474	6697
1857379	2861866	6692
1111808	4033516	6686
2184999	4601158	6679
1196817	4601158	6679
554587	1330496	6693
554587	84017	6693
415088	510275	6683
554587	1003006	6699
4601158	1252962	6680
4514417	2074046	6682
4514417	3303058	6682
4242429	4601158	6679
533221	4601158	6679
1651952	4601158	6679
2476479	510275	6679
3170762	4601158	6679
4514417	3251428	6682
3891619	4601158	6679
4601158	3504019	6685
849326	4601158	6679
934556	4601158	6679
1150541	654498	6705
1857379	4509975	6692
554587	3088807	6843
1517841	4601158	6904
1857379	2495820	6692
3288032	510275	6679
730201	1857379	6681
3294973	4467969	7020
794435	1111808	6777
789803	3740122	6680
1688645	808670	6714
1369482	510275	6683
4601158	3078608	6680
954606	4601158	6679
3081928	4039930	7363
3111304	4512306	6708
4601158	621315	6680
554587	3719667	6693
508054	4601158	6679
508173	1857379	6687
4601158	4509576	6680
4601158	3866086	6680
3272250	4601158	6679
4601158	2543682	6680
3111304	2993468	6708
4514417	2245281	6682
4601158	1341730	6680
3301972	4601158	6679
1363200	4601158	6683
4514417	3208672	6682
789803	2424879	6680
2314361	4601158	6679
1111808	2909408	6686
300559	1857379	7263
1356267	554587	6777
554587	3856621	6699
2597951	4601158	6679
554587	1801282	6699
4601158	2548267	6680
554587	3595974	6708
1111808	526348	6686
4273011	4067765	6685
462315	4601158	6679
4601158	1070757	6680
2439013	2388423	7058
554587	2899029	6693
2844116	4601158	6679
4601158	2964569	6680
4324183	4601158	6679
554587	1608907	6686
3847903	4601158	6679
585483	510275	6683
1857379	3007122	6692
1819037	4601158	6679
4601158	3524490	6680
3964698	4601158	6679
377463	887978	6701
510275	1119441	6685
768743	4601158	6679
2813192	510275	6679
3850847	510275	6679
1190972	4601158	6679
810301	510275	6679
1857379	553840	6696
808670	2979966	6708
2009078	4601158	6683
856363	3111304	6714
4601158	1345815	6680
2979791	1534731	6690
554587	12697	6693
789803	68125	6680
4601158	3475387	6680
2865449	1857379	6681
65438	510275	6683
2333180	1857379	6681
2919220	3633130	6782
554587	1997471	6699
2683592	4601158	6679
4601158	557928	6685
1775084	2979791	6688
2888798	510275	6683
2979791	716381	6690
554587	564944	6693
1458682	4601158	6683
301288	554587	6698
2506686	4601158	6679
4601158	3890046	6680
510275	1921531	6685
2817056	244638	7135
789803	4160553	6680
3617881	510275	6679
2416576	2157546	6688
3570610	510275	6683
4601158	3301972	6680
1834275	4601158	6683
751986	244638	6901
2518880	510275	6683
4514417	297236	6682
554587	4387723	6693
4514417	3419394	6682
4601158	981461	6680
789803	4183697	6680
554587	2445367	6693
4601158	2187213	6680
4291579	4601158	6679
1657016	3111304	6714
554587	4568754	6693
819252	4601158	6679
1712256	1278073	6685
2979791	2854242	6690
4601158	3236807	6680
4379940	4601158	6679
532257	1857379	6955
1521249	4601158	6679
288881	4601158	6679
554587	4037383	6699
510275	3229975	6680
1010383	2633898	7529
2009078	1712256	6683
510275	3422737	6680
1111808	599820	6686
3223597	510275	6679
2919148	244638	6704
1518765	4601158	6679
614139	4601158	6679
3111304	2424699	6708
621315	4601158	6679
4328080	4601158	6683
4601158	2845643	6680
3154750	1857379	6955
4559418	510275	6679
4601158	1319978	6686
2834619	4601158	6679
554587	4394860	6693
4601158	2430762	6680
3367289	1857379	6955
1857379	810618	6703
4514417	2744357	6682
4514417	726680	6682
4363639	497694	6688
4601158	2890390	6680
554587	1136032	6700
4601158	3267344	6685
554587	4049366	6693
4601158	3272956	6680
4601158	185979	6680
510275	243111	6680
156323	510275	6679
1362628	510275	6683
3716249	4601158	6904
3951826	4601158	6679
554587	415026	6693
2406498	1111808	6883
1194001	4601158	6679
972284	4601158	6679
4467969	2157546	7018
4601158	4254703	6680
393119	1857379	6955
1853162	4601158	6683
789803	4499359	6680
554587	3395160	6699
243111	510275	6679
1051363	4601158	6777
3688362	1111808	6777
3360031	554587	6777
4514417	1160826	6682
3267885	1111808	6777
244638	4056580	6905
554587	34944	6699
4601158	3509212	6685
1857379	1606486	6692
789803	3837936	6680
4601158	8745	6680
178734	1857379	6681
554587	4250357	6693
3113668	4601158	6679
4601158	387069	6685
1204452	4601158	6679
707088	141765	7240
4514417	2366407	6682
4601158	2710654	6680
510275	1538551	6680
4514417	2250078	6682
510275	4560178	6680
794435	554587	6777
4514417	3799910	6682
2779152	1857379	6681
554587	2831255	6711
4514417	4553011	6682
789803	77173	6680
2011806	4601158	6679
554587	3360031	6686
3086994	510275	6683
1165667	510275	6679
4601158	4124451	6680
4514417	4386891	6682
1363420	1857379	6681
4514417	1926280	6682
4601158	4045060	6680
4601158	2459497	6680
2188750	510275	6679
4601158	1310783	6680
510275	1120105	6685
554587	1729906	6699
554587	3069662	6693
554587	297553	6686
4601158	1439508	6680
4601158	3257800	6680
4067765	2343644	6683
554587	3312851	6686
4102423	510275	6683
4032882	4601158	6679
4601158	1027169	6680
2817056	4335556	7051
4601158	3589763	6680
4301050	4601158	6683
2006393	4601158	6679
554587	3728416	6693
4514417	2524759	6682
1857379	382565	6692
1496727	4601158	6679
554587	2301936	6693
4601158	2361868	6680
4468838	4601158	6679
4514417	849326	6682
4601158	3353542	6685
789803	309593	6680
3939362	4601158	6679
510275	1700497	6680
4514417	2852726	6682
789803	574548	6680
510275	151407	6680
1385221	1857379	6681
4609673	4601158	6679
2245281	4601158	6679
2056428	1205261	6688
1566904	4601158	6679
789803	2271175	6680
4514417	423866	6682
554587	676807	6693
3321553	4601158	6679
655834	4601158	6679
4601158	4146621	6680
4601158	4287225	6680
4601158	3889273	6680
4514417	3452795	6682
554587	339664	6698
4514417	744868	6682
3687451	3423740	7442
313864	1826611	6697
4601158	4644249	6680
510275	3254888	6680
2388423	2861866	6705
414137	510275	6679
4601158	2165159	6680
1857379	2846839	6703
510275	3575898	6685
789803	4296000	6680
554587	662315	6699
4601158	3728416	6680
4514417	1842070	6682
510275	3419394	6680
820495	1150541	7437
2367256	4601158	6683
2695302	2522596	6688
3111304	2676441	6708
1120437	4601158	6679
4514417	604462	6682
4601158	4366617	6680
789803	1403777	6680
789803	768808	6680
4601158	2798366	6680
3657738	554587	6777
2921019	1223746	6683
3642285	4601158	6679
3714920	4601158	6679
789803	4032882	6680
4514417	3725563	6682
3141300	4601158	6679
2383080	1024629	7627
554587	2205709	6693
4514417	3834178	6682
2118713	4601158	6679
315844	4601158	6679
4514417	1956899	6682
4514417	4256129	6682
4601158	1303771	6680
554587	2555903	6693
554587	2461076	6693
432545	4601158	6679
4514417	4115090	6682
1407657	4601158	6679
3148617	1857379	6681
510275	139346	6680
554587	1291914	6693
1857379	1066083	8180
140131	554587	6777
4601158	852665	6680
4601158	271517	6680
554587	2787616	6700
554587	4592862	6711
3511836	3813109	6903
554587	1051363	6686
1292943	4601158	6777
510275	727750	6680
789803	2552814	6680
4319952	287921	6688
510275	2919795	6680
2905770	508173	6771
4467969	3294973	7018
789803	442966	6680
4022179	4601158	7440
1111808	1642507	6678
4302056	4601158	6683
554587	2122239	6693
1205261	870914	8075
565133	4601158	6679
789803	2901079	6680
1044337	510275	6679
457923	4601158	6904
1857379	1020735	6696
2302775	1857379	6681
4601158	2245281	6680
4335556	301288	6739
510275	4582807	6685
4514417	2998729	6682
59489	1857379	6681
4225032	1857379	7263
4601158	201104	6680
1150541	3040924	6702
4601158	601054	6680
4514417	3068997	6682
1867808	4601158	6679
4514417	1876789	6682
387069	4601158	6683
1318246	510275	6679
554587	483830	6693
4601158	1104870	6680
2296470	3360286	6687
515953	1857379	6681
2059514	4601158	6679
554587	526348	6686
3111304	419729	6708
4057651	4601158	6679
4601158	1496727	6680
4514417	248171	6682
439760	2034201	6903
4601158	423617	6680
2852061	4601158	6679
789803	300750	6680
554587	27544	6693
2729691	1857379	6680
510275	2476631	6685
554587	533221	6693
532699	3103413	6688
554587	2668793	6693
1708882	4601158	6679
4514417	1546116	6682
416735	510275	6679
4514417	3038911	6682
2314230	4601158	6679
554587	2237399	6693
4601158	2266384	6680
4601158	2301326	6680
4514417	320862	6682
4514417	1550189	6682
4601158	1034894	6680
4281141	287921	6688
1857379	1205261	6697
1857379	1526647	6692
4601158	2668081	6680
4601158	4282925	6680
1857379	1156773	8180
4601158	2711089	6680
789803	4601158	7440
4601158	4407286	6680
35875	1857379	7061
4245600	4601158	6679
510275	2742634	6680
3949173	4601158	6683
1857379	1077472	6696
554587	631296	6693
1857379	2941847	6692
4601158	1026356	6680
217670	4601158	6679
4601158	1455658	6680
2860669	1103326	6685
1248100	4601158	6679
2752984	4601158	6679
510275	4438788	6680
554587	1567988	6693
554587	1397413	6693
4307057	4601158	6679
789803	3586604	6680
2592093	554587	6777
4601158	2304745	6680
510275	2583856	6680
510275	3463469	6680
510275	1506493	6685
4601158	3642285	6680
1369482	4601158	6683
4514417	3738505	6682
510275	4103459	6680
2307633	4601158	6683
3063713	4601158	6679
1857379	3243947	6703
2296470	3808188	6690
554587	2779085	6693
4601158	2184999	6680
3415292	1111808	6883
4601158	2006393	6680
1858931	287921	6688
2973303	554587	6777
2078809	1111808	6777
554587	2939107	6693
2301936	4601158	6679
4514417	520689	6682
4601158	1212169	6680
881534	554587	6694
3865409	4601158	6904
4601158	3426316	6680
510275	4386269	6685
2636242	4601158	6679
4538847	4601158	6679
4601158	350879	6680
4514417	3639300	6682
554587	478947	6693
2729691	2343644	7440
554587	4171877	6693
752900	4601158	6679
3096049	1402958	6685
789803	3936166	6680
2833333	510275	6679
510275	4311422	6680
147293	4601158	6679
3100280	554587	6777
853337	4601158	6683
3262076	554587	6777
3111304	1190074	6708
4601158	3118946	6680
297236	4601158	6679
4514417	682553	6682
510275	4407359	6685
4601158	952183	6906
510275	1599103	6680
554587	2710243	6686
3997679	1857379	7061
2296470	3360286	6704
4514417	3217594	6682
4514417	1330496	6682
4568754	4601158	6679
554587	4326533	6693
4601158	810301	6680
554587	2217148	6686
2633898	2043220	7442
4143709	4601158	6679
1902219	1857379	7058
4601158	2119114	6685
2277953	4601158	6679
887978	3081928	6695
4601158	3168609	6680
554587	3891759	6686
554587	934556	6693
887978	3227855	6695
4601158	4559418	6680
554587	3000503	6700
1103326	2860669	6683
1569272	244638	6704
2769728	1111808	6866
3353542	4601158	6683
3360286	1826611	6957
4601158	1594605	6685
4601158	3173902	6680
2939107	4601158	6679
887978	2439462	6689
2633898	2118243	7442
4438788	554587	6714
2833333	4601158	6679
3641594	4604017	6688
838387	510275	6679
554587	2782149	6693
3675443	510275	6679
554587	4024842	6693
4601158	2532701	6680
4514417	3983330	6682
4601158	3516118	6680
510275	1165667	6680
3111304	3825442	6708
4432533	4601158	6679
287921	843149	6690
2768958	4601158	6679
2919148	3911563	6690
4514417	4178059	6682
3111304	741755	6708
4601158	3288032	6680
414056	4601158	6683
1659429	4601158	6679
554587	2593035	6693
4514417	332602	6682
2307773	1190985	6903
789803	2695550	6680
554587	3576307	6693
1857379	3332375	6692
2042286	1857379	6681
3111304	3954881	6708
1785684	2633898	7529
1877274	3148617	6903
2157546	3807697	6690
3252176	554587	6777
789803	4249782	6680
819252	510275	6679
2417801	4601158	6679
554587	2404317	6693
4514417	3642285	6682
554587	4161588	6693
554587	583790	6699
554587	615407	6693
3816631	4601158	6679
27947	4601158	6679
4583346	554587	6777
2633898	810618	7442
1004125	4601158	6679
1229903	4601158	6679
554587	580595	6693
554587	4583346	6686
1597872	510275	6679
497694	2081808	6704
2628424	4601158	6679
4601158	329232	6680
1442699	554587	6777
4601158	3803803	6680
510275	415088	6685
1172137	4601158	6679
4601158	1977926	6680
4601158	1395117	6680
4601158	967975	6680
4514417	3288032	6682
789803	3369545	6680
3131637	244638	6704
4601158	3815203	6680
3423740	1857379	6955
3320247	4601158	6777
789803	154191	6680
4601158	1182515	6680
2343644	2009078	6685
1216822	4601158	6679
4601158	2527197	6680
2620648	4601158	6679
3111304	557328	6707
554587	4489110	6693
3132739	510275	6679
1857379	2602242	6692
798250	4601158	6679
789803	1560868	6680
2522596	1197508	6690
510275	1111983	6680
2006479	4601158	6679
554587	1517586	6693
311356	4601158	6683
554587	1229903	6693
554587	853611	6693
554587	3170762	6693
554587	300750	6699
387069	510275	6683
789803	1407792	6680
730950	4601158	6679
244638	2041671	6684
4601158	2101264	6680
1857379	3663058	6692
3755498	4601158	6679
510275	2020247	6685
789803	1418092	6680
554587	1977926	6693
4514417	3708152	6682
3666098	554587	6714
4252498	1857379	6955
2613515	510275	6679
4601158	1534312	6680
789803	2483861	6680
1857379	2891058	6692
1712256	1103326	6685
4601158	887978	8512
2441503	554587	6777
3381742	4601158	6679
510275	174815	6685
2157546	515953	6690
554587	4104940	6699
1977926	4601158	6679
4056580	244638	7059
4601158	3617881	6680
789803	888605	6680
423617	4601158	6679
4601158	3519075	6685
554587	3847797	6693
2343644	2846839	6685
1201545	4601158	6679
1111808	2699575	6678
1857379	1534731	6702
510275	3305321	6680
554587	2271175	6693
2388423	2891058	6702
554587	2125147	6686
554587	1059340	6693
554587	998505	6686
554587	1165477	6693
510275	381560	6680
3111304	3592023	6708
996727	1857379	6681
4455837	510275	6679
4601158	3221886	6680
510275	3148580	6680
510275	1369482	6685
287921	4281141	6690
4601158	4349457	6680
4601158	2210501	6680
1857379	4499549	6692
510275	2669340	6680
3360286	3294973	6697
301609	510275	6679
554587	1607448	6708
4601158	3924606	6680
4467969	448474	7018
2425044	4601158	6679
4514417	4483303	6682
107644	4601158	6679
789803	2248218	6680
1857379	3641508	6692
4514417	185979	6682
4573737	1857379	6681
309593	4601158	6679
407695	554587	6694
1004721	4601158	6683
4601158	3631405	6680
510275	2647829	6680
3826665	3424339	6683
1857379	3911563	6692
518588	4601158	6679
1857379	3112893	6692
244638	360705	6679
789803	2938804	6680
4601158	2189871	6680
554587	4497346	6699
2955796	1857379	6681
225121	4601158	6679
3686489	510275	6683
1049099	4601158	6683
4514417	4078663	6682
4546264	1111808	6866
1001038	1857379	7061
1111808	4546264	6678
4514417	918787	6682
1945092	554587	6714
4601158	1049099	6685
4601158	3581162	6680
4601158	972284	6680
554587	1216822	6693
604462	4601158	6679
4212154	510275	6679
2388423	4128892	6702
3769366	4601158	6679
4601158	1019150	6680
4601158	1561750	6685
1790736	1857379	6955
554587	1162609	6693
987859	3111304	6714
4601158	2309467	6680
4601158	4642336	6680
4601158	4450266	6680
4514417	4317527	6682
4601158	71717	6680
1857379	2231679	6692
1857379	4430005	6692
4601158	4580499	6680
1345815	4601158	6679
143288	4601158	6683
4601158	2708909	6680
554587	2964569	6693
2343644	1069706	6691
4514417	3034770	6682
554587	894676	6693
4601158	589642	6680
789803	2304745	6680
2151078	4601158	6679
1857379	454159	6692
2640493	3111304	6714
554587	3944984	6693
2343644	4517648	6691
554587	4085007	6686
506258	2388423	7058
554587	3369545	6693
1857379	675326	6703
554587	478024	6699
4514417	1110746	6682
4514417	2439462	6682
1260285	4601158	6679
4514417	2854959	6682
4601158	4584235	6680
452435	435375	6688
3472497	510275	6679
4601158	3394343	6680
4026377	510275	6679
1104140	4601158	6679
666243	510275	6679
4601158	2847442	6680
832338	554587	6777
510275	2305293	6680
4601158	1735823	6680
1607821	1857379	6681
4601158	633259	6680
1857379	2416576	6692
789803	3918730	6680
4514417	744823	6682
789803	1981389	6680
4601158	414056	6685
2388423	3668418	6702
4514417	4407286	6682
510275	3936166	6680
2360886	4601158	6679
1256702	1857379	6681
4601158	4107485	6680
526348	554587	6777
1725143	510275	6679
3918730	4601158	6679
554587	633259	6693
1857379	515953	6692
554587	868932	6700
1712256	4342929	6685
4601158	2061083	6680
4601158	1038995	6680
4601158	802140	6680
4514417	1922393	6682
727750	4601158	6679
2343644	4568752	6685
4551927	4601158	6683
3000133	4601158	6679
1857379	2315853	6692
2919148	231609	6704
554587	2798366	6693
1356267	1111808	6777
4610188	4601158	6679
510275	3485499	6680
554587	3998979	6699
1857379	713360	6692
27258	2633898	7529
3394343	4601158	6679
554587	1863111	6693
2583856	510275	6679
554587	2328840	6693
2043471	4601158	6679
1111808	3380717	6686
3158050	4601158	6679
287921	6437	6690
4601158	1026824	6680
2047911	510275	6679
4601158	917095	6680
3148580	4601158	6679
141765	1857379	7263
2273817	4601158	6679
554587	1122927	6693
2390497	4601158	6679
1857379	1015099	6692
1857379	4406718	6692
2998729	3111304	6714
3401834	510275	6679
4513838	4601158	6679
2258576	3111304	6714
4142046	4601158	6679
4514417	2406141	6682
4601158	2518880	6685
4601158	631296	6680
789803	1750992	6680
1111808	564504	6678
554587	4642336	6693
4514417	2806454	6682
4514417	1909345	6682
4601158	3162631	6680
117923	510275	6683
2646891	1857379	6681
159418	2081808	6704
554587	2458946	6699
3628856	4601158	6679
554587	3342620	6693
4129980	510275	6679
4601158	4496975	6680
554587	409754	6693
4601158	3411041	6685
3719667	4601158	6679
3198821	554587	6777
4601158	2739263	6680
4601158	3170252	6680
4514417	1022300	6682
4514417	2184999	6682
510275	2082783	6685
651412	4601158	6679
1111291	510275	6679
1049101	4601158	6679
4601158	2128685	6680
3094858	1857379	7061
608190	1857379	6681
3003079	554587	6694
3251428	4601158	6679
2836039	1111808	6866
4514417	3927311	6682
1205261	1351201	6690
1910667	554587	6694
2097780	4601158	6679
554587	1440155	6693
1035968	554587	6777
554587	1470928	6693
3331645	1857379	7061
4601158	723979	6680
4514417	3969109	6682
4601158	4166864	6680
4514417	785451	6682
928409	510275	6683
4499549	2388423	7058
4601158	1662823	6680
3631934	4601158	6679
2343644	4067765	6685
4514417	2746418	6682
3911563	2919148	6688
3256648	510275	6683
4601158	1358796	6685
2794236	229922	7363
864641	4601158	6679
4601158	4383264	6685
4514417	3407426	6682
789803	2510440	6680
2861866	2388423	7058
1922668	1857379	6681
4601158	4446444	6680
554587	27947	6693
4172918	4601158	6679
2343644	3861633	6691
3111304	779651	6708
4601158	4470410	6685
3796898	510275	6679
4514417	1190074	6682
510275	3318658	6680
4514417	1975270	6682
554587	3854522	6694
1223746	4601158	7440
4601158	251748	6680
1111808	1442699	6686
4601158	150603	6680
4601158	2273817	6680
1642507	1111808	6866
4454889	554587	6694
3990899	510275	6679
1165140	510275	6683
1952673	4601158	6679
4285135	4601158	6679
388599	4601158	6679
554587	1534312	6693
554587	238185	6693
4601158	4361928	6685
3210539	4335556	6678
4601158	213919	6680
1312349	4601158	6679
2495730	4601158	6683
510275	3917082	6680
3111304	2346287	6708
810618	2633898	7529
554587	2078809	6686
3596934	4601158	6679
4601158	4285135	6680
554587	2428881	6776
4601158	2514819	6680
510275	4383494	6680
4553011	4601158	6679
1694892	1857379	6681
2320619	4601158	6683
4601158	1262351	6680
1857379	2775664	6692
4601158	2268340	6680
4601158	1929897	6680
789803	3474641	6680
4601158	931598	6680
4601158	457923	6691
118578	2343644	6904
3539402	159418	6688
4514417	518588	6682
4601158	726680	6680
4601158	4551856	6680
1015041	1857379	6681
887978	324739	6689
1857379	163974	6692
3730881	4601158	6679
510275	3519075	6685
510275	4455837	6680
3990899	4601158	6679
4601158	247775	6680
4601158	3251428	6680
1857379	919186	6692
4514417	4089772	6682
4435342	1857379	6681
3939885	4601158	6679
554587	3472489	6693
1380936	3112893	6690
510275	3740122	6680
554587	4088851	6699
97456	4601158	6679
789803	1737301	6680
510275	2736070	6680
3236807	4601158	6679
4467969	1814484	7018
1857379	4568752	6703
510275	4212154	6680
300559	2081808	7217
775350	4601158	6679
248171	3111304	6714
1538551	4601158	6679
554587	3806103	6693
789803	3748272	6680
4601158	2909002	6685
1238012	3131637	6688
554587	4197107	6693
4601158	1216150	6680
554587	3024636	6693
2979283	1857379	6681
554587	1196817	6693
78403	554587	6777
372133	554587	6694
4601158	1165140	6685
1713416	4601158	6683
789803	399832	6680
4601158	336564	6680
510275	4197161	6680
3403377	1857379	6955
2296470	4076084	6690
3935487	244638	6704
510275	1629825	6680
510275	853337	6685
4514417	4482872	6682
510275	1365652	6685
510275	1378498	6680
510275	101947	6680
2775664	497694	6688
4147585	1857379	6681
3076873	510275	6679
3485499	4601158	6679
3360286	2383080	7219
4601158	4418198	6680
554587	315328	6699
554587	1615894	7187
789803	1035579	6680
4514417	1710873	6682
1262298	4601158	6679
4601158	2992438	6680
789803	423723	6680
4514417	3755299	6682
1111808	3657738	6686
554587	3066786	6686
477485	1111808	6777
4514417	2456972	6682
554587	949579	6693
4517342	1857379	6955
4514417	779651	6682
1569272	4023351	6690
4514417	406397	6682
4601158	1935349	6680
4514417	2378028	6682
2439013	2388423	7437
554587	3126231	6699
4601158	771700	6680
4514417	1173732	6682
307885	4601158	6679
1635461	4601158	6679
367986	4623473	7218
2296470	2740660	6690
554587	1640131	6693
4514417	1551561	6682
4601158	416748	6680
4514417	419729	6682
4601158	1237127	6680
2610648	4601158	6679
554587	3618414	6693
3111304	3217594	6708
789803	4135543	6680
2328840	4601158	6679
3663058	1205261	6688
1111983	510275	6679
4601158	2270636	6680
3619166	4601158	6679
2081808	1814484	6697
1527473	4534777	7240
3103413	2518379	6690
464425	4601158	6679
510275	161496	6685
554587	1204452	6693
4601158	994384	6680
583790	4601158	6679
4551856	510275	6679
3960239	4601158	6679
4601158	107644	6680
2893248	4601158	6679
554587	4297954	6699
2378785	4601158	6777
1828073	4601158	6679
2296470	4467969	7020
4601158	2132129	6680
4416739	1857379	6955
1857379	1385221	6692
4514417	324990	6682
554587	744868	6693
1621702	554587	6714
554587	731089	6693
554587	3026763	6699
984779	4601158	6679
4601158	3019854	6680
1857379	1802967	6692
4601158	2247635	6680
1111808	3320247	6882
661354	4601158	6679
779651	3111304	6714
3615946	4601158	6679
4514417	3413293	6682
3111304	2258576	6708
4601158	3148580	6680
3000503	554587	7174
3294973	2081808	6704
4601158	2511584	6680
789803	3003361	6680
1701061	3111304	6714
3474641	4601158	6679
2839045	554587	6777
2078809	554587	6777
3294973	231609	6704
1021164	4601158	6679
810618	4273011	6683
4514417	3755498	6682
554587	71913	6693
789803	1525077	6680
4601158	2098896	6680
4601158	4328080	6685
2343644	1278073	6685
3641496	4601158	6679
4514417	2582647	6682
4514417	458156	6682
554587	292537	6699
1703363	4601158	6679
4601158	1983727	6680
4601158	3689763	6680
4601158	3694607	6680
3516671	159418	6688
868932	2412418	7834
4601158	4089772	6680
2613515	4601158	6679
554587	4264964	6693
4601158	1970279	6680
510275	2307633	6685
3111304	705843	6708
1165667	4601158	6679
35015	510275	6683
510275	4282925	6680
1365652	510275	6683
554587	2668081	6693
510275	4301050	6685
4601158	824588	6680
4514417	293342	6682
2565895	4601158	6679
899524	4601158	6679
4601158	1248100	6680
4601158	887143	6680
4467969	497694	7018
975760	510275	7440
4601158	4123729	6680
4601158	1846093	6680
4601158	2059514	6680
4601158	3942969	6680
4601158	3416129	6680
794435	4601158	6777
3875070	2633898	7529
4273011	4106953	6685
664994	4601158	6683
3815203	4601158	6679
554587	3615946	6693
4514417	797864	6682
789803	982855	6680
554587	549861	6693
69246	4601158	6679
2543682	4601158	6679
3111304	3377769	6707
4461729	4601158	6679
2173548	4601158	6679
4601158	2401170	6680
1111808	3688362	6686
2512397	1857379	6752
554587	2809738	6693
789803	2826575	6680
554587	2886616	6693
1111808	1937565	6686
3380717	554587	6777
2296470	454159	6690
3154750	4601158	6683
1921531	4601158	6683
549861	4601158	6679
4601158	1069706	6691
4406718	2979791	6688
1024055	4601158	6679
4514417	2506010	6682
4601158	4262551	6680
3635360	360705	6683
3111304	1482393	6708
4601158	3303058	6680
4601158	953154	6680
410835	4601158	6679
2713402	4601158	6679
1380936	244638	6704
2593035	4601158	6679
1863111	4601158	6679
1857379	1402958	6703
12697	4601158	6679
1610500	1857379	6681
1402958	360705	6683
311356	510275	6683
510275	3301972	6680
1857379	479759	6692
3595974	4601158	6679
3184691	4601158	6679
185979	4601158	6679
1248686	497694	6688
554587	4307057	6693
3131637	1442040	6690
277566	4601158	6679
4514417	2995415	6682
4601158	4269385	6680
4601158	890867	6680
4601158	3473776	6680
554587	4004378	6693
4514417	1462187	6682
890867	554587	6714
1098883	4601158	6679
1111808	765083	6686
510275	4425627	6680
1583196	4601158	6679
4273011	1103326	6685
554587	1336059	6700
2919220	2385205	6782
1628886	4601158	6679
4514417	531606	6682
4514417	3984818	6682
2157546	4503965	6690
4601158	3856621	6680
510275	460141	6680
3916128	4601158	6679
510275	3506227	6685
3917082	510275	6679
1789278	4601158	6679
4514417	3002989	6682
3662518	1150541	7058
3111304	4256129	6708
1857379	3807697	6692
832338	1111808	6777
3326990	4601158	6679
887978	3111304	7102
1052876	1857379	6681
3198337	4601158	6679
4601158	2536450	6680
554587	3666098	6708
4491189	4601158	6679
4601158	4394860	6680
2571521	3111304	6714
4601158	14034	6680
1567231	4601158	6679
3789310	1857379	6681
4514417	3825442	6682
2343644	2512397	6728
3666098	510275	6679
4601158	2940099	6680
1857379	1694892	6692
4601158	4482872	6680
4514417	381560	6682
510275	97456	6680
4601158	1044337	6680
554587	3521779	6693
4123729	1857379	6753
789803	2011806	6680
380927	4601158	6679
510275	783756	6680
1278073	1712256	6683
4601158	4527759	6685
4514417	2470230	6682
4601158	3309689	6680
4601158	767325	6680
4273011	1402958	6685
1607291	4196977	6685
789803	1818980	6680
3267885	4601158	6777
203247	510275	6679
1034894	4601158	6679
4514417	601054	6682
554587	4513838	6693
789803	2009858	6680
554587	277566	6699
4514417	3600943	6682
2169292	510275	6683
773002	554587	6714
3366769	4601158	6679
4514417	2361868	6682
3804847	4601158	6679
4514417	2764632	6682
4601158	69246	6680
4514417	112871	6682
554587	2098896	6693
510275	4080655	6680
1635461	510275	6679
4601158	3158050	6680
4601158	2265607	6680
3320247	554587	6777
981461	4601158	6679
4037383	4601158	6679
1111808	477485	6686
2949488	510275	6679
3738971	3111304	6714
4514417	506162	6682
4249782	4601158	6679
3200673	1857379	6955
2343644	4252498	6685
4366617	4601158	6679
1550189	3111304	6714
4601158	1672737	6680
1111808	951457	6686
2633898	3450176	7442
4601158	3106991	6680
1878558	4335556	6678
8745	4601158	6679
4601158	2615794	6680
1010383	1857379	6955
244638	435375	6697
4601158	2255803	6680
4515590	554587	6777
510275	65847	6680
1205261	2056428	6690
2118243	1857379	6955
510275	4150992	6680
510275	1842567	6680
4514417	3748272	6682
1857379	3539402	6692
244638	1607291	6679
1020735	1857379	7061
510275	3202306	6680
4601158	3718760	6680
4601158	1682617	6680
244638	1024629	6757
4601158	1009889	6680
4601158	3916128	6680
919750	4601158	6679
510275	2621037	6680
3062738	4601158	6679
554587	3339662	6686
554587	3827373	6693
4601158	3806103	6680
1783755	4601158	6679
554587	967975	6693
1772221	4601158	6679
2275411	4601158	6679
554587	1271618	6693
2979791	1214823	6690
789803	3840626	6680
4514417	931384	6682
554587	1335663	6699
4601158	288261	6680
2255803	4601158	6679
4514417	3168609	6682
1214823	2979791	6688
2736070	4601158	6679
2149978	1857379	6681
554587	3024636	6708
789803	3068251	6680
2522596	484192	6690
1440155	4601158	6679
1835019	4601158	6679
4512501	4601158	6679
2919220	2561113	6782
1077472	1857379	7061
4601158	463706	6685
4601158	658013	6680
3530066	4601158	6679
510275	4418198	6680
554587	2628424	6699
510275	2270636	6680
4601158	2078809	6686
4406718	1857379	6681
3675443	3111304	6714
554587	98713	6693
244638	779405	6692
4514417	705843	6682
4601158	1078444	6680
244638	4225032	7219
789803	2834619	6680
3263368	4601158	6679
2633898	3505042	7442
554587	1455658	6693
4601158	575788	6680
510275	4535609	6680
2846839	1857379	6955
4601158	3548670	6685
4601158	1112613	6680
1926280	4601158	6679
554587	301288	6694
244638	1569272	6697
554587	2075781	6693
808670	2310323	7017
554587	3255544	6699
1802967	2388423	7437
4514417	4637663	6682
2431484	4601158	6679
4601158	768743	6680
2247078	4601158	6679
510275	2103363	6680
1025908	1857379	6681
4514417	4228622	6682
1857379	532699	6692
789803	3309689	6680
1150541	1606486	6705
1150541	3641594	6705
1857379	2333180	6692
789803	3723868	6680
4514417	2756774	6682
4601158	1353539	6680
4514417	605493	6682
554587	41163	6693
1111808	78403	6686
3925497	510275	6679
4494881	510275	6679
3972073	4601158	6679
497694	1385221	6690
554587	4196779	6693
554587	1019150	6699
4601158	1628886	6680
554587	420632	6686
4514417	1556750	6682
4514417	2871777	6682
789803	4355425	6680
4085007	554587	6777
4467969	3633130	7018
1299371	4601158	6679
1857379	2467866	6692
4514417	4161224	6682
376041	1857379	6681
554587	898308	6693
554587	2406498	6686
4601158	2057566	6680
4514417	1104870	6682
4514417	856363	6682
497694	244638	6704
1433212	4601158	6683
4601158	4497346	6680
2320619	510275	6683
1105577	4601158	6679
4601158	925291	6680
4166864	4601158	6679
554587	3403951	6686
4601158	2668793	6680
3646109	4601158	6679
554587	4211607	6698
3978275	4601158	6679
554587	2227745	6693
2296470	2081808	6687
510275	1615422	6685
368188	2296470	6688
554587	3816738	6693
1803477	510275	6679
789803	434330	6680
4326135	1875210	6902
4601158	4196779	6680
3111304	4045441	6708
44394	4601158	6679
510275	3759416	6680
4407286	4601158	6679
1035608	4601158	6679
789803	4019962	6680
4601158	3725563	6680
4601158	2006479	6680
554587	4286646	6693
1439508	510275	6679
4601158	3381742	6680
3281195	1857379	6681
4514417	2689790	6682
4542336	1857379	7061
510275	1713416	6685
1857379	665727	6692
554587	4211607	6700
244638	1875210	6905
4601158	2188750	6680
4601158	3181612	6680
4601158	4178059	6680
4601158	3303155	6680
4601158	92598	6680
789803	2616083	6680
789803	3978275	6680
554587	3229609	6699
1857379	3090619	6692
510275	269697	6680
1921531	510275	6683
510275	1578863	6680
4601158	2952491	6680
4652212	4583433	7218
510275	4166864	6680
4601158	3714920	6680
2296470	3564040	6690
4514417	2588096	6682
4601158	1177699	6680
510275	1391726	6680
4601158	3086994	6685
416748	4601158	6679
554587	1211565	6693
1921032	532257	6685
4514417	3366769	6682
4601158	1334286	6680
1857379	4282498	6692
1391276	4601158	6679
175594	4601158	6683
510275	3303625	6680
2343644	4601158	7440
4601158	1751427	6906
789803	1210659	6680
554587	2263950	6693
569442	510275	6679
4082646	4601158	6679
4196666	4601158	6679
2814477	4601158	6683
84017	4601158	6679
554587	455510	6699
4601158	1783755	6680
1857379	3620820	6684
4601158	3506227	6685
789803	1327670	6680
1857379	2044895	6692
4582699	3111304	6714
3009257	510275	6679
3603629	554587	6777
4601158	848859	6680
665727	287921	6688
2231679	1857379	6681
1607291	4252498	6685
4631454	1111808	6777
3445281	2157546	6688
2103246	4601158	6683
510275	1049099	6685
554587	1606747	6693
347642	3111304	6714
554587	2912097	6700
510275	2187213	6680
789803	3589763	6680
1857379	1314585	6692
2920199	1857379	6681
452435	1857379	6681
4514417	2057371	6682
554587	4212154	6693
4601158	2220664	6680
1271344	4601158	6679
2742634	4601158	6679
2296470	3940158	6690
554587	2266384	6693
554587	1609332	6686
3704723	4601158	6679
4221594	159418	6688
4601158	444102	6680
645843	2522596	6688
4601158	650710	6680
4601158	3003361	6680
3403377	1712256	6683
4455722	4601158	6679
1578863	4601158	6679
554587	994537	6699
1112613	4601158	6679
3738505	4601158	6679
4601158	674383	6680
510275	723979	6680
3687451	3403377	7442
2296470	2149978	6690
789803	3229975	6680
4601158	2852061	6680
633259	4601158	6679
554587	2592093	6686
337120	3111304	6714
510275	534971	6680
2101264	4601158	6679
4601158	388599	6680
887978	1111808	6836
2860669	3786976	6685
554587	4512533	6699
789803	4397894	6680
510275	3039671	6680
2282371	4601158	6679
3243947	2343644	6683
3312851	1111808	6777
2210501	4601158	6679
2313855	4601158	6679
2404317	4601158	6679
2044895	1857379	6681
1607291	4601158	7440
4631454	4601158	6777
2343644	1157339	6691
1726028	510275	6679
3843992	4601158	6679
1768662	510275	6683
4601158	2616083	6680
554587	852403	6699
789803	4408234	6680
532699	1150541	7437
1857379	4123729	6755
3072445	201925	6903
4134216	510275	6683
600800	3762672	7627
554587	794435	6686
3309689	4601158	6679
4601158	239728	6680
931598	4601158	6679
4317817	4601158	6679
2920444	4601158	6679
4514417	3326990	6682
4601158	3990899	6680
1857379	1001038	6696
4601158	2938804	6680
3023553	2296470	6688
1517586	4601158	6679
4062610	707088	7627
3303625	4601158	6679
458156	4601158	6679
159418	1902219	6690
3851096	1857379	6899
4601158	758574	6680
1673380	4601158	6679
4601158	822523	6680
4601158	3804847	6680
4514417	3925497	6682
4467969	2296470	7018
4601158	3719040	6685
554587	2615305	6699
2467866	2157546	6688
789803	1567165	6680
3647638	4601158	6679
4601158	1527165	6680
1569272	2646891	6690
244638	3103413	6697
287921	244638	6704
4340629	448474	6697
244638	4100704	6684
4601158	1517586	6680
4514417	1765686	6682
2343644	3864224	6691
477485	554587	6777
789803	4311976	6680
4514417	3969385	6682
1857379	3023553	6692
2263950	4601158	6679
1252962	4601158	6679
1666294	4601158	6679
3111304	847557	6708
785451	4601158	6679
4601158	3009257	6680
510275	1920394	6680
1688899	4601158	6679
4601158	3719667	6680
4601158	1174540	6680
3360286	510275	6679
1442040	3131637	6688
4601158	1690763	6680
3360286	497694	6697
901621	1857379	6681
1111808	3351233	6686
2861866	1857379	6681
1814484	2081808	6704
1608907	554587	6777
510275	1303771	6680
4037639	4601158	6679
510275	810301	6680
554587	1271382	6693
3090619	1857379	6681
1402958	4273011	6683
4514417	3592023	6682
764027	4601158	6679
789803	1397413	6680
1857379	1797746	6692
510275	428615	6680
4189234	2343644	6904
78403	1111808	6777
510275	2188750	6680
554587	1003006	6693
244638	600800	7219
510275	3223597	6680
2765008	4601158	6777
554587	3288198	6693
407837	4601158	6679
2343644	778130	6685
4601158	2713402	6680
4333054	4601158	6679
554587	2730778	6708
4601158	3983330	6680
4514417	2609882	6682
163974	2296470	6688
1111808	4592862	6678
4601158	3096049	6906
2621454	1111808	6777
4601158	3559136	6685
3252496	4601158	6679
713360	1857379	6681
2573599	3111304	6714
4601158	4512501	6680
656872	4601158	6679
3740122	510275	6679
1643479	4601158	6679
4158386	4601158	6679
789803	1365655	6680
3641594	1150541	7437
510275	463706	6685
510275	4245600	6680
4601158	2011806	6680
808670	301288	6694
4202466	4601158	6679
554587	754997	6693
4601158	4555198	6680
1111808	2592093	6686
4601158	2549390	6680
2006604	1205261	6688
1111808	1356267	6686
3111304	2456972	6708
4273011	3786976	6680
1947586	4601158	6679
4601158	3332099	6680
1534731	1857379	7058
3361682	510275	6683
244638	2343644	6679
4601158	3077814	6680
3521779	510275	6679
554587	3005497	6708
554587	4004001	6693
4067765	1223746	6683
4601158	423866	6680
2388423	2861866	6702
3450176	2343644	6683
1103326	1712256	6683
554587	951457	6686
4397894	4601158	6679
554587	4025566	6693
1538551	510275	6679
4601158	1485111	6680
510275	850073	6680
4582807	4601158	6683
554587	3198821	6686
1857379	2343644	6679
4514417	1024055	6682
3305321	510275	6679
2522596	1086739	6690
1857379	3154750	6703
3708152	4601158	6679
1232245	4601158	7440
3505042	1857379	6955
554587	2558340	6693
789803	3141300	6680
743459	2633898	7529
4601158	4049366	6680
2097780	3111304	6714
1053289	4601158	6679
3635360	883081	6683
4514417	664849	6682
540468	4601158	6679
4166864	510275	6679
1599103	4601158	6679
4535609	4601158	6679
1111808	115144	6686
1705098	4601158	6679
789803	2540939	6680
765083	554587	6777
34944	510275	6679
2413767	1857379	6955
2157546	4340629	6704
808670	1688645	6708
4601158	2752357	6680
510275	1970279	6680
4601158	2009078	6685
3333814	1857379	6681
534971	510275	6679
4601158	954606	6680
789803	2448924	6680
2104609	4601158	6679
2717007	4601158	6679
2740660	2388423	7058
4601158	2636242	6680
2476631	510275	6683
4601158	1111291	6680
376639	4601158	6683
789803	2638967	6680
4601158	2723813	6906
4514417	1407792	6682
4514417	3769366	6682
2296470	1694892	6690
2860669	4252498	6685
554587	1799025	6693
287921	1156773	8075
1111808	832338	6686
4340629	3294973	6697
4601158	976555	6680
4514417	3472489	6682
789803	2678206	6680
4601158	4143709	6680
4514417	3073463	6682
1857379	2041023	6692
4203854	4601158	6679
1048300	4601158	6679
2616747	510275	6683
789803	288881	6680
2157546	231609	6704
4514417	2301326	6682
510275	4537763	6680
4601158	1226982	6680
497694	4467969	7020
1857379	3864224	6696
4601158	1095092	6680
789803	218273	6680
510275	4448057	6685
554587	773002	6708
554587	4620477	6693
4467969	2385205	7018
3865409	1857379	7061
554587	2752984	6699
4601158	1077472	6691
4514417	2623182	6682
4514417	2153412	6682
3068251	4601158	6679
4601158	1122927	6680
3888490	4601158	6679
3718076	554587	6694
2565354	4601158	6679
1857379	4252498	6703
4601158	4025566	6680
4601158	2594508	6680
4514417	2281467	6682
4601158	1206366	6680
554587	661354	6699
4102423	4601158	6683
3937311	4601158	6679
3332099	4601158	6679
650710	4601158	6679
4514417	1310783	6682
554587	1442699	6686
554587	2402122	6693
4601158	462315	6680
4514417	1717665	6682
1857379	4100704	6684
4514417	3272250	6682
287921	4319952	6690
510275	577617	6680
1842567	510275	6679
497694	1248686	6690
2201324	4601158	6679
14399	1857379	6681
2022227	4601158	6679
2227745	4601158	6679
4514417	1640131	6682
247775	4601158	6679
4514417	1790820	6682
2854242	2979791	6688
1094557	2343644	6904
497694	2495820	6690
1733490	4601158	6679
4514417	1081843	6682
554587	1014334	6693
2860669	3786976	6680
1629825	510275	6679
808670	722035	7017
1111808	1953419	6686
4601158	2277953	6680
4601158	3265608	6680
1857379	3594094	6696
3381434	4601158	6679
3111304	2998729	6708
554587	2532701	6699
3332115	1857379	6955
554587	1723890	6693
4103459	510275	6679
1546761	510275	6679
4514417	2164340	6682
3111304	682553	6708
4514417	1391276	6682
4291547	4601158	6679
2320128	510275	6679
4601158	3229609	6680
4601158	4083793	6680
4514417	2952491	6682
1894870	4601158	6679
3361682	4601158	6683
4601158	2765008	6686
887978	1013793	6689
599066	4601158	6679
4514417	1260285	6682
1842070	4601158	6679
1035968	4601158	6777
1712256	2009078	6685
4601158	897915	6680
532257	1921032	6683
4482959	887978	6701
2706749	4601158	6679
367986	4601158	6679
4342929	244638	6955
2296470	244638	6704
510275	4494881	6680
554587	4608698	7187
4601158	4553011	6680
3910804	4601158	6679
510275	3201994	6680
360705	244638	6680
3792196	1857379	6681
1111808	2124959	6882
967298	1857379	6681
3364464	1111808	6777
4601158	3426856	6680
4255013	510275	6679
554587	3660849	6699
2020739	2912097	7713
1945791	4601158	6679
3642499	127576	7363
3221435	510275	6679
554587	393186	6708
4601158	2620648	6680
94447	510275	6679
1157339	1857379	7061
4514417	3704723	6682
3210499	1150541	7437
376639	510275	6683
2250078	3111304	6714
789803	1639596	6680
1607291	3403377	6685
554587	3666098	6693
4514417	1964956	6682
1920394	510275	6679
554587	2224202	7187
3826665	1857379	6955
2378785	554587	6777
4601158	4172918	6680
3332375	127036	6688
3111304	1437077	6708
2992438	510275	6679
1041871	554587	6714
2406498	4601158	6777
2343644	3403377	6685
510275	218416	6680
1038995	4601158	6679
4514417	718959	6682
789803	4479829	6680
2592093	1111808	6777
788379	554587	6777
4601158	2241972	6680
636846	3111304	6714
510275	4307678	6680
510275	1423135	6680
4601158	3864224	6691
4514417	575788	6682
2406498	1111808	6777
4514417	3454684	6682
1145161	4601158	6683
4228622	4601158	6679
2388423	1802967	6702
2489352	4601158	6683
510275	2157210	6685
4514417	2502941	6682
1857379	2854242	6692
1336059	554587	6694
808670	1573860	7017
4514417	574548	6682
554587	218273	6699
4526334	3111304	6714
1857379	2056428	6692
554587	283262	6686
4601158	2401357	6680
4514417	4276148	6682
442966	4601158	6679
4291579	510275	6679
808670	2219723	7017
789803	3304861	6680
510275	1358796	6685
1610500	4646598	7058
4514417	2061083	6682
563182	1857379	6955
244638	3679087	6692
4435342	2388423	7058
4062610	1857379	7263
510275	3134330	6680
3942857	510275	6683
4601158	4004378	6680
3244717	4601158	6679
3994168	1111808	6777
4601158	3026763	6680
808670	1512421	6707
1122927	4601158	6679
4514417	1207684	6682
1599103	510275	6679
2919220	4335556	6734
1045461	2711768	6902
4514417	2378109	6682
554587	1533721	6693
301288	4335556	6711
3864224	2343644	6904
4514417	4143709	6682
4601158	1120437	6680
4601158	4250357	6680
2633898	1785684	7442
554587	845769	6686
1935349	4601158	6679
808670	3793340	6708
1525702	4601158	6679
554587	4231111	6693
554587	1503129	6686
4601158	1143112	6680
4601158	2320619	6685
2543682	554587	6714
1560868	4601158	6679
510275	953154	6680
693313	1712256	6904
554587	1694945	6699
3935487	3514683	6690
4601158	2742634	6680
4514417	1670366	6682
789803	2384525	6680
4601158	1561526	6685
554587	303482	6693
3111304	2343492	6708
4601158	1210279	6680
554587	407695	6700
484192	2522596	6688
1015099	1857379	6681
789803	212504	6680
3284945	4601158	6679
3650022	1857379	6681
4514417	629782	6682
554587	3415292	6686
510275	1772221	6680
1197508	1857379	6681
3687451	4398857	7442
674383	4601158	6679
4601158	3615946	6680
3797978	4601158	6679
1712256	4106953	6685
4514417	3244717	6682
3559136	510275	6683
3113197	510275	6683
887143	4601158	6679
203247	4601158	6679
554587	3226461	6693
3335390	554587	6777
1111808	3868348	6678
415088	4601158	6683
2518379	1857379	6681
3980923	4601158	6679
4369727	4601158	6679
4448057	4601158	6683
4514417	4618429	6682
510275	3559136	6685
3509212	510275	6683
4514417	2571521	6682
2075614	4601158	6679
510275	2169292	6685
4601158	366823	6691
3245078	510275	6679
4601158	1237008	6680
554587	1361288	6693
1857379	2557344	6696
244638	4534777	7219
4601158	4516390	6680
2267718	4601158	6679
554587	1118558	6693
1857379	3516671	6692
1369028	887978	6701
3039671	510275	6679
2343644	3332115	6685
244638	3762672	6757
554587	3994168	6686
3267885	554587	6777
4601158	1251169	6680
554587	2267718	6693
1008536	510275	6683
4601158	4242429	6680
1351201	1857379	6681
789803	3575293	6680
510275	1271618	6680
3513451	1607291	6683
2529894	510275	6683
801723	1111808	6866
3024636	554587	6714
4601158	307885	6680
554587	2430762	6699
554587	3493382	6693
4601158	540468	6680
510275	3256648	6685
510275	1852693	6685
1423135	510275	6679
2529894	4601158	6683
3493382	4601158	6679
4601158	2756774	6680
3473776	510275	6679
3318658	510275	6679
4067765	1857379	6955
789803	603459	6680
554587	1976486	6693
4320053	510275	6679
4539416	510275	6679
2459497	4601158	6679
554587	2514674	6693
1682617	4601158	6679
554587	3328705	6693
887978	4623473	6695
4514417	2151784	6682
554587	1226982	6693
4601158	4296552	6680
4495235	435375	6688
100997	510275	6683
1708908	3111304	6714
1925482	4601158	6777
1149300	4601158	6679
1361730	4601158	6679
4601158	1521249	6680
554587	324379	6699
554587	1442290	6693
2979791	4151646	6690
1857379	4596192	6692
1857379	3148617	6692
789803	1078444	6680
3217594	3111304	6714
4601158	2565354	6680
510275	1575062	6680
2949488	4601158	6679
4601158	4105601	6680
1173732	4601158	6679
4273011	1790736	6685
554587	1568130	6693
4601158	3591713	6680
554587	2441503	6686
4601158	2105455	6680
4601158	4345223	6680
1607291	1103326	6685
1857379	4076084	6692
2979966	808670	6714
2744357	510275	6679
1857379	1197508	6692
434330	4601158	6679
4601158	3889190	6680
554587	8745	6693
510275	4291547	6680
887978	2412418	7834
231609	2296470	6697
1857379	1351201	6692
887978	4482959	6695
554587	251748	6693
2325227	4601158	6683
4601158	4418200	6680
2444282	4601158	6679
1790736	2860669	6683
1804361	554587	6694
789803	4496975	6680
2646891	1569272	6688
3403377	1607291	6683
4613773	244638	7331
554587	3039671	6699
554587	2583086	6693
1205261	4154798	6690
4601158	1361288	6680
4601158	1840340	6680
4601158	3073463	6680
2860669	1790736	6685
2343644	3566764	6685
4601158	275056	6680
4601158	3922674	6680
1402958	1857379	6955
789803	3560729	6680
3801627	510275	6683
4514417	3310363	6682
4601158	1607291	6906
554587	554434	6693
4601158	728738	6691
415026	4601158	6679
2861866	2388423	7437
4601158	229922	6680
1857379	2296470	6697
510275	87944	6680
244638	3620820	6684
554587	1049101	6699
4601158	741870	6680
554587	4454889	6700
1150541	820495	6705
789803	560416	6680
2844116	510275	6679
1533721	4601158	6679
3403951	554587	6777
1034894	510275	6679
3635360	789803	6683
283262	1111808	6777
789803	2487177	6680
4601158	580595	6680
3040924	1150541	7058
4514417	2315943	6682
554587	1009938	6693
4282498	1205261	6688
4514417	3226721	6682
4601158	1801282	6680
789803	324990	6680
4601158	2565895	6680
2265607	4601158	6679
554587	1001573	6699
1351201	1205261	6688
2510440	4601158	6679
4601158	315844	6680
4601158	449231	6680
510275	3686489	6685
789803	768743	6680
1680625	4601158	6679
4287225	4601158	6679
4514417	3287899	6682
4601158	4068564	6680
789803	615407	6680
789803	4165054	6680
4601158	1115629	6680
2010988	4601158	6679
510275	1165140	6685
510275	1482393	6680
510275	2393930	6680
1111808	2769728	6678
4601158	1629825	6680
2871777	3111304	6714
2454954	2296470	6688
3229975	554587	6714
4601158	3062738	6680
2607486	3111304	6714
4601158	4517982	6685
1857379	565504	6692
3542817	510275	6679
4601158	3704723	6680
3111304	3317044	6708
4514417	3034862	6682
1857379	807032	6697
985625	1111808	6866
4147585	2157546	6688
979699	4601158	6679
508173	3650022	6690
4514417	2683592	6682
4601158	3292823	6680
4407359	4601158	6683
534971	4601158	6679
3094143	4601158	6679
4601158	97456	6680
4165054	4601158	6679
4601158	4022040	6680
497694	1526647	6690
4514417	2742189	6682
4601158	161496	6685
3072445	244638	7059
554587	569442	6699
4601158	2152178	6680
2421677	4601158	6679
510275	2325227	6685
1857379	3445281	6692
887978	564945	6695
510275	2895762	6680
4601158	2173548	6680
3687451	393119	7442
2511584	510275	6679
87944	4601158	6679
4601158	1586252	6680
554587	601054	6693
2860669	3513451	6685
1857379	4435342	6692
789803	1876789	6680
4004378	4601158	6679
554587	3591168	6693
4514417	2777070	6682
4601158	161302	6680
2960023	554587	7174
3111304	2615888	6707
4601158	3000988	6680
892454	4601158	6679
554587	47707	6693
4514417	1518765	6682
2502941	4601158	6679
324739	3515944	6750
497694	2955796	6690
515953	2157546	6688
4601158	2678206	6680
883750	3111304	6714
554587	3090343	6693
714926	287921	6688
554587	4045060	6699
2388423	901621	6702
2343644	2704308	6691
151407	4601158	6679
994384	4601158	6679
789803	1299371	6680
510275	2823853	6680
94447	554587	6714
554587	4446444	6693
3350665	887978	6701
554587	2796310	6693
1857379	2042286	6692
4514417	439452	6682
890589	2510440	7363
4514417	1328415	6682
789803	2768958	6680
3792196	1205261	6688
4514417	336564	6682
1561526	4601158	6683
4273011	1278073	6685
4514417	2610933	6682
2940099	4601158	6679
4514417	3954881	6682
4601158	1021164	6680
4601158	4346398	6685
510275	3288032	6680
4105601	4601158	6679
4514417	3190888	6682
3866086	4601158	6679
4601158	3214830	6680
4514417	2674598	6682
4601158	1551561	6680
4555198	4601158	6679
4601158	1842163	6680
4514417	3647638	6682
2823853	510275	6679
3111304	1304368	6708
4601158	4458957	6680
1567165	4601158	6679
423866	4601158	6679
3143254	1111808	6777
4601158	4408234	6680
1857379	141765	6677
3111304	1859114	6707
4412767	510275	6679
4121970	4601158	6679
1857379	2041671	6684
3660849	4601158	6679
1864238	808670	6714
4514417	3109244	6682
4189234	4601158	6904
4601158	3397749	6680
4601158	2456211	6680
4514417	544496	6682
2559112	4601158	6679
4601158	1299371	6680
510275	3090613	6680
4514417	3981780	6682
4604017	3035013	6690
1857379	376041	6692
4514417	683089	6682
894676	4601158	6679
2081808	1205261	6697
3148617	1877274	6902
287921	2779152	6690
789803	3001824	6680
2979791	3315122	6690
159418	2520572	6690
789803	4474703	6680
2534875	4601158	6679
554587	4048812	6693
2309467	4601158	6679
4601158	3730881	6680
2343644	118578	6691
4601158	2104609	6680
789803	128820	6680
963018	4601158	7440
3728416	4601158	6679
789803	3328705	6680
1607291	2009078	6685
1857379	1052876	6692
2246020	3111304	6714
3786976	4273011	6679
4601158	2275411	6680
596260	4601158	6679
4514417	2580431	6682
1024629	244638	6961
4601158	2492787	6680
1262351	4601158	6679
427070	4601158	6679
3227855	3524490	7363
497694	1857379	6704
4514417	1038995	6682
554587	2864264	6693
2247600	4601158	6904
887978	1121242	6695
510275	4026377	6680
4601158	3366769	6680
4514417	2565895	6682
789803	2456211	6680
4601158	230690	6680
4601158	3331645	6691
4514417	3463469	6682
3320247	1111808	6883
4514417	4644903	6682
1529106	4601158	6679
2288265	4601158	6679
4514417	3332099	6682
4514417	2097780	6682
992063	2157546	6688
4514417	4125746	6682
783756	510275	6679
1857379	2520572	6692
554587	981461	6693
4601158	3973055	6680
554587	3158050	6693
554587	320893	6699
848859	510275	6679
4514417	3001824	6682
1628056	4601158	6679
789803	979699	6680
1857379	3210499	6692
4601158	603459	6680
4601158	1404663	6680
727750	510275	6679
161496	4601158	6683
3045906	4601158	6679
3066786	554587	6777
4601158	3183003	6680
510275	1363200	6685
2979791	1775084	6690
4601158	646594	6680
4076084	2296470	6688
554587	4584235	6693
3687451	1278073	7442
554587	4516390	6693
4514417	3989952	6682
4601158	457127	6680
1303771	4601158	6679
4301050	510275	6683
4601158	4106162	6680
2343644	4123729	6680
4482959	4446444	7363
789803	1819037	6680
4601158	3576307	6680
4386891	4601158	6679
787333	1111808	6777
940752	2296470	6688
554587	2425044	6693
554587	2203347	6686
4601158	1876789	6680
554587	3130548	7114
4601158	1008536	6685
1111808	3415292	6882
4601158	849326	6680
4471666	1857379	6681
887978	2794236	6695
510275	2471535	6680
3183003	4601158	6679
2580487	4601158	6679
4212530	4601158	6679
2296470	163974	6690
1790736	1607291	6683
1378498	510275	6679
1857379	2646891	6692
2003410	4601158	6679
3864224	4601158	6904
3514683	3935487	6688
2173548	510275	6679
510275	4383264	6685
2926899	554587	6777
4601158	2151784	6680
3242992	554587	6694
2916604	1111808	6866
2513017	2041671	7483
2514674	4601158	6679
4601158	4037639	6680
360705	3635360	6685
4601158	2863405	6680
4601158	147293	6680
32163	4601158	6904
2909002	4601158	6683
1857379	3513451	6703
4514417	4181143	6682
554587	161302	6693
4601158	367986	6680
2377246	510275	6679
4514417	1870840	6682
1857379	3379569	6697
4601158	1666294	6680
4197107	4601158	6679
510275	2844116	6680
2903453	510275	6679
1111808	3143254	6686
554587	2982595	7114
502859	4601158	6679
4514417	1013590	6682
4514417	4324183	6682
554587	4458957	6693
510275	3504019	6685
2713535	1380936	6688
435375	4495235	6690
841583	4601158	6679
4514417	2486916	6682
2343644	3513451	6685
1857379	1116740	6692
4601158	2237058	6680
282921	244638	6680
2615305	4601158	6679
554587	1725143	6693
244638	2817056	6778
4514417	3279099	6682
4601158	3980923	6680
4601158	128863	6680
4601158	2766908	6680
2124959	4601158	6777
1072978	4601158	6679
3364464	4601158	6777
3143254	554587	6777
2081808	2296470	6957
4601158	3863982	6680
1857379	3789310	6692
1328415	4601158	6679
3134330	4601158	6679
2890390	4601158	6679
4601158	4554971	6680
2919220	2919148	6782
1797746	1150541	7437
510275	474549	6680
510275	4004001	6680
3267344	510275	6683
1857379	3450176	6703
4601158	638152	6680
4601158	1589040	6680
4601158	2169292	6685
2456211	4601158	6679
4514417	1070757	6682
789803	1532948	6680
554587	292752	6715
3984063	4601158	6679
4514417	4432058	6682
2470230	4601158	6679
510275	3132877	6680
3924606	4601158	6679
1607291	1857379	6680
4273011	1857379	6680
4076084	1857379	6681
1717665	3111304	6714
3686489	4601158	6683
554587	3366769	6693
1984524	4601158	6679
1857379	2779152	6692
810618	1857379	6955
1712256	366823	6691
554587	3106991	6693
4256129	3111304	6714
4514417	3273282	6682
244638	4341718	6703
419729	3111304	6714
4601158	3834178	6680
4601158	3284945	6680
1857379	969154	6692
428615	4601158	6679
1376072	4601158	6679
4601158	2406498	6686
1857379	3434551	6692
4601158	2552859	6680
2746418	3111304	6714
1103326	1857379	6955
1589040	4601158	6679
2296470	244638	6687
3475387	4601158	6679
4601158	2121401	6680
4601158	100997	6685
842336	4601158	6904
554587	4554971	6693
3111304	2183938	6708
2633898	3875070	7442
843149	1857379	6681
554587	2865076	6693
4601158	3318658	6680
4601158	3788805	6680
510275	512173	6680
4514417	427070	6682
510275	3942857	6685
244638	117889	6757
4514417	589642	6682
4601158	2768958	6680
4125746	4601158	6679
4489110	4601158	6679
554587	3936166	6693
1712256	3403377	6685
4601158	3150736	6680
510275	3521779	6680
4514417	2760690	6682
32163	1857379	7061
1035968	1111808	6883
4514417	3984063	6682
4601158	4297954	6680
510275	1145161	6685
4514417	4456793	6682
470217	1857379	6681
554587	1352411	6699
4514417	2993468	6682
789803	3631405	6680
4601158	664994	6685
554587	1945791	6693
2427316	4534777	6966
2699575	1111808	6866
201925	1857379	6681
789803	2266384	6680
2196457	4601158	6679
1857379	940752	6692
3360286	2561113	6957
4601158	4318716	6680
2831255	1111808	6866
1856590	4601158	6679
140888	4601158	6679
3376352	1111808	6777
4601158	2057371	6680
716381	1857379	6681
554587	3460423	6699
1470928	4601158	6679
4029359	2296470	6688
554587	850073	6693
1534312	4601158	6679
510275	1688899	6680
554587	781669	6686
1857379	4363639	6692
510275	3168609	6680
4467969	2561113	7018
1723890	4601158	6679
151407	510275	6679
1694892	2296470	6688
1857379	2979283	6692
4342929	1712256	6683
3134330	510275	6679
2704308	2343644	6904
2343644	1020735	6691
554587	4610188	6693
3086405	4601158	6679
4514417	2766908	6682
425032	4601158	6679
1857379	3168232	6692
4514417	4121970	6682
658013	4601158	6679
510275	2119114	6685
3100280	1111808	6777
4514417	2734796	6682
4271627	4601158	6679
952183	4601158	7440
554587	1361730	6699
3942969	4601158	6679
4601158	3964698	6680
789803	3090343	6680
4601158	2301936	6680
4514417	1864310	6682
4601158	2476631	6685
4601158	2124959	6686
3305321	4601158	6679
4470410	4601158	6683
3144598	1111808	6777
4514417	3516080	6682
1857379	3792196	6692
4601158	764027	6680
3066786	1111808	6883
1801282	4601158	6679
789803	1278073	6685
4273011	789803	7440
4201130	244638	6704
1211492	244638	6752
3944984	4601158	6679
186811	4601158	6679
4383264	4601158	6683
1790388	554587	6777
2919220	1205261	6782
1857379	2247600	6696
4601158	188905	6680
1875210	4326135	6903
4644249	4601158	6679
4514417	3040636	6682
288065	1857379	6681
554587	1521249	6693
4514417	3415615	6682
3762672	600800	7240
2296470	940752	6690
1607291	1402958	6685
2524759	4601158	6679
4601158	2936267	6680
3111304	1494886	6708
4514417	2320128	6682
554587	1945092	6708
789803	4049822	6680
2823853	4601158	6679
1506493	4601158	6683
4467969	1826611	7018
368188	2388423	7058
4601158	433087	6680
932057	1857379	6681
4601158	2461076	6680
1705005	2296470	6688
1111808	3252671	6686
4062610	3762672	7627
4514417	1213042	6682
4601158	3472489	6680
554587	3603629	6686
4514417	2355131	6682
4601158	2390497	6680
952183	3826665	6685
3111304	74873	6708
3901710	510275	6679
4612935	4601158	6679
2486446	510275	6683
330113	510275	6683
4601158	217670	6680
808670	2189871	6699
4601158	376639	6685
3403951	1111808	6777
1857379	3200673	6703
2808600	4601158	6679
3994168	554587	6777
2402402	1857379	6681
2899029	4601158	6679
4601158	2082783	6685
3111304	1708908	6708
554587	2638106	6715
4286646	4601158	6679
4483303	4601158	6679
2366407	4601158	6679
3972073	510275	6679
789803	1997471	6680
457923	1857379	7061
789803	1442290	6680
117889	244638	6961
807032	4467969	7020
139346	4601158	6679
3505042	2343644	6683
3288032	4601158	6679
554587	350879	6693
554587	3100280	6686
4601158	1572355	6680
470051	4601158	6679
789803	3393325	6680
1027169	510275	6679
4062610	4340629	7217
4514417	1026824	6682
1857379	4147585	6692
2187266	4601158	6679
3723868	4601158	6679
1857379	1712256	6679
554587	128863	6693
1111808	2836039	6678
1439508	4601158	6679
1857379	201925	6692
510275	338291	6680
789803	4612935	6680
781669	554587	6777
554587	388599	6693
554587	2282297	6693
743459	1857379	6955
4514417	2534875	6682
637541	510275	6679
510275	1343434	6680
4514417	293990	6682
2794236	887978	6701
2842771	510275	6683
244638	508173	6697
554587	3860136	6699
554587	477485	6686
4601158	4631531	6680
3667721	2041671	7483
808670	1237380	7017
448474	4072125	6690
789803	4078663	6680
4601158	71913	6680
1205261	2081808	6704
4601158	4121970	6680
789803	994537	6680
4601158	923680	6680
827317	4601158	6679
1857379	452435	6692
2296470	1705005	6690
4514417	3200134	6682
3090619	127036	6688
4514417	1437077	6682
163974	1857379	6681
4601158	4183137	6680
1857379	1790736	6703
554587	1566904	6693
789803	1828073	6680
2322775	4601158	6679
1857379	4326135	6692
4601158	324379	6680
4601158	4255013	6680
4601158	1945791	6680
510275	2083782	6680
1857379	3302859	6696
1334286	4601158	6679
3111304	971926	6707
1857379	1902219	6692
3111304	1304368	6707
4514417	4037639	6682
554587	3378163	6693
2361868	4601158	6679
679182	1111808	6883
4183697	4601158	6679
4601158	458156	6680
969154	2388423	7058
510275	2620648	6680
510275	3570610	6685
2461076	4601158	6679
789803	2421677	6680
2296470	1314585	6690
4601158	4513838	6680
510275	4134216	6685
4601158	1560868	6680
4601158	4326533	6680
2343644	1094557	6691
4201130	3281195	6690
4514417	4150992	6682
4601158	4249782	6680
4623473	887978	6701
4601158	2488857	6685
554587	3150952	6693
554587	3252176	6686
4088656	4601158	6679
4601158	3954982	6680
3806103	4601158	6679
4601158	2187266	6680
1672737	4601158	6679
951457	554587	6777
1770228	4601158	6679
1857379	4084760	6692
2103363	4601158	6679
4601158	3801627	6685
3111304	856363	6708
3419394	510275	6679
1111808	3100280	6686
2296470	2454954	6690
949579	4601158	6679
2428881	554587	6694
4601158	4226692	6680
4514417	213919	6682
128301	4601158	6679
4601158	3755299	6680
3511588	4601158	6683
3935487	3815570	6690
4601158	140888	6680
4601158	321801	6680
866937	4601158	6679
554587	4161621	7187
1143112	4601158	6679
3201994	4601158	6679
789803	1081843	6680
2423208	4601158	6679
3891759	554587	6777
510275	1043471	6680
554587	4183697	6693
2919795	4601158	6679
1036043	4601158	6679
3594094	1857379	7061
510275	2401357	6680
3302859	1857379	7061
4601158	3635360	6685
789803	3339435	6680
2647829	4601158	6679
4601158	1089892	6680
4514417	1902040	6682
4601158	4104940	6680
2290964	4601158	6679
554587	2059514	6693
4527759	510275	6683
510275	4517982	6685
2343644	902436	6685
789803	1690763	6680
554587	3133131	6693
1009889	4601158	6679
1857379	3139702	6692
1402958	2860669	6683
554587	932574	6693
1115629	4601158	6679
376041	2388423	7437
1857379	4573737	6692
4514417	864641	6682
4085007	1111808	6777
4514417	3000988	6682
1694945	4601158	6679
2695302	1857379	6681
4601158	932574	6680
4158386	510275	6679
789803	3889190	6680
1909345	4601158	6679
2343644	1211492	6728
4340629	1814484	6697
789803	2187213	6680
3679087	244638	6681
1150541	532699	6705
4601158	512173	6680
789803	458156	6680
2420407	510275	6679
2779152	287921	6688
1857379	645843	6692
1205261	1857379	6704
1026356	4601158	6679
2056428	1857379	6681
4551856	4601158	6679
554587	3335390	6686
4601158	781669	6686
554587	2765008	6686
810618	2343644	6683
3255544	4601158	6679
419699	554587	6777
554587	380927	6693
4601158	2131155	6680
4601158	3302859	6691
645843	1857379	6681
3786976	2860669	6683
4601158	2901079	6680
238185	510275	6679
615407	4601158	6679
1385221	497694	6688
4305246	4601158	6683
971683	510275	6683
3705620	4601158	6679
2740660	2296470	6688
1015099	3103413	6688
748751	4601158	6679
1958008	554587	6694
510275	2842771	6685
554587	1366648	6693
510275	2080000	6680
3303058	510275	6679
554587	2458946	6693
1095092	4601158	6679
4514417	4416945	6682
4601158	4474703	6680
4601158	4273011	6906
4601158	3474641	6680
3111304	1451915	6708
2343644	27258	6685
1133040	4601158	6679
3131637	1238012	6690
4273011	3403377	6685
2979791	1702076	6690
1857379	1214823	6692
4601158	3244717	6680
3245078	4601158	6679
789803	900963	6680
3360286	159418	6697
510275	771700	6680
4601158	2012190	6680
510275	3839747	6680
3889273	510275	6679
4509576	4601158	6679
554587	3681619	6693
554587	3956074	6788
4514417	2728043	6682
2588611	4601158	6683
554587	1621702	6693
4514417	2351694	6682
4514417	1201545	6682
2979791	3052655	6690
287921	3156675	6690
4601158	1369482	6685
4080655	510275	6679
890867	4601158	6679
789803	3863982	6680
231609	3294973	6697
2919148	2081808	6704
4601158	2039143	6680
510275	3008090	6680
140888	510275	6679
4601158	4032562	6680
3687451	1402958	7442
4601158	2621037	6680
510275	4644903	6680
3515474	4601158	6679
3380717	1111808	6777
4269385	4601158	6679
1857379	3514683	6692
554587	1639596	6693
1477626	4601158	6679
1724047	4601158	6679
4601158	478658	6680
510275	1594605	6685
1857379	3686898	6692
4601158	1391276	6680
510275	133419	6685
4601158	1072978	6680
4601158	1191631	6680
3302859	4601158	6904
3810930	510275	6683
1119227	554587	6817
554587	423723	6699
2532701	4601158	6679
4514417	2565354	6682
4435528	510275	6679
510275	2047911	6680
244638	3242992	6714
3566764	1751427	6683
3111304	705843	6699
1857379	288065	6692
789803	2401170	6680
510275	3132739	6680
4601158	4233695	6680
1527473	244638	6961
3515944	244638	6747
789803	2521251	6680
554587	478658	6693
789803	862745	6680
3111304	2973001	6707
4448057	510275	6683
1857379	901621	6692
664849	4601158	6679
3753677	4601158	6679
789803	1362418	6680
4636060	4601158	6679
554587	1818980	6699
4273011	675326	6685
1111808	794435	6882
554587	2826575	6693
1111808	781669	6686
4416945	4601158	6679
2333180	2388423	7058
554587	4609673	6693
4514417	3644654	6682
3519075	4601158	6683
1248100	554587	6714
901621	2388423	7058
4601158	3076873	6680
789803	897915	6680
3577664	244638	7059
4601158	4317527	6680
554587	3144598	6686
3786976	2860669	6679
2516026	2157546	6688
4514417	559522	6682
3618414	510275	6679
554587	2552512	6693
3415292	4601158	6777
441175	554587	8052
4601158	3888490	6680
897915	4601158	6679
3815570	3935487	6688
3111304	2378109	6707
4601158	2813192	6680
1278073	2860669	6683
554587	1376072	6699
554587	3450590	6699
1751427	4601158	7440
4601158	3219459	6728
510275	664994	6685
4601158	2322775	6680
4601158	1118558	6680
887978	2049697	6695
3679087	3360286	7075
554587	1071495	6693
4601158	1003207	6680
1941460	4601158	6679
1278073	789803	6683
2730778	554587	6714
3156675	287921	6688
4514417	3437031	6682
4601158	2880632	6680
3111304	2871777	6708
3090613	4601158	6679
554587	838615	6693
4601158	3961702	6680
4601158	3219459	6751
510275	1198164	6680
887978	1369028	6695
1445897	4601158	6679
4601158	1835019	6680
1526647	1857379	6681
554587	1356267	6686
2919220	159418	6782
497694	2042286	6690
554587	3722482	6715
4601158	4448057	6685
4601158	1947586	6680
1207684	4601158	6679
510275	3511588	6685
4307060	554587	6777
554587	3492965	6699
554587	502859	6699
1857379	3301725	6692
2886616	4601158	6679
4514417	4123061	6682
526348	1111808	6777
4601158	3150952	6680
4035865	1857379	6681
315328	4601158	6679
554587	1291392	6693
1150541	1797746	6705
1488017	4601158	6679
457127	4601158	6679
789803	336564	6680
554587	679182	6686
4601158	410835	6680
575788	4601158	6679
230690	4601158	6679
4514417	980492	6682
4514417	954606	6682
2674695	4467969	7020
554587	3693985	6693
1857379	3566764	6703
4514417	2057566	6682
1214823	1857379	6681
4514417	1628838	6682
4601158	4412767	6680
1503129	1111808	6777
1205261	932057	6690
789803	3541385	6680
186811	510275	6679
4514417	1729079	6682
231609	2296470	6957
4514417	906823	6682
1857379	3650022	6692
4601158	1985386	6685
2119114	4601158	6683
2268340	4601158	6679
1876789	4601158	6679
244638	2522596	6697
4601158	4618429	6680
1857379	3277047	6692
3156675	1857379	6681
554587	1572355	6693
554587	2536450	6693
1004721	2633898	7529
4601158	2259362	6680
2079190	510275	6683
90979	554587	8389
3111304	3675443	6708
27544	4601158	6679
3833400	1111808	6866
1292943	1111808	6883
4601158	518588	6680
4311422	4601158	6679
1515158	1111808	6777
4601158	193916	6680
554587	3641496	6693
4154798	1857379	6681
4601158	34944	6680
1857379	1607291	6679
4154798	1205261	6688
1150541	4509975	6705
193916	510275	6679
4534777	117889	7627
4407359	510275	6683
1116740	2919148	6688
3716249	1857379	7061
4514417	646594	6682
1857379	2865449	6692
554587	1112613	6693
3335925	1857379	6681
1857379	1103326	6703
469735	4601158	6679
554587	325022	7187
2412418	1805805	7611
4601158	899524	6680
1877555	244638	7059
4601158	2552512	6680
3103413	532699	6690
4514417	1065159	6682
4467969	2674695	7018
554587	1643027	6693
71717	4601158	6679
510275	2903453	6680
554587	3253690	6686
510275	3963453	6680
2521251	4601158	6679
4601158	1312349	6680
2973999	510275	6679
4601158	1145161	6685
4601158	1477626	6680
4601158	1365652	6685
3762672	2383080	7240
4601158	884387	6680
4601158	2061578	6685
1103326	4273011	6683
4601158	4630141	6680
4601158	2471535	6680
2960023	554587	6694
554587	1143112	6693
554587	722035	6715
1111808	419699	6686
1131893	4601158	6679
789803	1703363	6680
1328617	4601158	6679
510275	1027169	6680
4072125	448474	6688
4601158	2604742	6680
510275	3810930	6685
554587	2273817	6693
2296470	3023553	6690
510275	1710873	6680
554587	3126231	6693
2621370	510275	6683
510275	3214830	6680
4514417	1404663	6682
1857379	1256702	6692
1534731	1857379	6681
1857379	4335556	6703
2343644	532257	6685
775825	554587	6694
4601158	1462150	6680
3504019	4601158	6683
1119441	4601158	6683
3906349	4601158	6679
4601158	4533923	6680
577617	510275	6679
3576307	4601158	6679
1826611	313864	6704
1857379	4281141	6692
2343644	569762	6691
554587	1036043	6693
554587	2459497	6693
1975270	3111304	6714
4514417	1688645	6682
2952491	4601158	6679
4604017	3641594	6690
4601158	3369545	6680
1366648	4601158	6679
789803	1098883	6680
554587	540468	6693
580595	4601158	6679
510275	2237058	6680
554587	2384525	6693
4601158	3132877	6680
3083061	1111808	7116
4601158	18650	6680
1607291	122760	6680
2131155	4601158	6679
3513451	1712256	6683
4514417	4318976	6682
4514417	884387	6682
3096049	4601158	7440
4601158	4014471	6680
510275	4328080	6685
4601158	3944984	6680
4106953	1857379	6955
497694	2302775	6690
2205709	4601158	6679
4601158	1829634	6680
789803	599066	6680
778130	2343644	6683
554587	2919795	6699
4514417	931598	6682
808670	2817892	6708
554587	247001	6699
4601158	1223746	6906
3243947	4273011	6683
4514417	3568473	6682
2706329	887978	6701
510275	3353542	6685
1857379	2955796	6692
510275	3646109	6680
1111808	3066786	6882
554587	302754	6693
3911010	4601158	6679
1494886	3111304	6714
2343644	457923	6691
4601158	3141300	6680
2643672	4601158	6679
554587	2444282	6693
4601158	576225	6680
554587	4022040	6693
1362418	4601158	6679
554587	709978	6693
4601158	3911010	6680
2157546	3686898	6690
2582647	4601158	6679
2947711	1857379	6955
2416576	1857379	6681
3026763	4601158	6679
1449775	4601158	6679
2511584	4601158	6679
2891058	1857379	6681
1069706	4601158	6904
3516080	3111304	6714
3603629	1111808	6777
789803	605493	6680
4601158	3748272	6680
4221594	1857379	6681
554587	658013	6693
244638	2247702	6692
554587	3726380	6693
4514417	3917082	6682
1070792	554587	6777
510275	2949488	6680
4601158	3180475	6680
1369028	3076873	7363
3111304	4172568	6707
789803	2393930	6680
4537763	510275	6679
510275	3542817	6680
2157546	244638	6704
4514417	2233011	6682
554587	861794	6693
554587	2430762	6693
244638	282921	6679
1857379	1610500	6692
554587	2597951	6693
554587	1292943	6686
3360286	3679087	6692
554587	2233223	6693
4601158	2086009	6680
1857379	870914	8180
1857379	2321805	6692
887978	559522	6689
3064318	510275	6679
4601158	478947	6680
4601158	2220108	6680
1190985	1857379	6681
321801	4601158	6679
4601158	3552620	6680
4514417	2424699	6682
3548670	4601158	6683
4601158	3631934	6680
3513451	2860669	6683
4601158	3378163	6680
4601158	3924830	6680
3514683	1857379	6681
554587	1945092	6693
554587	1174540	6699
2583086	808670	6714
4514417	1859114	6682
2343644	1164725	6691
4596192	287921	6688
1857379	2149978	6692
2343644	842336	6691
510275	2488857	6685
1857379	3505042	6703
2909408	1111808	6777
4514417	337120	6682
3524490	4601158	6679
4601158	2540939	6680
2552512	4601158	6679
4273011	3635360	6685
4514417	1237127	6682
3200134	3111304	6714
554587	1177699	6693
789803	1071495	6680
1857379	2561113	6697
448474	231609	6704
789803	3376706	6680
4601158	3198337	6680
789803	407837	6680
2737405	1857379	6680
510275	3591168	6680
789803	1059340	6680
3687451	2921019	7442
4601158	293990	6680
4601158	3989952	6680
4601158	731089	6680
510275	2992438	6680
1358796	510275	6683
554587	3263368	6693
554587	2559112	6693
2105455	510275	6679
4601158	1628056	6680
554587	972284	6693
789803	2962381	6680
1615422	510275	6683
3111304	4432058	6708
998505	554587	6777
554587	410835	6693
4601158	1051363	6686
4601158	3208672	6680
4514417	3360286	6682
4601158	3639300	6680
4542336	4601158	6904
4601158	4483303	6680
1198164	4601158	6679
554587	3358096	6693
554587	4616703	6693
3315122	1857379	6681
1857379	4274742	6692
2332068	4601158	6679
510275	4142301	6685
4601158	2345147	6680
4601158	3313531	6680
4514417	1262351	6682
4601158	1834275	6685
510275	3267344	6685
4601158	399832	6680
244638	159418	6697
4601158	3453225	6680
554587	719140	6693
1111808	3312851	6686
1402958	1232245	6683
4601158	3316959	6680
2779085	4601158	6679
695521	4601158	6683
3335925	2296470	6688
399832	4601158	6679
554587	2710654	6699
3002989	4601158	6679
4601158	1020735	6691
554587	3611754	6693
4618429	4601158	6679
4630141	4601158	6679
4514417	1345815	6682
510275	3303155	6680
4573737	2221584	6902
554587	2843040	6699
4601158	2196457	6680
3069662	4601158	6679
454159	2296470	6688
4601158	4123061	6680
244638	3103413	6957
448474	3360286	6704
554587	419699	6686
3335390	1111808	6777
2979791	311095	6690
554587	3863982	6693
122760	1607291	6679
3112893	1857379	6681
554587	841583	6693
554587	3942969	6693
4514417	4397112	6682
554587	1649713	6700
2343644	3786976	6685
902752	4601158	6679
1195595	2439462	6747
4601158	12697	6680
1626449	3111304	6714
3111304	3799910	6708
789803	3947587	6680
4601158	483830	6680
117889	4534777	7240
693313	1857379	7061
497694	4471666	6690
4601158	1819037	6680
510275	1133040	6680
554587	375089	6708
3111304	3607176	6708
338291	4601158	6679
2787616	808670	6694
3425485	510275	6679
4514417	2132129	6682
4601158	1185898	6680
638152	4601158	6679
4601158	3383155	6680
4089772	4601158	6679
4601158	44394	6680
554587	2310323	6715
1111808	1051363	6686
4601158	2388423	6680
554587	313864	6693
3687451	4517342	7442
2039143	4601158	6679
2081808	448474	6697
554587	2424879	6693
4514417	1053289	6682
510275	1708908	6680
4601158	20895	6685
1404663	4601158	6679
3301972	510275	6679
1857379	2513017	7424
510275	557928	6685
3111304	3516080	6708
510275	2487177	6680
554587	1105577	6693
843149	287921	6688
1206366	4601158	6679
1251169	4601158	6679
554587	2039143	6699
2391761	4601158	6679
3111304	2806454	6707
2343644	1402958	6685
1482393	510275	6679
789803	1803477	6680
554587	1673380	6699
4514417	3598101	6682
4601158	2647829	6680
4601158	1894870	6680
4601158	3647638	6680
4601158	423723	6680
4601158	1670366	6680
4601158	2752984	6680
925291	4601158	6679
4601158	2660573	6680
4601158	2580487	6680
4196977	1607291	6683
2343644	1790736	6685
4517982	510275	6683
1118124	4601158	6679
1525877	4601158	6679
554587	2920444	6693
1407657	510275	6679
3648300	4601158	6679
4190718	4601158	6679
3984818	3111304	6714
992063	1857379	6681
554587	1910667	6700
2633898	2306952	7442
1857379	1826611	6697
4601158	214669	6680
4601158	1196817	6680
1654590	3111304	6714
1642507	4335556	7005
2766908	4601158	6679
789803	293342	6680
4514417	3516118	6682
1857379	1517841	6696
789803	2121401	6680
1111808	2926899	6686
127036	2402402	6690
3687451	1167742	7442
554587	1842163	6693
4601158	3810930	6685
789803	3630685	6680
3378163	4601158	6679
4514417	367986	6682
1111808	3267885	6882
4601158	1362628	6685
2296470	2321805	6690
554587	14034	6693
1378498	4601158	6679
554587	881534	6700
4281141	1857379	6681
4601158	1867808	6680
2343644	3450176	6685
3111304	2406141	6708
3595974	554587	6714
3875070	1857379	6955
4601158	2230175	6680
789803	2061083	6680
2087760	4601158	6679
4601158	2282371	6680
4601158	231157	6680
4601158	3381434	6680
4601158	1328415	6680
2777070	4601158	6679
3111304	600046	6708
789803	2592151	6680
4601158	2431484	6680
1857379	2588418	6692
554587	1172137	6693
293990	4601158	6679
4514417	3776616	6682
4252498	1607291	6683
510275	311356	6685
605586	510275	6683
789803	3619166	6680
554587	3024636	6699
510275	2220108	6680
2332420	1857379	6681
159418	1857379	6704
4074673	554587	6777
646594	4601158	6679
4601158	2444282	6680
4514417	919750	6682
4514417	3607176	6682
4514417	3362079	6682
3036409	159418	6688
789803	718959	6680
510275	2079190	6685
569762	1857379	7061
4601158	1670218	6685
4601158	27544	6680
767325	4601158	6679
789803	2796310	6680
3687451	4106953	7442
4601158	3376706	6680
554587	4057651	6693
3103413	1015099	6690
1866646	4601158	6679
554587	3804847	6699
4601158	2710009	6680
4601158	1213042	6680
1857379	1190985	6692
789803	3166575	6680
4601158	2290964	6680
4601158	1048300	6680
554587	1004125	6708
4601158	4397894	6680
1857379	300559	6677
554587	1890316	6693
4601158	3618414	6680
1051363	554587	6777
4601158	1606747	6680
3000988	4601158	6679
4514417	4049366	6682
2854242	1857379	6681
4601158	604462	6680
3719040	4601158	6683
4601158	117923	6685
554587	508054	6693
554587	3937311	6699
3759416	510275	6679
4601158	1050324	6680
554587	2711089	6699
363711	4534777	7240
301288	808670	6700
1857379	3808188	6692
808670	3133131	6699
1319978	4601158	6777
675910	4601158	6679
1111808	3267885	6686
510275	2492787	6680
789803	3202306	6680
857923	4131909	7363
2406141	3111304	6714
2545671	4601158	6679
1111808	4074673	6686
510275	3360286	6680
4514417	2643375	6682
4601158	3529001	6680
1437077	3111304	6714
3376706	4601158	6679
4601158	2888798	6685
4514417	2996296	6682
789803	3426316	6680
4601158	1886104	6680
1343434	4601158	6679
4129980	4601158	6679
3301004	4601158	6683
3111304	1717665	6708
1713416	510275	6683
1201950	4601158	6679
554587	2386381	6693
4601158	1407657	6680
675326	2633898	7529
3607176	3111304	6714
2343644	244638	6680
4273011	2510440	6680
2157546	4147585	6690
196644	4601158	6679
4601158	3034770	6680
2909408	554587	6777
1111808	679182	6882
497694	3139702	6690
3687451	329441	7442
4601158	2420407	6680
4307678	510275	6679
789803	3904639	6680
4601158	1053289	6680
554587	369215	6723
554587	4135543	6693
4045441	3111304	6714
808670	2825005	6708
1857379	1775084	6692
2660573	4601158	6679
4161224	4601158	6679
781669	4601158	6777
1826611	4467969	7020
2388423	1802967	6705
3808188	2296470	6688
4514417	234442	6682
2296470	3586965	6690
554587	967159	6699
510275	2158388	6680
997393	4601158	6679
4601158	65847	6680
2401357	510275	6679
554587	1866646	6693
2514819	4601158	6679
4514417	3066953	6682
3111304	2450301	6707
4307060	1111808	6777
4601158	1961514	6680
2536450	4601158	6679
554587	2817892	6693
4601158	1132782	6680
244638	1839354	6905
3078608	4601158	6679
4601158	3524573	6680
554587	3313531	6693
789803	1592846	6680
554587	985625	6711
2654470	1111808	6866
1607291	3786976	6680
4601158	4490599	6680
1829593	4601158	6679
554587	612035	6693
20895	4601158	6683
2307633	510275	6683
1111808	787333	6686
554587	2808600	6693
4025149	554587	6777
1089892	4601158	6679
554587	4014471	6693
554587	2765235	6686
4514417	1770228	6682
789803	3450590	6680
1609332	1111808	6777
1643027	4601158	6679
510275	4077960	6685
510275	2973999	6680
554587	3688362	6686
4601158	311356	6685
3598101	4601158	6679
1043471	4601158	6679
4601158	1768443	6680
1451915	3111304	6714
4601158	2343644	6906
1174540	4601158	6679
2424879	554587	6714
4455837	4601158	6679
789803	4018596	6680
1922668	497694	6688
3111304	1902040	6708
1712256	1790736	6685
4601158	3447247	6680
554587	2825005	6693
1857379	4330691	6692
554587	3320247	6686
4601158	3740122	6680
2247702	1150541	7058
554587	2006479	6693
554587	4104940	6693
789803	2882692	6680
789803	3978014	6680
4196779	4601158	6679
510275	2529894	6685
1403777	4601158	6679
789803	2936267	6680
4150992	510275	6679
4514417	2077720	6682
4514417	349980	6682
4430005	2296470	6688
789803	2131155	6680
554587	729044	6686
3641594	1857379	6681
4601158	309593	6680
1867808	510275	6679
2846839	4335556	7774
3566764	2343644	6683
4601158	4245600	6680
2388423	376041	6702
554587	3440895	6693
3687451	94378	7442
2006393	510275	6679
510275	214240	6680
3889273	4601158	6679
4601158	600089	6680
510275	229922	6680
292537	4601158	6679
4601158	3358937	6680
1857379	2510440	6753
4601158	554434	6680
554587	1252962	6693
2049697	4314375	7363
3318658	4601158	6679
2476479	4601158	6679
789803	150603	6680
1857379	1238012	6692
1111808	1035968	6686
4514417	2417801	6682
2296470	2231679	6690
1815350	4601158	6679
1111808	2710243	6882
4099807	510275	6679
2919795	510275	6679
2301326	4601158	6679
4514417	4019962	6682
4514417	77478	6682
4601158	3619166	6680
3350665	288881	7363
3226461	808670	6714
4601158	1863111	6680
4494881	4601158	6679
1580342	887978	6701
4601158	2615305	6680
554587	3731392	6686
3208672	4601158	6679
683089	4601158	6679
789803	3126231	6680
4601158	4125746	6680
1191385	4601158	6679
554587	1958008	6700
4450266	4601158	6679
161496	510275	6683
4601158	112871	6680
4601158	102772	6680
2043220	2633898	7529
4601158	3901710	6680
2388423	2044895	6702
4601158	4277669	6680
4601158	2355131	6680
102772	4601158	6679
3076873	1369028	7218
603459	4601158	6679
4307678	4601158	6679
789803	752900	6680
554587	2836039	6711
4601158	928409	6685
808670	3722482	7017
510275	2013186	6685
244638	4604017	6697
510275	2006393	6680
1857379	902436	6703
2385205	4467969	7020
554587	3514188	6693
2343644	1857379	6680
214669	4601158	6679
3954881	3111304	6714
2042286	497694	6688
4597688	4601158	6679
4601158	1984524	6680
2911074	510275	6679
1842163	4601158	6679
4601158	843566	6680
4514417	4589710	6682
484192	1857379	6681
4067765	1712256	6683
2187213	671236	7218
1004721	1857379	6955
1712256	3635360	6685
1455658	4601158	6679
4514417	925291	6682
554587	642368	6693
2152178	4601158	6679
2615794	4601158	6679
2561113	4467969	7020
4601158	605586	6685
4601158	2205709	6680
510275	4318716	6680
4601158	317431	6680
244638	3131637	6697
4601158	1688899	6680
2189871	4601158	6679
4601158	1529106	6680
554587	4631454	6686
4592862	1111808	6866
4015508	4601158	6679
4514417	3252496	6682
1165140	4601158	6683
799986	3111304	6714
4601158	449718	6680
4514417	2128685	6682
4601158	1362418	6680
4601158	3362079	6680
1150541	2680112	6705
4601158	3816738	6680
3009257	4601158	6679
510275	3783256	6680
789803	3180475	6680
4250357	4601158	6679
4601158	4025149	6686
963018	3566764	6685
2668793	4601158	6679
2865449	2157546	6688
554587	3718760	6693
802140	4601158	6679
1857379	4189234	6696
857923	887978	6701
4601158	111857	6680
510275	975760	6906
4601158	297236	6680
931384	4601158	6679
457923	2343644	6904
4601158	3951826	6680
554587	201104	6693
3447247	4601158	6679
4601158	3301004	6685
510275	416735	6680
4514417	3552620	6682
1205261	1363420	6690
4514417	1654590	6682
231609	448474	6697
510275	4255013	6680
159418	3036409	6690
4467969	807032	7018
229922	510275	6679
4601158	2445367	6680
887978	2196958	7209
554587	3280206	6693
4514417	2378531	6682
4601158	174815	6685
4601158	434330	6680
3687451	3635360	7442
2448924	4601158	6679
4245600	510275	6679
1857379	3667721	7424
244638	1712256	6679
1111808	998505	6882
554587	4083793	6693
4514417	3254888	6682
3530066	510275	6679
4273011	4601158	7440
4601158	3002989	6680
510275	2220125	6685
4601158	2899029	6680
2061083	4601158	6679
508173	244638	6704
4514417	432545	6682
789803	1842070	6680
3393325	4601158	6679
1797746	1857379	6681
4514417	3960239	6682
4601158	4307678	6680
554587	2979966	6693
2769314	3111304	6714
554587	3143254	6686
675326	4273011	6683
2982595	554587	7104
1468929	510275	6679
789803	1733490	6680
1111808	1051363	6882
4601158	4291547	6680
554587	2022227	6693
4601158	3596934	6680
159418	4340629	6704
1930583	4601158	6679
287921	4596192	6690
808670	3718076	6700
302754	4601158	6679
65438	4601158	6683
1857379	1719093	6692
554587	2938804	6693
554587	3973055	6708
4514417	1994068	6682
4103459	4601158	6679
554587	1271344	6699
1111808	3144598	6686
3113197	4601158	6683
654498	1150541	7437
554587	4242429	6693
554587	4644249	6693
4601158	1352411	6680
479759	2296470	6688
4514417	2247078	6682
4601158	1423135	6680
4282498	1857379	6681
4601158	2201324	6680
362484	4601158	6683
510275	3554595	6685
2860669	1402958	6685
4601158	3023530	6680
848859	4601158	6679
3973055	4601158	6679
297553	554587	6777
554587	1004125	6699
3316959	510275	6679
4601158	427070	6680
4601158	3865409	6691
4601158	3415292	6686
510275	3719040	6685
1402958	1712256	6683
2264332	4601158	6679
2527197	4601158	6679
4104940	4601158	6679
248591	510275	6683
554587	2345147	6693
682553	3111304	6714
510275	238185	6680
554587	2378531	6693
4601158	2779085	6680
2964569	4601158	6679
3684508	4601158	6679
510275	695521	6685
4515900	4601158	6683
1857379	2402402	6692
4601158	3440895	6680
919186	127036	6688
4514417	1013793	6682
554587	1941460	6693
520689	4601158	6679
4146621	4601158	6679
288881	3350665	7218
510275	4527759	6685
4601158	2097780	6680
884387	4601158	6679
554587	2973303	6686
4335556	2817056	6781
554587	2151078	6693
3147783	4601158	6683
497694	3333814	6690
1857379	4067765	6703
789803	4616703	6680
4514417	313596	6682
2710654	4601158	6679
4601158	2514674	6680
510275	321801	6680
2921019	2343644	6683
4514417	2104609	6682
244638	3515944	6750
111857	4601158	6679
3332375	1857379	6681
4327478	4601158	6679
3111304	3738971	6708
4601158	2486916	6680
4601158	797324	6680
4514417	2973999	6682
554587	1937565	6686
3515944	324739	6747
554587	3897973	6693
4601158	3339435	6680
4601158	2946599	6680
554587	3416129	6693
3827373	4601158	6679
4601158	4491189	6680
4291628	2305293	7363
4601158	1680625	6680
1857379	563182	6703
2604742	4601158	6679
4601158	1765686	6680
231609	808670	6714
2012190	510275	6679
1857379	820495	6692
1953419	554587	6777
3564040	2296470	6688
789803	4426987	6680
4601158	2314361	6680
4601158	3644654	6680
4601158	2367256	6685
2492787	4601158	6679
3548670	510275	6683
3001007	1857379	6681
1314585	2296470	6688
2041671	3667721	7482
4335556	1857379	6955
1857379	1111808	6777
510275	186811	6680
1111808	3196363	6686
4601158	506162	6680
1712256	1857379	6680
3369545	4601158	6679
554587	1190972	6693
4601158	1643027	6680
2190385	4601158	6683
4601158	118578	6691
2157546	2516026	6690
554587	4283495	6700
3019020	2157546	6688
554587	2621454	6686
4601158	1713416	6685
4601158	1292943	6686
1607291	3635360	6685
205365	4601158	6679
554587	1840340	6699
154191	4601158	6679
1857379	4534777	6677
843566	4601158	6679
789803	2305293	6680
714926	1857379	6681
231157	4601158	6679
4601158	4522605	6680
2723813	4601158	7440
554587	2546490	6693
510275	3472497	6680
4601158	615407	6680
4601158	1708882	6680
4601158	3984063	6680
175594	510275	6683
3111304	168529	6708
4514417	1835019	6682
4601158	2476479	6680
789803	1956899	6680
4601158	1567165	6680
2081808	2157546	6697
4335556	1878558	6866
1857379	2695302	6692
2548267	4601158	6679
4083793	4601158	6679
2158388	510275	6679
4601158	1822923	6680
1804361	554587	7174
3227855	887978	6701
1205261	14399	6690
4601158	3415615	6680
4601158	695521	6685
4554971	4601158	6679
4601158	4594281	6680
4601158	139346	6680
122760	2343644	6679
2633898	1010383	7442
554587	2766908	6693
2427233	4601158	6679
3339662	1111808	6777
2388423	4601158	6679
554587	434981	6693
4601158	1628838	6680
4514417	1021164	6682
554587	1070792	6686
554587	4025149	6686
4601158	4302056	6685
1857379	118578	6696
150603	4601158	6679
3358096	4601158	6679
554587	3911010	6693
4495235	1857379	6681
1185898	4601158	6679
3424339	3826665	6685
2852726	510275	6679
324739	887978	6838
4340629	4062610	7219
4416739	2633898	7529
3513451	4273011	6683
4361928	510275	6683
3377769	554587	6714
4601158	1149300	6680
4601158	303482	6680
1772221	510275	6679
510275	414137	6680
4601158	4014018	6680
497694	231609	6704
1607291	1278073	6685
3826665	952183	6683
4601158	1173732	6680
4601158	662315	6680
3111304	2769314	6708
845769	554587	6777
2441503	1111808	6777
4514417	1435554	6682
1157339	2343644	6904
1607821	1569272	6688
4601158	371344	6680
1526647	497694	6688
4601158	3595974	6680
4601158	4455837	6680
778130	159418	7816
665727	1857379	6681
4601158	4426987	6680
4601158	3847903	6680
510275	3303058	6680
729044	1111808	6883
2343644	3786976	6680
3635360	2343644	6683
554587	2880433	6693
435375	452435	6690
554587	3198337	6693
4601158	3555851	6680
4601158	2010988	6680
1710873	510275	6679
1857379	2383080	6677
4512533	4601158	6679
554587	2706749	6693
4601158	3964694	6680
554587	372133	6700
1121242	887978	6701
723979	4601158	6679
18650	4601158	6679
3851096	2041671	7483
554587	4137347	6693
554587	3126231	6708
4601158	2288265	6680
100997	4601158	6683
4601158	1036043	6680
2343644	728738	6691
554587	1762636	6693
554587	1789278	6693
2522596	2695302	6690
4601158	1133040	6680
4601158	2233223	6680
4601158	4386269	6685
1111808	845769	6686
554587	2739263	6699
3111304	248171	6708
1960894	4601158	6679
4601158	1743764	6680
808670	292752	7017
3111304	3224548	6708
4601158	1462493	6685
3472489	4601158	6679
4026377	4601158	6679
789803	4187465	6680
4123061	4601158	6679
554587	923680	6693
4107485	4601158	6679
3111304	2077720	6708
4601158	3598101	6680
1256702	4056580	6902
755635	4601158	6679
4025149	1111808	6777
4601158	3042355	6680
510275	3666098	6680
1670218	4601158	6683
4601158	3280206	6680
554587	2583856	6693
554587	3050004	6699
92598	4601158	6679
2510440	1607291	6679
4514417	1697592	6682
4601158	1842070	6680
2151784	4601158	6679
4601158	3681619	6680
861794	4601158	6679
4264964	4601158	6679
4555198	510275	6679
3315215	2157546	6688
4233695	4601158	6679
510275	1483646	6680
4601158	1533721	6680
3472505	4601158	6679
2880433	4601158	6679
4430005	1857379	6681
3111304	2281467	6708
510275	4264186	6685
4514417	1666294	6682
3303058	4601158	6679
902436	2633898	7529
554587	3244916	6686
4514417	655834	6682
4084760	1569272	6688
2546490	4601158	6679
554587	3730881	6693
3755299	4601158	6679
868932	554587	6694
840480	4601158	6679
1094557	1857379	7061
2393930	510275	6679
4601158	2920444	6680
4601158	2458946	6680
1529106	510275	6679
3611754	4601158	6679
4514417	4254703	6682
1145161	510275	6683
4601158	429180	6680
2388423	969154	6702
2077720	3111304	6714
2388423	4499549	6702
3663058	1857379	6681
2633898	3367289	7442
821157	4551856	7363
4499549	1857379	6681
2020247	4601158	6683
2711768	244638	7059
448474	244638	6704
4601158	3134330	6680
1857379	159418	6697
4601158	1546116	6680
554587	2919856	6693
2633898	743459	7442
554587	3170252	6693
554587	4190718	6693
3591713	4601158	6679
554587	2638967	6693
4039930	3081928	7218
789803	3475387	6680
144173	1857379	6681
728738	1857379	7061
510275	1518410	6680
1729079	4601158	6679
789803	3024636	6680
4501926	4601158	6679
1735664	4601158	6679
4426987	4601158	6679
554587	4505615	6693
1839354	244638	7059
4318716	4601158	6679
3111304	1626449	6708
454159	1857379	6681
4601158	4468838	6680
554587	1515158	6686
589642	4601158	6679
554587	2333202	6693
1670742	1857379	6681
1145	3111304	6714
3379569	4467969	7020
2306952	2633898	7529
4601158	1930583	6680
3834178	4601158	6679
332602	4601158	6679
1278073	4273011	6683
2895762	510275	6679
4106953	2343644	6683
2057566	4601158	6679
3052655	1857379	6681
236999	4601158	6679
4601158	269697	6680
2268141	4601158	6679
554587	1122396	6693
919186	1857379	6681
941525	4601158	6679
1111808	1292943	6882
554587	2852177	6693
3301004	510275	6683
554587	2411039	6693
4514417	2596400	6682
3360286	1814484	6697
554587	4515590	6686
554587	638152	6693
4601158	1488017	6680
1190074	3111304	6714
1223746	4067765	6685
4601158	2352579	6680
862745	4601158	6679
3635360	4273011	6683
554587	1319978	6686
1127392	1857379	6955
1086739	1857379	6681
510275	3784441	6680
423723	4601158	6679
4601158	2919856	6680
4601158	55659	6680
2710243	554587	6777
4601158	203247	6680
554587	737182	6693
3407426	4601158	6679
4601158	2417801	6680
3277047	1857379	6681
2895762	4601158	6679
4514417	711054	6682
231609	2157546	6697
1857379	714926	6692
4601158	819252	6680
4514417	1120437	6682
789803	2408920	6680
883081	3635360	6685
4514417	4648996	6682
4601158	1790443	6680
554587	3631934	6693
2487658	554587	7043
4601158	1335663	6680
4601158	3147783	6685
3589763	4601158	6679
4514417	4269385	6682
201104	4601158	6679
554587	1920394	6693
2555903	4601158	6679
4106162	4601158	6679
789803	3524490	6680
3620820	1857379	6901
1111808	3891759	6686
3746830	497694	6688
1744508	554587	6694
4601158	4369727	6680
3111304	2281467	6699
4294941	4601158	6683
554587	4033516	6686
554587	2288265	6699
4601158	2775057	6680
4330691	1857379	6681
3283207	1857379	6681
1958350	4601158	6679
3863982	4601158	6679
4296000	4601158	6679
4601158	941525	6680
3465451	510275	6679
1164725	1857379	7061
554587	2241972	6693
2401357	4601158	6679
3111304	3393813	6708
4601158	2814477	6685
789803	4317817	6680
2138985	510275	6679
554587	3575293	6693
554587	4585542	6693
4514417	3142855	6682
554587	3648300	6693
510275	1834275	6685
1985386	4601158	6683
554587	56319	6693
4277669	4601158	6679
4601158	3511588	6685
4514417	3541385	6682
554587	1496727	6693
4514417	2187266	6682
1712256	4067765	6685
4418200	4601158	6679
4514417	2579839	6682
4601158	1861613	6680
3783256	510275	6679
52694	3568473	6747
4320053	4601158	6679
4514417	824588	6682
789803	337230	6680
2941847	885016	6902
4601158	1191385	6680
4514417	4597688	6682
2343644	3875070	6685
4467969	1205261	7018
4601158	629782	6680
554587	4340629	6693
554587	115144	6686
4601158	531606	6680
4514417	1961514	6682
789803	1673380	6680
4601158	4317817	6680
569762	2343644	6904
554587	1216150	6693
808670	2787616	6700
1052876	497694	6688
4601158	1592846	6680
4601158	3079339	6680
4601158	1566904	6680
4425627	510275	6679
3413293	4601158	6679
1237127	4601158	6679
2383080	1527473	7627
3397749	4601158	6679
57822	4601158	6679
2081808	3294973	6697
789803	3630437	6680
4601158	1271344	6680
3969385	4601158	6679
1902219	1857379	6681
4056580	1256702	6903
4601158	3960239	6680
3362079	4601158	6679
4346398	510275	6683
789803	2075781	6680
1205261	4330691	6690
4534777	1857379	7263
4601158	65438	6685
4322846	4601158	6679
554587	3342980	6699
789803	4212530	6680
510275	3361682	6685
820495	1857379	6681
554587	2391761	6693
1223746	2921019	6685
1929897	4601158	6679
554587	4027737	6693
1363420	1205261	6688
3360286	2296470	6697
4601158	853611	6680
789803	77478	6680
1291392	4601158	6679
4601158	508054	6680
2839045	1111808	6883
4514417	1935349	6682
554587	3555851	6699
3514188	4601158	6679
4601158	2332068	6680
4601158	2075614	6680
1640131	808670	6714
4514417	1361818	6682
4601158	2616747	6685
3111304	1821045	6708
4318716	510275	6679
3256648	4601158	6683
4601158	852403	6680
4128892	1857379	6681
608190	508173	6688
1902040	3111304	6714
2321805	2296470	6688
3566764	963018	6683
510275	1044337	6680
3277047	2919148	6688
4601158	128301	6680
1615422	4601158	6683
789803	4088851	6680
1069706	1857379	7061
3267344	4601158	6683
554587	2654470	7025
174815	4601158	6683
509181	4601158	6679
4601158	3407426	6680
2588611	510275	6683
4514417	4004180	6682
3568473	52694	6750
2333202	4601158	6679
4601158	469735	6680
1442040	1857379	6681
4601158	330113	6685
4648996	4601158	6679
510275	3618414	6680
3961702	4601158	6679
1111808	4025149	6686
554587	941525	6693
554587	2636242	6693
2190385	510275	6683
887978	2020739	7976
4601158	4311976	6680
419699	1111808	6777
244638	3662518	6692
510275	156323	6680
2183938	3111304	6714
4601158	3891619	6680
554587	1221973	8825
4601158	4637663	6680
789803	1206366	6680
3718760	4601158	6679
554587	301288	6827
554587	57822	6693
789803	918787	6680
4514417	1191631	6682
2332420	497694	6688
4505615	4601158	6679
1111808	4631454	6686
3111304	2183938	6707
1607291	3513451	6685
2979791	713360	6690
789803	205365	6680
4601158	4612935	6680
671236	887978	6701
371344	4601158	6679
4601158	2609882	6680
510275	3617881	6680
1111808	2078809	6686
4134216	4601158	6683
510275	1853162	6685
1857379	1248686	6692
554587	90979	6700
3126231	554587	6714
3303155	510275	6679
4601158	2247078	6680
4601158	151407	6680
4015653	4601158	6679
729044	554587	6777
3224548	3111304	6714
1829634	4601158	6679
1594605	510275	6683
2427316	300559	6966
554587	1003207	6693
4601158	1329693	6685
4601158	676807	6680
4533923	4601158	6679
554587	4124451	6693
3360286	1205261	6697
510275	1439508	6680
4601158	1131893	6680
4601158	3000133	6680
4514417	4394860	6682
2296470	2588418	6690
3272956	510275	6679
4514417	92908	6682
2305293	4601158	6679
4601158	4560178	6680
554587	4039930	6693
510275	2043471	6680
3257800	4601158	6679
554587	1814030	6693
1211565	4601158	6679
532699	1857379	6681
554587	2141897	6693
4601158	849926	6680
554587	2506686	6699
1418092	4601158	6679
554587	4074673	6686
4601158	1049101	6680
4515900	510275	6683
2220125	4601158	6683
554587	3833400	6711
4601158	57822	6680
510275	2588611	6685
4022179	3826665	6685
4601158	3040636	6680
288261	4601158	6679
887978	2706329	6695
3687451	1127392	7442
510275	2415630	6680
4601158	3827373	6680
1111808	729044	6686
4601158	2465889	6680
510275	4183137	6680
2510440	4273011	6679
1150541	2247702	6702
4601158	3514188	6680
953154	4601158	6679
554587	3516118	6693
789803	2713402	6680
2826575	4601158	6679
4514417	3784441	6682
554587	2009858	6693
612035	4601158	6679
2537873	4601158	6679
789803	941926	6680
824588	4601158	6679
554587	3397749	6693
3983330	4601158	6679
3889190	4601158	6679
789803	2623182	6680
3901710	4601158	6679
2817892	808670	6714
1953419	1111808	6777
1271618	510275	6679
159418	3516671	6690
2157546	992063	6690
1743764	4601158	6679
564944	808670	6714
554587	1365655	6699
3450176	1857379	6955
2557344	2343644	6959
2006604	1857379	6681
554587	2594508	6693
2860669	1857379	6680
4601158	3594094	6691
1264756	4601158	6679
4601158	3840626	6680
510275	1111291	6680
4601158	3743892	6685
2579839	510275	6679
4583433	887978	6701
1857379	1094557	6696
1857379	3036409	6692
1527473	300559	7240
160729	4601158	6679
675326	2343644	6683
510275	2138985	6680
1857379	2157546	6697
4514417	1214566	6682
4601158	963018	6906
4514417	4479829	6682
4601158	642368	6680
554587	140131	6686
4418198	4601158	6679
4106162	510275	6679
3963453	4601158	6679
4601158	1001573	6680
1877274	244638	7059
2668081	4601158	6679
4514417	596260	6682
4601158	1896167	6680
1857379	2302775	6692
4601158	87944	6680
3168609	510275	6679
4601158	1363200	6685
1896167	4601158	6679
675326	1857379	6955
4514417	3317044	6682
1983727	4601158	6679
554587	982855	6699
56319	4601158	6679
4601158	380927	6680
4601158	409754	6680
3292823	510275	6679
2919148	3360286	6704
4355425	4601158	6679
483830	4601158	6679
2296470	3335925	6690
4282925	510275	6679
4535609	510275	6679
554587	3200673	6711
4514417	1391726	6682
554587	656872	6693
4601158	4153891	6680
4601158	3425485	6680
510275	1329693	6685
2737405	4341718	6685
4601158	2919795	6680
1857379	3403377	6703
1111808	3262076	6686
4601158	434981	6680
779405	71717	6681
4601158	2593035	6680
4594281	4601158	6679
4601158	3063713	6680
2678206	4601158	6679
4023351	1569272	6688
219554	4601158	6679
4601158	218416	6680
512173	4601158	6679
4273011	3243947	6685
4514417	150979	6682
510275	3465451	6680
3807697	2157546	6688
1607291	4106953	6685
510275	3411041	6685
554587	1879859	6686
1150541	3210499	6705
3103413	244638	6704
887978	1580342	6695
2081808	497694	6697
3111304	65847	6699
4383264	510275	6683
1278073	2343644	6683
789803	4432533	6680
315844	510275	6679
4080655	4601158	6679
4601158	2103363	6680
3111304	1859114	6708
4514417	2246020	6682
4601158	1470928	6680
4601158	288881	6680
1857379	3331645	6696
554587	3023530	6693
4601158	4264964	6680
4264186	4601158	6683
554587	775350	6693
4601158	143288	6685
4601158	1926280	6680
1111808	3083061	7195
554587	2408920	6693
1790736	789803	6683
4514417	416735	6682
554587	2101264	6693
2592151	4601158	6679
4225032	244638	7217
4601158	3861633	6691
4601158	3906349	6680
168636	4601158	6679
4601158	1770228	6680
2413767	2633898	7529
3856621	4601158	6679
554587	1718021	6700
510275	1529106	6680
506162	4601158	6679
789803	2995415	6680
3001007	1150541	7437
1594605	4601158	6683
2495730	510275	6683
554587	1472030	7187
3564040	1857379	6681
789803	1312700	6680
1111808	2203347	6686
4601158	1376072	6680
2920199	2296470	6688
4601158	1578863	6680
3365226	2296470	6688
2594508	4601158	6679
4601158	2844116	6680
4496252	554587	6777
4601158	971683	6685
3825442	3111304	6714
2302775	497694	6688
4514417	1525077	6682
4484989	4601158	6679
2388423	506258	6702
4601158	4551927	6685
789803	838615	6680
1857379	3094858	6696
2009078	2860669	6683
554587	2118713	6693
2306314	4601158	6679
3646109	510275	6679
3594094	4601158	6904
463706	510275	6683
554587	2647385	6693
510275	994384	6680
789803	997393	6680
2424699	3111304	6714
2121401	4601158	6679
4514417	2010988	6682
664994	510275	6683
554587	2248218	6699
4514417	3524573	6682
1606747	4601158	6679
1859114	3111304	6714
1857379	1642507	6956
4601158	2486446	6685
3111304	2588096	6707
554587	2007830	6693
2919220	2296470	6782
3018193	4601158	6679
4514417	2152178	6682
3310363	4601158	6679
1857379	2737405	6679
510275	3801627	6685
4601158	4057651	6680
3288198	4601158	6679
4601158	1815350	6680
1857379	3332115	6703
1111808	1292943	6686
4601158	41163	6680
141765	231609	7217
951457	1111808	6777
2992438	4601158	6679
2237058	4601158	6679
554587	2087760	6693
4601158	894676	6680
4601158	3395160	6680
4601158	3221435	6680
2471535	4601158	6679
554587	605493	6693
1013793	887978	6838
1167742	1857379	6955
234442	4601158	6679
2188750	4601158	6679
554587	2642343	6699
510275	605586	6685
576225	4601158	6679
554587	3267885	6686
4601158	3303625	6680
554587	2882692	6708
4514417	4365860	6682
115144	554587	6777
4601158	2939107	6680
554587	2545671	6693
4514417	1782523	6682
366823	1712256	6904
510275	94447	6680
638618	4601158	6679
2427316	2383080	6966
554587	950027	6693
4514417	160729	6682
902436	2343644	6683
1506493	510275	6683
4514417	3584855	6682
4514417	4555765	6682
4514417	2450301	6682
3003361	4601158	6679
789803	2668793	6680
1402958	3096049	6683
2863405	4601158	6679
3644654	4601158	6679
1318246	4601158	6679
248591	4601158	6683
554587	1090618	6693
789803	4068564	6680
4601158	140131	6686
1964956	4601158	6679
3393813	3111304	6714
3150736	4601158	6679
4514417	3783256	6682
1670742	1205261	6688
4458957	4601158	6679
3686898	1857379	6681
554587	827317	6693
554587	3705620	6693
510275	4559418	6680
1702076	2979791	6688
360705	3347441	6691
1814484	4467969	7020
4601158	4582807	6685
2355131	4601158	6679
887978	1464082	6689
510275	2518880	6685
4425301	4601158	6679
3566764	1223746	6683
3132877	4601158	6679
554587	236999	6693
4273011	244638	6680
2633898	2413767	7442
1805805	554587	6694
2281467	3111304	6714
1790736	1712256	6683
1567988	4601158	6679
1120105	510275	6683
3424339	4601158	7440
4601158	727750	6680
311095	2979791	6688
554587	3560729	6693
4601158	415026	6680
510275	2909002	6685
4514417	1708882	6682
2775057	4601158	6679
2296470	178734	6690
789803	4362842	6680
554587	941926	6699
3168232	1857379	6681
789803	1092417	6680
3111304	2580431	6708
4601158	1260285	6680
1700497	510275	6679
448474	4467969	7020
4601158	1921531	6685
789803	4297954	6680
510275	1407657	6680
3463469	510275	6679
789803	2309873	6680
4601158	2506010	6680
4601158	2728043	6680
1857379	4542336	6696
2973303	1111808	6777
1358796	4601158	6683
4601158	2325227	6685
3111304	799986	6708
4601158	4311422	6680
2845643	4601158	6679
554587	3162631	6693
4601158	893840	6680
510275	4107485	6680
554587	1237380	6715
789803	902752	6680
554587	3885916	6693
3973055	554587	6714
554587	1041871	6708
1363200	510275	6683
4601158	1960894	6680
721546	510275	6683
554587	773002	6693
4514417	2461076	6682
4601158	1978954	6680
789803	2233011	6680
1004125	554587	6714
3505042	2860669	6683
554587	429180	6693
420632	1111808	6777
3504019	510275	6683
554587	2124959	6686
510275	35015	6685
4514417	3885216	6682
4514417	783756	6682
4601158	3972073	6680
4601158	2949488	6680
4514417	1518410	6682
789803	1462187	6680
554587	3668628	6699
510275	1760241	6680
2128685	4601158	6679
4077960	510275	6683
1118124	510275	6679
1712256	1001038	6691
554587	1248100	6708
554587	3472505	6693
2621370	4601158	6683
789803	4631531	6680
3826665	2860669	6683
510275	1726028	6680
20895	510275	6683
4514417	3809241	6682
789803	1104870	6680
4631454	554587	6777
789803	3937311	6680
510275	548362	6685
2456972	3111304	6714
4601158	3245078	6680
244638	2711768	6905
4601158	3310363	6680
789803	4412551	6680
1310783	4601158	6679
3111304	2640493	6708
4601158	3113197	6685
1857379	1702076	6692
554587	3793340	6693
4601158	4327478	6680
3111304	2571521	6708
4514417	214240	6682
1861613	4601158	6679
888605	4601158	6679
554587	2596962	6693
4601158	1204452	6680
4514417	47707	6682
4023351	1857379	6681
849926	4601158	6679
4601158	3864688	6680
4601158	2582647	6680
4601158	4537763	6680
4210139	4601158	6679
2266384	4601158	6679
808670	3226461	6708
1857379	4335556	6801
554587	2919220	7248
554587	4449780	6693
3506227	510275	6683
4514417	4506142	6682
4171877	4601158	6679
2259362	4601158	6679
4514417	107644	6682
1877555	4274742	6903
1712256	3513451	6685
1670366	4601158	6679
932057	1205261	6688
3174636	4601158	6679
478024	4601158	6679
4514417	2170019	6682
3111304	3981780	6708
554587	1182515	6693
4601158	4077960	6685
324379	4601158	6679
707088	4062610	7240
4514417	29484	6682
4273011	4196977	6685
3684508	510275	6679
554587	449231	6693
789803	744868	6680
4514417	2192038	6682
510275	723187	6680
4601158	1327670	6680
789803	2823853	6680
789803	1662823	6680
554587	2521251	6693
3628856	510275	6679
554587	2275411	6693
723187	510275	6679
4514417	2266384	6682
4601158	156323	6680
2377246	4601158	6679
554587	1116501	6693
577617	4601158	6679
4601158	175594	6685
244638	3072445	6905
4601158	2271175	6680
773002	4601158	6679
244638	2045089	6750
4601158	3424339	6906
554587	2734796	6693
554587	1035608	6693
2045089	244638	6747
510275	4412767	6680
301288	554587	6765
301288	554587	6700
554587	4178059	6693
4514417	2158388	6682
2844680	1857379	6955
789803	1783755	6680
3687451	3513451	7442
2343644	675326	6685
4601158	902752	6680
2049697	887978	6701
554587	4142046	6693
4514417	2973001	6682
4601158	1207684	6680
244638	2860669	6679
4514417	4349457	6682
510275	3509212	6685
4514417	3970358	6682
3997679	2343644	6904
2061578	4601158	6683
4514417	3689763	6682
1312700	4601158	6679
4514417	1229552	6682
554587	1621702	6699
1688899	510275	6679
1857379	3716249	6696
4503965	2157546	6688
4601158	42680	6680
932574	4601158	6679
1857379	144173	6692
4601158	1090618	6680
4601158	4609673	6680
4514417	3630437	6682
563182	2343644	6683
510275	1013590	6680
3391494	4601158	6679
3963453	510275	6679
3353542	510275	6683
4601158	2621370	6685
808670	1864238	6708
2633898	27258	7442
1336059	808670	6700
1857379	2516026	6692
2775664	1857379	6681
4601158	2170019	6680
554587	4012823	6693
2506010	4601158	6679
4317527	4601158	6679
4514417	1462150	6682
4514417	3964694	6682
789803	2843040	6680
789803	955549	6680
1210279	4601158	6679
510275	203247	6680
2495820	497694	6688
789803	3922674	6680
2013186	4601158	6683
789803	1799025	6680
789803	4259369	6680
1857379	3035013	6692
4084760	1857379	6681
3173902	4601158	6679
4601158	2471270	6680
1787540	4601158	6679
2467866	1857379	6681
3808188	1857379	6681
4601158	432545	6680
3554595	4601158	6683
554587	848859	6693
554587	1532948	6699
3181612	510275	6679
3111304	987859	6708
1111808	2406498	6882
4601158	3755498	6680
4467969	159418	7018
2471535	510275	6679
510275	3174636	6680
1098424	554587	6694
1005266	4601158	6679
3304861	4601158	6679
2041023	2157546	6688
4123729	4601158	6679
3422737	4601158	6679
4601158	2610648	6680
4131909	4601158	6679
2376259	4601158	6679
3112893	1380936	6688
1111808	4496252	6686
1164341	1857379	7061
3254888	510275	6679
1111808	1035968	6882
4637663	4601158	6679
1857379	508173	6957
4601158	1119441	6685
1518410	510275	6679
4601158	1976486	6680
2561113	3360286	6687
4514417	3871145	6682
4601158	1890316	6680
4601158	4333054	6680
2057371	4601158	6679
510275	161302	6680
2241972	4601158	6679
3668418	1857379	6681
4514417	2196958	6682
3686898	2157546	6688
510275	376639	6685
510275	3425485	6680
1043471	510275	6679
4255013	4601158	6679
3040924	244638	6681
3559136	4601158	6683
65847	510275	6679
554587	1886104	6693
4601158	1005266	6680
1391726	510275	6679
887978	3642499	6695
554587	2543682	6708
4601158	748751	6680
4601158	1567988	6680
510275	2764632	6680
2979791	244638	6704
789803	1842567	6680
2343644	3635360	6685
1343434	510275	6679
2633898	675326	7442
3008090	510275	6679
2919148	954886	6690
2633898	902436	7442
1213042	4601158	6679
4601158	614139	6680
554587	621315	6699
654498	1857379	6681
94378	1857379	6955
2086009	4601158	6679
1365652	4601158	6683
554587	1803477	6693
1111808	2654470	6678
1857379	992063	6692
1857379	3861633	6696
3088807	554587	6721
3035013	1857379	6681
554587	3586604	6699
4386269	510275	6683
1857379	3815570	6692
4033516	1111808	6777
4514417	3816294	6682
4601158	853337	6685
3555851	4601158	6679
554587	4470119	6693
2938804	4601158	6679
3111304	2097780	6708
554587	1483646	6693
1857379	3294973	6697
4514417	2111773	6682
4601158	414137	6680
4514417	4356177	6682
4601158	675910	6680
4601158	984779	6680
1870840	510275	6679
2971232	4601158	6679
4601158	393186	6680
1857379	1922668	6692
797864	3111304	6714
554587	22844	6693
4601158	225121	6680
3509212	4601158	6683
554587	3595974	6693
885016	244638	7059
510275	3236807	6680
4601158	4484989	6680
554587	2219723	6715
4514417	2427233	6682
4514417	4568754	6682
1572355	4601158	6679
4644903	4601158	6679
2846839	2343644	6683
4537763	4601158	6679
4601158	919750	6680
4601158	1651952	6680
4601158	4342259	6680
2009078	1607291	6683
4383494	4601158	6679
1857379	3826665	6703
4601158	655834	6680
554587	2769728	6711
554587	1805805	6700
2708909	4601158	6679
4601158	638618	6680
789803	3753677	6680
1857379	1705005	6692
2343644	2921019	6685
2736070	510275	6679
4514417	1960894	6682
4153891	4601158	6679
4601158	3684508	6680
1223746	3566764	6685
287921	714926	6690
4601158	338291	6680
3687451	2947711	7442
2860669	4601158	7440
853337	510275	6683
4297954	4601158	6679
2157546	4467969	7020
1111808	2378785	6686
789803	1226982	6680
1458682	510275	6683
4601158	1733490	6680
4601158	236999	6680
2020247	510275	6683
789803	4273011	6906
2427316	141765	6966
554587	444102	6693
4601158	4210139	6680
4601158	1440155	6680
382565	1839354	6902
510275	1034894	6680
554587	2729178	6686
510275	4158386	6680
3339435	4601158	6679
4514417	4474703	6682
789803	1735823	6680
4601158	4099807	6680
4514417	3202306	6682
510275	2190385	6685
4514417	987859	6682
1111808	1553330	6678
3007122	1150541	7437
554587	225121	6693
4601158	3784441	6680
4514417	1194001	6682
1111808	1503129	6686
416516	3111304	6714
4601158	1945092	6680
4601158	3723868	6680
4601158	3708152	6680
3111304	3200134	6708
4514417	2552859	6682
27258	4601158	6683
4601158	752900	6680
3415292	1111808	6777
3081928	887978	6701
4601158	1004721	6685
789803	4277669	6680
789803	2158388	6680
2321805	1857379	6681
554587	1346153	6693
1111808	3603629	6686
4514417	2710009	6682
967975	4601158	6679
1481623	1111808	6883
4601158	1770328	6680
955549	4601158	6679
4601158	2777070	6680
808670	1015966	6707
4601158	1458682	6685
1857379	778130	6703
4601158	2596400	6680
554587	890867	6708
4601158	1837691	6680
1857379	789803	6679
4601158	4080655	6680
554587	4271627	6693
554587	2003410	6693
159418	778130	7564
1111808	794435	6686
311095	1857379	6681
778130	1857379	6955
4601158	1449775	6680
2919220	4175291	6782
4623473	367986	7363
4601158	3005497	6680
3111304	4582699	6708
510275	2808600	6680
117923	4601158	6683
1205261	3663058	6690
4522605	4601158	6679
2296470	231609	6704
850073	510275	6679
4601158	2534875	6680
789803	3728416	6680
4497346	4601158	6679
554587	2428881	6700
269697	4601158	6679
414056	510275	6683
4601158	1410615	6680
2345147	4601158	6679
2388423	3641508	6702
1303771	510275	6679
4514417	2265607	6682
2343644	553840	6691
554587	3939885	6699
2798366	4601158	6679
789803	192290	6680
1857379	932057	6692
