2534425	2919220	59
2517807	2919220	58
177856	2919220	59
2100245	2919220	59
1846030	2919220	59
2030914	2919220	59
3287022	2919220	59
618689	3050276	35
2747241	2919220	58
4106045	2919220	59
3198874	3050276	17
163997	2919220	58
3034661	2919220	59
1273409	3050276	17
2609842	3050276	35
3018376	2919220	59
2818379	3050276	17
805141	2919220	59
1191313	3050276	17
1997599	3050276	35
1895298	2919220	59
1617369	2919220	59
1663678	2919220	59
4323753	3050276	17
4652430	2919220	59
880863	2919220	59
2782794	2919220	59
3524607	3050276	17
4211285	2919220	59
1638444	2919220	58
74202	3050276	17
195073	3050276	17
286460	3050276	17
1386858	3050276	35
3138564	2919220	59
3395312	3050276	17
460233	2919220	59
73233	3050276	17
1605068	2919220	58
4206247	3050276	17
2916656	3050276	35
3079531	2919220	59
1994719	2919220	978
3616302	2919220	59
2409400	3050276	17
2166784	2919220	59
3464770	3050276	17
3812598	3050276	17
510101	2919220	59
56388	3050276	17
2032120	3050276	17
496022	2919220	58
3686972	3050276	17
559438	2919220	59
3243653	93608	190
3751578	2919220	59
1445245	3050276	17
822864	3050276	17
600622	2919220	59
1852690	3050276	17
4446860	3050276	17
4486396	3050276	17
2647538	3050276	17
1074796	3050276	17
3021682	2919220	58
2010983	3050276	35
1909061	3050276	17
2562185	3050276	17
4081955	2919220	58
880863	3050276	17
819488	3050276	17
1910022	3050276	17
1335313	2919220	59
3906194	3050276	17
1043291	2919220	59
1215572	3050276	17
3804836	2919220	59
2080950	3050276	17
1869397	2919220	59
1838460	3050276	17
3410670	2919220	59
136277	3050276	17
1998542	3050276	17
3626004	2919220	59
1336616	2919220	59
2589742	2864161	372
2702851	3050276	17
2882282	3050276	17
1361816	3050276	17
406763	2919220	59
3712445	2919220	59
2686812	3050276	17
3085577	2919220	58
2058427	2919220	59
1178208	2919220	59
1104381	3462811	61
373709	3050276	17
4110815	3050276	17
3898698	2919220	59
4520918	2919220	58
3928454	3050276	17
682640	2919220	59
1779005	2919220	59
3316439	2919220	58
2813596	2919220	59
1479786	3050276	17
4176785	2919220	59
2639070	3050276	17
1785543	3050276	35
2799452	2919220	59
2556198	2919220	58
1923559	2919220	59
1372772	3050276	35
1256238	2919220	59
2621837	3050276	17
2190392	2919220	59
3047973	2919220	59
3301701	2919220	59
2797876	2919220	59
3734307	3050276	17
1481961	2919220	59
1403030	2919220	59
2993273	2919220	59
2212242	2919220	58
830111	2919220	59
4429999	2919220	59
668902	3050276	17
2963521	3050276	17
2085351	2919220	59
2830315	2919220	59
3592610	2919220	59
3804836	3050276	17
1812696	2919220	59
109328	2919220	58
3198774	3050276	17
1754815	3050276	17
2410373	2919220	59
2698473	2919220	59
538096	2139959	180
2144705	3050276	17
1999386	2919220	58
1935765	2919220	59
1197805	3050276	35
3815745	3050276	35
2420622	3050276	17
619928	2919220	59
3452681	3050276	35
3524303	3050276	35
2771236	3050276	17
1775617	3050276	17
2653391	3050276	17
2410344	2919220	59
342234	3050276	17
1104381	3050276	47
2378382	3050276	35
559438	3050276	17
329360	2919220	59
3859018	2919220	59
3468557	3050276	17
1062751	3050276	17
4606330	3050276	17
3475345	3148873	105
3164795	2919220	59
3783251	2919220	59
833392	3050276	17
3812598	2919220	59
4293150	2919220	59
764534	2919220	59
1788386	2919220	59
2684880	2919220	59
3052832	2919220	58
2789635	2919220	59
853066	3050276	17
3729056	3050276	35
3296129	3050276	17
681002	2919220	58
389389	2919220	59
2586394	2919220	59
3566916	2919220	59
3287899	2919220	59
2559628	3050276	17
4409379	2919220	58
4450514	2919220	59
3264634	2919220	59
3034661	3050276	17
1393499	3050276	17
1359372	3050276	35
3081878	3050276	17
3063571	3050276	17
4310912	3050276	17
2206128	3050276	35
2729830	2919220	59
2666128	3050276	35
1086821	3050276	17
1384110	2919220	64
1988916	3050276	17
856996	2919220	58
3263442	3050276	17
2376518	3050276	17
3797724	2919220	59
4378839	2919220	59
4629898	3050276	17
2490449	2919220	58
1579166	2919220	59
871523	2919220	59
2819172	2919220	59
432532	93608	105
1205000	2919220	59
66352	3050276	35
1042349	3050276	17
3667219	3050276	17
2223540	2919220	59
3498573	3050276	17
921680	2919220	58
2441697	3050276	17
3532213	3050276	17
2761982	2919220	59
431982	3050276	17
3797659	2919220	59
1482380	3050276	35
4429999	3050276	17
4350273	3050276	17
2210153	2919220	59
3625910	3050276	17
1782337	3050276	17
3290626	2919220	59
2399057	2919220	59
3710888	2919220	59
4499639	3050276	35
1752561	2919220	59
4224963	2919220	59
1867291	2919220	59
2714879	3050276	17
3102989	3050276	17
1372166	2589742	1366
3810328	3050276	35
1378379	2919220	59
26561	2919220	59
2503213	2919220	58
4289542	2919220	59
3680873	2919220	58
1758960	3050276	17
2970360	3050276	17
3452315	2919220	58
4351814	2919220	59
2023220	3050276	17
4364222	2919220	59
3394624	2919220	59
921680	3050276	35
1142650	3050276	17
3021771	3050276	17
4653709	3050276	35
3906939	3050276	17
3915111	4123562	459
1715282	2919220	59
2116550	3050276	17
226399	2919220	59
2412860	2919220	59
4582558	3050276	17
669664	3050276	17
1189000	2919220	59
3738214	2919220	59
3773723	3050276	17
3452681	2919220	58
588816	3050276	17
3177031	3050276	17
1807025	3050276	35
4551093	2919220	58
282139	3050276	17
2124699	3050276	17
3399317	93608	105
943441	2919220	59
1635882	2919220	59
2722986	3050276	17
2107446	2919220	59
4264466	2919220	59
2406453	2919220	59
3360753	3050276	35
4267387	2919220	59
3590635	2919220	58
2621837	2919220	59
1352339	3050276	17
3803696	2919220	59
3047894	3050276	17
1539234	3050276	17
61623	2919220	59
389517	2919220	58
3263005	2919220	59
494380	3050276	35
467611	3050276	17
1911270	3050276	17
4502477	3050276	17
2754125	3050276	17
1911270	2919220	59
2791984	3050276	17
2992689	3050276	35
3469447	2867383	459
4457921	3050276	35
4442291	3050276	35
3878875	3050276	17
2002866	3050276	17
1112545	2919220	59
4033080	2919220	59
3497180	2919220	59
4078844	3050276	17
3547733	2919220	59
4574088	2919220	59
1517643	2919220	59
227720	2919220	59
716437	3050276	17
4164528	2919220	59
30729	2919220	58
1361795	3050276	17
1003933	3050276	17
417792	2919220	59
3201094	3050276	35
4425813	2919220	59
4552676	3050276	17
2085351	3050276	17
903631	3050276	17
2528109	3050276	17
4534685	3050276	35
4576543	3050276	17
4226823	2919220	59
3291753	3050276	17
1801980	3050276	17
584307	3050276	17
362840	3050276	17
4459617	2919220	59
2286971	2919220	58
4275150	2919220	58
4311101	3050276	17
1305329	2919220	59
3364184	3050276	17
866725	2919220	59
1113402	3050276	17
3286130	2919220	59
1323607	3050276	17
2303318	3050276	17
3796750	2919220	59
3607119	3050276	17
251227	3050276	35
883812	2919220	59
3402469	3050276	17
3084896	2919220	59
2556198	3050276	35
1593221	2919220	59
4629801	3050276	17
147132	3050276	35
85398	2919220	59
742352	3050276	35
1405673	3050276	17
2791802	2919220	58
3337300	2919220	58
2275243	3050276	17
3839527	3050276	17
2652197	3050276	35
4042919	2919220	59
932910	2919220	59
242731	3050276	17
4044001	2919220	59
3303810	3050276	17
4263073	3050276	17
2021928	2919220	59
1621222	3050276	17
2056015	3050276	35
322170	3050276	35
934042	3050276	17
3697516	2919220	59
651225	2919220	59
4425813	3050276	17
3023801	2919220	59
2906012	2919220	59
637492	3050276	17
968054	2919220	59
1054866	2919220	59
2402526	3050276	17
2213262	2919220	58
1806507	2919220	59
233165	2919220	58
3597285	3050276	17
3102193	3050276	17
925090	2919220	59
2746384	2919220	58
2420060	3050276	17
3265942	3050276	17
1368094	2919220	59
1580703	3050276	17
3478879	2919220	59
3734780	3050276	17
1514839	3050276	17
217983	2919220	59
107424	3050276	17
524696	2919220	59
813387	2919220	59
3192528	3050276	35
3041799	3050276	17
300594	3050276	35
2139959	3515944	71
2758456	2919220	59
163997	3050276	35
2509030	2919220	59
4294013	3050276	17
2441317	2919220	59
246441	3050276	17
1043291	3050276	17
3906669	2919220	59
17100	3050276	35
1135816	2919220	59
682271	3050276	17
3037654	2919220	59
3773911	3050276	17
2455723	2919220	59
4006398	3050276	35
3148873	1286437	90
1124944	2919220	59
527634	3050276	17
893485	3050276	17
269327	2919220	58
3732717	2919220	59
919856	3050276	17
2285709	3050276	35
4054560	2919220	58
461157	3050276	17
2231478	2919220	59
4599702	3050276	35
4412219	2919220	59
1335351	3050276	17
73233	2919220	59
974745	2919220	59
703407	2919220	59
4054670	3050276	17
3678067	3050276	17
140818	3050276	17
362840	2919220	59
1286437	3050276	173
2629049	2919220	59
1551797	3050276	35
3075852	3050276	17
1393499	2919220	59
3993862	2919220	59
393881	2919220	59
338502	2919220	59
649611	3050276	35
1203572	2919220	59
883812	3050276	17
819032	3050276	17
2707489	2919220	59
3219284	2919220	59
681002	3050276	35
4469694	2919220	59
3979447	3050276	35
1482741	3050276	35
3369668	2919220	59
2939253	3050276	35
1948168	3050276	17
1142333	3050276	17
2085608	3050276	17
1485415	3050276	17
2070387	2919220	59
2139959	566198	459
786282	2919220	64
875019	3050276	17
469374	3050276	17
3047894	2919220	59
2376518	2919220	59
2358028	3050276	35
4291147	2919220	58
4271671	3050276	17
2909791	3050276	17
937817	2919220	58
59553	3050276	17
3317385	3050276	35
4270564	2919220	59
3227575	3050276	17
884303	2919220	59
4319480	3050276	17
4031938	2919220	59
2493531	2919220	59
2531044	3050276	17
4069128	3050276	35
637894	3050276	17
2212242	3050276	35
1798999	2919220	59
2095035	2919220	59
824503	2919220	58
1962381	3050276	17
4312284	3050276	35
4577011	2919220	59
3633706	3050276	35
2295616	3050276	35
2589742	238864	372
3288836	3050276	17
2778599	3050276	17
558618	2919220	59
4650964	3050276	17
3018468	2919220	59
1473819	2919220	59
2453083	2919220	59
130146	2919220	59
239425	2919220	59
3642333	3050276	17
90260	3050276	17
3984946	2919220	59
2607168	3050276	17
3761249	3050276	35
3219085	3050276	17
2690923	2919220	59
4505226	2919220	59
3533455	3050276	17
4208350	3050276	17
1355367	2919220	59
3388201	3050276	17
4406032	3050276	17
1615365	2919220	59
2686514	2919220	58
1113402	2919220	59
2582627	2919220	59
1983744	3050276	17
1539234	2919220	59
1824945	3050276	17
422499	2919220	59
4088937	3050276	17
2663045	3050276	35
1184623	2919220	58
1593690	2919220	58
1244773	3050276	17
1344664	3050276	17
1909061	2919220	59
459842	3050276	35
666533	3050276	35
703809	3050276	17
4654973	3050276	35
336116	2919220	59
2144705	2919220	59
2375289	2919220	59
919856	2919220	59
1983572	2919220	58
2671692	2919220	58
1398125	3050276	17
4467165	3050276	35
3044827	2919220	59
991226	2919220	59
610537	2919220	64
1400478	3050276	17
2146538	2919220	59
4099862	2919220	59
3198061	3050276	17
3958795	367494	102
3805019	2919220	59
1872132	2919220	59
2232342	3050276	35
3041973	2919220	59
437863	3050276	17
2404693	3050276	17
1459165	3050276	35
2082058	2919220	59
2671678	3050276	17
2906012	3050276	17
724042	3050276	35
3096448	3050276	35
995991	2919220	59
4379786	2919220	59
887011	3050276	17
3055061	2919220	58
4271671	2919220	59
3144812	3050276	17
1809900	3050276	17
2923533	3050276	17
3817311	2919220	59
87735	2919220	58
1754815	2919220	59
525914	3050276	17
2750174	2919220	59
2727251	3050276	17
3626004	3050276	17
2359105	3050276	35
1384110	2919220	58
217176	3050276	17
3071932	3050276	17
2187403	2919220	59
979211	2919220	59
837944	3050276	17
3448452	2919220	59
4521520	2919220	59
2296507	2919220	59
4488841	2919220	58
2955918	3050276	17
3597351	2919220	59
3379189	3050276	17
3218288	3050276	17
3423399	3050276	17
398099	3148873	105
2683597	3050276	17
4600342	2919220	59
426846	2919220	59
3415739	2919220	59
155157	3050276	17
517974	3050276	17
631940	3050276	17
4459617	3050276	17
4615261	3050276	17
1775751	2919220	59
2031989	2919220	59
282519	2919220	58
4330525	2919220	58
715174	2919220	59
1184073	3050276	17
2810758	2919220	59
4024326	3050276	17
17971	3050276	17
881892	3050276	17
474611	3050276	17
1436164	3050276	17
3063571	2919220	59
1223406	2919220	59
2589742	3462811	372
314045	3050276	35
2307683	3050276	35
3118231	2919220	59
3972112	3050276	17
3996990	2919220	59
35907	3050276	35
2872487	2919220	58
499168	2919220	59
3764150	2919220	59
438716	2919220	59
4175440	3050276	17
534995	3050276	35
3916589	1142917	102
2604579	2919220	59
1060509	2919220	59
1576804	2919220	59
2418339	3050276	17
1669158	2919220	59
3766066	2919220	59
2722817	2919220	58
4427406	3050276	17
1203354	3050276	17
846341	2919220	59
695389	3050276	17
4264466	3050276	17
4535361	3050276	17
3028257	3050276	17
3240307	3050276	17
744916	2919220	59
4521587	3050276	17
4449573	2919220	59
714150	2919220	58
2339948	3050276	17
819488	2919220	59
2580712	3050276	17
3787942	3050276	35
2710447	3050276	17
2823894	3050276	17
3518279	2919220	59
3553435	2919220	58
2187034	2919220	59
1671040	2919220	58
1597585	3050276	17
703526	2919220	58
3190401	3815718	102
1966286	3050276	17
2082058	3050276	17
1138858	2919220	59
4116421	3050276	17
999253	2919220	58
1841110	2919220	59
2078477	2919220	58
3959736	2919220	59
3013202	3050276	17
3813152	3050276	17
3285723	3050276	17
775455	2919220	59
1925424	2919220	59
4078844	2919220	59
3525142	2919220	59
2968517	3050276	17
4299030	2919220	59
1149412	2919220	59
112835	3050276	17
3963472	3050276	17
4351770	3050276	17
2023220	2919220	59
3397441	3050276	17
3028257	2919220	59
140818	2919220	59
1202902	2919220	59
1807188	3050276	17
4065226	2919220	59
4251452	2919220	59
1956278	2919220	59
3887371	3050276	17
2243731	3050276	17
287970	2919220	59
3263442	2919220	59
353452	2919220	59
1777068	3050276	17
879123	2919220	59
1810242	3050276	17
4576883	2919220	59
3846463	3050276	17
4111572	3050276	35
3948237	2919220	59
2759419	3050276	35
3633706	2919220	58
2930247	2919220	59
4166212	3050276	17
2556198	2919220	64
256613	2919220	59
2686812	2919220	59
2750640	3050276	17
4428763	3050276	35
629549	3050276	17
162478	2919220	59
1467014	3050276	17
4384432	2919220	58
1925353	3050276	35
2047901	2919220	59
3815718	3190401	459
2197929	2919220	58
846395	3050276	17
1574629	3050276	17
4141348	3050276	35
2231478	3050276	17
1765360	3050276	17
2517807	3050276	35
2163546	3050276	35
1300575	2919220	59
1111636	2919220	58
1819899	2919220	59
1332507	2919220	59
241138	3050276	35
618132	3050276	17
112835	2919220	59
867979	2919220	59
3134512	3050276	35
2575943	2919220	59
1291848	2919220	58
3247101	2919220	59
1208203	2919220	59
3834062	2919220	59
738776	2919220	59
3767861	3050276	35
3114406	2919220	59
3008090	3050276	17
2006241	2919220	58
1994759	3050276	17
508367	2919220	59
1838082	2919220	58
3996990	3050276	17
3953451	2919220	59
1932832	3050276	17
119269	3050276	17
4338272	3050276	17
2087786	3050276	17
2916345	3050276	35
194501	2919220	58
629549	2919220	59
813801	2919220	59
3813152	2919220	59
655303	2919220	59
1824945	2919220	59
1903426	3050276	35
2483023	3050276	17
928474	3050276	17
3817311	3050276	17
132425	3050276	17
132425	2919220	59
3480246	2919220	59
3148873	1531818	66
542647	2919220	58
431560	2919220	58
2826811	2919220	59
490840	3050276	35
4471520	3050276	17
4100311	3050276	35
3983001	3050276	17
2695190	3050276	17
2926688	2919220	58
3096448	2919220	58
305406	2919220	59
4069128	2919220	58
3972112	2919220	59
3168040	2919220	59
3728461	2919220	59
338255	2919220	59
923647	3050276	35
677739	3050276	17
1779789	3050276	17
3048816	2919220	59
4477790	2919220	58
123534	3050276	17
2975454	3050276	17
1983247	2919220	59
926092	2919220	58
3190401	2838084	105
3976118	3050276	17
2681154	3050276	17
3043700	3050276	17
3992050	2919220	58
2311625	3050276	17
1432068	3050276	17
1244773	2919220	59
2184315	2919220	59
982463	2919220	59
2919220	3050276	683
4457921	2919220	58
1433468	3050276	17
1510709	3050276	17
2410995	2919220	58
1905143	2919220	59
292638	2919220	59
2652197	2919220	58
3112555	2919220	58
4160941	2919220	59
303100	2139959	102
3836722	2919220	59
2937049	2919220	59
3839527	2919220	59
4149047	3050276	17
1841110	3050276	17
3996449	3050276	17
1369527	2919220	59
3964115	2919220	59
4254564	2919220	59
1323607	2919220	59
1547754	3050276	17
1510709	2919220	59
1824382	2919220	58
2575943	3050276	17
1741394	3050276	17
3420943	2919220	59
3112555	3050276	35
2462560	3050276	17
1158845	2919220	59
171713	2919220	59
669664	2919220	59
2592031	3050276	17
1595490	2919220	59
3017200	2838084	105
1721539	2919220	59
3632276	3050276	17
4261696	3050276	17
4269543	3050276	17
2197480	3050276	17
2730352	3050276	17
4151020	3050276	35
2452860	3050276	35
2703984	2919220	59
4471520	2919220	59
2669290	2919220	58
2183515	3050276	17
1974661	2919220	59
2697535	2919220	59
1639396	3050276	17
3490690	2919220	58
2677377	2919220	58
2805518	3050276	35
3676949	3050276	17
3334162	2919220	58
903259	3050276	17
671757	3050276	17
475641	2919220	59
3913148	2919220	64
1543671	685911	102
3154010	3050276	17
1150304	3050276	17
3491105	2919220	59
2194139	2919220	59
4337572	3050276	17
2472451	2919220	59
550697	3050276	17
1530238	3050276	17
239836	3050276	17
4348136	2919220	59
147132	2919220	58
3878754	2919220	59
2378846	1648863	459
846395	2919220	59
1025499	2919220	59
4254964	2919220	59
93608	1398241	46
3263986	2919220	59
540772	3050276	35
455986	3050276	35
3298496	2919220	59
4521520	3050276	17
2857623	3050276	17
194501	3050276	35
4261442	3050276	17
1935765	3050276	17
3410670	3050276	17
3515944	335450	74
3702973	2919220	59
1534865	3050276	17
3720843	3050276	17
2510882	3050276	17
2591140	3050276	17
157378	3050276	17
2699935	2919220	58
1106808	2919220	59
1968806	3050276	35
4405901	3050276	17
1611719	2919220	59
538096	1104381	92
4016464	2919220	59
1955045	3050276	17
292638	3050276	17
3018468	3050276	17
1970223	2919220	59
3456865	2919220	58
4013071	3050276	35
3639290	2919220	59
707159	3050276	17
4442480	3050276	17
56388	2919220	59
3822397	3050276	35
312972	3050276	35
3027494	3050276	17
3491105	3050276	17
1120880	2919220	59
2238393	3050276	17
3578885	3050276	17
2036785	2919220	59
1462066	2919220	59
2672416	2919220	59
136277	2919220	59
746656	2919220	59
4476335	2919220	59
886110	2919220	58
775455	3050276	17
3309088	3050276	17
3518279	3050276	17
1968806	2919220	58
4280254	2919220	59
777446	3050276	17
587929	3050276	35
3290626	3050276	17
325627	2919220	58
4645135	3050276	17
4151575	3050276	35
1728947	3050276	17
2857623	2919220	59
4174658	2919220	58
2677910	2919220	59
935980	2919220	58
2820693	2919220	59
1531818	3148873	170
1872285	3050276	17
2899610	2919220	58
4153103	3050276	17
2741574	3050276	17
3702973	3050276	17
1854675	3050276	35
2614462	3050276	17
2197480	2919220	59
4213817	2919220	58
743487	2919220	58
3018376	3050276	17
4295757	3050276	17
610950	2919220	59
2899458	3050276	35
467611	2919220	59
2437572	2919220	58
2591316	3050276	17
853723	3050276	17
194181	3050276	35
1872285	2919220	59
3660026	3050276	35
1280032	3050276	17
1807188	2919220	59
4328939	3050276	17
4653862	3050276	35
1978596	3050276	17
2187056	2919220	58
2140308	3050276	35
278451	2919220	59
3542345	2919220	59
3734307	2919220	59
3866852	2919220	59
1878081	2919220	58
2163546	2919220	58
2838084	3248589	90
217281	1104381	63
3834062	3050276	17
1965311	2919220	59
1925438	2919220	59
1486722	3050276	35
3148873	2919220	58
2212885	3050276	35
3809974	3050276	17
4176785	3050276	17
1685095	2919220	59
1645693	2919220	58
2881202	3050276	17
649912	3050276	17
795632	2919220	59
2190844	3050276	17
3047358	2919220	59
1410548	3050276	35
881851	2919220	59
4436122	2919220	59
1883403	3050276	35
729761	2919220	59
1104381	238864	61
3747815	2919220	59
3138218	2919220	58
733836	3050276	17
4312284	2919220	58
1117164	2919220	58
2588899	3050276	17
3021682	3050276	35
2670084	3050276	17
786282	3050276	35
40225	3050276	35
4365575	3050276	17
626033	3050276	17
995991	3050276	17
650635	3050276	17
1372772	2919220	58
267723	2919220	59
1246303	2919220	59
4163209	3050276	17
4134603	3050276	35
1559751	2919220	58
4347699	3050276	35
3923691	2919220	58
1973316	2919220	59
2820693	3050276	17
4037873	3050276	35
503102	3050276	17
3975263	2919220	59
1890559	2919220	59
3523824	3050276	17
2289418	2919220	58
2138069	2919220	59
829211	2919220	58
3787942	2919220	58
2549805	2919220	59
2214203	3050276	17
131805	2919220	59
198109	2919220	59
4263195	2919220	59
1698992	2919220	59
2574587	3050276	17
1172722	2919220	58
3386357	3050276	17
2078477	3050276	35
3487655	2919220	59
900774	3050276	17
2774284	3050276	17
3948237	3050276	17
1580703	2919220	59
408373	3050276	35
32682	2919220	58
2664424	3050276	17
1675346	2919220	58
223850	2919220	59
1499318	3050276	17
3379818	3050276	35
2589742	3638114	372
3013621	2919220	59
2463985	2919220	59
1809900	2919220	59
1940890	2919220	58
245401	93608	105
473578	3050276	17
2914773	2919220	59
2786663	3050276	17
4317761	3050276	17
1260027	3050276	35
4272041	3050276	17
824198	2919220	59
1733353	3050276	17
679497	2919220	59
2202052	3050276	17
1569545	3050276	35
1943143	3050276	17
70595	3050276	17
1258143	3050276	35
1199194	3050276	17
2001853	3050276	17
624480	2919220	59
4369140	3050276	17
3361749	3050276	35
1531818	3148873	62
1277474	3050276	17
4369790	3050276	17
2147797	3050276	35
2457506	3050276	17
3642172	2919220	59
1799475	3050276	35
2203095	2919220	59
2926688	3050276	35
2264592	2919220	59
1857123	3050276	17
2328130	2919220	58
367494	2919220	59
3247101	3050276	17
1895298	3050276	17
81538	3050276	17
2412394	2919220	59
932094	3050276	35
2472166	3050276	17
2372507	3050276	17
458619	2919220	59
4163209	2919220	59
2030914	3050276	17
779639	3050276	17
4535361	2919220	59
4333919	3050276	35
555989	2919220	59
2130720	3050276	17
2187217	3050276	17
177856	3050276	17
3604188	3050276	35
1028377	3050276	17
4380511	3050276	35
3800766	3050276	35
1496176	2919220	59
4655049	3050276	17
4204199	2919220	59
899416	2919220	58
2679610	3050276	17
3303155	3050276	17
3764706	2919220	59
2937457	2919220	59
766470	2919220	58
1427332	3050276	17
1151233	2919220	58
3218959	2919220	59
1243200	2919220	59
4314215	2919220	58
2975095	2919220	59
3550793	3050276	17
1120652	3050276	17
728688	2919220	59
358436	2919220	59
4654383	3050276	17
147229	2919220	59
469374	2919220	59
4033455	2919220	58
3581842	2919220	59
1880271	3050276	17
1132058	3050276	17
3201417	2919220	59
2137396	3050276	35
2600765	2919220	58
3480822	3050276	17
1768855	3050276	17
1721590	3050276	17
682640	3050276	17
2410344	3050276	17
4295757	2919220	59
4333142	2919220	59
2122513	2919220	59
79585	3050276	17
3337300	3050276	35
2927436	3050276	17
1973316	3050276	17
4576893	3050276	17
631940	2919220	59
1019567	3050276	35
3295167	2919220	59
1050004	3050276	17
2000811	2919220	59
1884779	3050276	35
3590635	3050276	35
3405665	3050276	17
1493360	3050276	17
3013202	2919220	59
1558568	3050276	35
1597071	3050276	17
314382	2919220	58
155979	3050276	17
4419709	3050276	17
3578885	2919220	59
2824046	2919220	59
445334	3050276	35
2220047	3050276	17
1517643	3050276	17
4442291	2919220	58
3747815	3050276	17
3422138	3050276	17
3951254	2919220	59
626172	3050276	17
1121227	3050276	17
3083573	3050276	35
295618	3050276	17
564000	2919220	59
4382294	2919220	59
4448892	3050276	17
164650	2919220	59
4532488	3050276	17
456151	3050276	17
673344	2919220	59
3316546	3050276	35
2495702	2919220	59
812178	93608	105
2410373	3050276	17
3812339	3050276	17
2368874	3050276	17
1762864	3050276	17
4376038	2919220	59
3905605	2139959	180
1764068	2919220	59
64060	3050276	17
1017974	2919220	59
3148873	3536038	280
566423	3050276	17
3905605	1104381	92
868091	2919220	59
2582627	3050276	17
1825459	2919220	59
2139959	313102	182
4339681	3050276	35
2014818	3050276	17
126256	3050276	17
1977898	2919220	58
3726243	2919220	59
3522808	2919220	59
2225593	2919220	59
4219602	3050276	17
432532	3583206	102
2086822	2919220	59
487926	3050276	17
2762460	3050276	17
4597885	3050276	17
4476335	3050276	17
3525142	3050276	17
2565712	3050276	35
923647	2919220	58
1613562	3050276	17
644022	2919220	59
2753161	2919220	58
3029040	3050276	17
1348649	2919220	59
1087195	2919220	59
2145072	2919220	59
69518	2919220	58
860453	2919220	58
2589742	2139959	828
3518530	2919220	59
2372507	2919220	59
863063	2919220	59
824198	3050276	17
353452	3050276	17
1846451	3050276	17
1721334	2919220	59
4284308	2919220	58
1332507	3050276	17
4463891	3050276	24
2366452	2919220	58
2993273	3050276	17
40546	3050276	17
1743431	3050276	17
2015693	3050276	17
3716944	3050276	17
1043244	2919220	59
2681154	2919220	59
455543	3050276	17
2761127	3050276	17
4615538	2919220	59
3047358	3050276	17
4026136	3050276	17
3637723	2919220	59
1203572	3050276	17
1155234	2919220	58
2367310	3050276	17
3132297	3050276	17
1047235	2919220	58
1634699	3050276	35
3315453	2919220	59
3575946	2919220	59
4140920	2919220	59
144988	2919220	59
4064792	2919220	59
4366935	3050276	17
69518	3050276	35
1792699	2919220	59
2287742	3050276	35
3303155	2919220	59
2481232	1001648	52
1424646	3050276	17
1431350	2919220	59
4575691	2919220	58
1354677	3050276	17
2713647	2919220	59
3167656	2919220	59
2909791	2919220	59
1790	3050276	35
2264592	3050276	17
510642	3050276	17
2541602	3050276	17
4480780	3050276	35
113881	3050276	17
2399057	3050276	17
3491788	2919220	59
1662950	2919220	58
4121867	3050276	35
4151442	3050276	17
786469	3050276	17
3523824	2919220	59
3709985	2919220	59
3744509	3050276	35
1601718	3050276	35
3837005	3050276	17
4088656	3050276	17
2448189	2919220	59
3866598	2919220	58
3952128	2919220	58
3388201	2919220	59
4610597	3050276	17
3265942	2919220	59
1056492	2919220	59
3907114	3050276	35
4573168	3050276	17
1378417	2919220	59
57486	3050276	35
1054866	3050276	17
2080950	2919220	59
3117481	2919220	58
459842	2919220	58
280304	3050276	17
369475	3050276	35
3931992	2919220	59
400084	2919220	59
3898670	3050276	17
4132801	2919220	58
4415978	2919220	58
1857496	2919220	59
4530885	2919220	59
3971968	3050276	17
3943712	2919220	58
2710933	3050276	17
981178	2919220	59
881851	3050276	17
3606289	3050276	35
4488841	3050276	35
4358875	3050276	17
3964641	3050276	17
2732345	3050276	17
4244831	2919220	59
408373	2919220	58
3075750	3050276	35
4314215	2919220	64
2188790	3050276	17
728688	3050276	17
618689	2919220	58
2407859	3050276	17
772793	3050276	17
1493326	2919220	58
4443116	2919220	59
2030247	3050276	17
3775902	2919220	59
2607168	2919220	59
91273	2919220	59
4575739	3050276	17
3530831	3050276	17
3935871	3050276	17
2753161	3050276	35
2332795	2919220	58
4615261	2919220	59
2981913	2919220	58
3163170	3050276	17
3558691	3050276	17
251799	3050276	17
1751519	2919220	59
2934736	3050276	17
2269543	3050276	35
1221023	3050276	17
1744520	3050276	35
2690923	3050276	17
3071932	2919220	59
93608	221912	60
2367407	3050276	17
1792631	3050276	17
2040368	3050276	17
3148873	303100	375
3177031	2919220	59
2240475	2919220	59
3976149	2919220	58
3070986	3050276	35
3826991	2919220	59
2891422	3050276	17
4640632	3050276	17
1365627	3050276	35
1225140	3050276	17
1745275	3050276	17
2371764	2919220	59
3689426	2919220	59
4341623	2919220	59
1711935	3050276	35
1983744	2919220	59
601665	3050276	17
4512501	2919220	59
1779789	2919220	59
2439298	3050276	17
3663793	3050276	17
661638	2919220	59
4515375	2919220	59
1168906	2919220	59
3864997	3050276	35
1970176	2919220	59
3279444	2919220	59
3242691	2919220	59
3068090	3050276	17
1328215	3050276	17
1432804	2139959	102
1112352	3050276	17
1658906	2919220	59
650635	2919220	59
968634	3050276	17
2065321	3050276	17
1548807	3050276	17
1523052	2919220	58
1480051	2919220	59
3687369	2919220	59
3602468	3050276	17
955481	3050276	17
3478233	2919220	59
1260586	2919220	59
4219790	3050276	17
1768504	2919220	59
2989231	2919220	59
4529721	3050276	17
4646530	3050276	17
410706	2919220	59
2679610	2919220	59
971717	3050276	35
3431101	3050276	17
986646	3050276	17
1779057	2919220	59
4172834	2919220	58
329360	3050276	17
45415	3050276	17
2368969	3050276	35
3542345	3050276	17
3355389	3050276	17
1486808	3050276	17
3710888	3050276	17
3423399	2919220	59
999253	3050276	35
2484923	3050276	17
1385600	2919220	58
1670070	2919220	58
1996430	2919220	59
3893444	2919220	59
2756567	3050276	35
2805518	2919220	58
2394520	3050276	17
2589593	2919220	59
3566146	2919220	59
18124	3050276	17
239836	2919220	59
3020691	2919220	58
1224649	2919220	59
2078782	3050276	17
3707998	2919220	59
409010	2919220	59
1774478	3050276	17
4609878	2919220	59
2240475	3050276	17
1628046	2919220	59
2056025	2919220	58
3478879	3050276	17
4261442	2919220	59
957883	3050276	17
104137	2919220	59
1041266	2919220	58
455986	2919220	58
1981389	2919220	59
2192615	3050276	17
4437663	3050276	17
343681	2919220	58
1120652	2919220	59
3232525	2919220	59
348068	3050276	17
4354601	2919220	58
3946113	3050276	17
3717727	3050276	17
3915111	3050276	17
2423852	2919220	59
4232960	2919220	59
3675068	2919220	58
1640846	3050276	17
4055152	398099	459
2589742	1372166	372
1962381	2919220	59
1237303	3050276	17
652145	2919220	59
3754222	3050276	35
2269504	3050276	17
2559628	2919220	59
2381923	2919220	58
2272071	2919220	58
438716	3050276	17
4431374	2919220	59
566198	2838084	105
849103	3050276	17
4089559	3050276	17
2475730	3050276	17
345471	2919220	59
3886647	3050276	17
3189417	3050276	17
4027955	2919220	59
3121298	2919220	58
4654172	3050276	17
145002	2919220	58
2372398	2919220	59
2323834	3050276	17
1292311	3050276	17
3763653	2919220	59
728119	2919220	58
3613821	3050276	17
4354219	3050276	17
1607078	3050276	17
2727617	2919220	59
3338587	3050276	17
1147259	3050276	17
4364222	3050276	17
1194599	2919220	59
234500	2919220	59
2812766	2919220	59
2107446	3050276	17
499991	2919220	58
2187056	3050276	35
4454284	2919220	59
2029366	3050276	17
1441069	3050276	35
2060555	2919220	59
3185540	2919220	59
3452022	3050276	35
2494837	2919220	59
1994719	3050276	24
2280640	2919220	59
4140245	2919220	59
3674756	2919220	59
514474	2919220	59
1000281	2919220	59
460233	3050276	17
2818018	3050276	17
2894527	2919220	59
118734	2919220	58
93608	2481232	76
587432	3050276	35
2791483	3050276	17
134657	2919220	59
4393650	3050276	17
855678	2919220	59
4516541	3050276	35
4587970	2919220	59
1422795	3050276	35
1163068	2919220	59
2226790	2919220	59
1473819	3050276	17
1557256	3050276	35
4015419	3050276	17
3020691	3050276	35
198109	3050276	17
4486396	2919220	59
562235	3050276	17
1583747	3050276	17
4463891	2919220	97
3307550	3050276	17
1854675	2919220	58
2690730	2919220	59
4477790	3050276	35
1925667	3122415	459
1923559	3050276	17
4013071	2919220	58
736297	2919220	59
463852	2919220	58
3852434	2919220	59
4270768	2919220	58
3252171	2919220	59
3534283	3050276	17
4347699	2919220	58
2256419	3050276	35
2845484	2919220	59
703943	3050276	17
2761127	2919220	59
1726028	2919220	59
542647	3050276	35
4585421	3050276	2435
461157	2919220	59
1787792	2919220	59
822864	2919220	59
1728947	2919220	59
4473858	2919220	59
962515	2919220	59
155979	2919220	59
1145095	3050276	17
3983001	2919220	59
1658908	2919220	59
2938229	2919220	59
1848466	2919220	59
1598571	2919220	59
2092571	3050276	17
1335351	2919220	59
2687794	3050276	35
1500965	2919220	59
1549854	3050276	17
3480246	3050276	17
3398315	3050276	35
4451090	2919220	59
1047235	3050276	35
4116421	2919220	59
888130	3050276	17
2870102	2919220	59
1245318	2919220	59
2842	3050276	35
690349	2919220	59
849103	2919220	59
3892016	2919220	59
3822397	2919220	64
4424585	3050276	17
631008	3050276	17
3198874	2919220	59
1857178	3050276	35
2213262	3050276	35
3497180	3050276	17
2473315	3050276	17
1885975	3050276	35
4393650	2919220	59
2685378	3050276	17
2914773	3050276	17
66754	2919220	59
1698992	3050276	17
2971120	3050276	35
4010981	2919220	59
3227575	2919220	410
2815094	2919220	59
2787227	2919220	59
3594847	3148873	190
4480688	3050276	17
4268821	2919220	59
339437	3050276	17
164834	3050276	17
4396035	2919220	59
2172125	3050276	17
1498880	3050276	17
666533	2919220	58
1568470	2919220	59
546584	2919220	58
2920366	3050276	17
875474	3050276	35
2056015	2919220	58
335450	3050276	17
2439298	2919220	59
3868151	3050276	17
2801225	3050276	17
1780991	2919220	59
2982745	3050276	17
1966286	2919220	59
1739244	2919220	59
2269504	2919220	59
6326	3050276	17
1678292	3050276	17
650900	2919220	59
2669290	3050276	35
3699418	3050276	35
623037	2919220	1273
1531818	3050276	17
1202957	3050276	17
1320831	2919220	59
251799	2919220	59
3536249	2838084	145
1072438	3050276	17
956338	3050276	17
1138875	2919220	59
212732	2919220	59
2441757	3050276	17
3928871	2919220	59
269327	3050276	35
1556723	3050276	17
3567166	3050276	17
729761	3050276	17
4437663	2919220	59
4429771	2919220	59
914219	2919220	59
2125539	2919220	59
3041132	3050276	35
554814	3050276	17
749092	2919220	58
1390776	3050276	17
31367	2919220	59
3365668	3050276	17
773941	3050276	35
389517	3050276	35
3399577	2919220	59
1286437	3148873	67
4633863	3050276	35
4241870	2919220	59
890932	2919220	59
386557	3050276	17
4619453	3050276	35
1616282	2919220	59
2139959	2376528	6
3844784	2919220	59
4034757	2919220	59
1459165	2919220	58
3728461	3050276	17
3451592	3050276	35
3384173	3050276	17
2804610	2919220	59
703553	3050276	17
2864161	2589742	1366
3219085	2919220	59
17752	2919220	59
4438387	3050276	35
2797876	3050276	17
3253911	2919220	59
2791984	2919220	59
3053242	3050276	17
4338272	2919220	59
4106774	3050276	35
3010492	2919220	59
870802	3050276	17
1232142	3050276	17
2713498	2919220	59
1799432	2919220	59
4341881	3050276	17
3642333	2919220	59
3071612	3050276	35
1001648	93608	190
2344122	2919220	59
1564352	3050276	17
4089138	2919220	59
3792855	3050276	17
1183294	2919220	58
3008090	2919220	59
688970	2919220	58
1670070	3050276	35
2941918	2919220	59
4333142	3050276	17
1918987	3050276	35
991847	3050276	35
3198061	2919220	104
3055691	3050276	17
2697271	3050276	17
4110815	2919220	59
2862337	2919220	59
4155531	3050276	35
4237287	2919220	59
2346437	2919220	59
1391201	2919220	59
1681461	3050276	17
636960	3050276	17
2794599	2919220	59
3001008	3050276	17
4433885	3050276	17
1078862	3050276	17
1043712	3050276	17
703526	3050276	35
3674756	3050276	17
958788	3050276	35
1892760	2919220	58
2609326	3050276	17
2643224	2919220	59
524178	2919220	59
4378925	2919220	59
3067537	3050276	17
3976149	3050276	35
4367475	2919220	59
1992620	3050276	35
857888	3050276	17
932910	3050276	17
1523052	3050276	35
4583698	3050276	35
2712907	2919220	59
822481	3050276	17
820184	2919220	59
3745520	2919220	59
491594	3050276	35
1243578	2919220	58
3337166	3050276	17
3192528	2919220	58
3566146	3050276	17
1403030	3050276	17
604808	3050276	17
2697271	2919220	59
1688657	2919220	59
1593213	2919220	59
4222029	2919220	58
1197805	2919220	58
4646412	3050276	17
3532213	2919220	59
4259852	2919220	59
1104381	2864161	61
1049635	3050276	35
1273419	2919220	59
3412516	3050276	17
890281	2919220	58
3360007	2919220	58
2400662	2919220	59
2804861	3050276	17
1963134	2919220	59
742352	2919220	58
870334	2919220	59
4341881	2919220	59
2993636	2919220	59
1104381	2919220	64
1061167	3050276	17
3521730	3050276	17
2100058	2919220	59
1798999	3050276	17
2063906	2919220	58
1965525	2919220	59
4070770	2919220	58
1361795	2919220	59
4397542	2919220	59
3412516	2919220	59
3452022	2919220	58
3377143	3050276	35
599050	3050276	17
4352602	3050276	17
1584274	3050276	17
1003933	2919220	59
138485	3050276	17
1046533	2919220	58
3846463	2919220	59
4253854	3050276	17
4346815	3050276	17
1547754	2919220	59
1955045	2919220	59
2441074	3050276	17
4165309	2919220	59
1292208	2919220	59
3506819	2919220	59
386557	2919220	59
3956749	2919220	59
1465231	2919220	59
1984859	2919220	59
3166196	2919220	59
3982597	2919220	59
3987776	2919220	59
1904806	2919220	59
2690810	2919220	59
618668	3050276	17
4374450	2919220	59
857888	2919220	59
3127720	3050276	17
1104381	3638114	61
4359357	2919220	58
3602468	2919220	59
4415978	3050276	35
4565647	3050276	35
267723	3050276	17
3901212	2919220	59
3248589	2838084	67
2090228	2919220	59
1048454	2919220	59
968766	3050276	17
2762460	2919220	59
2865367	3050276	17
2754125	2919220	59
2602276	2919220	59
2492123	2919220	58
4256530	3050276	17
1567289	3050276	17
2758456	3050276	17
790627	3050276	17
4526732	2919220	58
2945245	2919220	58
53545	2919220	59
3553435	3050276	35
3443428	2919220	59
3709950	2919220	59
1163434	4128587	459
2923533	2919220	59
3189393	2919220	59
45201	3050276	35
1359556	3050276	17
2388945	2919220	59
137438	2919220	59
696484	3050276	17
1992620	2919220	64
4051630	2919220	58
3976118	2919220	59
3135806	3050276	17
1163068	3050276	17
824503	3050276	35
18955	2919220	59
571400	2919220	59
2761982	3050276	17
4548573	2919220	59
1087195	3050276	17
4121867	2919220	58
846200	2919220	59
2791491	2919220	59
1403679	2919220	59
3902943	2919220	59
739822	3050276	17
2187034	3050276	17
2117913	2919220	58
671021	3050276	17
425389	3050276	17
2441074	2919220	59
1134557	2919220	59
957883	2919220	59
1717073	3050276	17
3585315	3050276	35
2507762	2919220	59
879123	3050276	17
516806	2919220	59
3672712	2919220	59
1921499	2919220	59
1629356	3050276	17
904344	2919220	59
3057682	2919220	59
4590432	2919220	58
2411596	2919220	59
2849634	2919220	59
2812766	3050276	17
2042827	2919220	59
508106	2919220	59
1880271	2919220	59
1709536	3050276	17
3898059	2919220	59
2582708	3050276	17
93608	1432804	375
280304	2919220	59
2295616	2919220	58
3607119	2919220	59
1141799	2919220	59
1017974	3050276	17
1940890	3050276	35
2346015	2919220	58
970198	3050276	17
131805	3050276	17
2703009	3050276	17
1557256	2919220	58
917156	3050276	17
2656717	3050276	35
1184073	2919220	59
2404693	2919220	59
2243731	2919220	59
2677907	3050276	17
3242594	2919220	58
125704	2919220	59
1631728	3050276	17
2799902	2919220	59
87735	3050276	35
4653862	2919220	58
2077688	2919220	59
234500	3050276	17
2187403	3050276	17
911935	3050276	17
4427406	2919220	59
4267387	3050276	17
2037107	3050276	17
3408462	3050276	17
653747	2919220	59
4083781	2919220	405
2509612	3050276	35
4654172	2919220	59
3809558	2919220	58
4270564	3050276	17
2449672	2919220	59
318420	3050276	35
3514562	3050276	35
4473858	3050276	17
4417859	2919220	59
93608	4585421	849
2277693	2919220	58
1508487	2919220	59
4379381	2919220	59
3370858	3050276	17
1716462	2919220	59
269245	2919220	59
1086200	2919220	59
2619077	2919220	59
1299509	3050276	17
4272041	2919220	59
4250984	3050276	17
2031989	3050276	17
4517205	2919220	59
4010981	3050276	17
4565647	2919220	58
4226823	3050276	17
3190501	3050276	17
1136770	2919220	59
3930106	3050276	17
2063540	3050276	17
3252171	3050276	17
4061959	2919220	59
4606213	3050276	35
3168224	2919220	59
1363923	2919220	59
2472451	3050276	17
2639944	3050276	35
2116550	2919220	59
4434	3050276	17
3219702	2919220	59
1394080	2919220	59
2472166	2919220	59
1344664	2919220	59
4221039	3050276	17
3399577	3050276	17
124975	3050276	35
810960	2919220	59
828989	3050276	17
1837520	3050276	17
4510	3050276	17
4452777	2139959	142
4382294	3050276	17
2493531	3050276	17
3400864	3050276	17
4343477	2919220	58
341259	3050276	17
2586246	3050276	17
1857025	2919220	59
3766063	3050276	17
2095526	2919220	59
3822397	2919220	58
816565	2919220	59
3029040	2919220	59
250766	2919220	59
4250440	2919220	58
2727543	3050276	17
1056534	3050276	35
2670084	2919220	59
1243200	3050276	17
3118259	3050276	17
2417823	3050276	35
2872487	3050276	35
857510	3050276	17
2474577	3050276	17
4219602	2919220	59
2509499	2450917	102
2683597	2919220	59
1297466	2919220	59
1416665	3050276	35
2333659	3050276	17
3491738	2919220	59
4499534	3050276	17
282519	3050276	35
4092674	2919220	59
639060	3050276	17
82724	2919220	59
3502465	3050276	17
1473642	3050276	17
1933123	2919220	59
66352	2919220	58
1444096	2919220	59
1486808	2919220	59
2778599	2919220	59
2639947	2919220	58
4043062	3050276	17
2346258	2919220	59
2921472	2919220	59
2428178	3050276	17
3706618	2919220	59
1049635	2919220	58
1881405	2919220	59
4606213	2919220	58
3166024	3050276	35
2376000	2919220	59
1858477	3050276	17
928474	2919220	59
3955147	3050276	17
522913	2919220	59
2794416	2919220	59
1365252	2919220	59
678404	2919220	59
2724290	2919220	58
3961502	3050276	17
2726971	3050276	35
441532	2919220	59
2831305	2919220	59
510382	3050276	17
3201417	3050276	17
3961502	2919220	59
4317996	2919220	59
1531818	3148873	145
1242287	2919220	59
1104381	217281	191
2992319	3050276	17
345471	3050276	17
2139959	1432804	459
1950772	2919220	59
2585240	3050276	17
1260255	2919220	59
2452860	2919220	58
1583747	2919220	59
911255	2919220	59
2899458	2919220	58
1000783	2919220	59
62858	2919220	58
1104381	313102	95
739822	2919220	59
1399573	2919220	58
3809974	2919220	59
652166	2919220	59
3712957	2919220	59
1499318	2919220	59
624480	3050276	17
744916	3050276	17
763658	3050276	17
1920233	3050276	17
837944	2919220	59
1202284	2919220	59
318420	2919220	58
1205000	3050276	17
946967	3050276	17
2838084	2418339	155
4526732	3050276	35
3298496	3050276	17
898224	3050276	17
1028377	2919220	59
1187610	3050276	17
322170	2919220	58
978981	3050276	17
3836786	2919220	59
18124	2919220	59
164936	3050276	17
3910343	2919220	58
4096212	2919220	58
2037107	2919220	58
4341623	3050276	17
3106699	2919220	59
3916589	3148873	105
2920366	2919220	59
2974754	3050276	35
1575951	2919220	59
3102989	2919220	59
4241870	3050276	17
3070986	2919220	58
1892259	2919220	59
2208572	2919220	59
548919	2919220	59
135236	2919220	58
2256419	2919220	58
2605754	3050276	17
93608	2919220	58
1198584	3050276	17
1698534	2919220	59
4422660	2919220	59
1147259	2919220	59
2838084	1398241	46
1903426	2919220	58
3135806	2919220	59
520729	2919220	59
223850	3050276	17
1559176	2919220	59
1500965	3050276	17
2690810	3050276	17
4022562	2919220	59
1158585	3050276	35
1733353	2919220	59
4211285	3050276	17
2191129	3050276	17
4589227	2919220	59
1999386	3050276	35
3780359	2919220	59
1768855	2919220	59
4635680	2919220	59
571367	3050276	17
1771098	3050276	17
3751578	3050276	17
1837520	2919220	59
2269063	3050276	17
2838084	3064393	163
3456865	3050276	35
1150304	2919220	59
1483164	2919220	59
3050554	2919220	59
1129519	3050276	35
3302529	2919220	59
631897	2919220	59
3743056	2919220	59
2378846	3050276	17
621738	2919220	59
252449	2919220	59
2811221	2919220	59
4180305	3050276	17
3639499	3050276	17
3465030	3050276	17
3485862	3050276	17
3442331	3050276	17
3594847	217281	192
3172191	3050276	17
912010	3050276	17
1164325	3050276	17
4576893	2919220	59
92908	2919220	59
147229	3050276	17
2781875	2919220	59
4409379	3050276	35
1941098	2919220	59
3238905	3050276	17
4140920	3050276	17
893485	2919220	59
1224204	2919220	59
3902943	3050276	17
631008	2919220	59
1042770	2919220	59
4004521	2919220	58
4287235	2919220	58
2781582	2919220	58
1109604	2919220	59
1846451	2919220	59
4218146	3050276	35
3716944	2919220	59
2256046	2919220	59
4327598	3050276	17
370651	3050276	17
1948168	2919220	59
1307422	3050276	17
1925353	2919220	58
4638650	3050276	35
4478074	3050276	17
2509480	3050276	17
4510	2919220	59
1348649	3050276	17
813387	3050276	17
3255113	2919220	59
2139959	303100	459
4269277	2139959	180
2381923	3050276	35
1730251	2919220	59
2225593	3050276	17
2458067	3050276	17
3272770	3050276	17
2901631	2919220	58
2037125	2919220	59
3872205	2919220	59
2690730	3050276	17
3253911	3050276	17
853723	2919220	59
2586394	3050276	17
1208092	2919220	59
1422197	2919220	59
1000281	3050276	17
870802	2919220	59
315670	2919220	59
538737	3050276	17
2528631	3050276	17
3465699	3050276	17
910109	3050276	17
3828899	2919220	59
413422	3050276	35
2937049	3050276	17
3012855	3050276	35
3462811	2589742	1366
370651	2919220	59
944955	3050276	35
487926	2919220	59
492621	3050276	17
4088656	2919220	59
479620	3050276	17
3824555	2919220	59
777721	3050276	17
4587450	2919220	58
2036969	3050276	17
2378382	2919220	58
904344	3050276	17
2986996	2919220	58
1513130	2919220	58
3594604	3050276	35
2280640	3050276	17
1169778	3050276	17
2763565	3050276	17
2406523	2919220	59
1648863	2378846	102
3964115	3050276	17
4268821	3050276	17
2009605	3050276	17
2334383	3050276	17
2353646	3050276	17
3889258	2919220	59
4652430	3050276	17
1412804	2919220	58
2475730	2919220	59
2012310	3050276	17
4249714	2919220	59
2226420	3050276	17
2412605	3050276	17
867611	3050276	17
2106277	2919220	58
426846	3050276	17
4235416	3050276	17
1977508	3050276	17
3558553	2919220	58
3164457	3050276	17
4656543	2919220	104
4061959	3050276	17
1454341	3050276	35
1901672	2919220	58
4358704	2919220	59
223759	2919220	59
1910907	2919220	58
2549805	3050276	17
3164457	2919220	59
4362205	3050276	35
79232	3050276	35
2713498	3050276	17
1300575	3050276	17
1454347	2919220	59
1977898	3050276	35
3241110	3050276	35
1642836	2919220	59
137664	3050276	35
2870102	3050276	17
3473288	3050276	17
634317	2919220	58
303100	3148873	105
3503403	3050276	35
1567289	2919220	59
1908349	2919220	59
1650265	3050276	17
2390218	3050276	17
3298383	3050276	17
615278	3050276	17
2687794	2919220	58
3996449	2919220	59
4027955	3050276	17
3536106	3050276	17
37888	2919220	59
3706618	3050276	17
1964811	2919220	59
1072438	2919220	59
1043244	3050276	17
1838680	3050276	17
3041799	2919220	59
3626085	2919220	58
4554506	2919220	58
1039197	2919220	59
2203292	3050276	17
1779057	3050276	17
137664	2919220	58
367494	3958795	459
1855247	2919220	59
663575	3050276	35
3272770	2919220	59
1299837	2919220	58
1052286	2919220	59
4311101	2919220	59
3815745	2919220	58
1330264	3050276	17
1670107	2919220	59
4015419	2919220	59
315670	3050276	17
33964	2919220	59
1863309	2919220	59
703553	2919220	59
1365252	3050276	17
3678067	2919220	59
1158845	3050276	17
974745	3050276	17
1432068	2919220	59
3011618	3050276	17
4589227	3050276	17
4389315	3050276	17
1200602	3050276	17
2234808	2919220	59
1248731	2919220	59
4218146	2919220	58
4351137	2919220	59
1890559	3050276	17
2741574	2919220	59
3002408	3050276	17
1307422	2919220	59
4251452	3050276	17
2493787	3050276	17
445334	2919220	58
4008658	2919220	58
369475	2919220	58
136661	3050276	35
2649865	2919220	59
3645376	2919220	59
2665681	3050276	17
413422	2919220	58
283488	2438621	102
2698473	3050276	17
2722986	2919220	59
1775617	2919220	59
2921472	3050276	17
1551797	2919220	58
3848411	3050276	17
2899610	3050276	35
3663793	2919220	59
3746648	2919220	58
4299030	3050276	17
2917314	3050276	17
911503	2919220	59
4337383	2919220	58
1741394	2919220	59
1994759	2919220	59
3148873	3050276	35
2350063	2919220	58
3677044	2919220	59
1377807	3050276	17
3606052	3050276	17
3898059	3050276	17
4178127	3050276	17
2620373	3050276	17
4200406	3050276	17
806120	3050276	35
3580629	2919220	59
3358798	2919220	59
3651555	3050276	17
3906194	2919220	59
1539481	3050276	35
651225	3050276	17
1825459	3050276	17
2990295	3050276	35
2394520	2919220	59
271830	3050276	17
475408	2919220	59
4138428	3050276	17
3512777	3050276	17
406292	2919220	59
1178208	3050276	17
2637661	2919220	58
2308254	3050276	17
1416665	2919220	58
4329322	2919220	59
3372100	2919220	59
289264	2919220	58
3288836	2919220	59
2509612	2919220	58
3131276	3050276	35
3530831	2919220	59
492621	2919220	59
2828621	2919220	59
226399	3050276	17
3369906	3050276	17
3840684	2919220	59
3702266	2919220	59
2496023	3050276	17
3514562	2919220	58
4237255	3050276	17
772793	2919220	59
393881	3050276	17
458619	3050276	17
1766102	2919220	59
2791802	3050276	35
2992111	3050276	35
3267228	2919220	59
4606425	2919220	58
1479786	2919220	59
3852434	3050276	17
1046533	3050276	35
868091	3050276	17
1013059	3050276	17
1276383	2919220	59
661638	3050276	17
4043712	2919220	59
2936521	3050276	17
2838084	3536249	142
36812	3050276	35
510076	2919220	59
603663	3050276	35
1790	2919220	58
2750174	3050276	17
3329574	2919220	58
1081813	3050276	35
1726640	3050276	35
728119	3050276	35
2305365	2919220	59
221912	93608	62
685911	1543671	459
3791907	2919220	59
3451592	2919220	58
749092	3050276	35
988097	3050276	35
3420943	3050276	17
1648863	2838084	105
453725	2919220	59
2653391	2919220	59
4151020	2919220	58
3677044	3050276	17
1508487	3050276	17
2437572	3050276	35
1263713	2919220	58
3250587	3050276	17
2861862	3050276	17
3627838	2919220	59
1104381	538096	95
3220693	3050276	17
3868151	2919220	59
729797	2919220	59
2280041	2919220	58
1106808	3050276	17
1104381	4269277	95
1399573	3050276	35
3172393	2919220	59
1060509	3050276	17
2450917	2509499	459
1331722	3050276	17
2978505	2919220	58
3677636	3050276	17
3638873	3050276	35
209899	3050276	17
2958056	2919220	59
2215699	2919220	59
4654973	2919220	58
3368510	2919220	58
3714294	2919220	58
2341639	3050276	17
2400559	2919220	58
4149047	2919220	59
2229515	2919220	58
2351698	2919220	59
1794029	2919220	59
3481260	3050276	17
631566	2919220	58
3951254	3050276	17
2838084	3594847	2
4405901	2919220	59
1493360	2919220	59
703943	2919220	59
1273419	3050276	17
2008178	2919220	59
822481	2919220	59
1420505	2919220	59
850358	2919220	64
2589054	3050276	17
245401	2615712	102
4466759	2919220	59
4346893	3050276	17
2361947	2919220	59
641843	3050276	35
4328868	3050276	35
2841406	2919220	59
437643	3050276	17
2187217	2919220	59
60411	2919220	59
35907	2919220	58
1569545	2919220	58
2682756	3050276	35
2510882	2919220	59
4585421	93608	722
3913924	3050276	17
2867383	93608	105
3736620	2919220	59
378706	3050276	17
508744	3050276	17
604808	2919220	59
2979222	3050276	17
3838157	3050276	35
1941098	3050276	17
968054	3050276	17
2326310	2919220	59
4649093	3050276	17
2901736	2919220	59
251227	2919220	58
3905206	3050276	35
4611882	2919220	59
3250587	2919220	59
1766102	3050276	17
4625881	2919220	59
3325347	3050276	35
1709097	2919220	59
3415739	3050276	17
3160816	2919220	59
4270938	2919220	59
1514839	2919220	59
2986996	3050276	35
3447962	2919220	58
1806507	3050276	17
1039559	3050276	17
1776870	2919220	59
572868	3050276	17
1644716	3050276	17
871523	3050276	17
564000	3050276	17
4423437	2919220	59
786469	2919220	59
2410995	3050276	35
4031471	2919220	59
1925068	3050276	17
937817	3050276	35
4452777	2139959	163
2455723	3050276	17
2563386	2919220	59
4132213	3050276	17
1299664	3050276	17
292577	2919220	58
238864	1104381	475
914219	3050276	17
2492123	3050276	35
4062971	2919220	58
209362	3050276	17
2064375	2919220	59
1065159	3050276	17
1615685	3050276	17
1202957	2919220	59
1432804	93608	105
510802	2919220	59
1959508	3050276	17
4470117	3050276	17
1639480	3050276	17
1132625	3050276	17
1593690	3050276	35
4518170	3050276	35
1427332	2919220	59
4365683	2919220	59
958788	2919220	58
144988	3050276	17
4602211	3050276	17
3260491	2919220	59
1867189	3050276	17
754996	3050276	17
971483	3050276	17
3408462	2919220	59
1791568	2919220	59
4293770	3050276	17
3360344	3050276	17
2278800	3050276	17
4648952	2919220	59
2962647	2919220	58
1860264	3050276	17
4006398	2919220	58
4235416	2919220	59
3796750	3050276	17
682233	3050276	17
843389	3050276	35
468874	2919220	58
3372698	2919220	59
3063776	3050276	17
2528631	2919220	59
3232525	3050276	17
113881	2919220	59
4031938	3050276	17
3387570	3050276	17
3285723	2919220	59
3731016	2919220	58
3302529	3050276	17
3229848	2919220	59
3000314	3050276	17
974841	3050276	17
496022	3050276	35
3422070	3050276	17
3731176	3050276	17
3383506	2919220	59
1648048	2919220	58
817094	2919220	59
637894	2919220	59
2528109	2919220	59
104648	3050276	17
831688	3050276	17
4645135	2919220	59
3001008	2919220	59
4606330	2919220	59
1482741	2919220	58
3064393	2376528	6
1610320	3050276	17
2124699	2919220	59
3300438	2919220	59
1570837	3050276	17
3759545	3050276	17
2447308	2919220	58
2536273	3050276	17
3206699	2919220	59
3802952	3050276	17
4151137	2919220	59
1918987	2919220	58
4378925	3050276	17
761296	3050276	17
988097	2919220	58
1817120	2919220	58
3271	3050276	17
891180	3050276	35
1391201	3050276	17
3164959	2919220	59
2889396	3050276	35
3010492	3050276	17
850358	3050276	35
2959503	2919220	58
925090	3050276	17
4141348	2919220	58
1440323	2919220	58
2118586	2919220	59
2394049	2919220	59
510076	3050276	17
2705940	3050276	35
103190	3050276	17
2807213	3050276	17
2707489	3050276	17
4358875	2919220	59
3057682	3050276	17
4648136	3050276	35
856996	3050276	35
409010	3050276	17
1810242	2919220	59
64060	2919220	59
3534992	3050276	35
4185031	2919220	59
1231248	2919220	59
2014818	2919220	59
3625910	2919220	59
2503213	3050276	35
2948879	3050276	35
869298	3050276	17
4545786	2919220	59
2021928	3050276	17
881892	2919220	59
993260	2919220	59
1921890	3050276	35
2786031	3050276	17
3163170	2919220	59
3312954	3050276	17
584307	2919220	59
1536292	3050276	35
2191129	2919220	59
3529246	3050276	17
2277971	3050276	17
1086200	3050276	17
3894215	3050276	17
2416279	3050276	24
813868	2919220	59
2849176	3050276	17
3025389	3050276	35
4436122	3050276	17
3928871	3050276	17
4244831	3050276	17
1543138	3050276	17
257234	3050276	17
2139959	4452777	149
1631728	2919220	59
1959877	2919220	58
2666128	2919220	58
2637661	3050276	35
1848466	3050276	17
3394331	2919220	59
4583698	2919220	58
565961	3050276	17
1575951	3050276	17
2975095	3050276	17
1441069	2919220	58
1881466	2919220	59
4312365	3050276	17
933842	2919220	59
3242594	3050276	35
790627	2919220	59
524178	3050276	17
974841	2919220	59
2390218	2919220	104
1208203	3050276	17
1104381	335450	174
2289240	2919220	59
1780991	3050276	17
4219790	2919220	59
4257765	2919220	59
2746384	3050276	35
1509552	2919220	59
935980	3050276	35
1326020	3050276	17
1774478	2919220	59
3915111	2919220	59
3225471	3050276	17
3626085	3050276	35
2961613	3050276	35
4567583	2919220	59
4152025	3050276	17
1185786	3050276	17
3368385	3050276	35
4433055	3050276	17
4452777	2139959	276
3242691	3050276	17
3379189	2919220	59
4527339	3050276	17
2838084	3243653	2
1607078	2919220	59
3618015	3050276	17
228884	3050276	17
1925424	3050276	17
1480455	2919220	59
4551247	3050276	17
830111	3050276	17
694227	2919220	58
1462066	3050276	17
2190844	2919220	59
1819899	3050276	17
3048648	3050276	17
4269277	1104381	92
1810242	3017200	459
2689511	3050276	35
525914	2919220	59
2677377	3050276	35
1629356	2919220	59
244881	2919220	59
930237	3050276	35
872830	3050276	17
1986057	2919220	59
2078782	2919220	59
3724794	2919220	59
4348136	3050276	17
297191	3050276	17
1925068	2919220	59
3581842	3050276	17
3717727	2919220	59
2824123	2919220	59
4361496	2919220	59
1277857	2919220	59
2529608	3050276	17
1860264	2919220	59
2617211	3050276	17
2574587	2919220	59
970198	2919220	59
2915926	3050276	17
2794599	3050276	17
2267694	3050276	17
3529246	2919220	59
3906939	2919220	59
2010983	2919220	58
2267694	2919220	59
1164325	2919220	59
4630762	2919220	59
2712705	2919220	59
1240322	2919220	58
2828429	3050276	35
391478	3050276	17
716437	2919220	59
4204078	2919220	59
631897	3050276	17
2954840	2919220	58
650900	3050276	17
2983657	3050276	17
4653709	2919220	58
2346437	3050276	17
2045752	3050276	17
126256	2919220	59
2161978	2919220	58
4269543	2919220	59
4619453	2919220	58
350054	3050276	17
4088937	2919220	59
2993636	3050276	17
1748757	2919220	58
475641	3050276	17
768318	3050276	35
3592568	2919220	59
1038819	3050276	17
1008312	3050276	17
540772	2919220	58
3749548	3050276	17
1493609	2919220	58
2838084	910114	60
2838084	3050276	35
3876652	3050276	17
305969	2919220	59
2161032	3050276	35
4246356	2919220	59
3533455	2919220	59
3491788	3050276	17
31367	3050276	17
3599180	3050276	17
1998542	2919220	59
4064792	3050276	17
3844027	3050276	17
4055977	2919220	58
1129519	2919220	58
3965215	3050276	17
1214250	3050276	17
2789635	3050276	17
2251654	3050276	17
548919	3050276	17
4254964	3050276	17
4195511	2919220	59
4351137	3050276	17
3809558	3050276	35
2942871	3050276	17
362920	2919220	58
2167634	2919220	58
105888	3050276	17
3067537	2919220	59
3628296	3050276	17
4369140	2919220	59
2624987	3050276	35
2482036	3050276	17
1743431	2919220	59
2810758	3050276	17
3260132	3050276	17
1685095	3050276	17
4369790	2919220	59
339437	2919220	59
1179579	2919220	59
3514473	3050276	35
2937457	3050276	17
3717566	3050276	17
2684880	3050276	17
1709097	3050276	17
164936	2919220	59
4089138	3050276	17
4434	2919220	59
4551093	3050276	35
4138428	2919220	59
3677636	2919220	59
1951584	3050276	17
1380674	2919220	59
2665681	2919220	59
2499704	2919220	59
1172722	3050276	35
3273843	2919220	58
2203292	2919220	59
4080655	3050276	17
4424585	2919220	59
4291147	3050276	35
1737048	3050276	17
2461007	2919220	59
4525445	3050276	17
1200602	2919220	59
2394049	3050276	17
3524303	2919220	58
2008178	3050276	17
655137	3050276	35
256613	3050276	17
1073551	3050276	17
2762394	3050276	17
496250	3050276	17
1359153	2919220	58
3060508	3050276	17
779639	2919220	59
903631	2919220	59
743609	3050276	17
662374	2919220	59
2106889	2919220	59
1454341	2919220	58
572868	2919220	59
4431374	3050276	17
680021	2919220	59
2842	2919220	58
1959877	3050276	35
1691217	2919220	59
993260	3050276	17
2382089	2919220	59
1486722	2919220	58
3923286	3050276	17
4353790	2919220	58
662374	3050276	17
1748902	3050276	35
3055061	3050276	35
4134603	2919220	58
3287022	3050276	17
399088	3050276	17
3645014	3050276	17
3127720	2919220	59
3431101	2919220	59
4655049	2919220	59
955481	2919220	59
2974754	2919220	58
3013621	3050276	17
969158	3050276	17
3905974	3050276	17
4111254	2919220	59
3362941	2919220	59
946967	2919220	59
1943143	2919220	59
2718767	2919220	59
1039288	3050276	17
3148873	1531818	60
1857025	3050276	17
3803696	3050276	17
4420288	2919220	59
3705262	3050276	17
2481952	2919220	59
4259852	3050276	17
2771236	2919220	59
2112768	3050276	35
3639499	2919220	59
3112461	2919220	59
3527576	3050276	35
74202	2919220	59
3610797	3050276	17
2406453	3050276	17
3792736	2919220	59
2307880	3050276	17
4284308	3050276	35
1658962	3050276	17
3027494	2919220	59
1394235	2919220	59
302189	2919220	59
2545477	2919220	58
95373	3050276	17
109328	3050276	35
2620373	2919220	59
1694553	3050276	17
232786	3050276	17
1997390	3050276	35
1291848	3050276	35
3079531	3050276	17
4582	3050276	17
1681148	2919220	59
2901736	3050276	17
1390776	2919220	59
1659767	2919220	59
1163434	3050276	17
1986881	3050276	17
4328868	2919220	58
3736929	3050276	35
342739	3050276	35
1816013	2919220	58
593812	3050276	35
1548807	2919220	59
1916245	3050276	17
4152879	3050276	17
4368859	3050276	17
2441317	3050276	17
4140245	3050276	17
4419889	3050276	17
2237836	2919220	59
3475345	4224963	102
3965215	2919220	59
1625131	2919220	59
1142812	2919220	59
783325	3050276	17
335450	3515944	71
1156149	2919220	59
47056	3050276	17
565961	2919220	59
289264	3050276	35
4200406	2919220	59
1932832	2919220	59
1866990	2919220	58
2060555	3050276	17
2098457	3050276	17
6326	2919220	59
4257765	3050276	17
3935103	3050276	17
2388142	2919220	59
3452756	2919220	59
3398315	2919220	58
3718590	2919220	59
1482406	2919220	59
912010	2919220	59
2314258	1104381	475
4399187	2919220	59
3334162	3050276	35
1890774	3050276	35
1707109	3050276	17
3106699	3050276	17
703525	2919220	59
3420778	2919220	59
3594847	1104381	192
898224	2919220	59
3898670	2919220	59
1011124	3050276	17
2161032	2919220	58
2422935	3050276	17
4362205	2919220	58
1835161	3050276	17
722274	3050276	35
933750	2919220	59
18955	3050276	17
4429324	2919220	59
367775	2919220	58
3726114	2919220	59
3260491	3050276	17
4379786	3050276	17
914733	3050276	17
1731152	3050276	17
1138858	3050276	17
3783514	2919220	59
2818379	2919220	59
4516978	2919220	59
397652	2919220	59
400084	3050276	17
2719951	2919220	59
1751519	3050276	17
3638114	1104381	475
1431350	3050276	17
1445245	2919220	59
2217403	2919220	59
3566916	3050276	17
2985839	2139959	74
872830	2919220	59
908997	3050276	17
2428322	2919220	59
1742094	3050276	17
3783514	3050276	17
2505326	2919220	59
2009605	2919220	59
204028	3050276	17
1601495	2919220	58
3077228	3050276	35
626033	2919220	59
2436617	2919220	59
152443	3050276	17
715174	3050276	17
55959	3050276	17
1000783	3050276	17
4224963	3475345	459
2106889	3050276	17
389389	3050276	17
1556723	2919220	59
1563632	3050276	35
1141799	3050276	17
2090228	3050276	17
1465231	3050276	17
4368859	2919220	59
1232142	2919220	59
4489056	3050276	17
1817120	3050276	35
373174	2919220	59
2014455	3050276	17
780507	3050276	17
4352602	2919220	59
1997390	2919220	58
961622	3050276	35
282139	2919220	59
4246356	3050276	17
3759545	2919220	59
4434175	2919220	59
4587450	3050276	35
4286290	3050276	17
1688657	3050276	17
3901212	3050276	17
3873154	3050276	17
2474577	2919220	59
2586246	2919220	59
3358798	3050276	17
2881202	2919220	59
2361947	3050276	17
1158585	2919220	58
1942811	2919220	59
1124944	3050276	17
1400478	2919220	59
3521730	2919220	59
2207746	2919220	59
2041378	2919220	59
4480688	2919220	59
4574935	3050276	35
1292208	3050276	17
1411662	2919220	59
4610597	2919220	59
3429520	2919220	59
4441153	3050276	17
2826130	2919220	59
1224781	2919220	59
4224963	3050276	17
1244060	3050276	17
3536106	2919220	59
2040368	2919220	59
1988386	3050276	17
875019	2919220	59
926092	3050276	35
2001853	2919220	59
2382089	3050276	17
3605904	2919220	59
2702889	2919220	58
227720	3050276	17
325627	3050276	35
1098858	3050276	17
3474575	3050276	17
257234	2919220	59
3454634	2919220	59
250766	3050276	17
3900661	2919220	59
2773259	3050276	17
3358834	3050276	17
1482380	2919220	58
4461234	2919220	59
3445722	3050276	35
630289	2919220	58
3420778	3050276	17
2449672	3050276	17
2828621	3050276	17
4037602	2919220	59
4281136	3050276	17
2367407	2919220	59
3055691	2919220	59
3726243	3050276	17
2441757	2919220	59
1424329	2919220	58
1572304	2919220	59
2584108	3050276	35
2359105	2919220	58
490840	2919220	58
605325	2919220	59
2938229	3050276	17
2102790	2919220	59
4001752	2919220	59
1638339	3050276	35
4432363	2919220	59
202954	2919220	59
3066899	2919220	59
2420060	2919220	59
2747241	3050276	35
1198584	2919220	59
1572142	2919220	59
1521505	2919220	58
2663045	2919220	58
4353817	3050276	35
1042770	3050276	17
2854012	3050276	17
2919627	3050276	35
4055152	3050276	17
1742094	2919220	59
3913197	2919220	58
1792699	3050276	17
3535844	2919220	59
2726971	2919220	58
3999171	3050276	17
2609842	2919220	58
1260027	2919220	58
3025389	2919220	58
1574629	2919220	59
1156885	2919220	59
1073551	2919220	59
4374450	3050276	17
3304147	2919220	58
451636	2919220	58
1745275	2919220	59
342739	2919220	58
313102	1104381	92
1502335	3050276	17
1433468	2919220	59
2328882	3050276	17
1505533	2919220	59
1956278	3050276	17
3689704	2919220	59
3585315	2919220	58
2862337	3050276	17
3279444	3050276	17
2702851	2919220	59
223759	3050276	17
4268931	3050276	17
682271	2919220	59
2129637	2919220	59
3236664	3050276	17
1587844	3050276	17
4192457	2919220	59
1775751	3050276	17
326131	3050276	17
3982597	3050276	17
2955918	2919220	59
300384	3050276	17
1885975	2919220	58
3873154	2919220	59
54166	2919220	59
4131422	3050276	17
857510	2919220	59
305406	3050276	17
4518170	2919220	58
831005	2919220	59
1297466	3050276	17
286460	2919220	59
2371764	3050276	17
4368010	3050276	17
1499917	2919220	59
2075039	2919220	59
1184623	3050276	35
2930247	3050276	17
3941788	2919220	58
813801	3050276	17
4552676	2919220	59
2411560	2919220	58
2815277	2919220	58
479620	2919220	59
3060508	2919220	59
3848411	2919220	59
1593221	3050276	17
4599702	2919220	58
3871978	2919220	59
691438	3050276	17
3454581	3050276	35
1716462	3050276	17
125704	3050276	17
2187283	2919220	59
1986057	3050276	17
2981913	3050276	35
1675346	3050276	35
843389	2919220	58
2139959	2589742	1055
348068	2919220	59
393637	3050276	17
164834	2919220	59
2144909	3050276	17
861458	3050276	17
4064767	2919220	58
4151442	2919220	59
3369668	3050276	17
4278824	2919220	58
3979447	2919220	58
2927789	2919220	59
3936904	2919220	59
1681148	3050276	17
248554	2919220	59
4478074	2919220	59
3599180	2919220	59
3834309	2919220	58
3461949	2919220	59
1444096	3050276	17
513304	2919220	59
1865226	3050276	17
1117660	2919220	58
4323753	2919220	59
3596028	3050276	17
3023801	3050276	17
2660902	3050276	17
1098858	2919220	59
3592568	3050276	17
820184	3050276	17
1869397	3050276	17
2584108	2919220	58
3993862	3050276	17
3485862	2919220	59
1307055	3050276	17
164173	3050276	17
3083140	3050276	35
4092674	3050276	17
2339948	2919220	59
4545786	3050276	17
4535101	3050276	17
4279210	3050276	35
4315658	3050276	35
272205	2919220	59
2727264	2919220	59
3815718	3050276	17
2945370	3050276	17
729797	3050276	17
768318	2919220	58
1706530	2919220	59
45201	2919220	58
1079486	2919220	59
703407	3050276	17
105888	2919220	59
3687252	2919220	59
164173	2919220	59
3898516	3050276	17
1686152	2919220	59
4099862	3050276	17
2226420	2919220	59
3887371	2919220	59
1748902	2919220	58
4001752	3050276	17
1083974	2919220	58
4399187	3050276	17
4650964	2919220	59
2351698	3050276	17
155157	2919220	59
3262339	2919220	58
833392	2919220	59
4478041	3050276	35
2992319	2919220	59
1682472	3050276	17
3797659	3050276	17
639060	2919220	59
3003783	2919220	59
4442480	2919220	59
2955748	3050276	17
2917884	2919220	59
3471361	3050276	17
3541851	2919220	59
1601718	2919220	58
2334383	2919220	59
3453643	3050276	17
3923286	2919220	59
4494965	2919220	59
3775094	2919220	59
4468534	3050276	17
4446860	2919220	59
2649865	3050276	17
3148873	1531818	142
2890890	2919220	58
3488446	3050276	17
1852690	2919220	59
3975263	3050276	17
3476256	2919220	59
4395664	2919220	58
1820708	3050276	17
3310445	3050276	35
362997	2919220	59
782735	3050276	17
3138218	3050276	35
3465699	2919220	59
4293150	3050276	17
3490690	3050276	35
4062971	3050276	35
2631973	2919220	59
3732717	3050276	17
1611104	3050276	17
4411705	3050276	17
3639290	3050276	17
2285709	2919220	58
3000314	2919220	59
3971968	2919220	59
2699935	3050276	35
2227034	3050276	35
696908	3050276	17
2100245	3050276	17
3083140	2919220	58
2462560	2919220	59
2083463	2919220	59
2983128	2919220	58
1481961	3050276	17
555989	3050276	17
2582708	2919220	59
4529630	2919220	59
3403367	2919220	59
2284534	2919220	59
246441	2919220	59
463852	3050276	35
4324205	2919220	59
1731220	3050276	35
812178	4310912	102
2197349	2919220	58
3953451	3050276	17
1202541	3050276	17
4449287	3050276	17
3637706	2919220	59
343681	3050276	35
1865226	2919220	59
1378379	3050276	17
1681461	2919220	59
1577724	3050276	17
3889258	3050276	17
1379286	3050276	35
2945370	2919220	59
2063906	3050276	35
2786663	2919220	59
2112768	2919220	58
3394331	3050276	17
434823	3050276	17
29238	3050276	17
510382	2919220	59
3773911	2919220	59
66754	3050276	17
610537	2919220	58
2724290	3050276	35
3160816	3050276	17
4443116	3050276	17
4067203	3050276	17
2305365	3050276	17
1977508	2919220	59
4452777	2919220	58
2286971	3050276	35
1725993	3050276	17
1978061	3050276	17
237536	3050276	17
2040201	3050276	17
3047973	3050276	17
2129637	3050276	17
2781875	3050276	17
2233596	2919220	59
1960514	3050276	17
863023	3050276	17
3505573	3050276	35
3071429	3050276	17
3428841	2919220	59
518208	2919220	59
3172191	2919220	59
3860963	2919220	59
4187519	2919220	59
11804	2919220	59
2661769	2919220	59
283670	3050276	17
45415	2919220	59
4597885	2919220	59
1559751	3050276	35
1104381	3905605	95
3298330	3050276	17
3442331	2919220	59
4376038	3050276	17
2080464	2919220	59
2406523	3050276	17
4606425	3050276	35
4353817	2919220	58
3075852	2919220	59
1639396	2919220	59
772753	3050276	2435
3833758	2919220	59
2101290	2919220	59
2545477	3050276	35
1260586	3050276	17
690285	3050276	17
4033455	3050276	35
621440	3050276	17
4137609	2919220	59
2551636	2919220	59
4040910	2919220	59
1117660	3050276	35
2656717	2919220	58
3243653	2838084	190
4038643	3050276	35
3301027	3050276	17
338502	3050276	17
1659052	2919220	59
600622	3050276	17
17100	2919220	58
206389	3050276	17
3943712	3050276	35
2625373	3050276	17
911325	2919220	59
3349808	3050276	17
1727111	3050276	17
2411596	3050276	17
2806710	2919220	59
463187	3050276	17
4058736	2919220	59
1330133	2919220	59
961622	2919220	58
2107762	2919220	59
2208572	3050276	17
2463985	3050276	17
1038819	2919220	59
3300438	3050276	17
1785543	2919220	58
4132801	3050276	35
1386858	2919220	58
3454634	3050276	17
4520918	3050276	35
3105363	3050276	35
104648	2919220	59
3767861	2919220	58
3900600	2919220	59
2080464	3050276	17
1354677	2919220	59
2041378	3050276	17
2648716	3050276	17
1897583	2919220	59
4314215	3050276	35
313102	2139959	180
510802	3050276	17
2889396	2919220	58
4250440	3050276	35
1083974	3050276	35
1075408	3050276	17
2368874	2919220	59
3729056	2919220	58
2971120	2919220	58
2424848	2919220	59
4397014	3050276	17
3298825	2919220	59
16195	2919220	59
2424848	3050276	17
3298383	2919220	59
4323656	2919220	59
1104381	1372166	61
3705262	2919220	59
2223540	3050276	17
4329322	3050276	17
1499021	2919220	59
2979471	3050276	17
1142833	2919220	58
2232342	2919220	58
2051797	3050276	35
2101290	3050276	17
314382	3050276	35
4097246	2919220	59
3605868	2919220	59
3422070	2919220	59
717675	3050276	17
2804125	3050276	17
3709950	3050276	17
707159	2919220	59
3021771	2919220	59
3397441	2919220	59
326131	2919220	59
2927789	3050276	17
325555	2919220	59
4414292	3050276	17
3751057	2919220	59
2215699	3050276	17
1989202	2919220	59
788641	3050276	17
431982	2919220	59
1735739	2919220	58
4535772	2919220	59
3102193	2919220	59
4366193	2919220	59
1764068	3050276	17
33542	2919220	59
632548	3050276	17
4417859	3050276	17
2226790	3050276	17
4557028	2919220	59
341259	2919220	59
3532015	3050276	17
2529608	2919220	59
4237074	2919220	58
2366452	3050276	35
3726114	3050276	17
3238364	2919220	59
1872132	3050276	17
766386	2919220	58
3724794	3050276	17
543568	3050276	17
4111572	2919220	58
2592031	2919220	59
4180305	2919220	59
3473288	2919220	59
4152025	2919220	59
3541851	3050276	17
2653010	2919220	59
1758960	2919220	59
2442429	3050276	17
2804610	3050276	17
2040575	3050276	17
1181670	3050276	17
2804125	2919220	59
4653098	3050276	17
4100311	2919220	58
495706	2919220	58
2137152	2919220	59
1065159	2919220	59
2625373	2919220	59
1615365	3050276	17
2469193	3050276	35
3513186	3050276	17
2774284	2919220	59
3399317	2804861	102
287970	3050276	17
510642	2919220	59
1863309	3050276	17
933842	3050276	17
3379818	2919220	58
1950329	3050276	17
3383506	3050276	17
29238	2919220	59
1492430	3050276	17
439454	2919220	58
2061671	3050276	35
17752	3050276	17
911503	3050276	17
1715282	3050276	17
3050554	3050276	17
2591316	2919220	59
3558553	3050276	35
3096694	2919220	59
890281	3050276	35
3672712	3050276	17
2619077	3050276	17
2781831	2919220	59
478751	3050276	17
1844535	2919220	59
521580	3050276	17
2630607	2919220	59
2129047	3050276	17
4100809	3050276	17
38277	2919220	59
2014455	2919220	59
3584484	2919220	59
2411560	3050276	35
2441697	2919220	59
2992111	2919220	58
2936738	3050276	17
3723801	2919220	59
3201094	2919220	58
1792631	2919220	59
2868369	3050276	17
119269	2919220	59
2882282	2919220	59
900774	2919220	59
518208	3050276	17
968766	2919220	59
637492	2919220	59
4649093	2919220	59
944955	2919220	58
2945245	3050276	35
2554184	2919220	59
297720	3050276	17
1726028	3050276	17
1950329	2919220	59
2036785	3050276	17
2732345	2919220	59
2509480	2919220	59
3864156	3050276	35
3930800	2919220	58
3707998	3050276	17
36812	2919220	58
95373	2919220	59
314045	2919220	58
3387882	3050276	17
2476430	2919220	58
4590432	3050276	35
2075039	3050276	17
2276984	3050276	35
3679061	3050276	17
722901	2919220	59
1845113	3050276	17
1986881	2919220	59
4618749	3050276	17
1307871	2919220	59
4135866	2919220	58
4256530	2919220	59
4558191	2919220	59
696908	2919220	59
38993	3050276	17
4448892	2919220	59
2218396	2919220	59
3236664	2919220	59
3642172	3050276	17
357415	3050276	17
3240307	2919220	59
1793719	3050276	17
2782794	3050276	17
2197929	3050276	35
2508426	2919220	58
3557252	2919220	59
3425518	2919220	58
2187283	3050276	17
4004521	3050276	35
3540952	3050276	17
3448038	2919220	59
2412860	3050276	17
3637745	3050276	17
2682756	2919220	58
1816013	3050276	35
366545	2919220	59
1580102	3050276	17
1139940	2919220	58
3355389	2919220	59
2813596	3050276	17
2845484	3050276	17
3456628	3050276	35
4572000	2919220	59
3452756	3050276	17
602252	3050276	17
3498573	2919220	59
3638873	2919220	58
1983247	3050276	17
2807213	2919220	59
3844027	2919220	59
788993	3050276	17
4429771	3050276	17
2718586	2919220	58
1933123	3050276	17
1866990	3050276	35
1048454	3050276	17
1996430	3050276	17
33964	3050276	17
738221	2919220	59
269245	3050276	17
696484	2919220	59
1386858	2919220	64
4218146	2919220	64
3718590	3050276	17
3786073	3050276	17
4204081	2919220	58
2115924	2919220	59
1919283	2919220	59
610950	3050276	17
4038643	2919220	58
4072550	3050276	17
2087786	2919220	59
3364184	2919220	59
2413217	2919220	59
1136770	3050276	17
2855201	2919220	59
1307055	2919220	59
2376000	3050276	17
668902	2919220	59
723403	2919220	59
4160941	3050276	17
2781831	3050276	17
47056	2919220	59
1964306	3050276	17
4237287	3050276	17
1142917	3916589	459
1480455	3050276	17
2992689	2919220	58
4489056	2919220	59
334485	3050276	17
700207	2919220	59
342234	2919220	59
136661	2919220	58
40546	2919220	59
2493787	2919220	59
3628296	2919220	59
2418339	2838084	168
475408	3050276	17
3696405	3050276	35
886110	3050276	35
378706	2919220	59
4106774	2919220	58
867611	2919220	59
2989231	3050276	17
620823	3050276	17
2017762	2919220	59
4164528	3050276	17
853066	2919220	59
634317	3050276	35
2585240	2919220	59
1273409	2919220	59
968634	2919220	59
399234	3050276	17
2677907	2919220	59
3535844	3050276	17
2139959	538096	182
2300336	3050276	17
3263847	3050276	17
4422660	3050276	17
4591433	2919220	59
3439647	2919220	59
4625957	2919220	59
1857496	3050276	17
4448165	3050276	17
2762957	2919220	58
93608	1001648	46
2614462	2919220	59
2102731	2919220	59
107464	3050276	17
232786	2919220	59
4443135	3050276	17
4055977	3050276	35
2372398	3050276	17
4544740	2919220	59
3867935	3050276	35
1974661	3050276	17
1043712	2919220	59
714150	3050276	35
1676952	3050276	35
5782	2919220	59
861458	2919220	59
644022	3050276	17
911325	3050276	17
1669158	3050276	17
3791907	3050276	17
4337383	3050276	35
3971101	2919220	59
1127560	3050276	17
4423437	3050276	17
3826991	3050276	17
373174	3050276	17
4000041	3050276	17
3134512	2919220	58
984012	3050276	17
2936521	2919220	59
2826130	3050276	17
3938703	2919220	59
4324303	2919220	59
1908349	3050276	17
2554184	3050276	17
1838082	3050276	35
3871978	3050276	17
171713	3050276	17
3754426	2919220	59
3433509	2919220	59
4245386	3050276	35
4654973	2919220	64
204266	3050276	17
690349	3050276	17
4544740	3050276	17
1569868	3050276	35
1978596	2919220	59
3301701	3050276	17
1964306	2919220	59
3567166	2919220	59
1559362	3050276	35
1331722	2919220	59
2000811	3050276	17
2917314	2919220	59
4362856	3050276	17
2131519	3050276	17
239425	3050276	17
2333659	2919220	59
1651377	2919220	59
772753	2838084	722
3891861	2919220	59
934042	2919220	59
1410900	3050276	17
4535413	3050276	35
2605754	2919220	59
2269543	2919220	58
4317761	2919220	59
685393	2919220	59
4164101	2919220	58
3834309	3050276	35
894031	3050276	17
4003459	2919220	59
2891422	2919220	59
687429	3050276	35
313072	3050276	35
200870	2919220	59
303347	3050276	35
2589593	3050276	17
508367	3050276	17
2876790	3050276	17
3084896	3050276	17
3961936	3050276	17
2934736	2919220	59
3878875	2919220	59
4003459	3050276	17
4359357	3050276	35
4615538	3050276	17
4582558	2919220	59
152443	2919220	59
2131519	2919220	59
2838084	1001648	2
2791585	2919220	59
3955147	2919220	59
3892016	3050276	17
4016464	3050276	17
3580629	3050276	17
2799452	3050276	17
4491827	3050276	35
1403679	3050276	17
2441838	3050276	17
1142833	3050276	35
4312365	2919220	59
618132	2919220	59
2118586	3050276	17
2959503	3050276	35
1543138	2919220	59
2889396	2919220	64
1501183	3050276	35
4433885	2919220	59
3115873	2919220	410
3867935	2919220	58
520729	3050276	17
335450	1104381	260
3886647	2919220	59
1102602	3050276	17
1050973	2919220	59
2614177	2919220	59
3810328	2919220	58
3337166	2919220	59
884303	3050276	17
2507762	3050276	17
1838117	2919220	59
1634329	2919220	59
4204763	2919220	59
4625881	3050276	17
606278	2919220	59
1248731	3050276	17
4551247	2919220	59
4414292	2919220	59
1568470	3050276	17
3229848	3050276	17
235263	2919220	59
1926562	3050276	17
3033187	3050276	17
932338	2919220	59
3872205	3050276	17
2614523	2919220	59
2727264	3050276	17
1062975	3050276	17
1212678	3050276	17
2107762	3050276	17
1262491	2919220	59
3536038	3148873	193
1776870	3050276	17
510101	3050276	17
1820708	2919220	59
3773723	2919220	59
1846030	3050276	17
4530885	3050276	17
1799722	2919220	59
3037110	3050276	17
2040201	2919220	59
982463	3050276	17
1910022	2919220	59
162490	3050276	17
4516978	3050276	17
1202284	3050276	17
175664	2919220	58
85398	3050276	17
3015297	2919220	59
1299664	2919220	59
1916245	2919220	59
1355333	2919220	59
2400662	3050276	17
2773259	2919220	59
2602276	3050276	17
4208350	2919220	59
487827	2919220	58
679426	3050276	17
3298330	2919220	59
3338587	2919220	59
82724	3050276	17
335450	2985839	71
3682703	2919220	59
2328130	3050276	35
1549854	2919220	59
3764706	3050276	17
68818	3050276	35
3514473	2919220	58
3122415	93608	105
2824046	3050276	17
3697516	3050276	17
1768504	3050276	17
981967	3050276	17
3037110	2919220	59
3117481	3050276	35
414117	3050276	17
703809	2919220	59
4318551	3050276	17
2298679	3050276	17
969950	2919220	59
1628917	2919220	58
312972	2919220	58
1854600	3050276	17
3405665	2919220	59
4151137	3050276	17
1127560	2919220	59
1202541	2919220	59
971483	2919220	59
2553688	2919220	59
2139959	2985839	71
2540248	2919220	59
710778	3050276	17
4609878	3050276	17
394085	2919220	59
2015693	2919220	59
2284534	3050276	17
3833758	3050276	17
680021	3050276	17
2146538	3050276	17
4128587	3148873	105
3824555	3050276	17
1992620	2919220	58
3956749	3050276	17
1499208	3050276	17
2495702	3050276	17
2412394	3050276	17
777446	2919220	59
2583518	2919220	59
2402526	2919220	98
3257524	3050276	35
4067575	3050276	17
1857178	2919220	58
4591569	3050276	17
1109604	3050276	17
2823894	2919220	59
1597585	2919220	59
2732838	2919220	59
2801225	2919220	59
2314258	2589742	1366
30729	3050276	35
3384173	2919220	59
665750	2919220	59
2166784	3050276	17
2171563	3050276	35
3754222	2919220	58
2799902	3050276	17
2140010	3050276	17
2579241	3050276	35
3570099	2919220	59
2086822	3050276	17
244881	3050276	17
1145095	2919220	59
4083781	3050276	35
2019144	2919220	59
422499	3050276	17
903259	2919220	59
1793719	2919220	59
414117	2919220	59
1748757	3050276	35
11804	3050276	17
4281136	2919220	59
2129047	2919220	59
2662699	3050276	17
2116801	3050276	17
2278800	2919220	59
3637745	2919220	59
4529630	3050276	17
1730255	3050276	17
474611	2919220	59
1751447	3050276	17
4448165	2919220	59
3802952	2919220	59
2481952	3050276	17
4165309	3050276	17
2350798	3050276	35
1511161	2919220	59
3568042	3050276	17
3840684	3050276	17
1989202	3050276	17
503102	2919220	59
1334167	2919220	59
3709985	3050276	17
1573757	2919220	59
1331351	2919220	58
2672416	3050276	17
4367475	3050276	17
3527576	2919220	58
2718586	3050276	35
3818547	3050276	17
3570099	3050276	17
1951584	2919220	59
62858	3050276	35
4070770	3050276	35
1393331	2919220	59
272205	3050276	17
4381536	2919220	59
2887508	3050276	35
1013059	2919220	59
2448189	3050276	17
3041973	3050276	17
1062975	2919220	59
273437	3050276	35
2217403	3050276	17
4164904	3148873	105
1223406	3050276	17
3113651	3050276	17
2826144	3050276	17
4534685	2919220	58
858730	2919220	59
3391731	3050276	17
3790545	3050276	35
2032120	2919220	59
617988	2919220	59
807443	2919220	59
685393	3050276	17
3248362	2919220	58
1942811	3050276	17
4031471	3050276	17
1638444	3050276	35
2413217	3050276	17
3676650	3050276	17
2192615	2919220	59
3161667	2919220	58
4042919	3050276	17
787754	2919220	58
1694553	2919220	59
2346015	3050276	35
2629049	3050276	17
649912	2919220	59
2759419	2919220	58
3198985	2919220	59
3167656	3050276	17
956338	2919220	59
4270768	3050276	35
1369527	3050276	17
3309088	2919220	59
4089559	2919220	59
3720843	2919220	59
1307871	3050276	17
2509030	3050276	17
3314131	2919220	59
302189	3050276	17
2206128	2919220	58
3512777	2919220	59
4428763	2919220	58
1039197	3050276	17
2915926	2919220	59
574617	2919220	59
297191	2919220	59
1663678	3050276	17
3487655	3050276	17
2296507	3050276	17
3594847	2838084	190
358436	3050276	17
1603647	3050276	17
1625131	3050276	17
2083463	3050276	17
3844784	3050276	17
1640846	2919220	59
2061671	2919220	58
3075931	2919220	59
2240376	2919220	59
651015	3050276	17
206389	2919220	59
3520332	3050276	17
2787227	3050276	17
313072	2919220	58
2763565	2919220	59
499168	3050276	17
3123798	3050276	35
938173	2919220	59
679426	2919220	59
1394080	3050276	17
3304147	3050276	35
1812696	3050276	17
1658908	3050276	17
2664305	3050276	35
1457486	3050276	17
3679061	2919220	59
722901	3050276	17
3106174	2919220	58
3746648	3050276	35
620823	2919220	59
2233596	3050276	17
2341639	2919220	59
103190	2919220	59
4178127	2919220	59
3946113	2919220	59
1547690	3050276	17
2434009	2919220	59
175664	3050276	35
3312954	2919220	59
2931798	2919220	58
3048816	3050276	17
3783251	3050276	17
4149070	2919220	59
4576758	2919220	59
829211	3050276	35
3476256	3050276	17
2490449	3050276	35
1141047	2919220	59
1000418	3050276	17
764534	3050276	17
3225471	2919220	59
4494965	3050276	17
2867383	3469447	102
399088	2919220	59
4022562	3050276	17
2865367	2919220	59
2269434	3050276	17
138485	2919220	59
3588358	2919220	59
4648136	2919220	58
1128906	3050276	17
2927436	2919220	59
1350850	2919220	59
3539723	3050276	35
2245242	3050276	35
2423852	3050276	17
1787792	3050276	17
2221286	3050276	17
2855201	3050276	17
242731	2919220	59
831005	3050276	17
168036	2919220	59
1263713	3050276	35
4505126	2919220	59
3144812	2919220	59
1168906	3050276	17
2710933	2919220	59
2482036	2919220	59
3037654	3050276	17
2936006	3050276	17
3539723	2919220	64
1359556	2919220	59
3301828	2919220	59
3859515	2919220	59
2172125	2919220	59
677739	2919220	59
2171563	2919220	58
1277857	3050276	17
2367310	2919220	59
1901672	3050276	35
2562185	2919220	59
2589742	1104381	827
1183294	3050276	35
1610320	2919220	59
2604579	3050276	17
2013870	3050276	17
606278	3050276	17
1191313	2919220	59
3469447	3050276	17
818951	2919220	59
2916345	2919220	58
3360007	3050276	35
4647142	1635882	102
682233	2919220	59
1725993	2919220	59
4654383	2919220	59
1707109	2919220	59
4227764	2919220	59
3751788	2919220	59
4137609	3050276	17
3345854	3050276	35
1921499	3050276	17
2138857	2919220	59
1961055	3050276	17
3906669	3050276	17
4638650	2919220	58
4263195	3050276	17
1576804	3050276	17
2781582	3050276	35
1328215	2919220	59
1042349	2919220	59
2656178	3050276	17
1025499	3050276	17
3081878	2919220	59
4535413	2919220	58
57486	2919220	58
1001648	2838084	63
3429520	3050276	17
1609173	3050276	35
90260	2919220	59
2705221	3050276	35
4397542	3050276	17
2890890	3050276	35
3987776	3050276	17
911935	2919220	59
3785664	2919220	59
4192457	3050276	17
3727087	2919220	59
1733125	3050276	17
558618	3050276	17
3198985	3050276	17
2303798	2919220	59
1615685	2919220	59
1139940	3050276	35
2047901	3050276	17
3525075	3050276	35
3387570	2919220	59
1597071	2919220	59
1000011	3050276	17
2563386	3050276	17
4468534	2919220	59
3262339	3050276	35
3454581	2919220	58
3900600	3050276	17
2350063	3050276	35
1658906	3050276	17
2188790	2919220	59
991847	2919220	58
4164904	2457506	102
1559362	2919220	58
1635882	4647142	459
1981389	3050276	17
2004135	2919220	59
4393432	2919220	59
1398241	93608	63
991226	3050276	17
3085577	3050276	35
549834	3050276	17
1964811	3050276	17
2534425	3050276	17
636960	2919220	59
3878735	3050276	17
3851487	3050276	17
831688	2919220	59
283488	3148873	105
451636	3050276	35
1890774	2919220	58
4260384	3050276	17
995398	2919220	59
3161502	3050276	17
4576758	3050276	17
807443	3050276	17
2714879	2919220	59
697578	3050276	35
2931798	3050276	35
3596028	2919220	59
357415	2919220	59
1642836	3050276	17
1410900	2919220	59
4275665	3050276	17
3723801	3050276	17
1605068	3050276	35
2129323	3050276	35
3632276	2919220	59
850849	3050276	35
2434009	3050276	17
3257524	2919220	58
3687369	3050276	17
4123562	2838084	105
4043712	3050276	17
816565	3050276	17
3205266	2919220	59
2422935	2919220	59
1111636	3050276	35
3301828	3050276	17
201067	3050276	17
1440323	3050276	35
508106	3050276	17
4237255	2919220	59
55959	2919220	59
885642	2919220	59
813868	3050276	17
1717073	2919220	59
4451090	3050276	17
618668	2919220	59
2824123	3050276	17
1609346	2919220	59
2140010	2919220	59
4286290	2919220	59
4476509	2919220	59
917156	2919220	59
1921890	2919220	58
3071612	2919220	58
1928913	3050276	17
3972224	2919220	58
3378997	3050276	35
2551045	3050276	17
1628046	3050276	17
1607369	3050276	17
3391616	2919220	58
906823	2919220	59
3372698	3050276	17
1078519	2919220	59
4169504	3050276	35
1020237	2919220	59
2428837	3050276	17
561249	2919220	59
1106087	3050276	17
2838084	2919220	58
1928913	2919220	59
2826144	2919220	59
1262491	3050276	17
3860963	3050276	17
130146	3050276	17
3260132	2919220	59
1887508	3050276	17
2864161	1104381	475
4612326	2919220	59
2409400	2919220	59
3318920	3050276	35
1763798	2919220	59
1156885	3050276	17
1000418	2919220	59
4389315	2919220	59
283438	2919220	58
601900	3050276	17
4572000	3050276	17
3525075	2919220	58
2527300	3050276	35
4472934	2919220	59
1181670	2919220	59
2697535	3050276	17
2730352	2919220	59
3358834	2919220	59
1530238	2919220	59
3471361	2919220	59
2004135	3050276	17
2615592	2919220	59
1079486	3050276	17
2407859	2919220	59
4527339	2919220	59
2287742	2919220	58
2936006	2919220	59
1672478	2919220	59
3900661	3050276	17
1558568	2919220	58
2106277	3050276	35
2167634	3050276	35
1521505	3050276	35
2901631	3050276	35
1330264	2919220	59
1676952	2919220	58
4477690	2919220	58
1499021	3050276	17
579739	2919220	59
4630762	3050276	17
2531044	2919220	59
2036969	2919220	59
2395511	3050276	35
972814	2919220	59
3263986	3050276	17
4152903	2919220	58
2491328	2919220	59
4491827	2919220	58
3011618	2919220	59
1867189	2919220	59
2791585	3050276	17
4056	2919220	59
2303318	2919220	59
4438387	2919220	58
1547690	2919220	59
632548	2919220	59
605325	3050276	17
3936904	3050276	17
3731176	2919220	59
2862160	2919220	58
4253854	2919220	59
773941	2919220	58
3502465	2919220	59
4054670	2919220	59
3032092	3050276	17
2139959	3050276	17
4106045	3050276	17
2552999	3050276	17
1617369	3050276	17
1857123	2919220	59
894722	2919220	59
162478	3050276	17
1496176	3050276	17
981178	3050276	17
1078519	3050276	17
1634329	3050276	17
4419889	2919220	59
687429	2919220	58
1645693	3050276	35
671757	2919220	59
3015297	3050276	17
3219284	3050276	17
1410548	2919220	58
2058427	3050276	17
4554506	3050276	35
1963134	3050276	17
566198	2139959	102
70595	2919220	59
1854600	2919220	59
400872	2919220	59
2230254	3050276	17
4033080	3050276	17
1691217	3050276	17
1543671	2838084	105
4138964	2919220	59
3317385	2919220	58
1684583	3050276	17
53545	3050276	17
574617	3050276	17
2983657	2919220	59
4345978	2919220	59
1564352	2919220	59
2375289	3050276	17
534995	2919220	58
28158	3050276	35
4576543	2919220	59
3824999	3050276	17
4204763	3050276	17
4275150	3050276	35
4260384	2919220	59
1621222	2919220	59
2961613	2919220	58
3898698	3050276	17
1875153	3050276	17
3866852	3050276	17
2323834	2919220	59
3836722	3050276	17
235263	3050276	17
3812339	2919220	59
3325347	2919220	58
26175	3050276	35
3913924	2919220	59
2791483	2919220	59
1365627	2919220	58
2958056	3050276	17
2350798	2919220	58
635486	2919220	59
68818	2919220	58
478751	2919220	59
956382	3050276	17
2137152	3050276	17
561249	3050276	17
164650	3050276	17
204266	2919220	59
1194599	3050276	17
3118231	3050276	17
887011	2919220	59
4362856	2919220	59
610537	3050276	35
2214203	2919220	59
1496600	2919220	59
1104381	3594847	191
875474	2919220	58
17971	2919220	59
2990295	2919220	58
3105191	3050276	17
1662950	3050276	35
1499208	2919220	59
366545	3050276	17
1556818	2919220	59
2861862	2919220	59
1534865	2919220	59
2397092	3050276	17
1762864	2919220	59
757625	2919220	58
1359372	2919220	58
4557028	3050276	17
3604188	2919220	58
2256046	3050276	17
3638603	2919220	58
1352339	2919220	59
3428841	3050276	17
3761249	2919220	58
334485	2919220	59
204028	2919220	59
2811221	3050276	17
2142551	3050276	17
2208659	2919220	58
1117164	3050276	35
703525	3050276	17
4441153	2919220	59
3316546	2919220	58
2045752	2919220	59
347092	2919220	59
2671678	2919220	59
2450917	3050276	17
4043062	2919220	59
1276383	3050276	17
1156149	3050276	17
2058578	2919220	59
4575691	3050276	35
4532488	2919220	59
846341	3050276	17
1326020	2919220	59
4204199	3050276	17
2139959	4452777	735
3003783	3050276	17
4346893	2919220	59
543568	2919220	64
2101192	2919220	59
1224649	3050276	17
635486	3050276	17
786282	2919220	58
4282019	3050276	35
456151	2919220	59
2798486	3050276	35
3610797	2919220	59
2037125	3050276	17
1671040	3050276	35
690285	2919220	59
2353646	2919220	59
3339085	3050276	17
4354601	3050276	35
3964641	2919220	59
2979471	2919220	59
4649094	2919220	59
1731152	2919220	59
1142812	3050276	17
4612803	2919220	59
264728	2919220	59
2269434	2919220	59
81538	2919220	59
1611719	3050276	17
1751447	2919220	59
3535397	2919220	58
688970	3050276	35
3588358	3050276	17
2904268	3050276	17
300384	2919220	59
195073	2919220	59
3642934	3050276	17
1280032	2919220	59
652145	3050276	17
3955618	3050276	17
626172	2919220	59
2614523	3050276	17
621738	3050276	17
1236350	3050276	17
1726640	2919220	58
4261696	2919220	59
1498880	2919220	59
979302	2919220	59
3884336	2919220	59
2541602	2919220	59
2203095	3050276	17
710778	2919220	59
439454	3050276	35
3524607	2919220	59
3271	2919220	59
4345978	3050276	17
2559901	2919220	59
2826811	3050276	17
1373793	3050276	17
3592610	3050276	17
1686152	3050276	17
1373793	2919220	59
717675	2919220	59
3106174	3050276	35
1799432	3050276	17
1644716	2919220	59
2703984	3050276	17
2798486	2919220	58
1858477	2919220	59
3220693	2919220	59
3395312	2919220	59
425389	2919220	59
2013870	2919220	59
754996	2919220	59
736297	3050276	17
2372341	2919220	59
4059827	3050276	17
4117336	2919220	58
3597285	2919220	59
1595490	3050276	17
3426483	2919220	59
3053242	2919220	59
2145072	3050276	17
3402469	2919220	59
2289240	3050276	17
2705221	2919220	58
962515	3050276	17
1336616	3050276	17
3938703	3050276	17
4008658	3050276	35
4396035	3050276	17
2098457	2919220	59
746656	3050276	17
3365668	2919220	59
2465003	3050276	17
1698534	3050276	17
4576883	3050276	17
2960344	2919220	59
496250	2919220	59
2311625	2919220	59
3238905	2919220	59
1162410	2919220	59
2963521	2919220	59
1215572	2919220	59
2428322	3050276	17
2019144	3050276	17
3766066	3050276	17
911255	3050276	17
1143936	3050276	35
1925667	3050276	17
4132213	2919220	59
599050	2919220	59
1788386	3050276	17
2831305	3050276	17
3763653	3050276	17
2876790	2919220	59
3934263	2919220	59
2144785	2919220	59
2591140	2919220	59
1138875	3050276	17
4149070	3050276	17
508744	2919220	59
1142333	2919220	59
1482406	3050276	17
124975	2919220	58
4618749	2919220	59
2496023	2919220	59
3114406	3050276	17
118734	3050276	35
3836786	3050276	17
4067203	2919220	59
2012310	2919220	59
2102731	3050276	17
4185031	3050276	17
3727087	3050276	17
969950	3050276	17
4245386	2919220	58
2051797	2919220	58
3935103	2919220	59
4397014	2919220	59
3828899	3050276	17
2841406	3050276	17
1639480	2919220	59
1544273	3050276	17
1634699	2919220	58
3294163	3050276	17
2955748	2919220	59
1881405	3050276	17
4432363	3050276	17
3689704	3050276	17
3675068	3050276	35
2712705	3050276	17
3172393	3050276	17
1237303	2919220	59
2289969	2919220	59
2893202	3050276	35
283438	3050276	35
380696	3050276	17
1480051	3050276	17
2962647	3050276	35
69976	3050276	17
1078862	2919220	59
395637	2919220	59
1412804	3050276	35
1436164	2919220	59
1513130	3050276	35
4649094	3050276	17
4315658	2919220	58
2100058	3050276	17
3349808	2919220	59
265262	2919220	59
641843	2919220	58
3506819	3050276	17
3433509	3050276	17
646398	2919220	58
885642	3050276	17
3251675	2919220	59
4395664	3050276	35
38277	3050276	17
4051630	3050276	35
60411	3050276	17
3255113	3050276	17
336116	3050276	17
54166	3050276	17
1256238	3050276	17
3286130	3050276	17
3166196	3050276	17
4327675	2919220	58
524696	3050276	17
3296129	2919220	59
906823	3050276	17
2919627	2919220	58
738776	3050276	17
722274	2919220	58
487827	3050276	35
3400864	2919220	59
2505326	3050276	17
3959736	3050276	17
2147797	2919220	58
300594	2919220	58
2197349	3050276	35
2299629	3050276	17
4448230	2919220	58
1984859	3050276	17
4587970	3050276	17
2302511	2919220	59
3992050	3050276	35
4567583	3050276	17
2862160	3050276	35
783325	2919220	59
3075931	3050276	17
3680873	3050276	35
571400	3050276	17
4021195	2919220	58
4420288	3050276	17
3584484	3050276	17
703075	2919220	59
2368969	2919220	58
2828429	2919220	58
4270938	3050276	17
538737	2919220	59
2453083	3050276	17
697578	2919220	58
378202	3050276	35
1231248	3050276	17
2509499	3148873	105
1905143	3050276	17
176378	2919220	59
1187610	2919220	59
4343477	3050276	35
338255	3050276	17
93608	3243653	2
3880747	2919220	59
61623	3050276	17
3251675	3050276	17
3790545	2919220	58
2002866	2919220	59
3833602	2919220	58
4629247	3050276	17
3303810	2919220	59
217281	3594847	191
3066899	3050276	17
2639944	2919220	58
685911	3050276	17
292577	3050276	35
1509552	3050276	17
3357421	3050276	17
2417823	2919220	58
4115940	2919220	59
603663	2919220	58
3637723	3050276	17
2904268	2919220	59
4075406	2919220	59
1001648	93608	63
1155234	3050276	35
869298	2919220	59
4582	2919220	59
1236350	2919220	59
4330525	3050276	35
200870	3050276	17
3696405	2919220	58
163101	2919220	59
217983	3050276	17
2441838	2919220	59
3547733	3050276	17
2095526	3050276	17
4379381	3050276	17
4227764	3050276	17
679497	3050276	17
3368385	2919220	58
2358028	2919220	58
855381	2919220	59
4334722	2919220	59
1771098	2919220	59
1970176	3050276	17
157378	2919220	59
3238364	3050276	17
1597497	2919220	58
3585724	3050276	17
3893444	3050276	17
2458067	2919220	59
1777068	2919220	104
1143936	2919220	58
1983572	3050276	35
855381	3050276	17
652166	3050276	17
3503403	2919220	58
1172649	3050276	17
4478041	2919220	58
2594530	3050276	17
1081813	2919220	58
4393432	3050276	17
1556818	3050276	17
2420622	2919220	59
1134151	3050276	17
4152879	2919220	59
986646	2919220	59
4611468	2919220	59
4351770	2919220	59
2494837	3050276	17
1799475	2919220	58
398099	4055152	102
4587844	3050276	17
3368510	3050276	35
1609173	2919220	58
3878735	2919220	59
2035812	2919220	59
3984900	2919220	59
2275243	2919220	59
1019567	2919220	58
2272071	3050276	35
3372100	3050276	17
3878754	3050276	17
3405233	3050276	17
3052832	3050276	35
217281	1104381	192
176378	3050276	17
2979222	2919220	59
2491328	3050276	17
2948879	2919220	58
3465030	2919220	59
1739244	3050276	17
2756567	2919220	58
766386	3050276	35
2140308	2919220	58
4187519	3050276	17
1405673	2919220	59
2732838	3050276	17
3164795	3050276	17
2583518	3050276	17
2685378	2919220	59
2722817	3050276	35
4024326	2919220	59
380696	2919220	59
4551255	3050276	17
1601495	3050276	35
4328939	2919220	59
1835161	2919220	59
3717566	2919220	59
297720	2919220	59
2854012	2919220	59
3387393	2919220	59
4629801	2919220	59
910114	2838084	62
417792	3050276	17
2580712	2919220	59
392648	3050276	17
1799722	3050276	17
1897583	3050276	17
1337548	2919220	59
3391616	3050276	35
1988916	2919220	59
3424437	2919220	59
1203354	2919220	59
3400744	3050276	17
1118568	3050276	17
3190501	2919220	59
3516090	2919220	59
441532	3050276	17
1493326	3050276	35
655303	3050276	17
278451	3050276	17
3263847	2919220	59
2116801	2919220	59
4194141	3050276	35
3955618	2919220	59
3824999	2919220	59
981967	2919220	59
2065321	2919220	59
3122415	1925667	102
3898516	2919220	59
3032092	2919220	59
1580102	2919220	59
4365575	2919220	59
3785664	3050276	17
3805019	3050276	17
4128125	2919220	59
813503	3050276	17
2685894	3050276	17
2804861	3399317	459
550697	2919220	59
3731016	3050276	35
2184315	3050276	17
867979	3050276	17
4384432	3050276	35
1439905	3050276	17
1224204	3050276	17
1350850	3050276	17
1214250	2919220	59
228884	2919220	59
1774826	3050276	17
617988	3050276	17
1086821	2919220	59
92908	3050276	17
3550793	2919220	59
4411705	2919220	59
2230254	2919220	59
437643	2919220	59
651015	2919220	59
3792855	2919220	59
4505126	3050276	17
1579166	3050276	17
2818018	2919220	59
1794029	3050276	17
2838084	566198	375
1618233	3050276	17
1892259	3050276	17
2540248	3050276	17
1258268	2919220	59
2671692	3050276	35
863308	3050276	17
932094	2919220	58
723403	3050276	17
3443343	2919220	58
4232960	3050276	17
2566874	3050276	17
2486962	2919220	59
4470117	2919220	59
1112545	3050276	17
933750	3050276	17
2416279	2919220	2523
3264634	3050276	17
3011315	2919220	59
2457054	3050276	17
3884336	3050276	17
973949	3050276	35
3905974	2919220	59
1904401	2919220	59
810960	3050276	17
3583206	3050276	17
1572142	3050276	17
2438621	3050276	17
979302	3050276	17
3391731	2919220	59
588816	2919220	59
3425849	2919220	59
863063	3050276	17
2302511	3050276	17
806120	2919220	58
2624987	2919220	58
3161502	2919220	59
4392561	2919220	59
4037873	2919220	58
630289	3050276	35
4294013	2919220	59
2639070	2919220	59
3878381	2919220	59
3439647	3050276	17
691438	2919220	59
4280254	3050276	17
4505226	3050276	17
4174658	3050276	35
521580	2919220	59
3744509	2919220	58
4573168	2919220	59
1658962	2919220	59
1711935	2919220	58
1149412	3050276	17
4337572	2919220	59
4153103	2919220	59
3583206	432532	459
4263073	2919220	59
4240853	3050276	17
2483023	2919220	59
3931992	3050276	17
2251298	2919220	59
1420505	3050276	17
4287235	3050276	35
4354219	2919220	59
1299837	3050276	35
623037	3050276	17
1989850	2919220	59
455543	2919220	59
3043700	2919220	59
4317996	3050276	17
978981	2919220	59
1050973	3050276	17
3360344	2919220	59
3905206	2919220	58
3448452	3050276	17
973949	2919220	58
1989850	3050276	17
1573757	3050276	17
4412219	3050276	17
2968517	2919220	59
3301027	2919220	59
4250984	2919220	59
2702889	3050276	35
2639947	3050276	35
2395511	2919220	58
3448038	3050276	17
3681940	3050276	17
3305321	3050276	17
1320831	3050276	17
1854073	3050276	17
1208092	3050276	17
4128154	2919220	59
4450514	3050276	17
587432	2919220	58
4482494	3050276	17
593812	2919220	58
4548573	3050276	17
4433055	2919220	59
2277971	2919220	59
393637	2919220	59
3984900	3050276	17
2202052	2919220	59
265262	3050276	17
517974	2919220	59
93608	3050276	35
1221023	2919220	59
1212678	2919220	59
2677910	3050276	17
311566	3050276	35
304944	2919220	58
1104381	2589742	1049
1394235	3050276	17
209362	2919220	59
406763	3050276	17
192244	2919220	58
1379286	2919220	58
2661769	3050276	17
3453643	2919220	59
587929	2919220	58
3864156	2919220	58
621440	2919220	59
347092	3050276	17
2095276	3050276	17
1628917	3050276	35
969158	2919220	59
863023	2919220	59
1492430	2919220	59
565728	3050276	35
362920	3050276	35
4516541	2919220	58
4535101	2919220	59
4040910	3050276	17
4384864	2919220	59
3606052	2919220	59
3923691	3050276	35
4575739	2919220	59
431560	3050276	35
3068090	2919220	59
16195	3050276	17
4318551	2919220	59
4138964	3050276	17
404125	3050276	17
1760849	2919220	59
3958795	93608	105
3651636	3050276	35
4366935	2919220	59
3248589	3050276	173
1377807	2919220	59
1623159	2919220	59
930237	2919220	58
303347	2919220	58
2102790	3050276	17
2719951	3050276	17
3597351	3050276	17
241138	2919220	58
4279210	2919220	58
1946732	2919220	59
3516090	3050276	17
2484923	2919220	59
273437	2919220	58
3859018	3050276	17
194181	2919220	58
2056025	3050276	35
26175	2919220	58
4081955	3050276	35
137438	3050276	17
123534	2919220	59
2465003	2919220	59
1838460	2919220	59
1175	2919220	59
4466759	3050276	17
2936738	2919220	59
2042827	3050276	17
4237074	3050276	35
2117913	3050276	35
2536273	2919220	59
495706	3050276	35
3118259	2919220	59
2544916	3050276	17
2234808	3050276	17
1134151	2919220	59
2919220	1994719	1394
453725	3050276	17
2442429	2919220	59
4310912	812178	459
2058578	3050276	17
3168224	3050276	17
3637706	3050276	17
1112352	2919220	59
3131276	2919220	58
3096694	3050276	17
3751057	3050276	17
3403367	3050276	17
1038407	2919220	59
894722	3050276	17
2589742	2314258	372
1838680	2919220	59
1398241	2838084	63
3582409	3050276	17
3464770	2919220	59
3276091	2919220	59
4026136	2919220	59
1062751	2919220	59
1511161	3050276	17
1331351	3050276	35
2898911	3050276	17
3218288	2919220	59
1050004	2919220	59
2710447	2919220	59
1189000	3050276	17
2849176	2919220	59
2685894	2919220	59
2063540	2919220	59
264728	3050276	17
3164959	3050276	17
527634	2919220	59
4461234	3050276	17
2985839	335450	74
4622088	3050276	17
1614279	2919220	59
104137	3050276	17
1988386	2919220	59
3734780	2919220	59
1721539	3050276	17
33542	3050276	17
1151233	3050276	35
971717	2919220	58
4334722	3050276	17
84670	2919220	59
3168040	3050276	17
1393331	3050276	17
4277101	2919220	59
1727111	2919220	59
1378417	3050276	17
394085	3050276	17
1721590	2919220	59
201067	2919220	59
2565712	2919220	58
850358	2919220	58
2028725	3050276	17
3687252	3050276	17
404125	2919220	59
1008312	2919220	59
392648	2919220	59
3011315	3050276	17
1539481	2919220	58
107424	2919220	59
2555222	2919220	59
1570837	2919220	59
1135816	3050276	17
4080655	2919220	59
4392561	3050276	17
3676949	2919220	59
3800766	2919220	58
2137396	2919220	58
4064767	3050276	35
4034757	3050276	17
4204078	3050276	17
3474575	2919220	59
4378839	3050276	17
3378997	2919220	58
3866598	3050276	35
3425849	3050276	17
792423	3050276	17
3426483	3050276	17
2277693	3050276	35
4602211	2919220	59
3880747	3050276	17
1454347	3050276	17
2486962	3050276	17
2028725	2919220	59
3480822	2919220	59
3447962	3050276	35
894031	2919220	59
2712907	3050276	17
3797724	3050276	17
2220047	2919220	59
1684583	2919220	59
1569868	2919220	58
4600342	3050276	17
186782	2919220	59
2727543	2919220	59
886856	2919220	59
3023189	2919220	59
3123798	2919220	58
1017859	3050276	17
3645376	3050276	17
4164101	3050276	35
671021	2919220	59
1881466	3050276	17
2308254	2919220	59
4324303	3050276	17
4096212	3050276	35
1258143	2919220	58
350054	2919220	59
4151575	2919220	58
3518530	3050276	17
1075408	2919220	59
1779005	3050276	17
4339681	2919220	58
3315453	3050276	17
3360753	2919220	58
2656178	2919220	59
186782	3050276	17
1334167	3050276	17
1950772	3050276	17
3864997	2919220	58
2469193	2919220	58
494380	2919220	58
2857194	3050276	17
2194139	3050276	17
910109	2919220	59
4204081	3050276	35
2328882	2919220	59
3928454	2919220	59
792423	2919220	59
1422197	3050276	17
2300336	2919220	59
4128154	3050276	17
1020237	3050276	17
2800730	3050276	17
2208659	3050276	35
4358704	3050276	17
1277474	2919220	59
192244	3050276	35
2397092	2919220	59
3002408	2919220	59
1337548	3050276	17
283670	2919220	59
4222029	3050276	35
817094	3050276	17
1185786	2919220	59
2218396	3050276	17
2786031	2919220	59
3766063	2919220	59
4323656	3050276	17
1501183	2919220	58
700207	3050276	17
2615712	245401	459
1737679	3050276	17
2138069	3050276	17
4058736	3050276	17
4324205	3050276	17
4515375	3050276	17
984012	2919220	59
59553	2919220	59
2555222	3050276	17
2894527	3050276	17
2830315	3050276	17
2556292	3050276	17
3749548	2919220	59
3638114	2589742	1366
3422138	2919220	59
1411662	3050276	17
2307683	2919220	58
1224781	3050276	17
3686972	2919220	59
3764150	3050276	17
2030247	2919220	410
3452315	3050276	35
3536249	3050276	17
4365683	3050276	17
3934263	3050276	17
79585	2919220	59
899416	3050276	35
2332795	3050276	35
3314131	3050276	17
3374100	2919220	59
304944	3050276	35
4166212	2919220	59
513304	3050276	17
362997	3050276	17
1730255	2919220	59
4629247	2919220	59
653747	3050276	17
1102602	2919220	59
2960344	3050276	17
1061167	2919220	59
3557252	3050276	17
3689426	3050276	17
2615712	3050276	17
1467014	2919220	59
134657	3050276	17
1499917	3050276	17
3049802	3050276	35
1682472	2919220	59
908997	2919220	59
3273843	3050276	35
2600765	3050276	35
4282019	2919220	58
601900	2919220	59
26561	3050276	17
1463056	3050276	35
3910343	3050276	35
2644704	3050276	17
2916656	2919220	58
2982745	2919220	59
3448113	2919220	59
1039288	2919220	59
932338	3050276	17
818951	3050276	17
2139959	4452777	145
2544916	2919220	59
1172649	2919220	59
397652	3050276	17
3316439	3050276	35
1709536	2919220	59
1904806	3050276	17
1424329	3050276	35
1910907	3050276	35
908162	2919220	59
3594604	2919220	58
2868369	2919220	59
3837005	2919220	59
1074796	2919220	59
2559901	3050276	17
4059827	2919220	59
4646530	2919220	59
2438621	283488	459
2661487	2919220	59
3310445	2919220	58
421173	2919220	58
1638339	2919220	58
163101	3050276	17
2400559	3050276	35
2647538	2919220	59
2029366	2919220	59
2552999	2919220	59
3017200	1810242	102
1892760	3050276	35
3605868	3050276	17
2975706	3050276	35
1717813	2919220	59
4577011	3050276	17
1292311	2919220	59
4482494	2919220	59
2699318	3050276	17
3518197	2919220	59
566423	2919220	59
2617211	2919220	59
3505573	2919220	58
4629898	2919220	59
136683	2919220	59
3999171	2919220	59
3833602	3050276	35
3952128	3050276	35
4499639	2919220	58
2289418	3050276	35
3575946	3050276	17
2227034	2919220	58
2457506	4164904	459
1305329	3050276	17
1587844	2919220	59
3218959	3050276	17
1572304	3050276	17
2289969	3050276	17
3112461	3050276	17
2287742	2919220	64
1609346	3050276	17
1041266	3050276	35
3263005	3050276	17
3276091	3050276	17
437863	2919220	59
4640632	2919220	59
399234	2919220	59
421173	3050276	35
1104381	217281	46
4635680	3050276	17
1169778	2919220	59
743609	2919220	59
3913148	3050276	17
615278	2919220	59
3818547	2919220	59
1120880	3050276	17
2876307	3050276	17
1000011	2919220	59
1202902	3050276	17
2238393	2919220	59
1670107	3050276	17
3361749	2919220	58
202954	3050276	17
3961936	2919220	59
145790	2919220	59
1056534	2919220	58
98643	2919220	59
3751788	3050276	17
2129323	2919220	58
1598571	3050276	17
4469694	3050276	17
37888	3050276	17
4406032	2919220	59
3890444	3050276	17
3105191	2919220	59
3478233	3050276	17
2190392	3050276	17
4097246	3050276	17
1735739	3050276	35
2139959	3905605	182
4086059	3050276	17
3491738	3050276	17
3859515	3050276	17
1763798	3050276	17
3667219	2919220	59
1384110	3050276	35
2705940	2919220	58
4268931	2919220	59
2762394	2919220	59
4653098	2919220	59
3387393	3050276	17
3445722	2919220	58
2240376	3050276	17
4633863	2919220	58
4477690	3050276	35
724042	2919220	58
2819172	3050276	17
1439905	2919220	59
1659767	3050276	17
3448113	3050276	17
2101192	3050276	17
3540952	2919220	59
2081438	2919220	59
2509968	3050276	35
3307550	2919220	59
972814	3050276	17
3738214	3050276	17
3443428	3050276	17
2245242	2919220	58
322875	2919220	59
819032	2919220	59
4467165	2919220	58
395637	3050276	17
1613562	2919220	59
1744520	2919220	58
3745520	3050276	17
761296	2919220	59
4333919	2919220	58
2975454	2919220	59
1162410	3050276	17
1118568	2919220	59
3044827	3050276	17
3645014	2919220	59
522913	3050276	17
943441	3050276	17
93608	1001648	2
1039559	2919220	59
391478	2919220	59
4599375	2919220	59
3183713	2919220	59
3461949	3050276	17
3943352	2919220	59
325555	3050276	17
1473642	2919220	59
2727251	2919220	59
2298679	2919220	59
1505533	3050276	17
4111254	3050276	17
1056492	3050276	17
1875153	2919220	59
1244060	2919220	59
3305321	2919220	59
4612326	3050276	17
3699418	2919220	58
1706530	3050276	17
3370858	2919220	59
1355333	3050276	17
2689511	2919220	58
788993	2919220	59
3462811	1104381	475
1246303	3050276	17
3971101	3050276	17
3075750	2919220	58
2794416	3050276	17
3295167	3050276	17
910149	3050276	17
1318823	2919220	59
237536	2919220	59
271830	2919220	59
1731220	2919220	58
1121227	2919220	59
3568042	2919220	59
3633255	3050276	17
1774826	2919220	59
2473315	2919220	59
3786073	2919220	59
3878381	3050276	17
406292	3050276	17
2703009	2919220	59
1970223	3050276	17
1179482	3050276	17
2762957	3050276	35
2299629	2919220	59
2553688	3050276	17
805141	3050276	17
2280041	3050276	35
316573	3050276	17
3890444	2919220	59
2939253	2919220	58
1807025	2919220	58
3534992	2919220	58
1142650	2919220	59
1242287	3050276	17
1502335	2919220	59
2237836	3050276	17
3754426	3050276	17
3642934	2919220	59
2742189	2919220	59
3651636	2919220	58
4346815	2919220	59
3515944	2139959	74
910149	2919220	59
995398	3050276	17
4128587	1163434	102
3468557	2919220	59
4056	3050276	17
3374100	3050276	17
1824382	3050276	35
2138857	3050276	17
32682	3050276	35
2040575	2919220	59
1351174	2919220	59
1106087	2919220	59
4647142	3148873	105
3357421	2919220	59
757625	3050276	35
2436617	3050276	17
1363923	3050276	17
2428178	2919220	59
1038407	3050276	17
870334	3050276	17
2178823	3050276	17
973654	2919220	59
1730251	3050276	17
2372341	3050276	17
4429324	3050276	17
3046889	2919220	59
3115873	3050276	17
1335313	3050276	17
1243578	3050276	35
2254159	2919220	59
3456628	2919220	58
4189900	2919220	59
2144785	3050276	17
4277101	3050276	17
3113651	2919220	59
4135866	3050276	35
3616302	3050276	17
2727617	3050276	17
2630607	3050276	17
973654	3050276	17
1977117	3050276	35
3287899	3050276	17
2707134	2919220	59
2115924	3050276	17
3198774	2919220	59
3972224	3050276	35
680308	3050276	17
2660902	2919220	59
4656543	3050276	17
2838084	772753	849
2643224	3050276	17
4449573	3050276	17
4131167	3050276	17
2815094	3050276	17
38993	2919220	59
1179579	3050276	17
4535772	3050276	17
4384864	3050276	17
1485415	2919220	59
3876652	2919220	59
2122513	3050276	17
4152903	3050276	35
673344	3050276	17
4100809	2919220	59
2085608	2919220	59
4123562	3915111	102
777721	2919220	59
516806	3050276	17
3481260	2919220	59
855678	3050276	17
1712478	3050276	17
2686514	3050276	35
4574088	3050276	17
4221039	2919220	59
959114	3050276	17
1737679	2919220	59
979211	3050276	17
1128906	2919220	59
1855247	3050276	17
2070387	3050276	17
311566	2919220	58
3678583	3050276	17
4319480	2919220	59
3183713	3050276	17
2307880	2919220	59
1132058	2919220	59
649611	2919220	58
3298825	3050276	17
4037602	3050276	17
1132625	2919220	59
3851487	2919220	59
4072550	2919220	59
4175440	2919220	59
3712445	3050276	17
1589572	2919220	59
2081438	3050276	17
400872	3050276	17
1603647	2919220	59
3605904	3050276	17
2140856	2919220	59
3148873	3594847	2
3775902	3050276	17
2699318	2919220	59
2994993	3050276	17
1648048	3050276	35
2898911	2919220	59
4591433	3050276	17
3063776	2919220	59
3714294	3050276	35
554814	2919220	59
1854073	2919220	59
2509968	2919220	58
2229515	3050276	35
3386357	2919220	59
782735	2919220	59
738221	3050276	17
1318823	3050276	17
1597497	3050276	35
2095276	2919220	59
3536038	3050276	17
4622088	2919220	59
858730	3050276	17
1011124	2919220	59
2144909	2919220	59
212732	3050276	17
4189900	3050276	17
1611104	2919220	59
703075	3050276	17
4517205	3050276	17
3736620	3050276	17
2800730	2919220	59
1752561	3050276	17
3154010	2919220	59
4454284	3050276	17
571367	2919220	59
1997599	2919220	58
3524666	3050276	17
1536292	2919220	58
4278824	3050276	35
1765360	2919220	59
3582409	2919220	59
410706	3050276	17
3318920	2919220	58
2077688	3050276	17
1960514	2919220	59
1179482	2919220	59
3681940	2919220	59
3532015	2919220	59
4525445	2919220	59
84670	3050276	17
1052286	3050276	17
2326310	3050276	17
4067575	2919220	59
69976	2919220	59
79232	2919220	58
959114	2919220	59
252449	3050276	17
221912	3050276	17
843389	2919220	64
828989	2919220	59
499991	3050276	35
2551636	3050276	17
322875	3050276	17
2917884	3050276	17
3520332	2919220	59
3702266	3050276	17
3660026	2919220	58
2447308	3050276	35
1791568	3050276	17
3682703	3050276	17
546584	3050276	35
766470	3050276	35
2017762	3050276	17
2344122	3050276	17
4449287	2919220	59
2614177	3050276	17
491594	2919220	58
2661487	3050276	17
241503	3050276	17
3712957	3050276	17
248554	3050276	17
1919283	3050276	17
4075406	3050276	17
233165	3050276	35
948383	3050276	17
162490	2919220	59
3930106	2919220	59
4062971	2919220	64
4612803	3050276	17
3651555	2919220	59
1887508	2919220	59
4551255	2919220	59
3369906	2919220	59
3984946	3050276	17
2212885	2919220	58
2006241	3050276	35
787754	3050276	35
2183515	2919220	59
3518197	3050276	17
2713647	3050276	17
2254159	3050276	17
2180229	2919220	59
3241110	2919220	58
4065226	3050276	17
1838117	3050276	17
2556292	2919220	59
40225	2919220	58
788641	2919220	59
2139959	4269277	182
2849634	3050276	17
2388142	3050276	17
3633255	2919220	59
3638603	3050276	35
4419709	2919220	59
4448230	3050276	35
3185540	3050276	17
4021195	3050276	35
514474	3050276	17
2876307	2919220	59
695389	2919220	59
3206699	3050276	17
373709	2919220	59
3535397	3050276	35
3166024	2919220	58
3930800	3050276	35
1623159	3050276	17
1559176	3050276	17
2303798	3050276	17
2653010	3050276	17
886856	3050276	17
367775	3050276	35
4350273	2919220	59
3678583	2919220	59
2975706	2919220	58
1678292	2919220	59
4611468	3050276	17
2707134	3050276	17
3743056	3050276	17
1712478	2919220	59
1733125	2919220	59
1299509	2919220	59
2527300	2919220	58
4472934	3050276	17
1650265	2919220	59
3534283	2919220	59
3913197	3050276	35
4169504	2919220	58
1760849	3050276	17
1321827	3050276	35
4128125	3050276	17
2718767	3050276	17
4587844	2919220	59
3558691	2919220	59
2742189	3050276	17
4521587	2919220	59
3524666	2919220	59
3585724	2919220	59
1330133	3050276	17
3618015	2919220	59
4086059	2919220	59
3189393	3050276	17
4131167	2919220	59
3405233	2919220	59
3049802	2919220	58
888130	2919220	59
2589054	2919220	59
4529721	2919220	59
2806710	3050276	17
2064375	3050276	17
619928	3050276	17
295618	2919220	59
3613821	2919220	59
2644704	2919220	59
4499534	2919220	59
2615592	3050276	17
1584274	2919220	59
3339085	2919220	59
1493609	3050276	35
3775094	3050276	17
1884779	2919220	58
4591569	2919220	59
914733	2919220	59
3248362	3050276	35
1199194	2919220	59
1544273	2919220	59
4625957	3050276	17
1961055	2919220	59
1721334	3050276	17
2251654	2919220	59
665750	3050276	17
2095035	3050276	17
655137	2919220	58
4195511	3050276	17
860453	3050276	35
2695190	2919220	59
2942871	2919220	59
866725	3050276	17
241503	2919220	59
2994993	2919220	59
3387882	2919220	59
1920233	2919220	59
3138564	3050276	17
1001648	2838084	190
3907114	2919220	58
1483164	3050276	17
4249714	3050276	17
4351557	3050276	17
3425518	3050276	35
1014292	2919220	59
4275665	2919220	59
4476509	3050276	17
1965525	3050276	17
733836	2919220	59
2142551	2919220	59
1883403	2919220	58
2224946	3050276	35
1359153	3050276	35
1245318	3050276	17
3345854	2919220	58
1977117	2919220	58
576913	2919220	59
576913	3050276	17
2857194	2919220	59
3943352	3050276	17
145790	3050276	17
91273	3050276	17
2566874	2919220	59
2588899	2919220	59
217176	2919220	59
1385600	3050276	35
780507	2919220	59
1240322	3050276	35
2269063	2919220	59
2140856	3050276	17
1717813	3050276	17
1959508	2919220	59
4155531	2919220	58
908162	3050276	17
3077228	2919220	58
4351557	2919220	59
1372166	1104381	475
1175	3050276	17
2049070	3050276	17
3780359	3050276	17
631566	3050276	35
4213817	3050276	35
1457486	2919220	59
1355367	3050276	17
107464	2919220	59
4240853	2919220	59
2035812	3050276	17
2887508	2919220	58
3294163	2919220	59
3963472	2919220	59
2207746	3050276	17
4267819	3050276	17
463187	2919220	59
4000041	2919220	59
2978505	3050276	35
1141047	3050276	17
763658	2919220	59
2664424	2919220	59
305969	3050276	17
1225140	2919220	59
850849	2919220	58
3121298	3050276	35
3046889	3050276	17
1258268	3050276	17
378202	2919220	58
4115940	3050276	17
4512501	3050276	17
4194141	2919220	58
1104381	2314258	61
209899	2919220	59
602252	2919220	59
2662699	2919220	59
3033187	2919220	59
3205266	3050276	17
562235	2919220	59
549834	2919220	59
1577724	2919220	59
3048648	2919220	59
846200	3050276	17
2178823	2919220	59
3291753	2919220	59
4611882	3050276	17
1607369	2919220	59
2161978	3050276	35
3377143	2919220	58
4054560	3050276	35
4289542	3050276	17
2983128	3050276	35
3219702	3050276	17
4599375	3050276	17
1737048	2919220	59
4327675	3050276	35
1618233	2919220	59
2428837	2919220	59
1659052	3050276	17
891180	2919220	58
1965311	3050276	17
1635882	3050276	17
1616282	3050276	17
238864	2589742	1366
3041132	2919220	58
3935871	2919220	59
98643	3050276	17
2594530	2919220	59
473578	2919220	59
1134557	3050276	17
3012855	2919220	58
2838084	1001648	46
3424437	3050276	17
4502477	2919220	59
554072	3050276	35
2664305	2919220	58
2481232	1001648	75
4267819	2919220	59
3513186	2919220	59
1593213	3050276	17
1380674	3050276	17
3627838	3050276	17
1651377	3050276	17
3488446	2919220	59
5782	3050276	17
4254564	3050276	17
2791491	3050276	17
1946732	3050276	17
4648952	3050276	17
4117336	3050276	35
1978061	2919220	59
2092571	2919220	59
2224946	2919220	58
4366193	3050276	17
2551045	2919220	59
316573	2919220	59
1844535	3050276	17
3891861	3050276	17
3161667	3050276	35
2970360	2919220	59
1424646	2919220	59
1398125	2919220	59
2221286	2919220	59
948383	2919220	59
579739	3050276	17
3941788	3050276	35
28158	2919220	58
3394624	3050276	17
434823	2919220	59
2609326	2919220	59
4041864	2919220	59
1845113	2919220	59
4353790	3050276	35
1801980	2919220	59
1368094	3050276	17
890932	3050276	17
4558191	3050276	17
2941918	3050276	17
4327598	2919220	59
3132297	2919220	59
554072	2919220	58
2499704	3050276	17
4434175	3050276	17
938173	3050276	17
2276984	2919220	58
663575	2919220	58
1925438	3050276	17
3443343	3050276	35
1260255	3050276	17
956382	2919220	59
680308	2919220	59
3606289	2919220	58
2180229	3050276	17
3838157	2919220	58
3189417	2919220	59
2388945	3050276	17
4380511	2919220	58
1422795	2919220	58
135236	3050276	35
1351174	3050276	17
2049070	2919220	59
1321827	2919220	58
3894215	2919220	59
4480780	2919220	58
1563632	2919220	58
4351814	3050276	17
813503	2919220	59
2461007	3050276	17
863308	2919220	59
1672478	3050276	17
1496600	3050276	17
2729830	3050276	17
2130720	2919220	59
3071429	2919220	59
2750640	2919220	59
4293770	2919220	59
4131422	2919220	59
4041864	3050276	17
1726479	2919220	59
4206247	2919220	59
3105363	2919220	58
1463056	2919220	58
743487	3050276	35
3267228	3050276	17
1726479	3050276	17
2954840	3050276	35
910114	3050276	17
1017859	2919220	58
2346258	3050276	17
4361496	3050276	17
3792736	3050276	17
3329574	3050276	35
2412605	2919220	59
1361816	2919220	59
1142917	3050276	17
2476430	3050276	35
3083573	2919220	58
468874	3050276	35
2579241	2919220	58
1904401	3050276	17
2508426	3050276	35
601665	2919220	59
136683	3050276	17
694227	3050276	35
2631973	3050276	17
1589572	3050276	17
565728	2919220	58
1014292	3050276	17
4381536	3050276	17
4172834	3050276	35
1614279	3050276	17
4646412	2919220	59
3676650	2919220	59
145002	3050276	35
3400744	2919220	59
2210153	3050276	17
1782337	2919220	59
678404	3050276	17
646398	3050276	35
1867291	3050276	17
1926562	2919220	59
795632	3050276	17
1878081	3050276	35
3023189	3050276	17
4044001	3050276	17
4574935	2919220	58
3362941	3050276	17
2648716	2919220	59
2457054	2919220	59
2125539	3050276	17
4368010	2919220	59
4443135	2919220	59
2815277	3050276	35
3736929	2919220	58
2251298	3050276	17
2893202	2919220	58
168036	3050276	17
3522808	3050276	17
2919220	2534425	6735
2919220	2517807	6734
2919220	177856	6735
2919220	2100245	6735
2919220	1846030	6735
2919220	2030914	6735
2919220	3287022	6735
3050276	618689	6711
2919220	2747241	6734
2919220	4106045	6735
3050276	3198874	6693
2919220	163997	6734
2919220	3034661	6735
3050276	1273409	6693
3050276	2609842	6711
2919220	3018376	6735
3050276	2818379	6693
2919220	805141	6735
3050276	1191313	6693
3050276	1997599	6711
2919220	1895298	6735
2919220	1617369	6735
2919220	1663678	6735
3050276	4323753	6693
2919220	4652430	6735
2919220	880863	6735
2919220	2782794	6735
3050276	3524607	6693
2919220	4211285	6735
2919220	1638444	6734
3050276	74202	6693
3050276	195073	6693
3050276	286460	6693
3050276	1386858	6711
2919220	3138564	6735
3050276	3395312	6693
2919220	460233	6735
3050276	73233	6693
2919220	1605068	6734
3050276	4206247	6693
3050276	2916656	6711
2919220	3079531	6735
2919220	1994719	7654
2919220	3616302	6735
3050276	2409400	6693
2919220	2166784	6735
3050276	3464770	6693
3050276	3812598	6693
2919220	510101	6735
3050276	56388	6693
3050276	2032120	6693
2919220	496022	6734
3050276	3686972	6693
2919220	559438	6735
93608	3243653	6866
2919220	3751578	6735
3050276	1445245	6693
3050276	822864	6693
2919220	600622	6735
3050276	1852690	6693
3050276	4446860	6693
3050276	4486396	6693
3050276	2647538	6693
3050276	1074796	6693
2919220	3021682	6734
3050276	2010983	6711
3050276	1909061	6693
3050276	2562185	6693
2919220	4081955	6734
3050276	880863	6693
3050276	819488	6693
3050276	1910022	6693
2919220	1335313	6735
3050276	3906194	6693
2919220	1043291	6735
3050276	1215572	6693
2919220	3804836	6735
3050276	2080950	6693
2919220	1869397	6735
3050276	1838460	6693
2919220	3410670	6735
3050276	136277	6693
3050276	1998542	6693
2919220	3626004	6735
2919220	1336616	6735
2864161	2589742	7048
3050276	2702851	6693
3050276	2882282	6693
3050276	1361816	6693
2919220	406763	6735
2919220	3712445	6735
3050276	2686812	6693
2919220	3085577	6734
2919220	2058427	6735
2919220	1178208	6735
3462811	1104381	6737
3050276	373709	6693
3050276	4110815	6693
2919220	3898698	6735
2919220	4520918	6734
3050276	3928454	6693
2919220	682640	6735
2919220	1779005	6735
2919220	3316439	6734
2919220	2813596	6735
3050276	1479786	6693
2919220	4176785	6735
3050276	2639070	6693
3050276	1785543	6711
2919220	2799452	6735
2919220	2556198	6734
2919220	1923559	6735
3050276	1372772	6711
2919220	1256238	6735
3050276	2621837	6693
2919220	2190392	6735
2919220	3047973	6735
2919220	3301701	6735
2919220	2797876	6735
3050276	3734307	6693
2919220	1481961	6735
2919220	1403030	6735
2919220	2993273	6735
2919220	2212242	6734
2919220	830111	6735
2919220	4429999	6735
3050276	668902	6693
3050276	2963521	6693
2919220	2085351	6735
2919220	2830315	6735
2919220	3592610	6735
3050276	3804836	6693
2919220	1812696	6735
2919220	109328	6734
3050276	3198774	6693
3050276	1754815	6693
2919220	2410373	6735
2919220	2698473	6735
2139959	538096	6856
3050276	2144705	6693
2919220	1999386	6734
2919220	1935765	6735
3050276	1197805	6711
3050276	3815745	6711
3050276	2420622	6693
2919220	619928	6735
3050276	3452681	6711
3050276	3524303	6711
3050276	2771236	6693
3050276	1775617	6693
3050276	2653391	6693
2919220	2410344	6735
3050276	342234	6693
3050276	1104381	6723
3050276	2378382	6711
3050276	559438	6693
2919220	329360	6735
2919220	3859018	6735
3050276	3468557	6693
3050276	1062751	6693
3050276	4606330	6693
3148873	3475345	6781
2919220	3164795	6735
2919220	3783251	6735
3050276	833392	6693
2919220	3812598	6735
2919220	4293150	6735
2919220	764534	6735
2919220	1788386	6735
2919220	2684880	6735
2919220	3052832	6734
2919220	2789635	6735
3050276	853066	6693
3050276	3729056	6711
3050276	3296129	6693
2919220	681002	6734
2919220	389389	6735
2919220	2586394	6735
2919220	3566916	6735
2919220	3287899	6735
3050276	2559628	6693
2919220	4409379	6734
2919220	4450514	6735
2919220	3264634	6735
3050276	3034661	6693
3050276	1393499	6693
3050276	1359372	6711
3050276	3081878	6693
3050276	3063571	6693
3050276	4310912	6693
3050276	2206128	6711
2919220	2729830	6735
3050276	2666128	6711
3050276	1086821	6693
2919220	1384110	6740
3050276	1988916	6693
2919220	856996	6734
3050276	3263442	6693
3050276	2376518	6693
2919220	3797724	6735
2919220	4378839	6735
3050276	4629898	6693
2919220	2490449	6734
2919220	1579166	6735
2919220	871523	6735
2919220	2819172	6735
93608	432532	6781
2919220	1205000	6735
3050276	66352	6711
3050276	1042349	6693
3050276	3667219	6693
2919220	2223540	6735
3050276	3498573	6693
2919220	921680	6734
3050276	2441697	6693
3050276	3532213	6693
2919220	2761982	6735
3050276	431982	6693
2919220	3797659	6735
3050276	1482380	6711
3050276	4429999	6693
3050276	4350273	6693
2919220	2210153	6735
3050276	3625910	6693
3050276	1782337	6693
2919220	3290626	6735
2919220	2399057	6735
2919220	3710888	6735
3050276	4499639	6711
2919220	1752561	6735
2919220	4224963	6735
2919220	1867291	6735
3050276	2714879	6693
3050276	3102989	6693
2589742	1372166	8042
3050276	3810328	6711
2919220	1378379	6735
2919220	26561	6735
2919220	2503213	6734
2919220	4289542	6735
2919220	3680873	6734
3050276	1758960	6693
3050276	2970360	6693
2919220	3452315	6734
2919220	4351814	6735
3050276	2023220	6693
2919220	4364222	6735
2919220	3394624	6735
3050276	921680	6711
3050276	1142650	6693
3050276	3021771	6693
3050276	4653709	6711
3050276	3906939	6693
4123562	3915111	7135
2919220	1715282	6735
3050276	2116550	6693
2919220	226399	6735
2919220	2412860	6735
3050276	4582558	6693
3050276	669664	6693
2919220	1189000	6735
2919220	3738214	6735
3050276	3773723	6693
2919220	3452681	6734
3050276	588816	6693
3050276	3177031	6693
3050276	1807025	6711
2919220	4551093	6734
3050276	282139	6693
3050276	2124699	6693
93608	3399317	6781
2919220	943441	6735
2919220	1635882	6735
3050276	2722986	6693
2919220	2107446	6735
2919220	4264466	6735
2919220	2406453	6735
3050276	3360753	6711
2919220	4267387	6735
2919220	3590635	6734
2919220	2621837	6735
3050276	1352339	6693
2919220	3803696	6735
3050276	3047894	6693
3050276	1539234	6693
2919220	61623	6735
2919220	389517	6734
2919220	3263005	6735
3050276	494380	6711
3050276	467611	6693
3050276	1911270	6693
3050276	4502477	6693
3050276	2754125	6693
2919220	1911270	6735
3050276	2791984	6693
3050276	2992689	6711
2867383	3469447	7135
3050276	4457921	6711
3050276	4442291	6711
3050276	3878875	6693
3050276	2002866	6693
2919220	1112545	6735
2919220	4033080	6735
2919220	3497180	6735
3050276	4078844	6693
2919220	3547733	6735
2919220	4574088	6735
2919220	1517643	6735
2919220	227720	6735
3050276	716437	6693
2919220	4164528	6735
2919220	30729	6734
3050276	1361795	6693
3050276	1003933	6693
2919220	417792	6735
3050276	3201094	6711
2919220	4425813	6735
3050276	4552676	6693
3050276	2085351	6693
3050276	903631	6693
3050276	2528109	6693
3050276	4534685	6711
3050276	4576543	6693
2919220	4226823	6735
3050276	3291753	6693
3050276	1801980	6693
3050276	584307	6693
3050276	362840	6693
2919220	4459617	6735
2919220	2286971	6734
2919220	4275150	6734
3050276	4311101	6693
2919220	1305329	6735
3050276	3364184	6693
2919220	866725	6735
3050276	1113402	6693
2919220	3286130	6735
3050276	1323607	6693
3050276	2303318	6693
2919220	3796750	6735
3050276	3607119	6693
3050276	251227	6711
2919220	883812	6735
3050276	3402469	6693
2919220	3084896	6735
3050276	2556198	6711
2919220	1593221	6735
3050276	4629801	6693
3050276	147132	6711
2919220	85398	6735
3050276	742352	6711
3050276	1405673	6693
2919220	2791802	6734
2919220	3337300	6734
3050276	2275243	6693
3050276	3839527	6693
3050276	2652197	6711
2919220	4042919	6735
2919220	932910	6735
3050276	242731	6693
2919220	4044001	6735
3050276	3303810	6693
3050276	4263073	6693
2919220	2021928	6735
3050276	1621222	6693
3050276	2056015	6711
3050276	322170	6711
3050276	934042	6693
2919220	3697516	6735
2919220	651225	6735
3050276	4425813	6693
2919220	3023801	6735
2919220	2906012	6735
3050276	637492	6693
2919220	968054	6735
2919220	1054866	6735
3050276	2402526	6693
2919220	2213262	6734
2919220	1806507	6735
2919220	233165	6734
3050276	3597285	6693
3050276	3102193	6693
2919220	925090	6735
2919220	2746384	6734
3050276	2420060	6693
3050276	3265942	6693
2919220	1368094	6735
3050276	1580703	6693
2919220	3478879	6735
3050276	3734780	6693
3050276	1514839	6693
2919220	217983	6735
3050276	107424	6693
2919220	524696	6735
2919220	813387	6735
3050276	3192528	6711
3050276	3041799	6693
3050276	300594	6711
3515944	2139959	6747
2919220	2758456	6735
3050276	163997	6711
2919220	2509030	6735
3050276	4294013	6693
2919220	2441317	6735
3050276	246441	6693
3050276	1043291	6693
2919220	3906669	6735
3050276	17100	6711
2919220	1135816	6735
3050276	682271	6693
2919220	3037654	6735
3050276	3773911	6693
2919220	2455723	6735
3050276	4006398	6711
1286437	3148873	6766
2919220	1124944	6735
3050276	527634	6693
3050276	893485	6693
2919220	269327	6734
2919220	3732717	6735
3050276	919856	6693
3050276	2285709	6711
2919220	4054560	6734
3050276	461157	6693
2919220	2231478	6735
3050276	4599702	6711
2919220	4412219	6735
3050276	1335351	6693
2919220	73233	6735
2919220	974745	6735
2919220	703407	6735
3050276	4054670	6693
3050276	3678067	6693
3050276	140818	6693
2919220	362840	6735
3050276	1286437	6849
2919220	2629049	6735
3050276	1551797	6711
3050276	3075852	6693
2919220	1393499	6735
2919220	3993862	6735
2919220	393881	6735
2919220	338502	6735
3050276	649611	6711
2919220	1203572	6735
3050276	883812	6693
3050276	819032	6693
2919220	2707489	6735
2919220	3219284	6735
3050276	681002	6711
2919220	4469694	6735
3050276	3979447	6711
3050276	1482741	6711
2919220	3369668	6735
3050276	2939253	6711
3050276	1948168	6693
3050276	1142333	6693
3050276	2085608	6693
3050276	1485415	6693
2919220	2070387	6735
566198	2139959	7135
2919220	786282	6740
3050276	875019	6693
3050276	469374	6693
2919220	3047894	6735
2919220	2376518	6735
3050276	2358028	6711
2919220	4291147	6734
3050276	4271671	6693
3050276	2909791	6693
2919220	937817	6734
3050276	59553	6693
3050276	3317385	6711
2919220	4270564	6735
3050276	3227575	6693
2919220	884303	6735
3050276	4319480	6693
2919220	4031938	6735
2919220	2493531	6735
3050276	2531044	6693
3050276	4069128	6711
3050276	637894	6693
3050276	2212242	6711
2919220	1798999	6735
2919220	2095035	6735
2919220	824503	6734
3050276	1962381	6693
3050276	4312284	6711
2919220	4577011	6735
3050276	3633706	6711
3050276	2295616	6711
238864	2589742	7048
3050276	3288836	6693
3050276	2778599	6693
2919220	558618	6735
3050276	4650964	6693
2919220	3018468	6735
2919220	1473819	6735
2919220	2453083	6735
2919220	130146	6735
2919220	239425	6735
3050276	3642333	6693
3050276	90260	6693
2919220	3984946	6735
3050276	2607168	6693
3050276	3761249	6711
3050276	3219085	6693
2919220	2690923	6735
2919220	4505226	6735
3050276	3533455	6693
3050276	4208350	6693
2919220	1355367	6735
3050276	3388201	6693
3050276	4406032	6693
2919220	1615365	6735
2919220	2686514	6734
2919220	1113402	6735
2919220	2582627	6735
3050276	1983744	6693
2919220	1539234	6735
3050276	1824945	6693
2919220	422499	6735
3050276	4088937	6693
3050276	2663045	6711
2919220	1184623	6734
2919220	1593690	6734
3050276	1244773	6693
3050276	1344664	6693
2919220	1909061	6735
3050276	459842	6711
3050276	666533	6711
3050276	703809	6693
3050276	4654973	6711
2919220	336116	6735
2919220	2144705	6735
2919220	2375289	6735
2919220	919856	6735
2919220	1983572	6734
2919220	2671692	6734
3050276	1398125	6693
3050276	4467165	6711
2919220	3044827	6735
2919220	991226	6735
2919220	610537	6740
3050276	1400478	6693
2919220	2146538	6735
2919220	4099862	6735
3050276	3198061	6693
367494	3958795	6778
2919220	3805019	6735
2919220	1872132	6735
3050276	2232342	6711
2919220	3041973	6735
3050276	437863	6693
3050276	2404693	6693
3050276	1459165	6711
2919220	2082058	6735
3050276	2671678	6693
3050276	2906012	6693
3050276	724042	6711
3050276	3096448	6711
2919220	995991	6735
2919220	4379786	6735
3050276	887011	6693
2919220	3055061	6734
2919220	4271671	6735
3050276	3144812	6693
3050276	1809900	6693
3050276	2923533	6693
2919220	3817311	6735
2919220	87735	6734
2919220	1754815	6735
3050276	525914	6693
2919220	2750174	6735
3050276	2727251	6693
3050276	3626004	6693
3050276	2359105	6711
2919220	1384110	6734
3050276	217176	6693
3050276	3071932	6693
2919220	2187403	6735
2919220	979211	6735
3050276	837944	6693
2919220	3448452	6735
2919220	4521520	6735
2919220	2296507	6735
2919220	4488841	6734
3050276	2955918	6693
2919220	3597351	6735
3050276	3379189	6693
3050276	3218288	6693
3050276	3423399	6693
3148873	398099	6781
3050276	2683597	6693
2919220	4600342	6735
2919220	426846	6735
2919220	3415739	6735
3050276	155157	6693
3050276	517974	6693
3050276	631940	6693
3050276	4459617	6693
3050276	4615261	6693
2919220	1775751	6735
2919220	2031989	6735
2919220	282519	6734
2919220	4330525	6734
2919220	715174	6735
3050276	1184073	6693
2919220	2810758	6735
3050276	4024326	6693
3050276	17971	6693
3050276	881892	6693
3050276	474611	6693
3050276	1436164	6693
2919220	3063571	6735
2919220	1223406	6735
3462811	2589742	7048
3050276	314045	6711
3050276	2307683	6711
2919220	3118231	6735
3050276	3972112	6693
2919220	3996990	6735
3050276	35907	6711
2919220	2872487	6734
2919220	499168	6735
2919220	3764150	6735
2919220	438716	6735
3050276	4175440	6693
3050276	534995	6711
1142917	3916589	6778
2919220	2604579	6735
2919220	1060509	6735
2919220	1576804	6735
3050276	2418339	6693
2919220	1669158	6735
2919220	3766066	6735
2919220	2722817	6734
3050276	4427406	6693
3050276	1203354	6693
2919220	846341	6735
3050276	695389	6693
3050276	4264466	6693
3050276	4535361	6693
3050276	3028257	6693
3050276	3240307	6693
2919220	744916	6735
3050276	4521587	6693
2919220	4449573	6735
2919220	714150	6734
3050276	2339948	6693
2919220	819488	6735
3050276	2580712	6693
3050276	3787942	6711
3050276	2710447	6693
3050276	2823894	6693
2919220	3518279	6735
2919220	3553435	6734
2919220	2187034	6735
2919220	1671040	6734
3050276	1597585	6693
2919220	703526	6734
3815718	3190401	6778
3050276	1966286	6693
3050276	2082058	6693
2919220	1138858	6735
3050276	4116421	6693
2919220	999253	6734
2919220	1841110	6735
2919220	2078477	6734
2919220	3959736	6735
3050276	3013202	6693
3050276	3813152	6693
3050276	3285723	6693
2919220	775455	6735
2919220	1925424	6735
2919220	4078844	6735
2919220	3525142	6735
3050276	2968517	6693
2919220	4299030	6735
2919220	1149412	6735
3050276	112835	6693
3050276	3963472	6693
3050276	4351770	6693
2919220	2023220	6735
3050276	3397441	6693
2919220	3028257	6735
2919220	140818	6735
2919220	1202902	6735
3050276	1807188	6693
2919220	4065226	6735
2919220	4251452	6735
2919220	1956278	6735
3050276	3887371	6693
3050276	2243731	6693
2919220	287970	6735
2919220	3263442	6735
2919220	353452	6735
3050276	1777068	6693
2919220	879123	6735
3050276	1810242	6693
2919220	4576883	6735
3050276	3846463	6693
3050276	4111572	6711
2919220	3948237	6735
3050276	2759419	6711
2919220	3633706	6734
2919220	2930247	6735
3050276	4166212	6693
2919220	2556198	6740
2919220	256613	6735
2919220	2686812	6735
3050276	2750640	6693
3050276	4428763	6711
3050276	629549	6693
2919220	162478	6735
3050276	1467014	6693
2919220	4384432	6734
3050276	1925353	6711
2919220	2047901	6735
3190401	3815718	7135
2919220	2197929	6734
3050276	846395	6693
3050276	1574629	6693
3050276	4141348	6711
3050276	2231478	6693
3050276	1765360	6693
3050276	2517807	6711
3050276	2163546	6711
2919220	1300575	6735
2919220	1111636	6734
2919220	1819899	6735
2919220	1332507	6735
3050276	241138	6711
3050276	618132	6693
2919220	112835	6735
2919220	867979	6735
3050276	3134512	6711
2919220	2575943	6735
2919220	1291848	6734
2919220	3247101	6735
2919220	1208203	6735
2919220	3834062	6735
2919220	738776	6735
3050276	3767861	6711
2919220	3114406	6735
3050276	3008090	6693
2919220	2006241	6734
3050276	1994759	6693
2919220	508367	6735
2919220	1838082	6734
3050276	3996990	6693
2919220	3953451	6735
3050276	1932832	6693
3050276	119269	6693
3050276	4338272	6693
3050276	2087786	6693
3050276	2916345	6711
2919220	194501	6734
2919220	629549	6735
2919220	813801	6735
2919220	3813152	6735
2919220	655303	6735
2919220	1824945	6735
3050276	1903426	6711
3050276	2483023	6693
3050276	928474	6693
3050276	3817311	6693
3050276	132425	6693
2919220	132425	6735
2919220	3480246	6735
1531818	3148873	6742
2919220	542647	6734
2919220	431560	6734
2919220	2826811	6735
3050276	490840	6711
3050276	4471520	6693
3050276	4100311	6711
3050276	3983001	6693
3050276	2695190	6693
2919220	2926688	6734
2919220	3096448	6734
2919220	305406	6735
2919220	4069128	6734
2919220	3972112	6735
2919220	3168040	6735
2919220	3728461	6735
2919220	338255	6735
3050276	923647	6711
3050276	677739	6693
3050276	1779789	6693
2919220	3048816	6735
2919220	4477790	6734
3050276	123534	6693
3050276	2975454	6693
2919220	1983247	6735
2919220	926092	6734
2838084	3190401	6781
3050276	3976118	6693
3050276	2681154	6693
3050276	3043700	6693
2919220	3992050	6734
3050276	2311625	6693
3050276	1432068	6693
2919220	1244773	6735
2919220	2184315	6735
2919220	982463	6735
3050276	2919220	7359
2919220	4457921	6734
3050276	1433468	6693
3050276	1510709	6693
2919220	2410995	6734
2919220	1905143	6735
2919220	292638	6735
2919220	2652197	6734
2919220	3112555	6734
2919220	4160941	6735
2139959	303100	6778
2919220	3836722	6735
2919220	2937049	6735
2919220	3839527	6735
3050276	4149047	6693
3050276	1841110	6693
3050276	3996449	6693
2919220	1369527	6735
2919220	3964115	6735
2919220	4254564	6735
2919220	1323607	6735
3050276	1547754	6693
2919220	1510709	6735
2919220	1824382	6734
3050276	2575943	6693
3050276	1741394	6693
2919220	3420943	6735
3050276	3112555	6711
3050276	2462560	6693
2919220	1158845	6735
2919220	171713	6735
2919220	669664	6735
3050276	2592031	6693
2919220	1595490	6735
2838084	3017200	6781
2919220	1721539	6735
3050276	3632276	6693
3050276	4261696	6693
3050276	4269543	6693
3050276	2197480	6693
3050276	2730352	6693
3050276	4151020	6711
3050276	2452860	6711
2919220	2703984	6735
2919220	4471520	6735
2919220	2669290	6734
3050276	2183515	6693
2919220	1974661	6735
2919220	2697535	6735
3050276	1639396	6693
2919220	3490690	6734
2919220	2677377	6734
3050276	2805518	6711
3050276	3676949	6693
2919220	3334162	6734
3050276	903259	6693
3050276	671757	6693
2919220	475641	6735
2919220	3913148	6740
685911	1543671	6778
3050276	3154010	6693
3050276	1150304	6693
2919220	3491105	6735
2919220	2194139	6735
3050276	4337572	6693
2919220	2472451	6735
3050276	550697	6693
3050276	1530238	6693
3050276	239836	6693
2919220	4348136	6735
2919220	147132	6734
2919220	3878754	6735
1648863	2378846	7135
2919220	846395	6735
2919220	1025499	6735
2919220	4254964	6735
1398241	93608	6722
2919220	3263986	6735
3050276	540772	6711
3050276	455986	6711
2919220	3298496	6735
3050276	4521520	6693
3050276	2857623	6693
3050276	194501	6711
3050276	4261442	6693
3050276	1935765	6693
3050276	3410670	6693
335450	3515944	6750
2919220	3702973	6735
3050276	1534865	6693
3050276	3720843	6693
3050276	2510882	6693
3050276	2591140	6693
3050276	157378	6693
2919220	2699935	6734
2919220	1106808	6735
3050276	1968806	6711
3050276	4405901	6693
2919220	1611719	6735
1104381	538096	6768
2919220	4016464	6735
3050276	1955045	6693
3050276	292638	6693
3050276	3018468	6693
2919220	1970223	6735
2919220	3456865	6734
3050276	4013071	6711
2919220	3639290	6735
3050276	707159	6693
3050276	4442480	6693
2919220	56388	6735
3050276	3822397	6711
3050276	312972	6711
3050276	3027494	6693
3050276	3491105	6693
2919220	1120880	6735
3050276	2238393	6693
3050276	3578885	6693
2919220	2036785	6735
2919220	1462066	6735
2919220	2672416	6735
2919220	136277	6735
2919220	746656	6735
2919220	4476335	6735
2919220	886110	6734
3050276	775455	6693
3050276	3309088	6693
3050276	3518279	6693
2919220	1968806	6734
2919220	4280254	6735
3050276	777446	6693
3050276	587929	6711
3050276	3290626	6693
2919220	325627	6734
3050276	4645135	6693
3050276	4151575	6711
3050276	1728947	6693
2919220	2857623	6735
2919220	4174658	6734
2919220	2677910	6735
2919220	935980	6734
2919220	2820693	6735
3148873	1531818	6846
3050276	1872285	6693
2919220	2899610	6734
3050276	4153103	6693
3050276	2741574	6693
3050276	3702973	6693
3050276	1854675	6711
3050276	2614462	6693
2919220	2197480	6735
2919220	4213817	6734
2919220	743487	6734
3050276	3018376	6693
3050276	4295757	6693
2919220	610950	6735
3050276	2899458	6711
2919220	467611	6735
2919220	2437572	6734
3050276	2591316	6693
3050276	853723	6693
3050276	194181	6711
2919220	1872285	6735
3050276	3660026	6711
3050276	1280032	6693
2919220	1807188	6735
3050276	4328939	6693
3050276	4653862	6711
3050276	1978596	6693
2919220	2187056	6734
3050276	2140308	6711
2919220	278451	6735
2919220	3542345	6735
2919220	3734307	6735
2919220	3866852	6735
2919220	1878081	6734
2919220	2163546	6734
3248589	2838084	6766
1104381	217281	6739
3050276	3834062	6693
2919220	1965311	6735
2919220	1925438	6735
3050276	1486722	6711
2919220	3148873	6734
3050276	2212885	6711
3050276	3809974	6693
3050276	4176785	6693
2919220	1685095	6735
2919220	1645693	6734
3050276	2881202	6693
3050276	649912	6693
2919220	795632	6735
3050276	2190844	6693
2919220	3047358	6735
3050276	1410548	6711
2919220	881851	6735
2919220	4436122	6735
3050276	1883403	6711
2919220	729761	6735
238864	1104381	6737
2919220	3747815	6735
2919220	3138218	6734
3050276	733836	6693
2919220	4312284	6734
2919220	1117164	6734
3050276	2588899	6693
3050276	3021682	6711
3050276	2670084	6693
3050276	786282	6711
3050276	40225	6711
3050276	4365575	6693
3050276	626033	6693
3050276	995991	6693
3050276	650635	6693
2919220	1372772	6734
2919220	267723	6735
2919220	1246303	6735
3050276	4163209	6693
3050276	4134603	6711
2919220	1559751	6734
3050276	4347699	6711
2919220	3923691	6734
2919220	1973316	6735
3050276	2820693	6693
3050276	4037873	6711
3050276	503102	6693
2919220	3975263	6735
2919220	1890559	6735
3050276	3523824	6693
2919220	2289418	6734
2919220	2138069	6735
2919220	829211	6734
2919220	3787942	6734
2919220	2549805	6735
3050276	2214203	6693
2919220	131805	6735
2919220	198109	6735
2919220	4263195	6735
2919220	1698992	6735
3050276	2574587	6693
2919220	1172722	6734
3050276	3386357	6693
3050276	2078477	6711
2919220	3487655	6735
3050276	900774	6693
3050276	2774284	6693
3050276	3948237	6693
2919220	1580703	6735
3050276	408373	6711
2919220	32682	6734
3050276	2664424	6693
2919220	1675346	6734
2919220	223850	6735
3050276	1499318	6693
3050276	3379818	6711
3638114	2589742	7048
2919220	3013621	6735
2919220	2463985	6735
2919220	1809900	6735
2919220	1940890	6734
93608	245401	6781
3050276	473578	6693
2919220	2914773	6735
3050276	2786663	6693
3050276	4317761	6693
3050276	1260027	6711
3050276	4272041	6693
2919220	824198	6735
3050276	1733353	6693
2919220	679497	6735
3050276	2202052	6693
3050276	1569545	6711
3050276	1943143	6693
3050276	70595	6693
3050276	1258143	6711
3050276	1199194	6693
3050276	2001853	6693
2919220	624480	6735
3050276	4369140	6693
3050276	3361749	6711
3148873	1531818	6738
3050276	1277474	6693
3050276	4369790	6693
3050276	2147797	6711
3050276	2457506	6693
2919220	3642172	6735
3050276	1799475	6711
2919220	2203095	6735
3050276	2926688	6711
2919220	2264592	6735
3050276	1857123	6693
2919220	2328130	6734
2919220	367494	6735
3050276	3247101	6693
3050276	1895298	6693
3050276	81538	6693
2919220	2412394	6735
3050276	932094	6711
3050276	2472166	6693
3050276	2372507	6693
2919220	458619	6735
2919220	4163209	6735
3050276	2030914	6693
3050276	779639	6693
2919220	4535361	6735
3050276	4333919	6711
2919220	555989	6735
3050276	2130720	6693
3050276	2187217	6693
3050276	177856	6693
3050276	3604188	6711
3050276	1028377	6693
3050276	4380511	6711
3050276	3800766	6711
2919220	1496176	6735
3050276	4655049	6693
2919220	4204199	6735
2919220	899416	6734
3050276	2679610	6693
3050276	3303155	6693
2919220	3764706	6735
2919220	2937457	6735
2919220	766470	6734
3050276	1427332	6693
2919220	1151233	6734
2919220	3218959	6735
2919220	1243200	6735
2919220	4314215	6734
2919220	2975095	6735
3050276	3550793	6693
3050276	1120652	6693
2919220	728688	6735
2919220	358436	6735
3050276	4654383	6693
2919220	147229	6735
2919220	469374	6735
2919220	4033455	6734
2919220	3581842	6735
3050276	1880271	6693
3050276	1132058	6693
2919220	3201417	6735
3050276	2137396	6711
2919220	2600765	6734
3050276	3480822	6693
3050276	1768855	6693
3050276	1721590	6693
3050276	682640	6693
3050276	2410344	6693
2919220	4295757	6735
2919220	4333142	6735
2919220	2122513	6735
3050276	79585	6693
3050276	3337300	6711
3050276	2927436	6693
3050276	1973316	6693
3050276	4576893	6693
2919220	631940	6735
3050276	1019567	6711
2919220	3295167	6735
3050276	1050004	6693
2919220	2000811	6735
3050276	1884779	6711
3050276	3590635	6711
3050276	3405665	6693
3050276	1493360	6693
2919220	3013202	6735
3050276	1558568	6711
3050276	1597071	6693
2919220	314382	6734
3050276	155979	6693
3050276	4419709	6693
2919220	3578885	6735
2919220	2824046	6735
3050276	445334	6711
3050276	2220047	6693
3050276	1517643	6693
2919220	4442291	6734
3050276	3747815	6693
3050276	3422138	6693
2919220	3951254	6735
3050276	626172	6693
3050276	1121227	6693
3050276	3083573	6711
3050276	295618	6693
2919220	564000	6735
2919220	4382294	6735
3050276	4448892	6693
2919220	164650	6735
3050276	4532488	6693
3050276	456151	6693
2919220	673344	6735
3050276	3316546	6711
2919220	2495702	6735
93608	812178	6781
3050276	2410373	6693
3050276	3812339	6693
3050276	2368874	6693
3050276	1762864	6693
2919220	4376038	6735
2139959	3905605	6856
2919220	1764068	6735
3050276	64060	6693
2919220	1017974	6735
3536038	3148873	6956
3050276	566423	6693
1104381	3905605	6768
2919220	868091	6735
3050276	2582627	6693
2919220	1825459	6735
313102	2139959	6858
3050276	4339681	6711
3050276	2014818	6693
3050276	126256	6693
2919220	1977898	6734
2919220	3726243	6735
2919220	3522808	6735
2919220	2225593	6735
3050276	4219602	6693
3583206	432532	6778
2919220	2086822	6735
3050276	487926	6693
3050276	2762460	6693
3050276	4597885	6693
3050276	4476335	6693
3050276	3525142	6693
3050276	2565712	6711
2919220	923647	6734
3050276	1613562	6693
2919220	644022	6735
2919220	2753161	6734
3050276	3029040	6693
2919220	1348649	6735
2919220	1087195	6735
2919220	2145072	6735
2919220	69518	6734
2919220	860453	6734
2139959	2589742	7504
2919220	3518530	6735
2919220	2372507	6735
2919220	863063	6735
3050276	824198	6693
3050276	353452	6693
3050276	1846451	6693
2919220	1721334	6735
2919220	4284308	6734
3050276	1332507	6693
3050276	4463891	6700
2919220	2366452	6734
3050276	2993273	6693
3050276	40546	6693
3050276	1743431	6693
3050276	2015693	6693
3050276	3716944	6693
2919220	1043244	6735
2919220	2681154	6735
3050276	455543	6693
3050276	2761127	6693
2919220	4615538	6735
3050276	3047358	6693
3050276	4026136	6693
2919220	3637723	6735
3050276	1203572	6693
2919220	1155234	6734
3050276	2367310	6693
3050276	3132297	6693
2919220	1047235	6734
3050276	1634699	6711
2919220	3315453	6735
2919220	3575946	6735
2919220	4140920	6735
2919220	144988	6735
2919220	4064792	6735
3050276	4366935	6693
3050276	69518	6711
2919220	1792699	6735
3050276	2287742	6711
2919220	3303155	6735
1001648	2481232	6728
3050276	1424646	6693
2919220	1431350	6735
2919220	4575691	6734
3050276	1354677	6693
2919220	2713647	6735
2919220	3167656	6735
2919220	2909791	6735
3050276	1790	6711
3050276	2264592	6693
3050276	510642	6693
3050276	2541602	6693
3050276	4480780	6711
3050276	113881	6693
3050276	2399057	6693
2919220	3491788	6735
2919220	1662950	6734
3050276	4121867	6711
3050276	4151442	6693
3050276	786469	6693
2919220	3523824	6735
2919220	3709985	6735
3050276	3744509	6711
3050276	1601718	6711
3050276	3837005	6693
3050276	4088656	6693
2919220	2448189	6735
2919220	3866598	6734
2919220	3952128	6734
2919220	3388201	6735
3050276	4610597	6693
2919220	3265942	6735
2919220	1056492	6735
3050276	3907114	6711
3050276	4573168	6693
2919220	1378417	6735
3050276	57486	6711
3050276	1054866	6693
2919220	2080950	6735
2919220	3117481	6734
2919220	459842	6734
3050276	280304	6693
3050276	369475	6711
2919220	3931992	6735
2919220	400084	6735
3050276	3898670	6693
2919220	4132801	6734
2919220	4415978	6734
2919220	1857496	6735
2919220	4530885	6735
3050276	3971968	6693
2919220	3943712	6734
3050276	2710933	6693
2919220	981178	6735
3050276	881851	6693
3050276	3606289	6711
3050276	4488841	6711
3050276	4358875	6693
3050276	3964641	6693
3050276	2732345	6693
2919220	4244831	6735
2919220	408373	6734
3050276	3075750	6711
2919220	4314215	6740
3050276	2188790	6693
3050276	728688	6693
2919220	618689	6734
3050276	2407859	6693
3050276	772793	6693
2919220	1493326	6734
2919220	4443116	6735
3050276	2030247	6693
2919220	3775902	6735
2919220	2607168	6735
2919220	91273	6735
3050276	4575739	6693
3050276	3530831	6693
3050276	3935871	6693
3050276	2753161	6711
2919220	2332795	6734
2919220	4615261	6735
2919220	2981913	6734
3050276	3163170	6693
3050276	3558691	6693
3050276	251799	6693
2919220	1751519	6735
3050276	2934736	6693
3050276	2269543	6711
3050276	1221023	6693
3050276	1744520	6711
3050276	2690923	6693
2919220	3071932	6735
221912	93608	6736
3050276	2367407	6693
3050276	1792631	6693
3050276	2040368	6693
303100	3148873	7051
2919220	3177031	6735
2919220	2240475	6735
2919220	3976149	6734
3050276	3070986	6711
2919220	3826991	6735
3050276	2891422	6693
3050276	4640632	6693
3050276	1365627	6711
3050276	1225140	6693
3050276	1745275	6693
2919220	2371764	6735
2919220	3689426	6735
2919220	4341623	6735
3050276	1711935	6711
2919220	1983744	6735
3050276	601665	6693
2919220	4512501	6735
2919220	1779789	6735
3050276	2439298	6693
3050276	3663793	6693
2919220	661638	6735
2919220	4515375	6735
2919220	1168906	6735
3050276	3864997	6711
2919220	1970176	6735
2919220	3279444	6735
2919220	3242691	6735
3050276	3068090	6693
3050276	1328215	6693
2139959	1432804	6778
3050276	1112352	6693
2919220	1658906	6735
2919220	650635	6735
3050276	968634	6693
3050276	2065321	6693
3050276	1548807	6693
2919220	1523052	6734
2919220	1480051	6735
2919220	3687369	6735
3050276	3602468	6693
3050276	955481	6693
2919220	3478233	6735
2919220	1260586	6735
3050276	4219790	6693
2919220	1768504	6735
2919220	2989231	6735
3050276	4529721	6693
3050276	4646530	6693
2919220	410706	6735
2919220	2679610	6735
3050276	971717	6711
3050276	3431101	6693
3050276	986646	6693
2919220	1779057	6735
2919220	4172834	6734
3050276	329360	6693
3050276	45415	6693
3050276	2368969	6711
3050276	3542345	6693
3050276	3355389	6693
3050276	1486808	6693
3050276	3710888	6693
2919220	3423399	6735
3050276	999253	6711
3050276	2484923	6693
2919220	1385600	6734
2919220	1670070	6734
2919220	1996430	6735
2919220	3893444	6735
3050276	2756567	6711
2919220	2805518	6734
3050276	2394520	6693
2919220	2589593	6735
2919220	3566146	6735
3050276	18124	6693
2919220	239836	6735
2919220	3020691	6734
2919220	1224649	6735
3050276	2078782	6693
2919220	3707998	6735
2919220	409010	6735
3050276	1774478	6693
2919220	4609878	6735
3050276	2240475	6693
2919220	1628046	6735
2919220	2056025	6734
3050276	3478879	6693
2919220	4261442	6735
3050276	957883	6693
2919220	104137	6735
2919220	1041266	6734
2919220	455986	6734
2919220	1981389	6735
3050276	2192615	6693
3050276	4437663	6693
2919220	343681	6734
2919220	1120652	6735
2919220	3232525	6735
3050276	348068	6693
2919220	4354601	6734
3050276	3946113	6693
3050276	3717727	6693
3050276	3915111	6693
2919220	2423852	6735
2919220	4232960	6735
2919220	3675068	6734
3050276	1640846	6693
398099	4055152	7135
1372166	2589742	7048
2919220	1962381	6735
3050276	1237303	6693
2919220	652145	6735
3050276	3754222	6711
3050276	2269504	6693
2919220	2559628	6735
2919220	2381923	6734
2919220	2272071	6734
3050276	438716	6693
2919220	4431374	6735
2838084	566198	6781
3050276	849103	6693
3050276	4089559	6693
3050276	2475730	6693
2919220	345471	6735
3050276	3886647	6693
3050276	3189417	6693
2919220	4027955	6735
2919220	3121298	6734
3050276	4654172	6693
2919220	145002	6734
2919220	2372398	6735
3050276	2323834	6693
3050276	1292311	6693
2919220	3763653	6735
2919220	728119	6734
3050276	3613821	6693
3050276	4354219	6693
3050276	1607078	6693
2919220	2727617	6735
3050276	3338587	6693
3050276	1147259	6693
3050276	4364222	6693
2919220	1194599	6735
2919220	234500	6735
2919220	2812766	6735
3050276	2107446	6693
2919220	499991	6734
3050276	2187056	6711
2919220	4454284	6735
3050276	2029366	6693
3050276	1441069	6711
2919220	2060555	6735
2919220	3185540	6735
3050276	3452022	6711
2919220	2494837	6735
3050276	1994719	6700
2919220	2280640	6735
2919220	4140245	6735
2919220	3674756	6735
2919220	514474	6735
2919220	1000281	6735
3050276	460233	6693
3050276	2818018	6693
2919220	2894527	6735
2919220	118734	6734
2481232	93608	6752
3050276	587432	6711
3050276	2791483	6693
2919220	134657	6735
3050276	4393650	6693
2919220	855678	6735
3050276	4516541	6711
2919220	4587970	6735
3050276	1422795	6711
2919220	1163068	6735
2919220	2226790	6735
3050276	1473819	6693
3050276	1557256	6711
3050276	4015419	6693
3050276	3020691	6711
3050276	198109	6693
2919220	4486396	6735
3050276	562235	6693
3050276	1583747	6693
2919220	4463891	6773
3050276	3307550	6693
2919220	1854675	6734
2919220	2690730	6735
3050276	4477790	6711
3122415	1925667	7135
3050276	1923559	6693
2919220	4013071	6734
2919220	736297	6735
2919220	463852	6734
2919220	3852434	6735
2919220	4270768	6734
2919220	3252171	6735
3050276	3534283	6693
2919220	4347699	6734
3050276	2256419	6711
2919220	2845484	6735
3050276	703943	6693
2919220	2761127	6735
2919220	1726028	6735
3050276	542647	6711
3050276	4585421	9111
2919220	461157	6735
2919220	1787792	6735
2919220	822864	6735
2919220	1728947	6735
2919220	4473858	6735
2919220	962515	6735
2919220	155979	6735
3050276	1145095	6693
2919220	3983001	6735
2919220	1658908	6735
2919220	2938229	6735
2919220	1848466	6735
2919220	1598571	6735
3050276	2092571	6693
2919220	1335351	6735
3050276	2687794	6711
2919220	1500965	6735
3050276	1549854	6693
3050276	3480246	6693
3050276	3398315	6711
2919220	4451090	6735
3050276	1047235	6711
2919220	4116421	6735
3050276	888130	6693
2919220	2870102	6735
2919220	1245318	6735
3050276	2842	6711
2919220	690349	6735
2919220	849103	6735
2919220	3892016	6735
2919220	3822397	6740
3050276	4424585	6693
3050276	631008	6693
2919220	3198874	6735
3050276	1857178	6711
3050276	2213262	6711
3050276	3497180	6693
3050276	2473315	6693
3050276	1885975	6711
2919220	4393650	6735
3050276	2685378	6693
3050276	2914773	6693
2919220	66754	6735
3050276	1698992	6693
3050276	2971120	6711
2919220	4010981	6735
2919220	3227575	7086
2919220	2815094	6735
2919220	2787227	6735
3148873	3594847	6866
3050276	4480688	6693
2919220	4268821	6735
3050276	339437	6693
3050276	164834	6693
2919220	4396035	6735
3050276	2172125	6693
3050276	1498880	6693
2919220	666533	6734
2919220	1568470	6735
2919220	546584	6734
3050276	2920366	6693
3050276	875474	6711
2919220	2056015	6734
3050276	335450	6693
2919220	2439298	6735
3050276	3868151	6693
3050276	2801225	6693
2919220	1780991	6735
3050276	2982745	6693
2919220	1966286	6735
2919220	1739244	6735
2919220	2269504	6735
3050276	6326	6693
3050276	1678292	6693
2919220	650900	6735
3050276	2669290	6711
3050276	3699418	6711
2919220	623037	7949
3050276	1531818	6693
3050276	1202957	6693
2919220	1320831	6735
2919220	251799	6735
2838084	3536249	6821
3050276	1072438	6693
3050276	956338	6693
2919220	1138875	6735
2919220	212732	6735
3050276	2441757	6693
2919220	3928871	6735
3050276	269327	6711
3050276	1556723	6693
3050276	3567166	6693
3050276	729761	6693
2919220	4437663	6735
2919220	4429771	6735
2919220	914219	6735
2919220	2125539	6735
3050276	3041132	6711
3050276	554814	6693
2919220	749092	6734
3050276	1390776	6693
2919220	31367	6735
3050276	3365668	6693
3050276	773941	6711
3050276	389517	6711
2919220	3399577	6735
3148873	1286437	6743
3050276	4633863	6711
2919220	4241870	6735
2919220	890932	6735
3050276	386557	6693
3050276	4619453	6711
2919220	1616282	6735
2376528	2139959	6682
2919220	3844784	6735
2919220	4034757	6735
2919220	1459165	6734
3050276	3728461	6693
3050276	3451592	6711
3050276	3384173	6693
2919220	2804610	6735
3050276	703553	6693
2589742	2864161	8042
2919220	3219085	6735
2919220	17752	6735
3050276	4438387	6711
3050276	2797876	6693
2919220	3253911	6735
2919220	2791984	6735
3050276	3053242	6693
2919220	4338272	6735
3050276	4106774	6711
2919220	3010492	6735
3050276	870802	6693
3050276	1232142	6693
2919220	2713498	6735
2919220	1799432	6735
3050276	4341881	6693
2919220	3642333	6735
3050276	3071612	6711
93608	1001648	6866
2919220	2344122	6735
3050276	1564352	6693
2919220	4089138	6735
3050276	3792855	6693
2919220	1183294	6734
2919220	3008090	6735
2919220	688970	6734
3050276	1670070	6711
2919220	2941918	6735
3050276	4333142	6693
3050276	1918987	6711
3050276	991847	6711
2919220	3198061	6780
3050276	3055691	6693
3050276	2697271	6693
2919220	4110815	6735
2919220	2862337	6735
3050276	4155531	6711
2919220	4237287	6735
2919220	2346437	6735
2919220	1391201	6735
3050276	1681461	6693
3050276	636960	6693
2919220	2794599	6735
3050276	3001008	6693
3050276	4433885	6693
3050276	1078862	6693
3050276	1043712	6693
3050276	703526	6711
3050276	3674756	6693
3050276	958788	6711
2919220	1892760	6734
3050276	2609326	6693
2919220	2643224	6735
2919220	524178	6735
2919220	4378925	6735
3050276	3067537	6693
3050276	3976149	6711
2919220	4367475	6735
3050276	1992620	6711
3050276	857888	6693
3050276	932910	6693
3050276	1523052	6711
3050276	4583698	6711
2919220	2712907	6735
3050276	822481	6693
2919220	820184	6735
2919220	3745520	6735
3050276	491594	6711
2919220	1243578	6734
3050276	3337166	6693
2919220	3192528	6734
3050276	3566146	6693
3050276	1403030	6693
3050276	604808	6693
2919220	2697271	6735
2919220	1688657	6735
2919220	1593213	6735
2919220	4222029	6734
2919220	1197805	6734
3050276	4646412	6693
2919220	3532213	6735
2919220	4259852	6735
2864161	1104381	6737
3050276	1049635	6711
2919220	1273419	6735
3050276	3412516	6693
2919220	890281	6734
2919220	3360007	6734
2919220	2400662	6735
3050276	2804861	6693
2919220	1963134	6735
2919220	742352	6734
2919220	870334	6735
2919220	4341881	6735
2919220	2993636	6735
2919220	1104381	6740
3050276	1061167	6693
3050276	3521730	6693
2919220	2100058	6735
3050276	1798999	6693
2919220	2063906	6734
2919220	1965525	6735
2919220	4070770	6734
2919220	1361795	6735
2919220	4397542	6735
2919220	3412516	6735
2919220	3452022	6734
3050276	3377143	6711
3050276	599050	6693
3050276	4352602	6693
3050276	1584274	6693
2919220	1003933	6735
3050276	138485	6693
2919220	1046533	6734
2919220	3846463	6735
3050276	4253854	6693
3050276	4346815	6693
2919220	1547754	6735
2919220	1955045	6735
3050276	2441074	6693
2919220	4165309	6735
2919220	1292208	6735
2919220	3506819	6735
2919220	386557	6735
2919220	3956749	6735
2919220	1465231	6735
2919220	1984859	6735
2919220	3166196	6735
2919220	3982597	6735
2919220	3987776	6735
2919220	1904806	6735
2919220	2690810	6735
3050276	618668	6693
2919220	4374450	6735
2919220	857888	6735
3050276	3127720	6693
3638114	1104381	6737
2919220	4359357	6734
2919220	3602468	6735
3050276	4415978	6711
3050276	4565647	6711
3050276	267723	6693
2919220	3901212	6735
2838084	3248589	6743
2919220	2090228	6735
2919220	1048454	6735
3050276	968766	6693
2919220	2762460	6735
3050276	2865367	6693
2919220	2754125	6735
2919220	2602276	6735
2919220	2492123	6734
3050276	4256530	6693
3050276	1567289	6693
3050276	2758456	6693
3050276	790627	6693
2919220	4526732	6734
2919220	2945245	6734
2919220	53545	6735
3050276	3553435	6711
2919220	3443428	6735
2919220	3709950	6735
4128587	1163434	7135
2919220	2923533	6735
2919220	3189393	6735
3050276	45201	6711
3050276	1359556	6693
2919220	2388945	6735
2919220	137438	6735
3050276	696484	6693
2919220	1992620	6740
2919220	4051630	6734
2919220	3976118	6735
3050276	3135806	6693
3050276	1163068	6693
3050276	824503	6711
2919220	18955	6735
2919220	571400	6735
3050276	2761982	6693
2919220	4548573	6735
3050276	1087195	6693
2919220	4121867	6734
2919220	846200	6735
2919220	2791491	6735
2919220	1403679	6735
2919220	3902943	6735
3050276	739822	6693
3050276	2187034	6693
2919220	2117913	6734
3050276	671021	6693
3050276	425389	6693
2919220	2441074	6735
2919220	1134557	6735
2919220	957883	6735
3050276	1717073	6693
3050276	3585315	6711
2919220	2507762	6735
3050276	879123	6693
2919220	516806	6735
2919220	3672712	6735
2919220	1921499	6735
3050276	1629356	6693
2919220	904344	6735
2919220	3057682	6735
2919220	4590432	6734
2919220	2411596	6735
2919220	2849634	6735
3050276	2812766	6693
2919220	2042827	6735
2919220	508106	6735
2919220	1880271	6735
3050276	1709536	6693
2919220	3898059	6735
3050276	2582708	6693
1432804	93608	7051
2919220	280304	6735
2919220	2295616	6734
2919220	3607119	6735
2919220	1141799	6735
3050276	1017974	6693
3050276	1940890	6711
2919220	2346015	6734
3050276	970198	6693
3050276	131805	6693
3050276	2703009	6693
2919220	1557256	6734
3050276	917156	6693
3050276	2656717	6711
2919220	1184073	6735
2919220	2404693	6735
2919220	2243731	6735
3050276	2677907	6693
2919220	3242594	6734
2919220	125704	6735
3050276	1631728	6693
2919220	2799902	6735
3050276	87735	6711
2919220	4653862	6734
2919220	2077688	6735
3050276	234500	6693
3050276	2187403	6693
3050276	911935	6693
2919220	4427406	6735
3050276	4267387	6693
3050276	2037107	6693
3050276	3408462	6693
2919220	653747	6735
2919220	4083781	7081
3050276	2509612	6711
2919220	4654172	6735
2919220	3809558	6734
3050276	4270564	6693
2919220	2449672	6735
3050276	318420	6711
3050276	3514562	6711
3050276	4473858	6693
2919220	4417859	6735
4585421	93608	7525
2919220	2277693	6734
2919220	1508487	6735
2919220	4379381	6735
3050276	3370858	6693
2919220	1716462	6735
2919220	269245	6735
2919220	1086200	6735
2919220	2619077	6735
3050276	1299509	6693
2919220	4272041	6735
3050276	4250984	6693
3050276	2031989	6693
2919220	4517205	6735
3050276	4010981	6693
2919220	4565647	6734
3050276	4226823	6693
3050276	3190501	6693
2919220	1136770	6735
3050276	3930106	6693
3050276	2063540	6693
3050276	3252171	6693
2919220	4061959	6735
3050276	4606213	6711
2919220	3168224	6735
2919220	1363923	6735
3050276	2472451	6693
3050276	2639944	6711
2919220	2116550	6735
3050276	4434	6693
2919220	3219702	6735
2919220	1394080	6735
2919220	2472166	6735
2919220	1344664	6735
3050276	4221039	6693
3050276	3399577	6693
3050276	124975	6711
2919220	810960	6735
3050276	828989	6693
3050276	1837520	6693
3050276	4510	6693
2139959	4452777	6818
3050276	4382294	6693
3050276	2493531	6693
3050276	3400864	6693
2919220	4343477	6734
3050276	341259	6693
3050276	2586246	6693
2919220	1857025	6735
3050276	3766063	6693
2919220	2095526	6735
2919220	3822397	6734
2919220	816565	6735
2919220	3029040	6735
2919220	250766	6735
2919220	4250440	6734
3050276	2727543	6693
3050276	1056534	6711
2919220	2670084	6735
3050276	1243200	6693
3050276	3118259	6693
3050276	2417823	6711
3050276	2872487	6711
3050276	857510	6693
3050276	2474577	6693
2919220	4219602	6735
2450917	2509499	6778
2919220	2683597	6735
2919220	1297466	6735
3050276	1416665	6711
3050276	2333659	6693
2919220	3491738	6735
3050276	4499534	6693
3050276	282519	6711
2919220	4092674	6735
3050276	639060	6693
2919220	82724	6735
3050276	3502465	6693
3050276	1473642	6693
2919220	1933123	6735
2919220	66352	6734
2919220	1444096	6735
2919220	1486808	6735
2919220	2778599	6735
2919220	2639947	6734
3050276	4043062	6693
2919220	2346258	6735
2919220	2921472	6735
3050276	2428178	6693
2919220	3706618	6735
2919220	1049635	6734
2919220	1881405	6735
2919220	4606213	6734
3050276	3166024	6711
2919220	2376000	6735
3050276	1858477	6693
2919220	928474	6735
3050276	3955147	6693
2919220	522913	6735
2919220	2794416	6735
2919220	1365252	6735
2919220	678404	6735
2919220	2724290	6734
3050276	3961502	6693
3050276	2726971	6711
2919220	441532	6735
2919220	2831305	6735
3050276	510382	6693
3050276	3201417	6693
2919220	3961502	6735
2919220	4317996	6735
3148873	1531818	6821
2919220	1242287	6735
217281	1104381	6867
3050276	2992319	6693
3050276	345471	6693
1432804	2139959	7135
2919220	1950772	6735
3050276	2585240	6693
2919220	1260255	6735
2919220	2452860	6734
2919220	1583747	6735
2919220	911255	6735
2919220	2899458	6734
2919220	1000783	6735
2919220	62858	6734
313102	1104381	6771
2919220	739822	6735
2919220	1399573	6734
2919220	3809974	6735
2919220	652166	6735
2919220	3712957	6735
2919220	1499318	6735
3050276	624480	6693
3050276	744916	6693
3050276	763658	6693
3050276	1920233	6693
2919220	837944	6735
2919220	1202284	6735
2919220	318420	6734
3050276	1205000	6693
3050276	946967	6693
2418339	2838084	6831
3050276	4526732	6711
3050276	3298496	6693
3050276	898224	6693
2919220	1028377	6735
3050276	1187610	6693
2919220	322170	6734
3050276	978981	6693
2919220	3836786	6735
2919220	18124	6735
3050276	164936	6693
2919220	3910343	6734
2919220	4096212	6734
2919220	2037107	6734
3050276	4341623	6693
2919220	3106699	6735
3148873	3916589	6781
2919220	2920366	6735
3050276	2974754	6711
2919220	1575951	6735
2919220	3102989	6735
3050276	4241870	6693
2919220	3070986	6734
2919220	1892259	6735
2919220	2208572	6735
2919220	548919	6735
2919220	135236	6734
2919220	2256419	6734
3050276	2605754	6693
2919220	93608	6734
3050276	1198584	6693
2919220	1698534	6735
2919220	4422660	6735
2919220	1147259	6735
1398241	2838084	6722
2919220	1903426	6734
2919220	3135806	6735
2919220	520729	6735
3050276	223850	6693
2919220	1559176	6735
3050276	1500965	6693
3050276	2690810	6693
2919220	4022562	6735
3050276	1158585	6711
2919220	1733353	6735
3050276	4211285	6693
3050276	2191129	6693
2919220	4589227	6735
3050276	1999386	6711
2919220	3780359	6735
2919220	1768855	6735
2919220	4635680	6735
3050276	571367	6693
3050276	1771098	6693
3050276	3751578	6693
2919220	1837520	6735
3050276	2269063	6693
3064393	2838084	6839
3050276	3456865	6711
2919220	1150304	6735
2919220	1483164	6735
2919220	3050554	6735
3050276	1129519	6711
2919220	3302529	6735
2919220	631897	6735
2919220	3743056	6735
3050276	2378846	6693
2919220	621738	6735
2919220	252449	6735
2919220	2811221	6735
3050276	4180305	6693
3050276	3639499	6693
3050276	3465030	6693
3050276	3485862	6693
3050276	3442331	6693
217281	3594847	6868
3050276	3172191	6693
3050276	912010	6693
3050276	1164325	6693
2919220	4576893	6735
2919220	92908	6735
3050276	147229	6693
2919220	2781875	6735
3050276	4409379	6711
2919220	1941098	6735
3050276	3238905	6693
3050276	4140920	6693
2919220	893485	6735
2919220	1224204	6735
3050276	3902943	6693
2919220	631008	6735
2919220	1042770	6735
2919220	4004521	6734
2919220	4287235	6734
2919220	2781582	6734
2919220	1109604	6735
2919220	1846451	6735
3050276	4218146	6711
2919220	3716944	6735
2919220	2256046	6735
3050276	4327598	6693
3050276	370651	6693
2919220	1948168	6735
3050276	1307422	6693
2919220	1925353	6734
3050276	4638650	6711
3050276	4478074	6693
3050276	2509480	6693
2919220	4510	6735
3050276	1348649	6693
3050276	813387	6693
2919220	3255113	6735
303100	2139959	7135
2139959	4269277	6856
3050276	2381923	6711
2919220	1730251	6735
3050276	2225593	6693
3050276	2458067	6693
3050276	3272770	6693
2919220	2901631	6734
2919220	2037125	6735
2919220	3872205	6735
3050276	2690730	6693
3050276	3253911	6693
2919220	853723	6735
3050276	2586394	6693
2919220	1208092	6735
2919220	1422197	6735
3050276	1000281	6693
2919220	870802	6735
2919220	315670	6735
3050276	538737	6693
3050276	2528631	6693
3050276	3465699	6693
3050276	910109	6693
2919220	3828899	6735
3050276	413422	6711
3050276	2937049	6693
3050276	3012855	6711
2589742	3462811	8042
2919220	370651	6735
3050276	944955	6711
2919220	487926	6735
3050276	492621	6693
2919220	4088656	6735
3050276	479620	6693
2919220	3824555	6735
3050276	777721	6693
2919220	4587450	6734
3050276	2036969	6693
2919220	2378382	6734
3050276	904344	6693
2919220	2986996	6734
2919220	1513130	6734
3050276	3594604	6711
3050276	2280640	6693
3050276	1169778	6693
3050276	2763565	6693
2919220	2406523	6735
2378846	1648863	6778
3050276	3964115	6693
3050276	4268821	6693
3050276	2009605	6693
3050276	2334383	6693
3050276	2353646	6693
2919220	3889258	6735
3050276	4652430	6693
2919220	1412804	6734
2919220	2475730	6735
3050276	2012310	6693
2919220	4249714	6735
3050276	2226420	6693
3050276	2412605	6693
3050276	867611	6693
2919220	2106277	6734
3050276	426846	6693
3050276	4235416	6693
3050276	1977508	6693
2919220	3558553	6734
3050276	3164457	6693
2919220	4656543	6780
3050276	4061959	6693
3050276	1454341	6711
2919220	1901672	6734
2919220	4358704	6735
2919220	223759	6735
2919220	1910907	6734
3050276	2549805	6693
2919220	3164457	6735
3050276	4362205	6711
3050276	79232	6711
3050276	2713498	6693
3050276	1300575	6693
2919220	1454347	6735
3050276	1977898	6711
3050276	3241110	6711
2919220	1642836	6735
3050276	137664	6711
3050276	2870102	6693
3050276	3473288	6693
2919220	634317	6734
3148873	303100	6781
3050276	3503403	6711
2919220	1567289	6735
2919220	1908349	6735
3050276	1650265	6693
3050276	2390218	6693
3050276	3298383	6693
3050276	615278	6693
2919220	2687794	6734
2919220	3996449	6735
3050276	4027955	6693
3050276	3536106	6693
2919220	37888	6735
3050276	3706618	6693
2919220	1964811	6735
2919220	1072438	6735
3050276	1043244	6693
3050276	1838680	6693
2919220	3041799	6735
2919220	3626085	6734
2919220	4554506	6734
2919220	1039197	6735
3050276	2203292	6693
3050276	1779057	6693
2919220	137664	6734
3958795	367494	7135
2919220	1855247	6735
3050276	663575	6711
2919220	3272770	6735
2919220	1299837	6734
2919220	1052286	6735
2919220	4311101	6735
2919220	3815745	6734
3050276	1330264	6693
2919220	1670107	6735
2919220	4015419	6735
3050276	315670	6693
2919220	33964	6735
2919220	1863309	6735
2919220	703553	6735
3050276	1365252	6693
2919220	3678067	6735
3050276	1158845	6693
3050276	974745	6693
2919220	1432068	6735
3050276	3011618	6693
3050276	4589227	6693
3050276	4389315	6693
3050276	1200602	6693
2919220	2234808	6735
2919220	1248731	6735
2919220	4218146	6734
2919220	4351137	6735
3050276	1890559	6693
2919220	2741574	6735
3050276	3002408	6693
2919220	1307422	6735
3050276	4251452	6693
3050276	2493787	6693
2919220	445334	6734
2919220	4008658	6734
2919220	369475	6734
3050276	136661	6711
2919220	2649865	6735
2919220	3645376	6735
3050276	2665681	6693
2919220	413422	6734
2438621	283488	6778
3050276	2698473	6693
2919220	2722986	6735
2919220	1775617	6735
3050276	2921472	6693
2919220	1551797	6734
3050276	3848411	6693
3050276	2899610	6711
2919220	3663793	6735
2919220	3746648	6734
3050276	4299030	6693
3050276	2917314	6693
2919220	911503	6735
2919220	4337383	6734
2919220	1741394	6735
2919220	1994759	6735
3050276	3148873	6711
2919220	2350063	6734
2919220	3677044	6735
3050276	1377807	6693
3050276	3606052	6693
3050276	3898059	6693
3050276	4178127	6693
3050276	2620373	6693
3050276	4200406	6693
3050276	806120	6711
2919220	3580629	6735
2919220	3358798	6735
3050276	3651555	6693
2919220	3906194	6735
3050276	1539481	6711
3050276	651225	6693
3050276	1825459	6693
3050276	2990295	6711
2919220	2394520	6735
3050276	271830	6693
2919220	475408	6735
3050276	4138428	6693
3050276	3512777	6693
2919220	406292	6735
3050276	1178208	6693
2919220	2637661	6734
3050276	2308254	6693
2919220	1416665	6734
2919220	4329322	6735
2919220	3372100	6735
2919220	289264	6734
2919220	3288836	6735
2919220	2509612	6734
3050276	3131276	6711
2919220	3530831	6735
2919220	492621	6735
2919220	2828621	6735
3050276	226399	6693
3050276	3369906	6693
2919220	3840684	6735
2919220	3702266	6735
3050276	2496023	6693
2919220	3514562	6734
3050276	4237255	6693
2919220	772793	6735
3050276	393881	6693
3050276	458619	6693
2919220	1766102	6735
3050276	2791802	6711
3050276	2992111	6711
2919220	3267228	6735
2919220	4606425	6734
2919220	1479786	6735
3050276	3852434	6693
3050276	1046533	6711
3050276	868091	6693
3050276	1013059	6693
2919220	1276383	6735
3050276	661638	6693
2919220	4043712	6735
3050276	2936521	6693
3536249	2838084	6818
3050276	36812	6711
2919220	510076	6735
3050276	603663	6711
2919220	1790	6734
3050276	2750174	6693
2919220	3329574	6734
3050276	1081813	6711
3050276	1726640	6711
3050276	728119	6711
2919220	2305365	6735
93608	221912	6738
1543671	685911	7135
2919220	3791907	6735
2919220	3451592	6734
3050276	749092	6711
3050276	988097	6711
3050276	3420943	6693
2838084	1648863	6781
2919220	453725	6735
2919220	2653391	6735
2919220	4151020	6734
3050276	3677044	6693
3050276	1508487	6693
3050276	2437572	6711
2919220	1263713	6734
3050276	3250587	6693
3050276	2861862	6693
2919220	3627838	6735
538096	1104381	6771
3050276	3220693	6693
2919220	3868151	6735
2919220	729797	6735
2919220	2280041	6734
3050276	1106808	6693
4269277	1104381	6771
3050276	1399573	6711
2919220	3172393	6735
3050276	1060509	6693
2509499	2450917	7135
3050276	1331722	6693
2919220	2978505	6734
3050276	3677636	6693
3050276	3638873	6711
3050276	209899	6693
2919220	2958056	6735
2919220	2215699	6735
2919220	4654973	6734
2919220	3368510	6734
2919220	3714294	6734
3050276	2341639	6693
2919220	2400559	6734
2919220	4149047	6735
2919220	2229515	6734
2919220	2351698	6735
2919220	1794029	6735
3050276	3481260	6693
2919220	631566	6734
3050276	3951254	6693
3594847	2838084	6678
2919220	4405901	6735
2919220	1493360	6735
2919220	703943	6735
3050276	1273419	6693
2919220	2008178	6735
2919220	822481	6735
2919220	1420505	6735
2919220	850358	6740
3050276	2589054	6693
2615712	245401	6778
2919220	4466759	6735
3050276	4346893	6693
2919220	2361947	6735
3050276	641843	6711
3050276	4328868	6711
2919220	2841406	6735
3050276	437643	6693
2919220	2187217	6735
2919220	60411	6735
2919220	35907	6734
2919220	1569545	6734
3050276	2682756	6711
2919220	2510882	6735
93608	4585421	7398
3050276	3913924	6693
93608	2867383	6781
2919220	3736620	6735
3050276	378706	6693
3050276	508744	6693
2919220	604808	6735
3050276	2979222	6693
3050276	3838157	6711
3050276	1941098	6693
3050276	968054	6693
2919220	2326310	6735
3050276	4649093	6693
2919220	2901736	6735
2919220	251227	6734
3050276	3905206	6711
2919220	4611882	6735
2919220	3250587	6735
3050276	1766102	6693
2919220	4625881	6735
3050276	3325347	6711
2919220	1709097	6735
3050276	3415739	6693
2919220	3160816	6735
2919220	4270938	6735
2919220	1514839	6735
3050276	2986996	6711
2919220	3447962	6734
3050276	1806507	6693
3050276	1039559	6693
2919220	1776870	6735
3050276	572868	6693
3050276	1644716	6693
3050276	871523	6693
3050276	564000	6693
2919220	4423437	6735
2919220	786469	6735
3050276	2410995	6711
2919220	4031471	6735
3050276	1925068	6693
3050276	937817	6711
2139959	4452777	6839
3050276	2455723	6693
2919220	2563386	6735
3050276	4132213	6693
3050276	1299664	6693
2919220	292577	6734
1104381	238864	7151
3050276	914219	6693
3050276	2492123	6711
2919220	4062971	6734
3050276	209362	6693
2919220	2064375	6735
3050276	1065159	6693
3050276	1615685	6693
2919220	1202957	6735
93608	1432804	6781
2919220	510802	6735
3050276	1959508	6693
3050276	4470117	6693
3050276	1639480	6693
3050276	1132625	6693
3050276	1593690	6711
3050276	4518170	6711
2919220	1427332	6735
2919220	4365683	6735
2919220	958788	6734
3050276	144988	6693
3050276	4602211	6693
2919220	3260491	6735
3050276	1867189	6693
3050276	754996	6693
3050276	971483	6693
2919220	3408462	6735
2919220	1791568	6735
3050276	4293770	6693
3050276	3360344	6693
3050276	2278800	6693
2919220	4648952	6735
2919220	2962647	6734
3050276	1860264	6693
2919220	4006398	6734
2919220	4235416	6735
3050276	3796750	6693
3050276	682233	6693
3050276	843389	6711
2919220	468874	6734
2919220	3372698	6735
3050276	3063776	6693
2919220	2528631	6735
3050276	3232525	6693
2919220	113881	6735
3050276	4031938	6693
3050276	3387570	6693
2919220	3285723	6735
2919220	3731016	6734
3050276	3302529	6693
2919220	3229848	6735
3050276	3000314	6693
3050276	974841	6693
3050276	496022	6711
3050276	3422070	6693
3050276	3731176	6693
2919220	3383506	6735
2919220	1648048	6734
2919220	817094	6735
2919220	637894	6735
2919220	2528109	6735
3050276	104648	6693
3050276	831688	6693
2919220	4645135	6735
2919220	3001008	6735
2919220	4606330	6735
2919220	1482741	6734
2376528	3064393	6682
3050276	1610320	6693
2919220	2124699	6735
2919220	3300438	6735
3050276	1570837	6693
3050276	3759545	6693
2919220	2447308	6734
3050276	2536273	6693
2919220	3206699	6735
3050276	3802952	6693
2919220	4151137	6735
2919220	1918987	6734
3050276	4378925	6693
3050276	761296	6693
2919220	988097	6734
2919220	1817120	6734
3050276	3271	6693
3050276	891180	6711
3050276	1391201	6693
2919220	3164959	6735
3050276	2889396	6711
3050276	3010492	6693
3050276	850358	6711
2919220	2959503	6734
3050276	925090	6693
2919220	4141348	6734
2919220	1440323	6734
2919220	2118586	6735
2919220	2394049	6735
3050276	510076	6693
3050276	2705940	6711
3050276	103190	6693
3050276	2807213	6693
3050276	2707489	6693
2919220	4358875	6735
3050276	3057682	6693
3050276	4648136	6711
3050276	856996	6711
3050276	409010	6693
2919220	1810242	6735
2919220	64060	6735
3050276	3534992	6711
2919220	4185031	6735
2919220	1231248	6735
2919220	2014818	6735
2919220	3625910	6735
3050276	2503213	6711
3050276	2948879	6711
3050276	869298	6693
2919220	4545786	6735
3050276	2021928	6693
2919220	881892	6735
2919220	993260	6735
3050276	1921890	6711
3050276	2786031	6693
2919220	3163170	6735
3050276	3312954	6693
2919220	584307	6735
3050276	1536292	6711
2919220	2191129	6735
3050276	3529246	6693
3050276	2277971	6693
3050276	1086200	6693
3050276	3894215	6693
3050276	2416279	6700
2919220	813868	6735
3050276	2849176	6693
3050276	3025389	6711
3050276	4436122	6693
3050276	3928871	6693
3050276	4244831	6693
3050276	1543138	6693
3050276	257234	6693
4452777	2139959	6825
2919220	1631728	6735
2919220	1959877	6734
2919220	2666128	6734
3050276	2637661	6711
3050276	1848466	6693
2919220	3394331	6735
2919220	4583698	6734
3050276	565961	6693
3050276	1575951	6693
3050276	2975095	6693
2919220	1441069	6734
2919220	1881466	6735
3050276	4312365	6693
2919220	933842	6735
3050276	3242594	6711
2919220	790627	6735
3050276	524178	6693
2919220	974841	6735
2919220	2390218	6780
3050276	1208203	6693
335450	1104381	6850
2919220	2289240	6735
3050276	1780991	6693
2919220	4219790	6735
2919220	4257765	6735
3050276	2746384	6711
2919220	1509552	6735
3050276	935980	6711
3050276	1326020	6693
2919220	1774478	6735
2919220	3915111	6735
3050276	3225471	6693
3050276	3626085	6711
3050276	2961613	6711
2919220	4567583	6735
3050276	4152025	6693
3050276	1185786	6693
3050276	3368385	6711
3050276	4433055	6693
2139959	4452777	6952
3050276	3242691	6693
2919220	3379189	6735
3050276	4527339	6693
3243653	2838084	6678
2919220	1607078	6735
3050276	3618015	6693
3050276	228884	6693
3050276	1925424	6693
2919220	1480455	6735
3050276	4551247	6693
3050276	830111	6693
2919220	694227	6734
3050276	1462066	6693
2919220	2190844	6735
3050276	1819899	6693
3050276	3048648	6693
1104381	4269277	6768
3017200	1810242	7135
3050276	2689511	6711
2919220	525914	6735
3050276	2677377	6711
2919220	1629356	6735
2919220	244881	6735
3050276	930237	6711
3050276	872830	6693
2919220	1986057	6735
2919220	2078782	6735
2919220	3724794	6735
3050276	4348136	6693
3050276	297191	6693
2919220	1925068	6735
3050276	3581842	6693
2919220	3717727	6735
2919220	2824123	6735
2919220	4361496	6735
2919220	1277857	6735
3050276	2529608	6693
2919220	1860264	6735
3050276	2617211	6693
2919220	2574587	6735
2919220	970198	6735
3050276	2915926	6693
3050276	2794599	6693
3050276	2267694	6693
2919220	3529246	6735
2919220	3906939	6735
2919220	2010983	6734
2919220	2267694	6735
2919220	1164325	6735
2919220	4630762	6735
2919220	2712705	6735
2919220	1240322	6734
3050276	2828429	6711
3050276	391478	6693
2919220	716437	6735
2919220	4204078	6735
3050276	631897	6693
2919220	2954840	6734
3050276	650900	6693
3050276	2983657	6693
2919220	4653709	6734
3050276	2346437	6693
3050276	2045752	6693
2919220	126256	6735
2919220	2161978	6734
2919220	4269543	6735
2919220	4619453	6734
3050276	350054	6693
2919220	4088937	6735
3050276	2993636	6693
2919220	1748757	6734
3050276	475641	6693
3050276	768318	6711
2919220	3592568	6735
3050276	1038819	6693
3050276	1008312	6693
2919220	540772	6734
3050276	3749548	6693
2919220	1493609	6734
910114	2838084	6736
3050276	2838084	6711
3050276	3876652	6693
2919220	305969	6735
3050276	2161032	6711
2919220	4246356	6735
2919220	3533455	6735
3050276	3491788	6693
3050276	31367	6693
3050276	3599180	6693
2919220	1998542	6735
3050276	4064792	6693
3050276	3844027	6693
2919220	4055977	6734
2919220	1129519	6734
3050276	3965215	6693
3050276	1214250	6693
3050276	2789635	6693
3050276	2251654	6693
3050276	548919	6693
3050276	4254964	6693
2919220	4195511	6735
3050276	4351137	6693
3050276	3809558	6711
3050276	2942871	6693
2919220	362920	6734
2919220	2167634	6734
3050276	105888	6693
2919220	3067537	6735
3050276	3628296	6693
2919220	4369140	6735
3050276	2624987	6711
3050276	2482036	6693
2919220	1743431	6735
3050276	2810758	6693
3050276	3260132	6693
3050276	1685095	6693
2919220	4369790	6735
2919220	339437	6735
2919220	1179579	6735
3050276	3514473	6711
3050276	2937457	6693
3050276	3717566	6693
3050276	2684880	6693
3050276	1709097	6693
2919220	164936	6735
3050276	4089138	6693
2919220	4434	6735
3050276	4551093	6711
2919220	4138428	6735
2919220	3677636	6735
3050276	1951584	6693
2919220	1380674	6735
2919220	2665681	6735
2919220	2499704	6735
3050276	1172722	6711
2919220	3273843	6734
2919220	2203292	6735
3050276	4080655	6693
2919220	4424585	6735
3050276	4291147	6711
3050276	1737048	6693
2919220	2461007	6735
3050276	4525445	6693
2919220	1200602	6735
3050276	2394049	6693
2919220	3524303	6734
3050276	2008178	6693
3050276	655137	6711
3050276	256613	6693
3050276	1073551	6693
3050276	2762394	6693
3050276	496250	6693
2919220	1359153	6734
3050276	3060508	6693
2919220	779639	6735
2919220	903631	6735
3050276	743609	6693
2919220	662374	6735
2919220	2106889	6735
2919220	1454341	6734
2919220	572868	6735
3050276	4431374	6693
2919220	680021	6735
2919220	2842	6734
3050276	1959877	6711
2919220	1691217	6735
3050276	993260	6693
2919220	2382089	6735
2919220	1486722	6734
3050276	3923286	6693
2919220	4353790	6734
3050276	662374	6693
3050276	1748902	6711
3050276	3055061	6711
2919220	4134603	6734
3050276	3287022	6693
3050276	399088	6693
3050276	3645014	6693
2919220	3127720	6735
2919220	3431101	6735
2919220	4655049	6735
2919220	955481	6735
2919220	2974754	6734
3050276	3013621	6693
3050276	969158	6693
3050276	3905974	6693
2919220	4111254	6735
2919220	3362941	6735
2919220	946967	6735
2919220	1943143	6735
2919220	2718767	6735
3050276	1039288	6693
1531818	3148873	6736
3050276	1857025	6693
3050276	3803696	6693
2919220	4420288	6735
3050276	3705262	6693
2919220	2481952	6735
3050276	4259852	6693
2919220	2771236	6735
3050276	2112768	6711
2919220	3639499	6735
2919220	3112461	6735
3050276	3527576	6711
2919220	74202	6735
3050276	3610797	6693
3050276	2406453	6693
2919220	3792736	6735
3050276	2307880	6693
3050276	4284308	6711
3050276	1658962	6693
2919220	3027494	6735
2919220	1394235	6735
2919220	302189	6735
2919220	2545477	6734
3050276	95373	6693
3050276	109328	6711
2919220	2620373	6735
3050276	1694553	6693
3050276	232786	6693
3050276	1997390	6711
3050276	1291848	6711
3050276	3079531	6693
3050276	4582	6693
2919220	1681148	6735
3050276	2901736	6693
2919220	1390776	6735
2919220	1659767	6735
3050276	1163434	6693
3050276	1986881	6693
2919220	4328868	6734
3050276	3736929	6711
3050276	342739	6711
2919220	1816013	6734
3050276	593812	6711
2919220	1548807	6735
3050276	1916245	6693
3050276	4152879	6693
3050276	4368859	6693
3050276	2441317	6693
3050276	4140245	6693
3050276	4419889	6693
2919220	2237836	6735
4224963	3475345	6778
2919220	3965215	6735
2919220	1625131	6735
2919220	1142812	6735
3050276	783325	6693
3515944	335450	6747
2919220	1156149	6735
3050276	47056	6693
2919220	565961	6735
3050276	289264	6711
2919220	4200406	6735
2919220	1932832	6735
2919220	1866990	6734
3050276	2060555	6693
3050276	2098457	6693
2919220	6326	6735
3050276	4257765	6693
3050276	3935103	6693
2919220	2388142	6735
2919220	3452756	6735
2919220	3398315	6734
2919220	3718590	6735
2919220	1482406	6735
2919220	912010	6735
1104381	2314258	7151
2919220	4399187	6735
3050276	3334162	6711
3050276	1890774	6711
3050276	1707109	6693
3050276	3106699	6693
2919220	703525	6735
2919220	3420778	6735
1104381	3594847	6868
2919220	898224	6735
2919220	3898670	6735
3050276	1011124	6693
2919220	2161032	6734
3050276	2422935	6693
2919220	4362205	6734
3050276	1835161	6693
3050276	722274	6711
2919220	933750	6735
3050276	18955	6693
2919220	4429324	6735
2919220	367775	6734
2919220	3726114	6735
3050276	3260491	6693
3050276	4379786	6693
3050276	914733	6693
3050276	1731152	6693
3050276	1138858	6693
2919220	3783514	6735
2919220	2818379	6735
2919220	4516978	6735
2919220	397652	6735
3050276	400084	6693
2919220	2719951	6735
3050276	1751519	6693
1104381	3638114	7151
3050276	1431350	6693
2919220	1445245	6735
2919220	2217403	6735
3050276	3566916	6693
2139959	2985839	6750
2919220	872830	6735
3050276	908997	6693
2919220	2428322	6735
3050276	1742094	6693
3050276	3783514	6693
2919220	2505326	6735
2919220	2009605	6735
3050276	204028	6693
2919220	1601495	6734
3050276	3077228	6711
2919220	626033	6735
2919220	2436617	6735
3050276	152443	6693
3050276	715174	6693
3050276	55959	6693
3050276	1000783	6693
3475345	4224963	7135
3050276	2106889	6693
3050276	389389	6693
2919220	1556723	6735
3050276	1563632	6711
3050276	1141799	6693
3050276	2090228	6693
3050276	1465231	6693
2919220	4368859	6735
2919220	1232142	6735
3050276	4489056	6693
3050276	1817120	6711
2919220	373174	6735
3050276	2014455	6693
3050276	780507	6693
2919220	4352602	6735
2919220	1997390	6734
3050276	961622	6711
2919220	282139	6735
3050276	4246356	6693
2919220	3759545	6735
2919220	4434175	6735
3050276	4587450	6711
3050276	4286290	6693
3050276	1688657	6693
3050276	3901212	6693
3050276	3873154	6693
2919220	2474577	6735
2919220	2586246	6735
3050276	3358798	6693
2919220	2881202	6735
3050276	2361947	6693
2919220	1158585	6734
2919220	1942811	6735
3050276	1124944	6693
2919220	1400478	6735
2919220	3521730	6735
2919220	2207746	6735
2919220	2041378	6735
2919220	4480688	6735
3050276	4574935	6711
3050276	1292208	6693
2919220	1411662	6735
2919220	4610597	6735
2919220	3429520	6735
3050276	4441153	6693
2919220	2826130	6735
2919220	1224781	6735
3050276	4224963	6693
3050276	1244060	6693
2919220	3536106	6735
2919220	2040368	6735
3050276	1988386	6693
2919220	875019	6735
3050276	926092	6711
2919220	2001853	6735
3050276	2382089	6693
2919220	3605904	6735
2919220	2702889	6734
3050276	227720	6693
3050276	325627	6711
3050276	1098858	6693
3050276	3474575	6693
2919220	257234	6735
2919220	3454634	6735
3050276	250766	6693
2919220	3900661	6735
3050276	2773259	6693
3050276	3358834	6693
2919220	1482380	6734
2919220	4461234	6735
3050276	3445722	6711
2919220	630289	6734
3050276	3420778	6693
3050276	2449672	6693
3050276	2828621	6693
2919220	4037602	6735
3050276	4281136	6693
2919220	2367407	6735
2919220	3055691	6735
3050276	3726243	6693
2919220	2441757	6735
2919220	1424329	6734
2919220	1572304	6735
3050276	2584108	6711
2919220	2359105	6734
2919220	490840	6734
2919220	605325	6735
3050276	2938229	6693
2919220	2102790	6735
2919220	4001752	6735
3050276	1638339	6711
2919220	4432363	6735
2919220	202954	6735
2919220	3066899	6735
2919220	2420060	6735
3050276	2747241	6711
2919220	1198584	6735
2919220	1572142	6735
2919220	1521505	6734
2919220	2663045	6734
3050276	4353817	6711
3050276	1042770	6693
3050276	2854012	6693
3050276	2919627	6711
3050276	4055152	6693
2919220	1742094	6735
2919220	3913197	6734
3050276	1792699	6693
2919220	3535844	6735
2919220	2726971	6734
3050276	3999171	6693
2919220	2609842	6734
2919220	1260027	6734
2919220	3025389	6734
2919220	1574629	6735
2919220	1156885	6735
2919220	1073551	6735
3050276	4374450	6693
2919220	3304147	6734
2919220	451636	6734
2919220	1745275	6735
2919220	342739	6734
1104381	313102	6768
3050276	1502335	6693
2919220	1433468	6735
3050276	2328882	6693
2919220	1505533	6735
3050276	1956278	6693
2919220	3689704	6735
2919220	3585315	6734
3050276	2862337	6693
3050276	3279444	6693
2919220	2702851	6735
3050276	223759	6693
3050276	4268931	6693
2919220	682271	6735
2919220	2129637	6735
3050276	3236664	6693
3050276	1587844	6693
2919220	4192457	6735
3050276	1775751	6693
3050276	326131	6693
3050276	3982597	6693
2919220	2955918	6735
3050276	300384	6693
2919220	1885975	6734
2919220	3873154	6735
2919220	54166	6735
3050276	4131422	6693
2919220	857510	6735
3050276	305406	6693
2919220	4518170	6734
2919220	831005	6735
3050276	1297466	6693
2919220	286460	6735
3050276	2371764	6693
3050276	4368010	6693
2919220	1499917	6735
2919220	2075039	6735
3050276	1184623	6711
3050276	2930247	6693
2919220	3941788	6734
3050276	813801	6693
2919220	4552676	6735
2919220	2411560	6734
2919220	2815277	6734
2919220	479620	6735
2919220	3060508	6735
2919220	3848411	6735
3050276	1593221	6693
2919220	4599702	6734
2919220	3871978	6735
3050276	691438	6693
3050276	3454581	6711
3050276	1716462	6693
3050276	125704	6693
2919220	2187283	6735
3050276	1986057	6693
3050276	2981913	6711
3050276	1675346	6711
2919220	843389	6734
2589742	2139959	7731
2919220	348068	6735
3050276	393637	6693
2919220	164834	6735
3050276	2144909	6693
3050276	861458	6693
2919220	4064767	6734
2919220	4151442	6735
3050276	3369668	6693
2919220	4278824	6734
2919220	3979447	6734
2919220	2927789	6735
2919220	3936904	6735
3050276	1681148	6693
2919220	248554	6735
2919220	4478074	6735
2919220	3599180	6735
2919220	3834309	6734
2919220	3461949	6735
3050276	1444096	6693
2919220	513304	6735
3050276	1865226	6693
2919220	1117660	6734
2919220	4323753	6735
3050276	3596028	6693
3050276	3023801	6693
3050276	2660902	6693
2919220	1098858	6735
3050276	3592568	6693
3050276	820184	6693
3050276	1869397	6693
2919220	2584108	6734
3050276	3993862	6693
2919220	3485862	6735
3050276	1307055	6693
3050276	164173	6693
3050276	3083140	6711
3050276	4092674	6693
2919220	2339948	6735
3050276	4545786	6693
3050276	4535101	6693
3050276	4279210	6711
3050276	4315658	6711
2919220	272205	6735
2919220	2727264	6735
3050276	3815718	6693
3050276	2945370	6693
3050276	729797	6693
2919220	768318	6734
2919220	1706530	6735
2919220	45201	6734
2919220	1079486	6735
3050276	703407	6693
2919220	105888	6735
2919220	3687252	6735
2919220	164173	6735
3050276	3898516	6693
2919220	1686152	6735
3050276	4099862	6693
2919220	2226420	6735
2919220	3887371	6735
2919220	1748902	6734
3050276	4001752	6693
2919220	1083974	6734
3050276	4399187	6693
2919220	4650964	6735
3050276	2351698	6693
2919220	155157	6735
2919220	3262339	6734
2919220	833392	6735
3050276	4478041	6711
2919220	2992319	6735
3050276	1682472	6693
3050276	3797659	6693
2919220	639060	6735
2919220	3003783	6735
2919220	4442480	6735
3050276	2955748	6693
2919220	2917884	6735
3050276	3471361	6693
2919220	3541851	6735
2919220	1601718	6734
2919220	2334383	6735
3050276	3453643	6693
2919220	3923286	6735
2919220	4494965	6735
2919220	3775094	6735
3050276	4468534	6693
2919220	4446860	6735
3050276	2649865	6693
1531818	3148873	6818
2919220	2890890	6734
3050276	3488446	6693
2919220	1852690	6735
3050276	3975263	6693
2919220	3476256	6735
2919220	4395664	6734
3050276	1820708	6693
3050276	3310445	6711
2919220	362997	6735
3050276	782735	6693
3050276	3138218	6711
2919220	3465699	6735
3050276	4293150	6693
3050276	3490690	6711
3050276	4062971	6711
2919220	2631973	6735
3050276	3732717	6693
3050276	1611104	6693
3050276	4411705	6693
3050276	3639290	6693
2919220	2285709	6734
2919220	3000314	6735
2919220	3971968	6735
3050276	2699935	6711
3050276	2227034	6711
3050276	696908	6693
3050276	2100245	6693
2919220	3083140	6734
2919220	2462560	6735
2919220	2083463	6735
2919220	2983128	6734
3050276	1481961	6693
3050276	555989	6693
2919220	2582708	6735
2919220	4529630	6735
2919220	3403367	6735
2919220	2284534	6735
2919220	246441	6735
3050276	463852	6711
2919220	4324205	6735
3050276	1731220	6711
4310912	812178	6778
2919220	2197349	6734
3050276	3953451	6693
3050276	1202541	6693
3050276	4449287	6693
2919220	3637706	6735
3050276	343681	6711
2919220	1865226	6735
3050276	1378379	6693
2919220	1681461	6735
3050276	1577724	6693
3050276	3889258	6693
3050276	1379286	6711
2919220	2945370	6735
3050276	2063906	6711
2919220	2786663	6735
2919220	2112768	6734
3050276	3394331	6693
3050276	434823	6693
3050276	29238	6693
2919220	510382	6735
2919220	3773911	6735
3050276	66754	6693
2919220	610537	6734
3050276	2724290	6711
3050276	3160816	6693
3050276	4443116	6693
3050276	4067203	6693
3050276	2305365	6693
2919220	1977508	6735
2919220	4452777	6734
3050276	2286971	6711
3050276	1725993	6693
3050276	1978061	6693
3050276	237536	6693
3050276	2040201	6693
3050276	3047973	6693
3050276	2129637	6693
3050276	2781875	6693
2919220	2233596	6735
3050276	1960514	6693
3050276	863023	6693
3050276	3505573	6711
3050276	3071429	6693
2919220	3428841	6735
2919220	518208	6735
2919220	3172191	6735
2919220	3860963	6735
2919220	4187519	6735
2919220	11804	6735
2919220	2661769	6735
3050276	283670	6693
2919220	45415	6735
2919220	4597885	6735
3050276	1559751	6711
3905605	1104381	6771
3050276	3298330	6693
2919220	3442331	6735
3050276	4376038	6693
2919220	2080464	6735
3050276	2406523	6693
3050276	4606425	6711
2919220	4353817	6734
2919220	3075852	6735
2919220	1639396	6735
3050276	772753	9111
2919220	3833758	6735
2919220	2101290	6735
3050276	2545477	6711
3050276	1260586	6693
3050276	690285	6693
3050276	4033455	6711
3050276	621440	6693
2919220	4137609	6735
2919220	2551636	6735
2919220	4040910	6735
3050276	1117660	6711
2919220	2656717	6734
2838084	3243653	6866
3050276	4038643	6711
3050276	3301027	6693
3050276	338502	6693
2919220	1659052	6735
3050276	600622	6693
2919220	17100	6734
3050276	206389	6693
3050276	3943712	6711
3050276	2625373	6693
2919220	911325	6735
3050276	3349808	6693
3050276	1727111	6693
3050276	2411596	6693
2919220	2806710	6735
3050276	463187	6693
2919220	4058736	6735
2919220	1330133	6735
2919220	961622	6734
2919220	2107762	6735
3050276	2208572	6693
3050276	2463985	6693
2919220	1038819	6735
3050276	3300438	6693
2919220	1785543	6734
3050276	4132801	6711
2919220	1386858	6734
3050276	3454634	6693
3050276	4520918	6711
3050276	3105363	6711
2919220	104648	6735
2919220	3767861	6734
2919220	3900600	6735
3050276	2080464	6693
2919220	1354677	6735
3050276	2041378	6693
3050276	2648716	6693
2919220	1897583	6735
3050276	4314215	6711
2139959	313102	6856
3050276	510802	6693
2919220	2889396	6734
3050276	4250440	6711
3050276	1083974	6711
3050276	1075408	6693
2919220	2368874	6735
2919220	3729056	6734
2919220	2971120	6734
2919220	2424848	6735
3050276	4397014	6693
2919220	3298825	6735
2919220	16195	6735
3050276	2424848	6693
2919220	3298383	6735
2919220	4323656	6735
1372166	1104381	6737
2919220	3705262	6735
3050276	2223540	6693
3050276	4329322	6693
2919220	1499021	6735
3050276	2979471	6693
2919220	1142833	6734
2919220	2232342	6734
3050276	2051797	6711
3050276	2101290	6693
3050276	314382	6711
2919220	4097246	6735
2919220	3605868	6735
2919220	3422070	6735
3050276	717675	6693
3050276	2804125	6693
3050276	3709950	6693
2919220	707159	6735
2919220	3021771	6735
2919220	3397441	6735
2919220	326131	6735
3050276	2927789	6693
2919220	325555	6735
3050276	4414292	6693
2919220	3751057	6735
3050276	2215699	6693
2919220	1989202	6735
3050276	788641	6693
2919220	431982	6735
2919220	1735739	6734
2919220	4535772	6735
2919220	3102193	6735
2919220	4366193	6735
3050276	1764068	6693
2919220	33542	6735
3050276	632548	6693
3050276	4417859	6693
3050276	2226790	6693
2919220	4557028	6735
2919220	341259	6735
3050276	3532015	6693
2919220	2529608	6735
2919220	4237074	6734
3050276	2366452	6711
3050276	3726114	6693
2919220	3238364	6735
3050276	1872132	6693
2919220	766386	6734
3050276	3724794	6693
3050276	543568	6693
2919220	4111572	6734
2919220	2592031	6735
2919220	4180305	6735
2919220	3473288	6735
2919220	4152025	6735
3050276	3541851	6693
2919220	2653010	6735
2919220	1758960	6735
3050276	2442429	6693
3050276	2804610	6693
3050276	2040575	6693
3050276	1181670	6693
2919220	2804125	6735
3050276	4653098	6693
2919220	4100311	6734
2919220	495706	6734
2919220	2137152	6735
2919220	1065159	6735
2919220	2625373	6735
3050276	1615365	6693
3050276	2469193	6711
3050276	3513186	6693
2919220	2774284	6735
2804861	3399317	6778
3050276	287970	6693
2919220	510642	6735
3050276	1863309	6693
3050276	933842	6693
2919220	3379818	6734
3050276	1950329	6693
3050276	3383506	6693
2919220	29238	6735
3050276	1492430	6693
2919220	439454	6734
3050276	2061671	6711
3050276	17752	6693
3050276	911503	6693
3050276	1715282	6693
3050276	3050554	6693
2919220	2591316	6735
3050276	3558553	6711
2919220	3096694	6735
3050276	890281	6711
3050276	3672712	6693
3050276	2619077	6693
2919220	2781831	6735
3050276	478751	6693
2919220	1844535	6735
3050276	521580	6693
2919220	2630607	6735
3050276	2129047	6693
3050276	4100809	6693
2919220	38277	6735
2919220	2014455	6735
2919220	3584484	6735
3050276	2411560	6711
2919220	2441697	6735
2919220	2992111	6734
3050276	2936738	6693
2919220	3723801	6735
2919220	3201094	6734
2919220	1792631	6735
3050276	2868369	6693
2919220	119269	6735
2919220	2882282	6735
2919220	900774	6735
3050276	518208	6693
2919220	968766	6735
2919220	637492	6735
2919220	4649093	6735
2919220	944955	6734
3050276	2945245	6711
2919220	2554184	6735
3050276	297720	6693
3050276	1726028	6693
2919220	1950329	6735
3050276	2036785	6693
2919220	2732345	6735
2919220	2509480	6735
3050276	3864156	6711
2919220	3930800	6734
3050276	3707998	6693
2919220	36812	6734
2919220	95373	6735
2919220	314045	6734
3050276	3387882	6693
2919220	2476430	6734
3050276	4590432	6711
3050276	2075039	6693
3050276	2276984	6711
3050276	3679061	6693
2919220	722901	6735
3050276	1845113	6693
2919220	1986881	6735
3050276	4618749	6693
2919220	1307871	6735
2919220	4135866	6734
2919220	4256530	6735
2919220	4558191	6735
2919220	696908	6735
3050276	38993	6693
2919220	4448892	6735
2919220	2218396	6735
2919220	3236664	6735
3050276	3642172	6693
3050276	357415	6693
2919220	3240307	6735
3050276	1793719	6693
3050276	2782794	6693
3050276	2197929	6711
2919220	2508426	6734
2919220	3557252	6735
2919220	3425518	6734
3050276	2187283	6693
3050276	4004521	6711
3050276	3540952	6693
2919220	3448038	6735
3050276	2412860	6693
3050276	3637745	6693
2919220	2682756	6734
3050276	1816013	6711
2919220	366545	6735
3050276	1580102	6693
2919220	1139940	6734
2919220	3355389	6735
3050276	2813596	6693
3050276	2845484	6693
3050276	3456628	6711
2919220	4572000	6735
3050276	3452756	6693
3050276	602252	6693
2919220	3498573	6735
2919220	3638873	6734
3050276	1983247	6693
2919220	2807213	6735
2919220	3844027	6735
3050276	788993	6693
3050276	4429771	6693
2919220	2718586	6734
3050276	1933123	6693
3050276	1866990	6711
3050276	1048454	6693
3050276	1996430	6693
3050276	33964	6693
2919220	738221	6735
3050276	269245	6693
2919220	696484	6735
2919220	1386858	6740
2919220	4218146	6740
3050276	3718590	6693
3050276	3786073	6693
2919220	4204081	6734
2919220	2115924	6735
2919220	1919283	6735
3050276	610950	6693
2919220	4038643	6734
3050276	4072550	6693
2919220	2087786	6735
2919220	3364184	6735
2919220	2413217	6735
3050276	1136770	6693
2919220	2855201	6735
2919220	1307055	6735
3050276	2376000	6693
2919220	668902	6735
2919220	723403	6735
3050276	4160941	6693
3050276	2781831	6693
2919220	47056	6735
3050276	1964306	6693
3050276	4237287	6693
3916589	1142917	7135
3050276	1480455	6693
2919220	2992689	6734
2919220	4489056	6735
3050276	334485	6693
2919220	700207	6735
2919220	342234	6735
2919220	136661	6734
2919220	40546	6735
2919220	2493787	6735
2919220	3628296	6735
2838084	2418339	6844
3050276	475408	6693
3050276	3696405	6711
3050276	886110	6711
2919220	378706	6735
2919220	4106774	6734
2919220	867611	6735
3050276	2989231	6693
3050276	620823	6693
2919220	2017762	6735
3050276	4164528	6693
2919220	853066	6735
3050276	634317	6711
2919220	2585240	6735
2919220	1273409	6735
2919220	968634	6735
3050276	399234	6693
2919220	2677907	6735
3050276	3535844	6693
538096	2139959	6858
3050276	2300336	6693
3050276	3263847	6693
3050276	4422660	6693
2919220	4591433	6735
2919220	3439647	6735
2919220	4625957	6735
3050276	1857496	6693
3050276	4448165	6693
2919220	2762957	6734
1001648	93608	6722
2919220	2614462	6735
2919220	2102731	6735
3050276	107464	6693
2919220	232786	6735
3050276	4443135	6693
3050276	4055977	6711
3050276	2372398	6693
2919220	4544740	6735
3050276	3867935	6711
3050276	1974661	6693
2919220	1043712	6735
3050276	714150	6711
3050276	1676952	6711
2919220	5782	6735
2919220	861458	6735
3050276	644022	6693
3050276	911325	6693
3050276	1669158	6693
3050276	3791907	6693
3050276	4337383	6711
2919220	3971101	6735
3050276	1127560	6693
3050276	4423437	6693
3050276	3826991	6693
3050276	373174	6693
3050276	4000041	6693
2919220	3134512	6734
3050276	984012	6693
2919220	2936521	6735
3050276	2826130	6693
2919220	3938703	6735
2919220	4324303	6735
3050276	1908349	6693
3050276	2554184	6693
3050276	1838082	6711
3050276	3871978	6693
3050276	171713	6693
2919220	3754426	6735
2919220	3433509	6735
3050276	4245386	6711
2919220	4654973	6740
3050276	204266	6693
3050276	690349	6693
3050276	4544740	6693
3050276	1569868	6711
2919220	1978596	6735
3050276	3301701	6693
2919220	1964306	6735
2919220	3567166	6735
3050276	1559362	6711
2919220	1331722	6735
3050276	2000811	6693
2919220	2917314	6735
3050276	4362856	6693
3050276	2131519	6693
3050276	239425	6693
2919220	2333659	6735
2919220	1651377	6735
2838084	772753	7398
2919220	3891861	6735
2919220	934042	6735
3050276	1410900	6693
3050276	4535413	6711
2919220	2605754	6735
2919220	2269543	6734
2919220	4317761	6735
2919220	685393	6735
2919220	4164101	6734
3050276	3834309	6711
3050276	894031	6693
2919220	4003459	6735
2919220	2891422	6735
3050276	687429	6711
3050276	313072	6711
2919220	200870	6735
3050276	303347	6711
3050276	2589593	6693
3050276	508367	6693
3050276	2876790	6693
3050276	3084896	6693
3050276	3961936	6693
2919220	2934736	6735
2919220	3878875	6735
3050276	4003459	6693
3050276	4359357	6711
3050276	4615538	6693
2919220	4582558	6735
2919220	152443	6735
2919220	2131519	6735
1001648	2838084	6678
2919220	2791585	6735
2919220	3955147	6735
3050276	3892016	6693
3050276	4016464	6693
3050276	3580629	6693
3050276	2799452	6693
3050276	4491827	6711
3050276	1403679	6693
3050276	2441838	6693
3050276	1142833	6711
2919220	4312365	6735
2919220	618132	6735
3050276	2118586	6693
3050276	2959503	6711
2919220	1543138	6735
2919220	2889396	6740
3050276	1501183	6711
2919220	4433885	6735
2919220	3115873	7086
2919220	3867935	6734
3050276	520729	6693
1104381	335450	6936
2919220	3886647	6735
3050276	1102602	6693
2919220	1050973	6735
2919220	2614177	6735
2919220	3810328	6734
2919220	3337166	6735
3050276	884303	6693
3050276	2507762	6693
2919220	1838117	6735
2919220	1634329	6735
2919220	4204763	6735
3050276	4625881	6693
2919220	606278	6735
3050276	1248731	6693
2919220	4551247	6735
2919220	4414292	6735
3050276	1568470	6693
3050276	3229848	6693
2919220	235263	6735
3050276	1926562	6693
3050276	3033187	6693
2919220	932338	6735
3050276	3872205	6693
2919220	2614523	6735
3050276	2727264	6693
3050276	1062975	6693
3050276	1212678	6693
3050276	2107762	6693
2919220	1262491	6735
3148873	3536038	6869
3050276	1776870	6693
3050276	510101	6693
2919220	1820708	6735
2919220	3773723	6735
3050276	1846030	6693
3050276	4530885	6693
2919220	1799722	6735
3050276	3037110	6693
2919220	2040201	6735
3050276	982463	6693
2919220	1910022	6735
3050276	162490	6693
3050276	4516978	6693
3050276	1202284	6693
2919220	175664	6734
3050276	85398	6693
2919220	3015297	6735
2919220	1299664	6735
2919220	1916245	6735
2919220	1355333	6735
3050276	2400662	6693
2919220	2773259	6735
3050276	2602276	6693
2919220	4208350	6735
2919220	487827	6734
3050276	679426	6693
2919220	3298330	6735
2919220	3338587	6735
3050276	82724	6693
2985839	335450	6747
2919220	3682703	6735
3050276	2328130	6711
2919220	1549854	6735
3050276	3764706	6693
3050276	68818	6711
2919220	3514473	6734
93608	3122415	6781
3050276	2824046	6693
3050276	3697516	6693
3050276	1768504	6693
3050276	981967	6693
2919220	3037110	6735
3050276	3117481	6711
3050276	414117	6693
2919220	703809	6735
3050276	4318551	6693
3050276	2298679	6693
2919220	969950	6735
2919220	1628917	6734
2919220	312972	6734
3050276	1854600	6693
2919220	3405665	6735
3050276	4151137	6693
2919220	1127560	6735
2919220	1202541	6735
2919220	971483	6735
2919220	2553688	6735
2985839	2139959	6747
2919220	2540248	6735
3050276	710778	6693
3050276	4609878	6693
2919220	394085	6735
2919220	2015693	6735
3050276	2284534	6693
3050276	3833758	6693
3050276	680021	6693
3050276	2146538	6693
3148873	4128587	6781
3050276	3824555	6693
2919220	1992620	6734
3050276	3956749	6693
3050276	1499208	6693
3050276	2495702	6693
3050276	2412394	6693
2919220	777446	6735
2919220	2583518	6735
2919220	2402526	6774
3050276	3257524	6711
3050276	4067575	6693
2919220	1857178	6734
3050276	4591569	6693
3050276	1109604	6693
2919220	2823894	6735
2919220	1597585	6735
2919220	2732838	6735
2919220	2801225	6735
2589742	2314258	8042
3050276	30729	6711
2919220	3384173	6735
2919220	665750	6735
3050276	2166784	6693
3050276	2171563	6711
2919220	3754222	6734
3050276	2799902	6693
3050276	2140010	6693
3050276	2579241	6711
2919220	3570099	6735
3050276	2086822	6693
3050276	244881	6693
2919220	1145095	6735
3050276	4083781	6711
2919220	2019144	6735
3050276	422499	6693
2919220	903259	6735
2919220	1793719	6735
2919220	414117	6735
3050276	1748757	6711
3050276	11804	6693
2919220	4281136	6735
2919220	2129047	6735
3050276	2662699	6693
3050276	2116801	6693
2919220	2278800	6735
2919220	3637745	6735
3050276	4529630	6693
3050276	1730255	6693
2919220	474611	6735
3050276	1751447	6693
2919220	4448165	6735
2919220	3802952	6735
3050276	2481952	6693
3050276	4165309	6693
3050276	2350798	6711
2919220	1511161	6735
3050276	3568042	6693
3050276	3840684	6693
3050276	1989202	6693
2919220	503102	6735
2919220	1334167	6735
3050276	3709985	6693
2919220	1573757	6735
2919220	1331351	6734
3050276	2672416	6693
3050276	4367475	6693
2919220	3527576	6734
3050276	2718586	6711
3050276	3818547	6693
3050276	3570099	6693
2919220	1951584	6735
3050276	62858	6711
3050276	4070770	6711
2919220	1393331	6735
3050276	272205	6693
2919220	4381536	6735
3050276	2887508	6711
2919220	1013059	6735
3050276	2448189	6693
3050276	3041973	6693
2919220	1062975	6735
3050276	273437	6711
3050276	2217403	6693
3148873	4164904	6781
3050276	1223406	6693
3050276	3113651	6693
3050276	2826144	6693
2919220	4534685	6734
2919220	858730	6735
3050276	3391731	6693
3050276	3790545	6711
2919220	2032120	6735
2919220	617988	6735
2919220	807443	6735
3050276	685393	6693
2919220	3248362	6734
3050276	1942811	6693
3050276	4031471	6693
3050276	1638444	6711
3050276	2413217	6693
3050276	3676650	6693
2919220	2192615	6735
2919220	3161667	6734
3050276	4042919	6693
2919220	787754	6734
2919220	1694553	6735
3050276	2346015	6711
3050276	2629049	6693
2919220	649912	6735
2919220	2759419	6734
2919220	3198985	6735
3050276	3167656	6693
2919220	956338	6735
3050276	4270768	6711
3050276	1369527	6693
2919220	3309088	6735
2919220	4089559	6735
2919220	3720843	6735
3050276	1307871	6693
3050276	2509030	6693
2919220	3314131	6735
3050276	302189	6693
2919220	2206128	6734
2919220	3512777	6735
2919220	4428763	6734
3050276	1039197	6693
2919220	2915926	6735
2919220	574617	6735
2919220	297191	6735
3050276	1663678	6693
3050276	3487655	6693
3050276	2296507	6693
2838084	3594847	6866
3050276	358436	6693
3050276	1603647	6693
3050276	1625131	6693
3050276	2083463	6693
3050276	3844784	6693
2919220	1640846	6735
2919220	2061671	6734
2919220	3075931	6735
2919220	2240376	6735
3050276	651015	6693
2919220	206389	6735
3050276	3520332	6693
3050276	2787227	6693
2919220	313072	6734
2919220	2763565	6735
3050276	499168	6693
3050276	3123798	6711
2919220	938173	6735
2919220	679426	6735
3050276	1394080	6693
3050276	3304147	6711
3050276	1812696	6693
3050276	1658908	6693
3050276	2664305	6711
3050276	1457486	6693
2919220	3679061	6735
3050276	722901	6693
2919220	3106174	6734
3050276	3746648	6711
2919220	620823	6735
3050276	2233596	6693
2919220	2341639	6735
2919220	103190	6735
2919220	4178127	6735
2919220	3946113	6735
3050276	1547690	6693
2919220	2434009	6735
3050276	175664	6711
2919220	3312954	6735
2919220	2931798	6734
3050276	3048816	6693
3050276	3783251	6693
2919220	4149070	6735
2919220	4576758	6735
3050276	829211	6711
3050276	3476256	6693
3050276	2490449	6711
2919220	1141047	6735
3050276	1000418	6693
3050276	764534	6693
2919220	3225471	6735
3050276	4494965	6693
3469447	2867383	6778
2919220	399088	6735
3050276	4022562	6693
2919220	2865367	6735
3050276	2269434	6693
2919220	138485	6735
2919220	3588358	6735
2919220	4648136	6734
3050276	1128906	6693
2919220	2927436	6735
2919220	1350850	6735
3050276	3539723	6711
3050276	2245242	6711
3050276	2423852	6693
3050276	1787792	6693
3050276	2221286	6693
3050276	2855201	6693
2919220	242731	6735
3050276	831005	6693
2919220	168036	6735
3050276	1263713	6711
2919220	4505126	6735
2919220	3144812	6735
3050276	1168906	6693
2919220	2710933	6735
2919220	2482036	6735
3050276	3037654	6693
3050276	2936006	6693
2919220	3539723	6740
2919220	1359556	6735
2919220	3301828	6735
2919220	3859515	6735
2919220	2172125	6735
2919220	677739	6735
2919220	2171563	6734
3050276	1277857	6693
2919220	2367310	6735
3050276	1901672	6711
2919220	2562185	6735
1104381	2589742	7503
3050276	1183294	6711
2919220	1610320	6735
3050276	2604579	6693
3050276	2013870	6693
3050276	606278	6693
2919220	1191313	6735
3050276	3469447	6693
2919220	818951	6735
2919220	2916345	6734
3050276	3360007	6711
1635882	4647142	6778
2919220	682233	6735
2919220	1725993	6735
2919220	4654383	6735
2919220	1707109	6735
2919220	4227764	6735
2919220	3751788	6735
3050276	4137609	6693
3050276	3345854	6711
3050276	1921499	6693
2919220	2138857	6735
3050276	1961055	6693
3050276	3906669	6693
2919220	4638650	6734
3050276	4263195	6693
3050276	1576804	6693
3050276	2781582	6711
2919220	1328215	6735
2919220	1042349	6735
3050276	2656178	6693
3050276	1025499	6693
2919220	3081878	6735
2919220	4535413	6734
2919220	57486	6734
2838084	1001648	6739
3050276	3429520	6693
3050276	1609173	6711
2919220	90260	6735
3050276	2705221	6711
3050276	4397542	6693
3050276	2890890	6711
3050276	3987776	6693
2919220	911935	6735
2919220	3785664	6735
3050276	4192457	6693
2919220	3727087	6735
3050276	1733125	6693
3050276	558618	6693
3050276	3198985	6693
2919220	2303798	6735
2919220	1615685	6735
3050276	1139940	6711
3050276	2047901	6693
3050276	3525075	6711
2919220	3387570	6735
2919220	1597071	6735
3050276	1000011	6693
3050276	2563386	6693
2919220	4468534	6735
3050276	3262339	6711
2919220	3454581	6734
3050276	3900600	6693
3050276	2350063	6711
3050276	1658906	6693
2919220	2188790	6735
2919220	991847	6734
2457506	4164904	6778
2919220	1559362	6734
4647142	1635882	7135
3050276	1981389	6693
2919220	2004135	6735
2919220	4393432	6735
93608	1398241	6739
3050276	991226	6693
3050276	3085577	6711
3050276	549834	6693
3050276	1964811	6693
3050276	2534425	6693
2919220	636960	6735
3050276	3878735	6693
3050276	3851487	6693
2919220	831688	6735
3148873	283488	6781
3050276	451636	6711
2919220	1890774	6734
3050276	4260384	6693
2919220	995398	6735
3050276	3161502	6693
3050276	4576758	6693
3050276	807443	6693
2919220	2714879	6735
3050276	697578	6711
3050276	2931798	6711
2919220	3596028	6735
2919220	357415	6735
3050276	1642836	6693
2919220	1410900	6735
3050276	4275665	6693
3050276	3723801	6693
3050276	1605068	6711
3050276	2129323	6711
2919220	3632276	6735
3050276	850849	6711
3050276	2434009	6693
2919220	3257524	6734
3050276	3687369	6693
2838084	4123562	6781
3050276	4043712	6693
3050276	816565	6693
2919220	3205266	6735
2919220	2422935	6735
3050276	1111636	6711
3050276	3301828	6693
3050276	201067	6693
3050276	1440323	6711
3050276	508106	6693
2919220	4237255	6735
2919220	55959	6735
2919220	885642	6735
3050276	813868	6693
2919220	1717073	6735
3050276	4451090	6693
2919220	618668	6735
3050276	2824123	6693
2919220	1609346	6735
2919220	2140010	6735
2919220	4286290	6735
2919220	4476509	6735
2919220	917156	6735
2919220	1921890	6734
2919220	3071612	6734
3050276	1928913	6693
2919220	3972224	6734
3050276	3378997	6711
3050276	2551045	6693
3050276	1628046	6693
3050276	1607369	6693
2919220	3391616	6734
2919220	906823	6735
3050276	3372698	6693
2919220	1078519	6735
3050276	4169504	6711
2919220	1020237	6735
3050276	2428837	6693
2919220	561249	6735
3050276	1106087	6693
2919220	2838084	6734
2919220	1928913	6735
2919220	2826144	6735
3050276	1262491	6693
3050276	3860963	6693
3050276	130146	6693
2919220	3260132	6735
3050276	1887508	6693
1104381	2864161	7151
2919220	4612326	6735
2919220	2409400	6735
3050276	3318920	6711
2919220	1763798	6735
3050276	1156885	6693
2919220	1000418	6735
2919220	4389315	6735
2919220	283438	6734
3050276	601900	6693
3050276	4572000	6693
2919220	3525075	6734
3050276	2527300	6711
2919220	4472934	6735
2919220	1181670	6735
3050276	2697535	6693
2919220	2730352	6735
2919220	3358834	6735
2919220	1530238	6735
2919220	3471361	6735
3050276	2004135	6693
2919220	2615592	6735
3050276	1079486	6693
2919220	2407859	6735
2919220	4527339	6735
2919220	2287742	6734
2919220	2936006	6735
2919220	1672478	6735
3050276	3900661	6693
2919220	1558568	6734
3050276	2106277	6711
3050276	2167634	6711
3050276	1521505	6711
3050276	2901631	6711
2919220	1330264	6735
2919220	1676952	6734
2919220	4477690	6734
3050276	1499021	6693
2919220	579739	6735
3050276	4630762	6693
2919220	2531044	6735
2919220	2036969	6735
3050276	2395511	6711
2919220	972814	6735
3050276	3263986	6693
2919220	4152903	6734
2919220	2491328	6735
2919220	4491827	6734
2919220	3011618	6735
2919220	1867189	6735
3050276	2791585	6693
2919220	4056	6735
2919220	2303318	6735
2919220	4438387	6734
2919220	1547690	6735
2919220	632548	6735
3050276	605325	6693
3050276	3936904	6693
2919220	3731176	6735
2919220	2862160	6734
2919220	4253854	6735
2919220	773941	6734
2919220	3502465	6735
2919220	4054670	6735
3050276	3032092	6693
3050276	2139959	6693
3050276	4106045	6693
3050276	2552999	6693
3050276	1617369	6693
2919220	1857123	6735
2919220	894722	6735
3050276	162478	6693
3050276	1496176	6693
3050276	981178	6693
3050276	1078519	6693
3050276	1634329	6693
2919220	4419889	6735
2919220	687429	6734
3050276	1645693	6711
2919220	671757	6735
3050276	3015297	6693
3050276	3219284	6693
2919220	1410548	6734
3050276	2058427	6693
3050276	4554506	6711
3050276	1963134	6693
2139959	566198	6778
2919220	70595	6735
2919220	1854600	6735
2919220	400872	6735
3050276	2230254	6693
3050276	4033080	6693
3050276	1691217	6693
2838084	1543671	6781
2919220	4138964	6735
2919220	3317385	6734
3050276	1684583	6693
3050276	53545	6693
3050276	574617	6693
2919220	2983657	6735
2919220	4345978	6735
2919220	1564352	6735
3050276	2375289	6693
2919220	534995	6734
3050276	28158	6711
2919220	4576543	6735
3050276	3824999	6693
3050276	4204763	6693
3050276	4275150	6711
2919220	4260384	6735
2919220	1621222	6735
2919220	2961613	6734
3050276	3898698	6693
3050276	1875153	6693
3050276	3866852	6693
2919220	2323834	6735
3050276	3836722	6693
3050276	235263	6693
2919220	3812339	6735
2919220	3325347	6734
3050276	26175	6711
2919220	3913924	6735
2919220	2791483	6735
2919220	1365627	6734
3050276	2958056	6693
2919220	2350798	6734
2919220	635486	6735
2919220	68818	6734
2919220	478751	6735
3050276	956382	6693
3050276	2137152	6693
3050276	561249	6693
3050276	164650	6693
2919220	204266	6735
3050276	1194599	6693
3050276	3118231	6693
2919220	887011	6735
2919220	4362856	6735
3050276	610537	6711
2919220	2214203	6735
2919220	1496600	6735
3594847	1104381	6867
2919220	875474	6734
2919220	17971	6735
2919220	2990295	6734
3050276	3105191	6693
3050276	1662950	6711
2919220	1499208	6735
3050276	366545	6693
2919220	1556818	6735
2919220	2861862	6735
2919220	1534865	6735
3050276	2397092	6693
2919220	1762864	6735
2919220	757625	6734
2919220	1359372	6734
3050276	4557028	6693
2919220	3604188	6734
3050276	2256046	6693
2919220	3638603	6734
2919220	1352339	6735
3050276	3428841	6693
2919220	3761249	6734
2919220	334485	6735
2919220	204028	6735
3050276	2811221	6693
3050276	2142551	6693
2919220	2208659	6734
3050276	1117164	6711
3050276	703525	6693
2919220	4441153	6735
2919220	3316546	6734
2919220	2045752	6735
2919220	347092	6735
2919220	2671678	6735
3050276	2450917	6693
2919220	4043062	6735
3050276	1276383	6693
3050276	1156149	6693
2919220	2058578	6735
3050276	4575691	6711
2919220	4532488	6735
3050276	846341	6693
2919220	1326020	6735
3050276	4204199	6693
4452777	2139959	7411
3050276	3003783	6693
2919220	4346893	6735
2919220	543568	6740
2919220	2101192	6735
3050276	1224649	6693
3050276	635486	6693
2919220	786282	6734
3050276	4282019	6711
2919220	456151	6735
3050276	2798486	6711
2919220	3610797	6735
3050276	2037125	6693
3050276	1671040	6711
2919220	690285	6735
2919220	2353646	6735
3050276	3339085	6693
3050276	4354601	6711
2919220	3964641	6735
2919220	2979471	6735
2919220	4649094	6735
2919220	1731152	6735
3050276	1142812	6693
2919220	4612803	6735
2919220	264728	6735
2919220	2269434	6735
2919220	81538	6735
3050276	1611719	6693
2919220	1751447	6735
2919220	3535397	6734
3050276	688970	6711
3050276	3588358	6693
3050276	2904268	6693
2919220	300384	6735
2919220	195073	6735
3050276	3642934	6693
2919220	1280032	6735
3050276	652145	6693
3050276	3955618	6693
2919220	626172	6735
3050276	2614523	6693
3050276	621738	6693
3050276	1236350	6693
2919220	1726640	6734
2919220	4261696	6735
2919220	1498880	6735
2919220	979302	6735
2919220	3884336	6735
2919220	2541602	6735
3050276	2203095	6693
2919220	710778	6735
3050276	439454	6711
2919220	3524607	6735
2919220	3271	6735
3050276	4345978	6693
2919220	2559901	6735
3050276	2826811	6693
3050276	1373793	6693
3050276	3592610	6693
3050276	1686152	6693
2919220	1373793	6735
2919220	717675	6735
3050276	3106174	6711
3050276	1799432	6693
2919220	1644716	6735
3050276	2703984	6693
2919220	2798486	6734
2919220	1858477	6735
2919220	3220693	6735
2919220	3395312	6735
2919220	425389	6735
2919220	2013870	6735
2919220	754996	6735
3050276	736297	6693
2919220	2372341	6735
3050276	4059827	6693
2919220	4117336	6734
2919220	3597285	6735
3050276	1595490	6693
2919220	3426483	6735
2919220	3053242	6735
3050276	2145072	6693
2919220	3402469	6735
3050276	2289240	6693
2919220	2705221	6734
3050276	962515	6693
3050276	1336616	6693
3050276	3938703	6693
3050276	4008658	6711
3050276	4396035	6693
2919220	2098457	6735
3050276	746656	6693
2919220	3365668	6735
3050276	2465003	6693
3050276	1698534	6693
3050276	4576883	6693
2919220	2960344	6735
2919220	496250	6735
2919220	2311625	6735
2919220	3238905	6735
2919220	1162410	6735
2919220	2963521	6735
2919220	1215572	6735
3050276	2428322	6693
3050276	2019144	6693
3050276	3766066	6693
3050276	911255	6693
3050276	1143936	6711
3050276	1925667	6693
2919220	4132213	6735
2919220	599050	6735
3050276	1788386	6693
3050276	2831305	6693
3050276	3763653	6693
2919220	2876790	6735
2919220	3934263	6735
2919220	2144785	6735
2919220	2591140	6735
3050276	1138875	6693
3050276	4149070	6693
2919220	508744	6735
2919220	1142333	6735
3050276	1482406	6693
2919220	124975	6734
2919220	4618749	6735
2919220	2496023	6735
3050276	3114406	6693
3050276	118734	6711
3050276	3836786	6693
2919220	4067203	6735
2919220	2012310	6735
3050276	2102731	6693
3050276	4185031	6693
3050276	3727087	6693
3050276	969950	6693
2919220	4245386	6734
2919220	2051797	6734
2919220	3935103	6735
2919220	4397014	6735
3050276	3828899	6693
3050276	2841406	6693
2919220	1639480	6735
3050276	1544273	6693
2919220	1634699	6734
3050276	3294163	6693
2919220	2955748	6735
3050276	1881405	6693
3050276	4432363	6693
3050276	3689704	6693
3050276	3675068	6711
3050276	2712705	6693
3050276	3172393	6693
2919220	1237303	6735
2919220	2289969	6735
3050276	2893202	6711
3050276	283438	6711
3050276	380696	6693
3050276	1480051	6693
3050276	2962647	6711
3050276	69976	6693
2919220	1078862	6735
2919220	395637	6735
3050276	1412804	6711
2919220	1436164	6735
3050276	1513130	6711
3050276	4649094	6693
2919220	4315658	6734
3050276	2100058	6693
2919220	3349808	6735
2919220	265262	6735
2919220	641843	6734
3050276	3506819	6693
3050276	3433509	6693
2919220	646398	6734
3050276	885642	6693
2919220	3251675	6735
3050276	4395664	6711
3050276	38277	6693
3050276	4051630	6711
3050276	60411	6693
3050276	3255113	6693
3050276	336116	6693
3050276	54166	6693
3050276	1256238	6693
3050276	3286130	6693
3050276	3166196	6693
2919220	4327675	6734
3050276	524696	6693
2919220	3296129	6735
3050276	906823	6693
2919220	2919627	6734
3050276	738776	6693
2919220	722274	6734
3050276	487827	6711
2919220	3400864	6735
3050276	2505326	6693
3050276	3959736	6693
2919220	2147797	6734
2919220	300594	6734
3050276	2197349	6711
3050276	2299629	6693
2919220	4448230	6734
3050276	1984859	6693
3050276	4587970	6693
2919220	2302511	6735
3050276	3992050	6711
3050276	4567583	6693
3050276	2862160	6711
2919220	783325	6735
3050276	3075931	6693
3050276	3680873	6711
3050276	571400	6693
2919220	4021195	6734
3050276	4420288	6693
3050276	3584484	6693
2919220	703075	6735
2919220	2368969	6734
2919220	2828429	6734
3050276	4270938	6693
2919220	538737	6735
3050276	2453083	6693
2919220	697578	6734
3050276	378202	6711
3050276	1231248	6693
3148873	2509499	6781
3050276	1905143	6693
2919220	176378	6735
2919220	1187610	6735
3050276	4343477	6711
3050276	338255	6693
3243653	93608	6678
2919220	3880747	6735
3050276	61623	6693
3050276	3251675	6693
2919220	3790545	6734
2919220	2002866	6735
2919220	3833602	6734
3050276	4629247	6693
2919220	3303810	6735
3594847	217281	6867
3050276	3066899	6693
2919220	2639944	6734
3050276	685911	6693
3050276	292577	6711
3050276	1509552	6693
3050276	3357421	6693
2919220	2417823	6734
2919220	4115940	6735
2919220	603663	6734
3050276	3637723	6693
2919220	2904268	6735
2919220	4075406	6735
93608	1001648	6739
3050276	1155234	6711
2919220	869298	6735
2919220	4582	6735
2919220	1236350	6735
3050276	4330525	6711
3050276	200870	6693
2919220	3696405	6734
2919220	163101	6735
3050276	217983	6693
2919220	2441838	6735
3050276	3547733	6693
3050276	2095526	6693
3050276	4379381	6693
3050276	4227764	6693
3050276	679497	6693
2919220	3368385	6734
2919220	2358028	6734
2919220	855381	6735
2919220	4334722	6735
2919220	1771098	6735
3050276	1970176	6693
2919220	157378	6735
3050276	3238364	6693
2919220	1597497	6734
3050276	3585724	6693
3050276	3893444	6693
2919220	2458067	6735
2919220	1777068	6780
2919220	1143936	6734
3050276	1983572	6711
3050276	855381	6693
3050276	652166	6693
2919220	3503403	6734
3050276	1172649	6693
2919220	4478041	6734
3050276	2594530	6693
2919220	1081813	6734
3050276	4393432	6693
3050276	1556818	6693
2919220	2420622	6735
3050276	1134151	6693
2919220	4152879	6735
2919220	986646	6735
2919220	4611468	6735
2919220	4351770	6735
3050276	2494837	6693
2919220	1799475	6734
4055152	398099	6778
3050276	4587844	6693
3050276	3368510	6711
2919220	1609173	6734
2919220	3878735	6735
2919220	2035812	6735
2919220	3984900	6735
2919220	2275243	6735
2919220	1019567	6734
3050276	2272071	6711
3050276	3372100	6693
3050276	3878754	6693
3050276	3405233	6693
3050276	3052832	6711
1104381	217281	6868
3050276	176378	6693
2919220	2979222	6735
3050276	2491328	6693
2919220	2948879	6734
2919220	3465030	6735
3050276	1739244	6693
2919220	2756567	6734
3050276	766386	6711
2919220	2140308	6734
3050276	4187519	6693
2919220	1405673	6735
3050276	2732838	6693
3050276	3164795	6693
3050276	2583518	6693
2919220	2685378	6735
3050276	2722817	6711
2919220	4024326	6735
2919220	380696	6735
3050276	4551255	6693
3050276	1601495	6711
2919220	4328939	6735
2919220	1835161	6735
2919220	3717566	6735
2919220	297720	6735
2919220	2854012	6735
2919220	3387393	6735
2919220	4629801	6735
2838084	910114	6738
3050276	417792	6693
2919220	2580712	6735
3050276	392648	6693
3050276	1799722	6693
3050276	1897583	6693
2919220	1337548	6735
3050276	3391616	6711
2919220	1988916	6735
2919220	3424437	6735
2919220	1203354	6735
3050276	3400744	6693
3050276	1118568	6693
2919220	3190501	6735
2919220	3516090	6735
3050276	441532	6693
3050276	1493326	6711
3050276	655303	6693
3050276	278451	6693
2919220	3263847	6735
2919220	2116801	6735
3050276	4194141	6711
2919220	3955618	6735
2919220	3824999	6735
2919220	981967	6735
2919220	2065321	6735
1925667	3122415	6778
2919220	3898516	6735
2919220	3032092	6735
2919220	1580102	6735
2919220	4365575	6735
3050276	3785664	6693
3050276	3805019	6693
2919220	4128125	6735
3050276	813503	6693
3050276	2685894	6693
3399317	2804861	7135
2919220	550697	6735
3050276	3731016	6711
3050276	2184315	6693
3050276	867979	6693
3050276	4384432	6711
3050276	1439905	6693
3050276	1224204	6693
3050276	1350850	6693
2919220	1214250	6735
2919220	228884	6735
3050276	1774826	6693
3050276	617988	6693
2919220	1086821	6735
3050276	92908	6693
2919220	3550793	6735
2919220	4411705	6735
2919220	2230254	6735
2919220	437643	6735
2919220	651015	6735
2919220	3792855	6735
3050276	4505126	6693
3050276	1579166	6693
2919220	2818018	6735
3050276	1794029	6693
566198	2838084	7051
3050276	1618233	6693
3050276	1892259	6693
3050276	2540248	6693
2919220	1258268	6735
3050276	2671692	6711
3050276	863308	6693
2919220	932094	6734
3050276	723403	6693
2919220	3443343	6734
3050276	4232960	6693
3050276	2566874	6693
2919220	2486962	6735
2919220	4470117	6735
3050276	1112545	6693
3050276	933750	6693
2919220	2416279	9199
3050276	3264634	6693
2919220	3011315	6735
3050276	2457054	6693
3050276	3884336	6693
3050276	973949	6711
2919220	3905974	6735
2919220	1904401	6735
3050276	810960	6693
3050276	3583206	6693
3050276	1572142	6693
3050276	2438621	6693
3050276	979302	6693
2919220	3391731	6735
2919220	588816	6735
2919220	3425849	6735
3050276	863063	6693
3050276	2302511	6693
2919220	806120	6734
2919220	2624987	6734
2919220	3161502	6735
2919220	4392561	6735
2919220	4037873	6734
3050276	630289	6711
2919220	4294013	6735
2919220	2639070	6735
2919220	3878381	6735
3050276	3439647	6693
2919220	691438	6735
3050276	4280254	6693
3050276	4505226	6693
3050276	4174658	6711
2919220	521580	6735
2919220	3744509	6734
2919220	4573168	6735
2919220	1658962	6735
2919220	1711935	6734
3050276	1149412	6693
2919220	4337572	6735
2919220	4153103	6735
432532	3583206	7135
2919220	4263073	6735
3050276	4240853	6693
2919220	2483023	6735
3050276	3931992	6693
2919220	2251298	6735
3050276	1420505	6693
3050276	4287235	6711
2919220	4354219	6735
3050276	1299837	6711
3050276	623037	6693
2919220	1989850	6735
2919220	455543	6735
2919220	3043700	6735
3050276	4317996	6693
2919220	978981	6735
3050276	1050973	6693
2919220	3360344	6735
2919220	3905206	6734
3050276	3448452	6693
2919220	973949	6734
3050276	1989850	6693
3050276	1573757	6693
3050276	4412219	6693
2919220	2968517	6735
2919220	3301027	6735
2919220	4250984	6735
3050276	2702889	6711
3050276	2639947	6711
2919220	2395511	6734
3050276	3448038	6693
3050276	3681940	6693
3050276	3305321	6693
3050276	1320831	6693
3050276	1854073	6693
3050276	1208092	6693
2919220	4128154	6735
3050276	4450514	6693
2919220	587432	6734
3050276	4482494	6693
2919220	593812	6734
3050276	4548573	6693
2919220	4433055	6735
2919220	2277971	6735
2919220	393637	6735
3050276	3984900	6693
2919220	2202052	6735
3050276	265262	6693
2919220	517974	6735
3050276	93608	6711
2919220	1221023	6735
2919220	1212678	6735
3050276	2677910	6693
3050276	311566	6711
2919220	304944	6734
2589742	1104381	7725
3050276	1394235	6693
2919220	209362	6735
3050276	406763	6693
2919220	192244	6734
2919220	1379286	6734
3050276	2661769	6693
2919220	3453643	6735
2919220	587929	6734
2919220	3864156	6734
2919220	621440	6735
3050276	347092	6693
3050276	2095276	6693
3050276	1628917	6711
2919220	969158	6735
2919220	863023	6735
2919220	1492430	6735
3050276	565728	6711
3050276	362920	6711
2919220	4516541	6734
2919220	4535101	6735
3050276	4040910	6693
2919220	4384864	6735
2919220	3606052	6735
3050276	3923691	6711
2919220	4575739	6735
3050276	431560	6711
2919220	3068090	6735
3050276	16195	6693
2919220	4318551	6735
3050276	4138964	6693
3050276	404125	6693
2919220	1760849	6735
93608	3958795	6781
3050276	3651636	6711
2919220	4366935	6735
3050276	3248589	6849
2919220	1377807	6735
2919220	1623159	6735
2919220	930237	6734
2919220	303347	6734
3050276	2102790	6693
3050276	2719951	6693
3050276	3597351	6693
2919220	241138	6734
2919220	4279210	6734
2919220	1946732	6735
3050276	3516090	6693
2919220	2484923	6735
2919220	273437	6734
3050276	3859018	6693
2919220	194181	6734
3050276	2056025	6711
2919220	26175	6734
3050276	4081955	6711
3050276	137438	6693
2919220	123534	6735
2919220	2465003	6735
2919220	1838460	6735
2919220	1175	6735
3050276	4466759	6693
2919220	2936738	6735
3050276	2042827	6693
3050276	4237074	6711
3050276	2117913	6711
2919220	2536273	6735
3050276	495706	6711
2919220	3118259	6735
3050276	2544916	6693
3050276	2234808	6693
2919220	1134151	6735
1994719	2919220	8070
3050276	453725	6693
2919220	2442429	6735
812178	4310912	7135
3050276	2058578	6693
3050276	3168224	6693
3050276	3637706	6693
2919220	1112352	6735
2919220	3131276	6734
3050276	3096694	6693
3050276	3751057	6693
3050276	3403367	6693
2919220	1038407	6735
3050276	894722	6693
2314258	2589742	7048
2919220	1838680	6735
2838084	1398241	6739
3050276	3582409	6693
2919220	3464770	6735
2919220	3276091	6735
2919220	4026136	6735
2919220	1062751	6735
3050276	1511161	6693
3050276	1331351	6711
3050276	2898911	6693
2919220	3218288	6735
2919220	1050004	6735
2919220	2710447	6735
3050276	1189000	6693
2919220	2849176	6735
2919220	2685894	6735
2919220	2063540	6735
3050276	264728	6693
3050276	3164959	6693
2919220	527634	6735
3050276	4461234	6693
335450	2985839	6750
3050276	4622088	6693
2919220	1614279	6735
3050276	104137	6693
2919220	1988386	6735
2919220	3734780	6735
3050276	1721539	6693
3050276	33542	6693
3050276	1151233	6711
2919220	971717	6734
3050276	4334722	6693
2919220	84670	6735
3050276	3168040	6693
3050276	1393331	6693
2919220	4277101	6735
2919220	1727111	6735
3050276	1378417	6693
3050276	394085	6693
2919220	1721590	6735
2919220	201067	6735
2919220	2565712	6734
2919220	850358	6734
3050276	2028725	6693
3050276	3687252	6693
2919220	404125	6735
2919220	1008312	6735
2919220	392648	6735
3050276	3011315	6693
2919220	1539481	6734
2919220	107424	6735
2919220	2555222	6735
2919220	1570837	6735
3050276	1135816	6693
2919220	4080655	6735
3050276	4392561	6693
2919220	3676949	6735
2919220	3800766	6734
2919220	2137396	6734
3050276	4064767	6711
3050276	4034757	6693
3050276	4204078	6693
2919220	3474575	6735
3050276	4378839	6693
2919220	3378997	6734
3050276	3866598	6711
3050276	3425849	6693
3050276	792423	6693
3050276	3426483	6693
3050276	2277693	6711
2919220	4602211	6735
3050276	3880747	6693
3050276	1454347	6693
3050276	2486962	6693
2919220	2028725	6735
2919220	3480822	6735
3050276	3447962	6711
2919220	894031	6735
3050276	2712907	6693
3050276	3797724	6693
2919220	2220047	6735
2919220	1684583	6735
2919220	1569868	6734
3050276	4600342	6693
2919220	186782	6735
2919220	2727543	6735
2919220	886856	6735
2919220	3023189	6735
2919220	3123798	6734
3050276	1017859	6693
3050276	3645376	6693
3050276	4164101	6711
2919220	671021	6735
3050276	1881466	6693
2919220	2308254	6735
3050276	4324303	6693
3050276	4096212	6711
2919220	1258143	6734
2919220	350054	6735
2919220	4151575	6734
3050276	3518530	6693
2919220	1075408	6735
3050276	1779005	6693
2919220	4339681	6734
3050276	3315453	6693
2919220	3360753	6734
2919220	2656178	6735
3050276	186782	6693
3050276	1334167	6693
3050276	1950772	6693
2919220	3864997	6734
2919220	2469193	6734
2919220	494380	6734
3050276	2857194	6693
3050276	2194139	6693
2919220	910109	6735
3050276	4204081	6711
2919220	2328882	6735
2919220	3928454	6735
2919220	792423	6735
3050276	1422197	6693
2919220	2300336	6735
3050276	4128154	6693
3050276	1020237	6693
3050276	2800730	6693
3050276	2208659	6711
3050276	4358704	6693
2919220	1277474	6735
3050276	192244	6711
2919220	2397092	6735
2919220	3002408	6735
3050276	1337548	6693
2919220	283670	6735
3050276	4222029	6711
3050276	817094	6693
2919220	1185786	6735
3050276	2218396	6693
2919220	2786031	6735
2919220	3766063	6735
3050276	4323656	6693
2919220	1501183	6734
3050276	700207	6693
245401	2615712	7135
3050276	1737679	6693
3050276	2138069	6693
3050276	4058736	6693
3050276	4324205	6693
3050276	4515375	6693
2919220	984012	6735
2919220	59553	6735
3050276	2555222	6693
3050276	2894527	6693
3050276	2830315	6693
3050276	2556292	6693
2919220	3749548	6735
2589742	3638114	8042
2919220	3422138	6735
3050276	1411662	6693
2919220	2307683	6734
3050276	1224781	6693
2919220	3686972	6735
3050276	3764150	6693
2919220	2030247	7086
3050276	3452315	6711
3050276	3536249	6693
3050276	4365683	6693
3050276	3934263	6693
2919220	79585	6735
3050276	899416	6711
3050276	2332795	6711
3050276	3314131	6693
2919220	3374100	6735
3050276	304944	6711
2919220	4166212	6735
3050276	513304	6693
3050276	362997	6693
2919220	1730255	6735
2919220	4629247	6735
3050276	653747	6693
2919220	1102602	6735
3050276	2960344	6693
2919220	1061167	6735
3050276	3557252	6693
3050276	3689426	6693
3050276	2615712	6693
2919220	1467014	6735
3050276	134657	6693
3050276	1499917	6693
3050276	3049802	6711
2919220	1682472	6735
2919220	908997	6735
3050276	3273843	6711
3050276	2600765	6711
2919220	4282019	6734
2919220	601900	6735
3050276	26561	6693
3050276	1463056	6711
3050276	3910343	6711
3050276	2644704	6693
2919220	2916656	6734
2919220	2982745	6735
2919220	3448113	6735
2919220	1039288	6735
3050276	932338	6693
3050276	818951	6693
4452777	2139959	6821
2919220	2544916	6735
2919220	1172649	6735
3050276	397652	6693
3050276	3316439	6711
2919220	1709536	6735
3050276	1904806	6693
3050276	1424329	6711
3050276	1910907	6711
2919220	908162	6735
2919220	3594604	6734
2919220	2868369	6735
2919220	3837005	6735
2919220	1074796	6735
3050276	2559901	6693
2919220	4059827	6735
2919220	4646530	6735
283488	2438621	7135
2919220	2661487	6735
2919220	3310445	6734
2919220	421173	6734
2919220	1638339	6734
3050276	163101	6693
3050276	2400559	6711
2919220	2647538	6735
2919220	2029366	6735
2919220	2552999	6735
1810242	3017200	6778
3050276	1892760	6711
3050276	3605868	6693
3050276	2975706	6711
2919220	1717813	6735
3050276	4577011	6693
2919220	1292311	6735
2919220	4482494	6735
3050276	2699318	6693
2919220	3518197	6735
2919220	566423	6735
2919220	2617211	6735
2919220	3505573	6734
2919220	4629898	6735
2919220	136683	6735
2919220	3999171	6735
3050276	3833602	6711
3050276	3952128	6711
2919220	4499639	6734
3050276	2289418	6711
3050276	3575946	6693
2919220	2227034	6734
4164904	2457506	7135
3050276	1305329	6693
2919220	1587844	6735
3050276	3218959	6693
3050276	1572304	6693
3050276	2289969	6693
3050276	3112461	6693
2919220	2287742	6740
3050276	1609346	6693
3050276	1041266	6711
3050276	3263005	6693
3050276	3276091	6693
2919220	437863	6735
2919220	4640632	6735
2919220	399234	6735
3050276	421173	6711
217281	1104381	6722
3050276	4635680	6693
2919220	1169778	6735
2919220	743609	6735
3050276	3913148	6693
2919220	615278	6735
2919220	3818547	6735
3050276	1120880	6693
3050276	2876307	6693
2919220	1000011	6735
3050276	1202902	6693
2919220	2238393	6735
3050276	1670107	6693
2919220	3361749	6734
3050276	202954	6693
2919220	3961936	6735
2919220	145790	6735
2919220	1056534	6734
2919220	98643	6735
3050276	3751788	6693
2919220	2129323	6734
3050276	1598571	6693
3050276	4469694	6693
3050276	37888	6693
2919220	4406032	6735
3050276	3890444	6693
2919220	3105191	6735
3050276	3478233	6693
3050276	2190392	6693
3050276	4097246	6693
3050276	1735739	6711
3905605	2139959	6858
3050276	4086059	6693
3050276	3491738	6693
3050276	3859515	6693
3050276	1763798	6693
2919220	3667219	6735
3050276	1384110	6711
2919220	2705940	6734
2919220	4268931	6735
2919220	2762394	6735
2919220	4653098	6735
3050276	3387393	6693
2919220	3445722	6734
3050276	2240376	6693
2919220	4633863	6734
3050276	4477690	6711
2919220	724042	6734
3050276	2819172	6693
2919220	1439905	6735
3050276	1659767	6693
3050276	3448113	6693
3050276	2101192	6693
2919220	3540952	6735
2919220	2081438	6735
3050276	2509968	6711
2919220	3307550	6735
3050276	972814	6693
3050276	3738214	6693
3050276	3443428	6693
2919220	2245242	6734
2919220	322875	6735
2919220	819032	6735
2919220	4467165	6734
3050276	395637	6693
2919220	1613562	6735
2919220	1744520	6734
3050276	3745520	6693
2919220	761296	6735
2919220	4333919	6734
2919220	2975454	6735
3050276	1162410	6693
2919220	1118568	6735
3050276	3044827	6693
2919220	3645014	6735
3050276	522913	6693
3050276	943441	6693
1001648	93608	6678
2919220	1039559	6735
2919220	391478	6735
2919220	4599375	6735
2919220	3183713	6735
3050276	3461949	6693
2919220	3943352	6735
3050276	325555	6693
2919220	1473642	6735
2919220	2727251	6735
2919220	2298679	6735
3050276	1505533	6693
3050276	4111254	6693
3050276	1056492	6693
2919220	1875153	6735
2919220	1244060	6735
2919220	3305321	6735
3050276	4612326	6693
2919220	3699418	6734
3050276	1706530	6693
2919220	3370858	6735
3050276	1355333	6693
2919220	2689511	6734
2919220	788993	6735
1104381	3462811	7151
3050276	1246303	6693
3050276	3971101	6693
2919220	3075750	6734
3050276	2794416	6693
3050276	3295167	6693
3050276	910149	6693
2919220	1318823	6735
2919220	237536	6735
2919220	271830	6735
2919220	1731220	6734
2919220	1121227	6735
2919220	3568042	6735
3050276	3633255	6693
2919220	1774826	6735
2919220	2473315	6735
2919220	3786073	6735
3050276	3878381	6693
3050276	406292	6693
2919220	2703009	6735
3050276	1970223	6693
3050276	1179482	6693
3050276	2762957	6711
2919220	2299629	6735
3050276	2553688	6693
3050276	805141	6693
3050276	2280041	6711
3050276	316573	6693
2919220	3890444	6735
2919220	2939253	6734
2919220	1807025	6734
2919220	3534992	6734
2919220	1142650	6735
3050276	1242287	6693
2919220	1502335	6735
3050276	2237836	6693
3050276	3754426	6693
2919220	3642934	6735
2919220	2742189	6735
2919220	3651636	6734
2919220	4346815	6735
2139959	3515944	6750
2919220	910149	6735
3050276	995398	6693
1163434	4128587	6778
2919220	3468557	6735
3050276	4056	6693
3050276	3374100	6693
3050276	1824382	6711
3050276	2138857	6693
3050276	32682	6711
2919220	2040575	6735
2919220	1351174	6735
2919220	1106087	6735
3148873	4647142	6781
2919220	3357421	6735
3050276	757625	6711
3050276	2436617	6693
3050276	1363923	6693
2919220	2428178	6735
3050276	1038407	6693
3050276	870334	6693
3050276	2178823	6693
2919220	973654	6735
3050276	1730251	6693
3050276	2372341	6693
3050276	4429324	6693
2919220	3046889	6735
3050276	3115873	6693
3050276	1335313	6693
3050276	1243578	6711
2919220	2254159	6735
2919220	3456628	6734
2919220	4189900	6735
3050276	2144785	6693
3050276	4277101	6693
2919220	3113651	6735
3050276	4135866	6711
3050276	3616302	6693
3050276	2727617	6693
3050276	2630607	6693
3050276	973654	6693
3050276	1977117	6711
3050276	3287899	6693
2919220	2707134	6735
3050276	2115924	6693
2919220	3198774	6735
3050276	3972224	6711
3050276	680308	6693
2919220	2660902	6735
3050276	4656543	6693
772753	2838084	7525
3050276	2643224	6693
3050276	4449573	6693
3050276	4131167	6693
3050276	2815094	6693
2919220	38993	6735
3050276	1179579	6693
3050276	4535772	6693
3050276	4384864	6693
2919220	1485415	6735
2919220	3876652	6735
3050276	2122513	6693
3050276	4152903	6711
3050276	673344	6693
2919220	4100809	6735
2919220	2085608	6735
3915111	4123562	6778
2919220	777721	6735
3050276	516806	6693
2919220	3481260	6735
3050276	855678	6693
3050276	1712478	6693
3050276	2686514	6711
3050276	4574088	6693
2919220	4221039	6735
3050276	959114	6693
2919220	1737679	6735
3050276	979211	6693
2919220	1128906	6735
3050276	1855247	6693
3050276	2070387	6693
2919220	311566	6734
3050276	3678583	6693
2919220	4319480	6735
3050276	3183713	6693
2919220	2307880	6735
2919220	1132058	6735
2919220	649611	6734
3050276	3298825	6693
3050276	4037602	6693
2919220	1132625	6735
2919220	3851487	6735
2919220	4072550	6735
2919220	4175440	6735
3050276	3712445	6693
2919220	1589572	6735
3050276	2081438	6693
3050276	400872	6693
2919220	1603647	6735
3050276	3605904	6693
2919220	2140856	6735
3594847	3148873	6678
3050276	3775902	6693
2919220	2699318	6735
3050276	2994993	6693
3050276	1648048	6711
2919220	2898911	6735
3050276	4591433	6693
2919220	3063776	6735
3050276	3714294	6711
2919220	554814	6735
2919220	1854073	6735
2919220	2509968	6734
3050276	2229515	6711
2919220	3386357	6735
2919220	782735	6735
3050276	738221	6693
3050276	1318823	6693
3050276	1597497	6711
2919220	2095276	6735
3050276	3536038	6693
2919220	4622088	6735
3050276	858730	6693
2919220	1011124	6735
2919220	2144909	6735
3050276	212732	6693
3050276	4189900	6693
2919220	1611104	6735
3050276	703075	6693
3050276	4517205	6693
3050276	3736620	6693
2919220	2800730	6735
3050276	1752561	6693
2919220	3154010	6735
3050276	4454284	6693
2919220	571367	6735
2919220	1997599	6734
3050276	3524666	6693
2919220	1536292	6734
3050276	4278824	6711
2919220	1765360	6735
2919220	3582409	6735
3050276	410706	6693
2919220	3318920	6734
3050276	2077688	6693
2919220	1960514	6735
2919220	1179482	6735
2919220	3681940	6735
2919220	3532015	6735
2919220	4525445	6735
3050276	84670	6693
3050276	1052286	6693
3050276	2326310	6693
2919220	4067575	6735
2919220	69976	6735
2919220	79232	6734
2919220	959114	6735
3050276	252449	6693
3050276	221912	6693
2919220	843389	6740
2919220	828989	6735
3050276	499991	6711
3050276	2551636	6693
3050276	322875	6693
3050276	2917884	6693
2919220	3520332	6735
3050276	3702266	6693
2919220	3660026	6734
3050276	2447308	6711
3050276	1791568	6693
3050276	3682703	6693
3050276	546584	6711
3050276	766470	6711
3050276	2017762	6693
3050276	2344122	6693
2919220	4449287	6735
3050276	2614177	6693
2919220	491594	6734
3050276	2661487	6693
3050276	241503	6693
3050276	3712957	6693
3050276	248554	6693
3050276	1919283	6693
3050276	4075406	6693
3050276	233165	6711
3050276	948383	6693
2919220	162490	6735
2919220	3930106	6735
2919220	4062971	6740
3050276	4612803	6693
2919220	3651555	6735
2919220	1887508	6735
2919220	4551255	6735
2919220	3369906	6735
3050276	3984946	6693
2919220	2212885	6734
3050276	2006241	6711
3050276	787754	6711
2919220	2183515	6735
3050276	3518197	6693
3050276	2713647	6693
3050276	2254159	6693
2919220	2180229	6735
2919220	3241110	6734
3050276	4065226	6693
3050276	1838117	6693
2919220	2556292	6735
2919220	40225	6734
2919220	788641	6735
4269277	2139959	6858
3050276	2849634	6693
3050276	2388142	6693
2919220	3633255	6735
3050276	3638603	6711
2919220	4419709	6735
3050276	4448230	6711
3050276	3185540	6693
3050276	4021195	6711
3050276	514474	6693
2919220	2876307	6735
2919220	695389	6735
3050276	3206699	6693
2919220	373709	6735
3050276	3535397	6711
2919220	3166024	6734
3050276	3930800	6711
3050276	1623159	6693
3050276	1559176	6693
3050276	2303798	6693
3050276	2653010	6693
3050276	886856	6693
3050276	367775	6711
2919220	4350273	6735
2919220	3678583	6735
2919220	2975706	6734
2919220	1678292	6735
3050276	4611468	6693
3050276	2707134	6693
3050276	3743056	6693
2919220	1712478	6735
2919220	1733125	6735
2919220	1299509	6735
2919220	2527300	6734
3050276	4472934	6693
2919220	1650265	6735
2919220	3534283	6735
3050276	3913197	6711
2919220	4169504	6734
3050276	1760849	6693
3050276	1321827	6711
3050276	4128125	6693
3050276	2718767	6693
2919220	4587844	6735
2919220	3558691	6735
3050276	2742189	6693
2919220	4521587	6735
2919220	3524666	6735
2919220	3585724	6735
3050276	1330133	6693
2919220	3618015	6735
2919220	4086059	6735
3050276	3189393	6693
2919220	4131167	6735
2919220	3405233	6735
2919220	3049802	6734
2919220	888130	6735
2919220	2589054	6735
2919220	4529721	6735
3050276	2806710	6693
3050276	2064375	6693
3050276	619928	6693
2919220	295618	6735
2919220	3613821	6735
2919220	2644704	6735
2919220	4499534	6735
3050276	2615592	6693
2919220	1584274	6735
2919220	3339085	6735
3050276	1493609	6711
3050276	3775094	6693
2919220	1884779	6734
2919220	4591569	6735
2919220	914733	6735
3050276	3248362	6711
2919220	1199194	6735
2919220	1544273	6735
3050276	4625957	6693
2919220	1961055	6735
3050276	1721334	6693
2919220	2251654	6735
3050276	665750	6693
3050276	2095035	6693
2919220	655137	6734
3050276	4195511	6693
3050276	860453	6711
2919220	2695190	6735
2919220	2942871	6735
3050276	866725	6693
2919220	241503	6735
2919220	2994993	6735
2919220	3387882	6735
2919220	1920233	6735
3050276	3138564	6693
2838084	1001648	6866
2919220	3907114	6734
3050276	1483164	6693
3050276	4249714	6693
3050276	4351557	6693
3050276	3425518	6711
2919220	1014292	6735
2919220	4275665	6735
3050276	4476509	6693
3050276	1965525	6693
2919220	733836	6735
2919220	2142551	6735
2919220	1883403	6734
3050276	2224946	6711
3050276	1359153	6711
3050276	1245318	6693
2919220	3345854	6734
2919220	1977117	6734
2919220	576913	6735
3050276	576913	6693
2919220	2857194	6735
3050276	3943352	6693
3050276	145790	6693
3050276	91273	6693
2919220	2566874	6735
2919220	2588899	6735
2919220	217176	6735
3050276	1385600	6711
2919220	780507	6735
3050276	1240322	6711
2919220	2269063	6735
3050276	2140856	6693
3050276	1717813	6693
2919220	1959508	6735
2919220	4155531	6734
3050276	908162	6693
2919220	3077228	6734
2919220	4351557	6735
1104381	1372166	7151
3050276	1175	6693
3050276	2049070	6693
3050276	3780359	6693
3050276	631566	6711
3050276	4213817	6711
2919220	1457486	6735
3050276	1355367	6693
2919220	107464	6735
2919220	4240853	6735
3050276	2035812	6693
2919220	2887508	6734
2919220	3294163	6735
2919220	3963472	6735
3050276	2207746	6693
3050276	4267819	6693
2919220	463187	6735
2919220	4000041	6735
3050276	2978505	6711
3050276	1141047	6693
2919220	763658	6735
2919220	2664424	6735
3050276	305969	6693
2919220	1225140	6735
2919220	850849	6734
3050276	3121298	6711
3050276	3046889	6693
3050276	1258268	6693
2919220	378202	6734
3050276	4115940	6693
3050276	4512501	6693
2919220	4194141	6734
2314258	1104381	6737
2919220	209899	6735
2919220	602252	6735
2919220	2662699	6735
2919220	3033187	6735
3050276	3205266	6693
2919220	562235	6735
2919220	549834	6735
2919220	1577724	6735
2919220	3048648	6735
3050276	846200	6693
2919220	2178823	6735
2919220	3291753	6735
3050276	4611882	6693
2919220	1607369	6735
3050276	2161978	6711
2919220	3377143	6734
3050276	4054560	6711
3050276	4289542	6693
3050276	2983128	6711
3050276	3219702	6693
3050276	4599375	6693
2919220	1737048	6735
3050276	4327675	6711
2919220	1618233	6735
2919220	2428837	6735
3050276	1659052	6693
2919220	891180	6734
3050276	1965311	6693
3050276	1635882	6693
3050276	1616282	6693
2589742	238864	8042
2919220	3041132	6734
2919220	3935871	6735
3050276	98643	6693
2919220	2594530	6735
2919220	473578	6735
3050276	1134557	6693
2919220	3012855	6734
1001648	2838084	6722
3050276	3424437	6693
2919220	4502477	6735
3050276	554072	6711
2919220	2664305	6734
1001648	2481232	6751
2919220	4267819	6735
2919220	3513186	6735
3050276	1593213	6693
3050276	1380674	6693
3050276	3627838	6693
3050276	1651377	6693
2919220	3488446	6735
3050276	5782	6693
3050276	4254564	6693
3050276	2791491	6693
3050276	1946732	6693
3050276	4648952	6693
3050276	4117336	6711
2919220	1978061	6735
2919220	2092571	6735
2919220	2224946	6734
3050276	4366193	6693
2919220	2551045	6735
2919220	316573	6735
3050276	1844535	6693
3050276	3891861	6693
3050276	3161667	6711
2919220	2970360	6735
2919220	1424646	6735
2919220	1398125	6735
2919220	2221286	6735
2919220	948383	6735
3050276	579739	6693
3050276	3941788	6711
2919220	28158	6734
3050276	3394624	6693
2919220	434823	6735
2919220	2609326	6735
2919220	4041864	6735
2919220	1845113	6735
3050276	4353790	6711
2919220	1801980	6735
3050276	1368094	6693
3050276	890932	6693
3050276	4558191	6693
3050276	2941918	6693
2919220	4327598	6735
2919220	3132297	6735
2919220	554072	6734
3050276	2499704	6693
3050276	4434175	6693
3050276	938173	6693
2919220	2276984	6734
2919220	663575	6734
3050276	1925438	6693
3050276	3443343	6711
3050276	1260255	6693
2919220	956382	6735
2919220	680308	6735
2919220	3606289	6734
3050276	2180229	6693
2919220	3838157	6734
2919220	3189417	6735
3050276	2388945	6693
2919220	4380511	6734
2919220	1422795	6734
3050276	135236	6711
3050276	1351174	6693
2919220	2049070	6735
2919220	1321827	6734
2919220	3894215	6735
2919220	4480780	6734
2919220	1563632	6734
3050276	4351814	6693
2919220	813503	6735
3050276	2461007	6693
2919220	863308	6735
3050276	1672478	6693
3050276	1496600	6693
3050276	2729830	6693
2919220	2130720	6735
2919220	3071429	6735
2919220	2750640	6735
2919220	4293770	6735
2919220	4131422	6735
3050276	4041864	6693
2919220	1726479	6735
2919220	4206247	6735
2919220	3105363	6734
2919220	1463056	6734
3050276	743487	6711
3050276	3267228	6693
3050276	1726479	6693
3050276	2954840	6711
3050276	910114	6693
2919220	1017859	6734
3050276	2346258	6693
3050276	4361496	6693
3050276	3792736	6693
3050276	3329574	6711
2919220	2412605	6735
2919220	1361816	6735
3050276	1142917	6693
3050276	2476430	6711
2919220	3083573	6734
3050276	468874	6711
2919220	2579241	6734
3050276	1904401	6693
3050276	2508426	6711
2919220	601665	6735
3050276	136683	6693
3050276	694227	6711
3050276	2631973	6693
3050276	1589572	6693
2919220	565728	6734
3050276	1014292	6693
3050276	4381536	6693
3050276	4172834	6711
3050276	1614279	6693
2919220	4646412	6735
2919220	3676650	6735
3050276	145002	6711
2919220	3400744	6735
3050276	2210153	6693
2919220	1782337	6735
3050276	678404	6693
3050276	646398	6711
3050276	1867291	6693
2919220	1926562	6735
3050276	795632	6693
3050276	1878081	6711
3050276	3023189	6693
3050276	4044001	6693
2919220	4574935	6734
3050276	3362941	6693
2919220	2648716	6735
2919220	2457054	6735
3050276	2125539	6693
2919220	4368010	6735
2919220	4443135	6735
3050276	2815277	6711
2919220	3736929	6734
3050276	2251298	6693
2919220	2893202	6734
3050276	168036	6693
3050276	3522808	6693
