1068248	439740	71
439740	2309915	74
3790154	3699744	58
1398414	1095366	35
1109837	1095366	35
3597635	4514417	6
952633	1095366	349
2310181	1095366	35
1331647	3699744	58
328212	3699744	58
3541358	4514417	6
4011239	1095366	35
1095366	1061166	63
2561468	1095366	35
439740	3961813	74
4327463	4514417	6
872648	2366400	71
4581818	4514417	6
3334677	4514417	6
439740	1331634	74
2324647	439740	75
439740	3275303	74
3152650	439740	71
2974388	4514417	6
1596879	3321671	440
3921915	3699744	58
1825300	301288	17
669813	3699744	58
3494610	3699744	58
2156770	439740	71
2434506	3699744	58
439740	620800	74
439740	3762635	74
4420618	3699744	58
4412423	3699744	58
1642431	3699744	58
3330110	439740	71
2185094	1095366	35
86964	439740	71
157926	2531393	71
3980408	3699744	58
3794223	3699744	58
3597635	3050276	17
1498050	1095366	35
820414	4081540	72
2366400	3044006	74
1244154	439740	71
3222178	4514417	6
3701712	3050276	17
4634348	3699744	58
3515944	1242276	74
4177076	1095366	35
559473	3699744	58
3682056	3699744	58
1095366	12600	151
499375	2366400	71
3092939	3699744	58
4221925	1095366	35
2728113	3699744	58
1996196	3699744	58
1384700	439740	71
1788793	439740	52
572326	670165	71
2366400	523647	74
102949	3699744	58
1061166	1095366	349
1667680	937444	72
3023131	3050276	17
2762664	4514417	6
4434854	439740	71
1095366	2641974	63
1968020	439740	71
3739221	1095366	35
3738352	3699744	58
1662106	439740	75
3950002	3699744	58
1460713	3699744	58
848632	2574764	71
519603	3699744	58
935713	3515944	71
3476412	1095366	35
4252288	3050276	47
501168	2531393	71
2489363	3699744	58
1483048	4514417	6
2366400	3289502	74
2543289	1095366	35
1298112	3699744	58
2921692	439740	71
2267390	3699744	58
992828	1095366	35
3409388	970449	74
439740	3631006	74
656570	2736895	72
2493429	3699744	58
439740	3942461	74
1224442	1095366	35
4214451	1095366	35
1763525	3699744	58
3145561	4514417	6
173147	4514417	6
3575674	1596879	519
1029405	1095366	35
3964641	4102634	77
1940761	3699744	58
2192033	3699744	58
4442847	3699744	58
1764918	3050276	17
4124529	2092996	16
366854	1095366	35
1076434	1095366	35
2335624	3699744	58
2948549	3699744	58
773831	1095366	46
3385333	3699744	58
799442	1095366	35
3085197	3699744	58
1095366	1476913	63
439740	389542	74
3939687	1218767	79
145293	3699744	58
3004399	1549910	143
2909363	1095366	35
841764	4514417	6
270337	3699744	58
2958774	3699744	58
1133846	3699744	58
2958774	1095366	35
289488	1095366	35
2836742	3699744	58
3639499	4514417	6
439740	4016391	74
2848388	267288	38
4330055	3299626	80
2530132	2583026	72
3852822	2558012	72
1290291	1095366	35
1991965	3530905	71
2952181	439740	71
3930465	3699744	58
4239134	1095366	35
439740	117875	74
949480	3050276	17
2366400	1182689	74
2574764	4485711	74
620800	4514417	6
4394243	3699744	58
439740	1960647	74
3578437	4514417	6
1841169	1095366	35
828876	3699744	58
620516	3699744	58
4237562	1095366	35
439740	1889269	74
2982991	2890013	38
2060533	1095366	35
844310	1095366	35
4462294	3699744	58
3500977	3699744	58
2574764	2038268	74
3762521	1095366	35
2574764	2476305	74
1732094	1095366	35
3223970	4498985	72
2627001	439740	71
841762	1095366	35
3894758	3699744	58
670165	3964641	74
4489701	3699744	58
687502	1095366	35
3515944	4304354	74
2901573	1095366	35
1008633	1095366	35
1386466	3050276	17
199989	1095366	35
4221891	3699744	58
2220463	3699744	58
897078	3699744	58
702605	4514417	6
4254599	1095366	35
841764	3540647	76
3841709	1095366	35
2519243	12600	439
3065546	4514417	6
1001833	1095366	35
2647045	2574764	71
3515944	990843	74
1353616	4514417	6
2246029	1095366	35
3960057	3699744	58
4077473	1095366	35
74809	4514417	6
4564297	3515944	71
4411396	1095366	35
2874196	301288	17
1969771	1095366	35
131553	439740	71
4611632	4514417	6
1938885	3699744	58
1702734	3699744	58
2397747	1596879	519
52901	1095366	35
2750759	1095366	35
1275829	4213913	38
4633194	1095366	35
3249323	3050276	17
2839042	4514417	6
1781003	439740	75
3829625	1549910	143
3655955	1095366	35
3549899	3445660	80
4068253	582688	782
2540569	4514417	6
2775637	1275829	32
2115203	1095366	35
23640	3699744	58
4629586	3699744	58
2038268	2574764	71
3515944	1385086	74
4390877	1095366	46
4407117	439740	75
2169887	3699744	58
455197	1095366	35
740242	3699744	58
3494610	1095366	35
708039	1095366	46
4019471	3050276	17
2048275	4514417	6
270935	439740	52
662074	3699744	58
1342232	4514417	6
3596733	1095366	35
1526264	439740	71
2668632	4514417	6
2574764	2185990	74
3734393	2574764	71
3370443	1095366	35
293300	3699744	58
1224442	3699744	58
2999265	3699744	58
2447541	3699744	58
2219995	3699744	58
3891447	1095366	35
391389	2092996	128
1163016	1095366	35
3108666	2865921	73
2366400	3963672	74
4160359	3723642	74
1882135	1095366	35
1598029	2366400	71
1418926	301288	17
3429858	3699744	58
2372066	3699744	58
3824689	704667	72
1894878	3699744	58
4443531	3699744	58
251793	3699744	58
439740	1183223	74
684722	439740	71
3620572	1095366	35
2309235	4222556	80
1376366	3699744	58
3543483	1095366	35
3368404	439740	75
2637309	3699744	58
318123	1095366	22
717750	3699744	58
3495860	876048	80
3118259	4514417	6
3970798	4514417	6
96903	1095366	35
1627213	1095366	35
3939687	3442897	79
2460622	439740	75
3852139	3699744	58
3699744	2828181	572
2422449	2092996	128
1927855	3699744	58
3104218	3699744	58
2407538	1095366	35
24903	1095366	17
1669587	3699744	58
4654661	2574764	71
3409388	702605	74
212674	3050276	17
3515944	2087487	74
2161686	1095366	35
3280858	2760198	79
2679023	3699744	58
3385333	1095366	35
1447221	2982991	32
2081872	3699744	58
4231555	1095366	35
2547604	1095366	35
1596879	3402304	1018
3718135	3699744	58
3552998	1095366	35
3515944	905538	74
2848388	1178416	38
6124	3699744	58
3253734	1095366	35
1649017	2574764	71
155019	1095366	35
3778713	3699744	58
56945	4002267	71
1542476	1095366	35
3211409	3040754	80
439740	1447221	74
1785103	3699744	58
1542476	3699744	58
1786054	1095366	35
502352	3699744	64
439740	4205668	74
2988888	4514417	6
1095366	2488415	63
3982567	3699744	58
1053193	1095366	35
439740	478478	74
4594192	1095366	35
4100051	1095366	35
4160359	1933051	74
1578345	3699744	58
3986301	1573887	76
3347592	4450064	74
4221891	1095366	35
2879603	4514417	6
2539768	1275829	32
3498037	3699744	58
2677365	3699744	58
3129253	1095366	35
2971118	4595851	143
4024311	1955999	80
634232	2531393	71
2574764	2162655	74
1368475	3699744	58
4064718	3699744	58
1157240	442445	80
2682346	3699744	58
595517	439740	71
817812	1095366	35
1577185	1095366	35
3569488	1095366	35
2478994	1095366	35
4571138	1095366	46
4611863	1095366	35
130119	3699744	58
2758794	3699744	58
2428081	1095366	35
446593	1095366	35
3444384	4514417	6
4108432	1095366	46
1190874	3699744	58
303670	4514417	6
2787432	2366400	71
1095366	4515406	63
2217217	439740	71
1596879	2795552	440
2823828	1095366	36
3646870	439740	71
2401720	4162373	66
2345987	2574764	71
3443080	1095366	35
384712	1095366	35
2022947	3699744	58
2891531	3699744	58
2634961	1095366	35
829467	3699744	58
12865	3699744	58
4038898	4514417	6
2325673	3699744	58
4158841	1095366	35
764661	3505647	17
2244810	4514417	6
2950959	4514417	6
2947489	4632709	38
2534947	3699744	58
2497057	3409388	71
495577	439740	71
2541581	4065985	80
3577709	3699744	58
4603435	4595851	143
3992376	3699744	58
2927071	3699744	58
4205668	815635	80
4299219	3505647	17
1273900	4354551	74
3963672	2366400	71
2366400	2787432	74
4449518	3699744	58
3515944	1593563	74
543548	4514417	6
4280580	4514417	6
3062888	3699744	58
549816	3970798	72
2114032	1095366	35
2407561	1095366	35
1367423	3699744	58
2700130	1095366	35
4156072	1095366	35
280244	3699744	58
4629596	1095366	35
1731835	3699744	58
3030047	1095366	35
439740	735122	74
614379	439740	71
595517	4514417	6
2644813	3699744	58
4051592	4514417	6
2421710	3892116	72
4301637	1095366	35
1521289	3699744	58
97672	1095366	35
4595851	2787983	73
513352	3699744	58
439740	2911543	74
4502843	4514417	6
2372066	1095366	35
4491792	3699744	58
2702247	1095366	35
2996013	4514417	6
2730744	1095366	17
137731	439740	52
157926	4514417	6
3593667	1095366	35
1645838	2574764	71
3401373	1095366	35
129947	1095366	35
1662631	3699744	58
4441521	1095366	35
4465228	4514417	6
439740	3040754	74
3508797	1095366	35
1904828	439740	75
3584930	3428833	80
3154570	1095366	35
2700099	1095366	46
4504666	3699744	58
2230748	1865312	71
3229526	1095366	35
4421728	3960205	75
3960057	1095366	35
3133954	3699744	58
1616980	1095366	46
148871	1095366	35
2719349	3699744	58
4177076	3699744	58
2223581	3699744	58
4595851	1373382	73
2379988	3409388	71
4644474	1275829	32
3044006	2366400	71
1159369	3699744	58
680665	3676627	72
2634961	3699744	58
3608133	439740	52
4497782	1095366	35
2366400	1404696	74
992828	3699744	58
385457	4514417	6
4221925	3699744	58
2482870	492689	72
2833258	3699744	58
4249031	4514417	6
3359335	4514417	6
518447	439740	71
2574764	2104870	74
2801774	3699744	58
993261	3699744	58
1095366	3743036	63
2285255	3699744	58
4461506	4514417	6
1095366	2621428	24
1942	439740	71
1518041	4595851	143
439740	764661	74
1095366	4611863	63
2832092	439740	71
4081540	4514417	6
3515944	595517	74
305741	3699744	58
2620367	301288	17
3449533	1095366	35
3699744	3505647	572
2366400	694941	74
3503116	3050276	17
431994	2366400	71
627531	1095366	479
2862894	1095366	35
4623224	3699744	58
2574764	1963792	74
3306852	4514417	6
720643	1095366	35
3552900	1095366	35
2974325	1095366	35
2531393	2719871	74
349891	4514417	6
221643	3050276	17
3615687	1095366	46
1812962	1095366	35
2309235	3050276	17
2843033	1095366	35
4590758	990843	74
2594414	2366400	71
2414000	1095366	35
2995954	3699744	58
3545202	2366400	71
2289834	439740	75
4595851	3969550	73
3816875	1095366	35
1994844	4514417	6
2677365	1095366	35
445723	2258534	72
1221560	4514417	6
439740	1477775	74
1924581	3699744	58
773803	1095366	35
1003724	4514417	6
12600	1095366	89
1901109	1561547	210
2630120	1095366	35
439740	4354551	74
4551036	4514417	6
4595851	24903	73
2574764	439740	530
3889574	439740	71
669813	1095366	35
925381	4514417	6
2174725	2366400	71
4595851	1488024	73
2544673	3699744	58
1956033	439740	71
1967967	1095366	35
4128979	1095366	35
3601564	4514417	6
2865921	3788176	170
439740	228907	74
439740	1509113	74
2634430	3699744	58
1583260	3699744	58
4182691	3699744	58
1095366	1923689	428
2574764	2413855	74
439740	1068248	74
3457283	4184000	80
4263649	2366400	71
3591305	1095366	35
2276948	1095366	35
3515944	620800	74
452033	1095366	35
2260276	1275829	32
4316230	439740	71
3700985	1845901	79
872648	3505647	17
4428298	4514417	6
4595851	3070724	98
4595851	1757768	73
3403690	4514417	6
2277696	1095366	35
1636078	439740	75
4026370	1095366	35
2901686	4595851	143
3361261	2366400	71
411386	2574764	71
1189665	3050276	17
3170726	2323199	80
3409388	2585232	74
1798224	3699744	58
572326	439740	71
2574764	2638109	74
1178416	4590758	71
2539768	3050276	17
2265011	1095366	35
1952797	1088670	17
3692311	1095366	35
3402169	4514417	6
3566321	3699744	58
4464442	1095366	35
1241838	1095366	35
439740	3334677	74
3969550	4595851	143
3842142	3699744	58
2661529	1095366	35
2948549	1095366	35
3252987	1095366	35
587643	3699744	58
3165535	4514417	6
2585232	3409388	71
4374185	3515944	71
4595851	3919525	73
763141	4514417	6
2929457	1095366	35
3595716	3050276	17
3152158	1095366	35
501022	4514417	6
1947627	3699744	58
4541624	3699744	58
2289215	3699744	58
2500359	3347592	71
1449978	439740	71
328048	4514417	6
478478	439740	71
1095366	1688985	63
2787432	301288	17
2450207	4514417	6
2668011	3879986	80
2626063	3050276	17
2171373	4514417	6
4299219	439740	71
3847082	774684	80
3549899	1088670	17
1101956	2366400	71
4535800	1095366	35
1199431	1095366	35
1189270	3699744	58
2655087	3699744	58
395834	1095366	35
2104295	2366400	71
4150635	439740	71
4218055	1095366	35
3442897	3939687	77
2473071	1095366	17
1253560	4514417	6
670165	646410	74
2056701	1095366	35
211659	4514417	6
3085930	3699744	58
4081762	2366400	71
304569	2366400	71
1707693	1095366	35
1163305	1095366	35
1259246	3699744	58
2244810	439740	71
113688	1095366	35
1038635	3699744	58
614498	3515944	71
2366400	1840691	74
1141358	3699744	58
3457283	2366400	71
4165087	2366400	71
3879986	439740	71
163812	1095366	35
1107398	1095366	35
3123543	1095366	35
902561	1095366	35
1304540	4514417	6
2497057	3050276	17
3866878	4514417	6
2555039	3050276	17
2366400	4202428	74
3651518	4514417	6
3448374	2904268	80
3658005	1931493	72
3387787	3699744	58
1556243	3699744	58
2922379	439740	71
2063419	439740	71
972417	3699744	58
1805836	1095366	35
2574764	1339490	74
4019471	439740	71
2519970	4123584	38
3464958	3699744	58
2323763	4514417	6
3964641	1197710	79
913066	3699744	58
1825300	2008031	80
795116	4514417	6
2517965	1095366	35
1398409	3699744	58
626564	3699744	58
3733997	3699744	58
3919525	1095366	17
1844767	1095366	35
439740	348409	74
4036167	4514417	6
2186450	3050276	17
3378409	3699744	58
1556243	1095366	35
572326	1197710	79
216524	3699744	58
4217064	3050276	17
516069	3699744	58
3679101	1095366	35
2346075	3699744	58
3691642	1095366	35
3088096	4002267	71
3361261	4514417	6
4398825	3699744	58
2366400	1070926	74
3674043	1095366	35
91819	1095366	46
2626063	439740	71
2950858	4514417	6
2734165	4514417	6
2509084	1095366	35
4162373	1820299	80
3923343	3699744	58
1848584	3699744	58
1068548	2366400	71
3992490	4514417	6
3050276	3576851	38
4595851	1381128	73
439740	3798808	74
4515467	439740	75
2481642	3699744	58
2336932	1095366	35
4089763	3515944	71
2638109	2574764	71
217245	439740	71
3424043	4514417	6
3278501	1095366	46
245295	3699744	58
548208	4514417	6
4133837	1095366	47
1070953	3699744	58
653500	3699744	58
4130044	1095366	46
4187849	3699744	58
2652364	1095366	46
1135536	439740	71
235918	439740	71
761845	1095366	35
1861724	3549899	79
2156796	3699744	58
3757997	1095366	35
1095366	1877447	63
2045760	439740	71
2574764	2441589	74
2336690	3699744	58
1526264	4514417	6
1095366	3255789	63
4116421	3549899	77
439740	3419393	74
2301779	4514417	6
2574764	1645838	74
3699744	1095366	572
3596733	3699744	58
1060899	1095366	35
409768	1095366	35
3153184	4514417	6
170214	3699744	58
1696510	1095366	35
439740	990843	74
1455829	1275829	32
2320505	1095366	17
967796	1095366	35
2019982	3699744	58
3515944	4465228	74
532454	1095366	35
4284454	3218178	76
347899	1095366	35
724199	4514417	6
4408141	1095366	35
2002657	4514417	6
1750626	4514417	6
1582730	2366400	71
1095366	1347694	63
391359	1095366	35
2632731	1095366	17
712978	439740	52
3158340	2366400	71
1678169	1095366	35
537349	3699744	58
2291545	1095366	35
1568634	3699744	58
454969	1311732	72
3922167	3699744	58
2345987	2531393	71
1493329	3050276	17
1527713	1095366	35
439740	4502843	74
2480212	4514417	6
3515944	2104295	74
1988839	4514417	6
2379988	270935	76
439740	2379988	74
439740	4465228	74
4010913	439740	71
1254526	3699744	58
1331816	3699744	58
3723642	670165	71
614379	4514417	6
3515464	3050276	17
3428833	3050276	17
4297705	2574764	71
296980	4514417	6
4549088	2574764	71
2291391	3050276	17
1889130	1095366	35
992301	4514417	6
1621400	3699744	58
2864542	1095366	35
910820	2366400	71
3652528	3050276	17
2451389	1095366	35
2038216	1095366	35
3691642	3699744	58
3499387	1095366	35
4632709	1095366	17
550552	1095366	35
4160359	4089121	74
3791021	1095366	35
2272008	3699744	58
1611570	4514417	6
235918	3050276	17
3770071	3347592	71
793836	2574764	71
4019270	1095366	46
453437	1095366	35
439740	426056	74
4263649	3515944	71
876048	2366400	71
623846	3366458	72
2244810	3515944	71
1090964	4514417	6
306655	439740	71
1857812	3699744	58
439740	4150635	74
2240857	4086392	80
61103	3699744	58
2446004	4514417	6
2583026	3050276	17
439740	4582000	74
1846617	4514417	6
2630640	3699744	58
4165087	301288	17
2982991	3249323	38
2149031	4514417	6
1982852	1095366	35
1955999	4024311	72
439740	2634964	74
2404178	1095366	35
4631934	3699744	58
2366400	1061653	74
629838	4514417	6
627531	949480	147
2574764	3211339	74
439740	1401026	74
774684	2809173	143
4052763	3578437	72
1151442	2366400	71
4413527	4514417	6
2909204	3389144	72
4160359	4114873	74
3791021	3699744	58
12600	1095366	22
3158340	439740	71
3662184	1095366	35
4447962	3699744	58
857644	1095366	24
3608133	439740	75
3788176	2865921	66
2074071	4514417	6
1275829	4599547	38
3425346	3699744	58
4160359	2100992	74
2511210	3699744	58
4137027	131097	38
2537346	439740	71
4500223	3699744	58
439740	1449978	74
3025017	4514417	6
2434050	3699744	58
692812	1095366	35
2127385	1095366	17
3515944	4599547	74
2065562	1095366	35
1771423	1095366	35
4496384	1095366	35
1095366	566816	63
2571358	1095366	46
348686	3699744	58
1291952	3699744	58
3966331	3699744	58
272568	1095366	17
1204953	1095366	35
3549899	3050276	17
3466215	3699744	58
4061443	3699744	58
2474713	1095366	35
390289	1095366	35
959976	1095366	35
3630428	3050276	17
3314207	3515944	71
1799523	3699744	58
1966158	1095366	35
1440782	1095366	35
3261391	2366400	71
1901942	1095366	35
439740	1385086	74
2366400	360369	74
3646317	1095366	35
1696510	3699744	58
1278588	439740	71
4191615	1095366	35
1523792	3699744	58
4247748	1095366	35
949115	4514417	6
2799314	1095366	35
244096	1095366	35
4461893	1095366	35
3426904	1095366	35
3480022	1088670	17
915682	1095366	35
3988799	3699744	58
2047621	3699744	58
3040754	4514417	6
4033250	4514417	6
1547503	3699744	58
2092099	2574764	71
562171	3699744	58
4325316	1095366	35
1631165	3050276	17
3939687	2629881	79
3925374	3699744	58
1244902	1095366	46
439740	3165069	74
672988	1095366	35
351695	1095366	35
1157230	3699744	58
1662106	439740	52
439740	4284454	74
2366400	4343882	74
3857034	3699744	58
1001649	3699744	58
409800	1095366	35
4160359	480860	74
985454	3699744	58
1605009	1095366	35
2060436	3050276	17
4561527	3699744	58
3939687	3438698	79
1068548	3505647	17
3102072	4514417	6
3087302	1095366	35
4082116	1095366	35
1556852	1095366	35
194472	439740	71
1095366	3559	240
1375851	2574764	71
453603	1095366	35
512516	4425336	72
1580873	3699744	58
3186232	3699744	58
4070086	4514417	6
2458324	1095366	46
2550363	1095366	35
3254926	3699744	58
1457861	1095366	35
2366400	1769319	74
4245727	1095366	17
1927636	1095366	35
4611632	439740	71
2318664	2366400	71
4299219	3050276	17
1754923	1095366	35
2594414	439740	71
1095366	1201259	63
67192	3219811	135
1573887	439740	52
1432700	4514417	6
2901573	3699744	58
3393227	2574764	71
763141	1275829	32
2701766	4595851	143
1838479	1095366	35
439740	4601051	74
4342177	3699744	58
1390799	1095366	35
439740	3861646	74
4138392	439740	71
358763	1095366	35
1253560	2574764	71
1956033	4514417	6
2411142	3699744	58
4369819	4514417	6
2445788	1095366	35
2435913	1095366	46
2598236	4514417	6
3101500	4514417	6
1095366	714026	63
1654954	2574764	71
2902721	1095366	35
800533	3699744	58
3090672	1095366	35
4514673	2574764	71
4022358	3699744	58
439740	466974	74
4301637	3699744	58
1859394	3699744	58
3381563	4514417	6
4182169	2160820	224
1772073	3699744	58
3784254	3699744	58
4060102	3699744	58
1428418	3699744	58
2238256	3699744	58
4199015	3699744	58
2363689	3699744	58
439740	4450064	74
3035357	4514417	6
3035357	3347592	71
1095366	799442	63
2366400	3416021	74
1497804	3699744	58
967796	3699744	58
660261	3699744	58
3249323	2982991	31
4472184	1095366	35
1949171	3699744	58
2366400	2017762	74
1457576	3699744	58
460670	1095366	35
1865312	2230748	74
4450695	1095366	35
4498074	1095366	35
2067370	3699744	58
439740	1182689	74
1221787	439740	71
1095366	1901109	101
4160359	117875	74
3763593	1095366	35
2054708	1095366	35
806348	4514417	6
3545202	439740	71
3457187	4514417	6
4069833	2840539	76
1070771	3699744	58
3628652	3699744	58
307598	3050276	17
1256378	3699744	58
2590605	1095366	35
3631050	1399286	72
439740	2217217	74
1719901	3699744	58
3925762	1095366	35
439740	2241901	74
1609564	1095366	35
1616980	3699744	58
3104640	2092996	422
3261391	439740	71
4632709	2947489	32
2365029	1095366	35
1978743	1095366	17
439740	3985805	74
2479557	1095366	35
3158340	4514417	6
614569	1095366	35
2574764	4549088	74
1367423	1095366	35
389542	439740	71
4595851	140200	73
439740	2229666	74
2762664	439740	71
2879189	1095366	35
1809818	1095366	35
1481988	1095366	1881
2832092	3050276	17
2319178	1095366	35
3683746	1095366	35
2366400	2257763	74
1123032	1095366	35
1840691	3050276	17
2740659	3699744	58
439740	2702677	74
2663440	2574764	71
2119148	3699744	58
3504178	3699744	58
4048867	3699744	58
1138418	1095366	35
1385319	4514417	6
1052378	1095366	35
2442053	3699744	58
3726368	3939687	77
800517	3699744	58
721885	3699744	58
3407706	1095366	35
4005738	1095366	35
3161773	439740	75
2366400	265363	74
1432700	4611145	80
3939850	1095366	35
3165069	4514417	6
439740	4138392	74
1436264	4514417	6
3364369	3699744	58
1275829	3186219	38
4081540	439740	71
2368526	3699744	58
3644600	1095366	35
976924	2366400	71
2665598	1095366	46
1083534	3699744	58
1002873	1095366	35
1757206	3699744	58
3146816	3964641	77
3469193	3699744	58
884959	1095366	35
720573	983306	213
439740	483341	74
99607	1095366	35
2131919	1095366	35
276073	3601564	80
2574764	2663440	74
1506034	4431516	143
439740	656570	74
1771423	3699744	58
439740	3218063	74
2050212	4514417	6
3515944	157232	74
4155917	1095366	479
3715801	439740	71
1261396	1095366	35
3144761	3699744	58
3023131	439740	71
2366400	3226746	74
3297901	4514417	6
1942	2433272	72
2033230	3699744	58
3150866	1095366	47
1368498	301288	17
3459341	3699744	58
2804595	1095366	35
1812789	1095366	35
1048105	439740	52
3225393	1095366	46
3383133	1095366	35
3987835	439740	71
2319450	3699744	58
523537	3699744	58
4197918	3699744	58
1079291	3699744	58
4386656	4514417	6
822900	3699744	58
439740	1420835	74
1996142	4514417	6
864887	1095366	35
714856	4514417	6
2366400	431994	74
4345826	1095366	35
89640	3699744	58
1095366	3800122	63
2206424	1095366	35
4027406	439740	71
2719349	1095366	35
3515944	4316230	74
2911543	2366400	71
2671218	3699744	58
2531393	3209611	74
1095366	627531	151
2963839	1095366	35
3543483	3699744	58
3547933	3699744	58
307598	4559835	80
483341	2982991	32
4160359	3521545	74
1241838	3699744	58
763141	439740	71
4581818	3050276	17
4449898	3699744	58
1744765	1095366	35
2663848	439740	71
1681921	2366400	71
372068	1095366	17
4450064	2366400	71
4368880	1095366	46
4291627	439740	71
38516	1095366	35
3196905	3699744	58
1596879	3575674	440
3631006	3050276	17
3365958	1095366	35
4387811	2574764	71
3459341	1095366	35
1615304	1095366	35
1635088	3699744	58
3107200	439740	71
4239134	3699744	58
2561366	3699744	58
2982991	2634964	38
3939687	439740	71
1538254	3699744	58
905679	1095366	35
949115	439740	71
2422503	1095366	35
3960205	1991965	108
1865312	1076910	74
4492355	1095366	35
1095366	156205	63
466099	4514417	6
2497057	3515944	71
672988	3699744	58
327743	3699744	58
3365181	1095366	35
188664	3699744	58
2366400	2594414	74
3361261	3050276	17
4371113	1095366	35
439740	2320657	74
3032193	1095366	35
3939687	296980	79
3359324	4514417	6
2011871	173147	79
8186	3515944	71
2366400	3457283	74
640328	3699744	58
231740	3549899	77
2626063	3515944	71
1095366	696058	428
3444173	1095366	35
636286	1095366	35
2240857	4514417	6
1244154	1374611	31
4505068	1095366	35
3409388	3884348	74
3798532	3699744	58
2819118	3699744	58
1084043	62411	72
439740	292430	74
361	1095366	35
3515944	3334677	74
671946	1095366	35
1257796	1095366	35
1796507	4514417	6
3136221	2574764	71
3389144	2909204	80
2366400	3221141	74
2992811	4514417	6
3599444	1196493	87
3363943	3699744	58
3939687	3828375	79
2729052	4514417	6
154033	3699744	58
2241901	4160359	71
3814059	4514417	6
4444803	4514417	6
2738849	3699744	58
1275829	443435	38
3370899	4514417	6
2489104	1095366	35
346848	439740	71
2995954	1095366	35
2472241	439740	71
2887795	1095366	35
2661529	1095366	46
1082275	1095366	35
439740	3879986	74
1467498	2017762	80
4155917	1095366	89
3584719	3050276	17
2530132	4514417	6
293992	2666704	76
308305	2366400	71
2295583	1095366	35
2650677	3699744	58
439740	1764918	74
1800811	3699744	58
2457834	1095366	35
1459370	1095366	1375
1269216	1095366	35
680665	4514417	6
764661	3050276	17
2351698	3261391	456
2578183	1095366	35
50018	2574764	71
439740	1897095	74
2624071	1095366	35
1967967	3699744	58
1689407	3050276	17
2184571	1095366	35
4020008	3699744	58
2705023	2972474	17
4273880	1095366	35
1178416	439740	71
167128	1095366	35
3213954	1095366	35
555898	1095366	46
439740	1385319	74
572326	4102634	77
3219811	4160359	71
4122241	3699744	58
2620047	1611570	72
1744020	3699744	58
2368052	3699744	58
1928428	1831176	76
3964641	3146816	79
4423099	439740	75
1262605	4514417	6
2160820	2092996	16
4252288	1135588	174
1095366	1754923	63
2574764	3447337	74
3549899	633936	80
1095366	87649	63
2136465	1095366	35
2431197	2366400	71
1222714	3699744	58
3479762	1095366	46
2573709	1095366	35
609528	1095366	35
516878	1095366	35
4568590	3699744	58
166302	1348161	76
3171416	2574764	71
3032193	3699744	58
439740	3065405	74
4607627	3699744	58
3009395	439740	71
439740	3223970	74
3515944	1027510	74
1275829	3023131	38
465832	1095366	35
4416082	3253295	72
4262780	1095366	35
3515944	481604	74
3336150	3699744	58
813144	439740	52
4582000	2366400	71
2497057	525649	32
3515944	2594414	74
2826702	3699744	58
732907	3699744	58
2256442	818455	76
2555039	4514417	6
439740	2183575	74
944401	1095366	35
78459	3699744	58
4273880	3699744	58
2330432	439740	71
299282	3699744	58
2351225	4514417	6
1526264	2066125	76
3651518	287725	80
572326	498546	79
1275829	166302	38
819140	4514417	6
2941164	1095366	35
1070926	3050276	17
2030108	3515944	71
439740	2421710	74
1201259	3699744	58
1272846	3699744	58
439740	2832092	74
634232	4514417	6
3740743	1095366	35
3289502	439740	71
4388443	3699744	58
2990598	4514417	6
3704494	1095366	35
395013	1095366	35
2859029	3050276	17
2951150	3699744	58
71417	2574764	71
4090919	3699744	58
2416388	1095366	35
3223970	572326	79
3798808	301288	17
1683244	4514417	6
2871199	1095366	35
2634964	439740	71
1095366	3615687	63
2295583	3699744	58
670165	2183575	74
2214036	3699744	58
4207629	439740	52
1060404	1095366	35
3515944	495577	74
439740	1683244	74
4595851	4457709	73
792180	3699744	58
2574764	2045760	74
439740	327474	74
996066	4514417	6
2783126	3223970	79
4367397	3699744	58
3939687	804795	79
519603	1095366	35
2598236	3541358	80
3733730	3699744	58
4584629	3699744	58
2366400	611777	74
4262780	3699744	58
439740	2663848	74
3090848	3699744	58
439740	2968093	74
2138752	3699744	58
3957740	1095366	35
2824926	3699744	58
3134577	3699744	58
4637788	1095366	35
1596879	4152483	440
3209611	2531393	71
2787432	4514417	6
3610823	3699744	58
4304354	3515944	71
478478	3050276	17
2632731	2104295	423
1841680	1095366	35
2773877	3699744	58
2629564	525649	32
1386466	3347592	71
4316230	3515944	71
3152650	813144	76
3359324	622951	80
1331647	1095366	35
4114873	439740	71
431994	439740	71
3814059	439740	71
2366400	3597635	74
3515944	3883802	74
2149774	3699744	58
1644719	3699744	58
656570	2460622	76
4316230	4514417	6
3172293	3699744	58
4184000	3457283	72
4452865	1095366	35
1528907	3699744	58
4441521	3699744	58
2348861	3699744	58
1368498	1478775	80
3561429	1095366	35
217245	4514417	6
4431516	3699744	98
3964641	3847082	79
1095366	857644	18
1977968	3699744	58
735122	3050276	17
933508	1095366	35
1199431	3699744	58
4354551	439740	71
2952107	4514417	6
1800981	3050276	17
1183223	4514417	6
3549899	1861724	77
1325880	4590758	71
523647	2649668	72
2327853	3699744	58
2757628	3699744	58
439740	518447	74
3732874	1095366	35
4468499	1095366	35
2576184	1095366	35
1108746	1095366	512
3152158	3699744	58
2287070	1095366	35
2257763	2366400	71
1120486	439740	71
3984490	4595851	143
4158563	267288	72
3693803	3050276	17
4580499	4514417	6
1373481	3699744	58
2510882	4514417	6
2796033	3699744	58
2366400	1865312	530
3601564	3515944	71
3718931	3699744	58
3700985	1275829	32
2366400	3361261	74
4100218	3699744	58
130704	3699744	58
427923	1095366	35
2206424	1095366	46
2366400	1667680	74
314680	3699744	58
1949357	4514417	6
1466273	2574764	71
4349190	1095366	35
1619408	439740	71
1956033	3050276	17
2635232	1095366	35
2786263	3699744	58
3892670	1095366	35
1095366	4535481	63
1426330	3699744	58
2019478	1095366	35
3693015	3699744	58
2308956	439740	71
3646870	4514417	6
2412993	3699744	58
439740	1942	74
306670	3699744	58
1904828	439740	52
1945269	3699744	58
4280580	301288	17
109669	1095366	35
495857	1095366	35
2380502	1095366	35
1694759	1095366	58
439740	4304354	74
3350218	3699744	58
439740	2309235	74
979170	1095366	35
3515944	306655	74
3932237	3699744	58
439740	2244810	74
4448454	3699744	58
3297901	1095366	17
3751162	3699744	58
1349617	1095366	35
1601975	1095366	35
3900037	1095366	35
188829	3699744	58
2411028	3699744	58
1418926	4514417	6
4213913	1275829	32
3879986	3050276	17
1047740	3699744	58
1659428	1095366	35
348686	1095366	35
3034223	4514417	6
4230063	481604	80
1095366	12600	70
1218767	4514417	6
2426984	1095366	35
4511683	1095366	35
2574764	1649017	74
4129671	1095366	35
3699149	3050276	17
623846	439740	71
2137629	439740	71
3223970	3050276	17
2795520	2574764	71
2985207	1095366	35
1373481	1095366	35
2011871	4514417	6
2809173	774684	73
2545723	1095366	35
627531	1095366	741
1676906	1095366	35
4066956	1095366	35
376290	1865312	71
4312739	3699744	58
2401720	1095366	35
953551	1095366	1375
1095366	2115203	63
3174505	3699744	58
439740	1770166	74
989950	1095366	35
1417113	3699744	58
3589231	4595851	143
3523780	4514417	6
684722	2519970	32
948845	4514417	6
3515944	131097	74
439740	763141	74
2117114	3699744	97
2574764	2795520	74
3617430	4160359	71
4360954	3699744	58
2992342	3699744	58
4519541	3699744	58
684722	2366400	71
439740	4024311	74
442815	3699744	58
990843	3515944	71
1420587	1095366	35
1119338	4514417	6
1719971	1095366	349
3504508	1095366	35
3091492	4514417	6
1785350	1095366	35
1044241	2366400	71
2368981	3409388	71
4130044	1095366	35
572326	4514417	6
2220340	3699744	58
2663656	572326	79
1095366	1504358	63
599798	1095366	35
2366400	4299219	74
3860949	1095366	35
2519243	996827	341
1997491	1095366	35
1804004	3699744	58
439740	2613377	530
914282	1095366	35
1726195	439740	71
3221141	439740	71
4399693	3699744	58
1745558	3699744	58
3034223	2574764	71
457753	1095366	35
439740	3651924	248
2678362	3699744	58
1978743	1877622	80
2618782	3699744	58
3267605	1095366	35
1631165	2675890	17
1206380	1095366	35
981676	3699744	58
3515944	213470	74
627418	3699744	58
2882196	3699744	58
1095366	1427236	63
1095366	708039	63
4132274	3699744	58
2560241	1095366	35
1621138	3699744	58
1170966	4514417	6
1960647	4514417	6
2657635	439740	71
2943674	4514417	6
680756	3699744	58
2329165	1095366	35
1533780	1095366	35
90979	2845854	38
876048	439740	71
4246488	3050276	17
1886880	1095366	35
2008031	1825300	72
3371733	3699744	58
3970599	4514417	6
720573	1902605	213
2335139	1840691	80
755929	3699744	58
4050568	3699744	58
3798548	1095366	35
1902605	301288	17
3574681	1095366	35
3089228	1095366	35
851910	1095366	35
3993249	3699744	58
4341244	4514417	6
1655426	1095366	35
2220340	1095366	35
584836	3699744	58
3992490	2104295	77
2366400	872648	74
53445	439740	75
679179	1095366	35
1118440	1095366	35
3170726	4514417	6
1044241	3050276	17
2145083	3699744	58
188829	1095366	35
2978005	2366400	71
3218178	439740	75
1095366	4505062	63
1095366	3966331	63
221643	439740	71
819586	1095366	35
2366400	2149031	74
1593563	3050276	17
2308956	1025422	80
137731	439740	75
2262683	4514417	6
439740	2344017	74
523296	1095366	35
434006	1095366	35
3964641	1275829	32
2424517	4514417	6
714716	1095366	35
1095366	3619458	63
131097	439740	71
2352028	1095366	35
92217	1095366	35
853046	3699744	58
3519433	3699744	58
4094488	1095366	35
4266636	3357699	80
4484191	1095366	35
2059361	1095366	35
4519541	1095366	349
1275829	2526788	38
284567	1095366	35
820875	4514417	6
2605758	1095366	35
3516958	439740	71
2017762	439740	71
2366400	385457	74
2024049	1095366	35
1598029	4514417	6
579921	3699744	58
3454311	3699744	58
2978005	4514417	6
4259168	1095366	35
2899132	1095366	35
2157998	1095366	35
2637309	1095366	35
4019704	3699744	58
324621	1095366	35
1978767	439740	71
846667	1095366	46
207386	1095366	35
4024311	439740	71
442445	1157240	72
6124	1095366	35
1918963	1095366	35
1455250	1095366	35
3598655	1095366	35
3325195	1095366	35
4102634	4514417	6
76908	1095366	35
3597635	439740	71
4595851	492762	73
4150955	2574764	71
724838	4514417	6
2882196	1095366	35
439740	1836532	74
3884348	3409388	71
3272345	3699744	58
3866010	3699744	58
2351698	3457283	456
2318664	301288	32
137255	1095366	35
248818	4514417	6
2982991	1061653	38
582688	4068253	194
2159983	3699744	58
4320620	3699744	58
2560892	3699744	58
439740	4386656	74
2574764	466099	74
1962468	3699744	58
3400680	3699744	58
4579012	4514417	6
1404198	1095366	35
4541799	3050276	17
301288	2318664	38
1304540	3050276	17
3691300	3699744	58
1750444	1095366	35
3759267	3699744	58
3939687	3193090	79
307598	4514417	6
1294583	1447221	80
1281820	439740	75
298279	4595851	650
4123345	3699744	58
744244	439740	71
3960129	1095366	35
2536974	4523276	72
1819003	3699744	58
550695	2574764	71
2911739	1095366	35
3134446	3699744	58
2574764	2535083	74
2877950	1095366	35
2766361	3699744	58
211669	3699744	58
3508797	3699744	58
439740	4599547	74
436982	1095366	35
2669024	1095366	35
1745558	1095366	47
3098609	3699744	58
737517	1095366	35
1403118	4514417	6
1385319	439740	71
439740	2988888	74
1222714	1095366	35
279866	1095366	35
1275829	1245995	38
2462039	1095366	35
2092996	3409388	71
439740	114545	74
696058	538726	1052
1970078	1095366	35
439740	3688522	74
439740	2705023	74
3831230	1095366	35
2403269	3699744	58
1991965	4514417	6
2526788	3050276	17
1743621	1095366	35
2555039	439740	71
3347592	2217217	74
2671218	1095366	35
439740	66713	74
2030285	1095366	35
2922379	4514417	6
1275829	495577	38
1035315	3699744	58
442815	1095366	35
657639	3699744	58
4218055	3699744	58
4151352	439740	71
773803	3699744	58
3085930	1095366	35
1095366	4155917	256
3808579	1095366	35
3835954	3699744	58
3990121	3592153	503
532424	4514417	6
3014036	3699744	58
1807855	1095366	35
4056796	3699744	58
781833	3699744	58
3884348	439740	71
385457	720573	166
2366400	1978767	74
4128753	4514417	6
439740	925381	74
2038268	4514417	6
3861308	3699744	58
2186450	2366400	71
3515944	3218063	74
466974	4514417	6
680665	439740	71
2236684	3699744	58
2803323	1095366	35
3503405	3699744	58
4183795	1596879	519
2170797	3699744	58
4546447	1095366	35
439740	3023131	74
1803579	3723642	72
307598	2506307	32
439740	623518	74
793911	4514417	6
2233727	4514417	6
823852	3699744	58
2629764	2144394	72
358638	439740	71
956700	3699744	58
444454	572326	77
679424	4514417	6
4501150	1095366	46
439740	4190189	74
2988965	4514417	6
3889574	2767515	72
4258048	1095366	35
4515406	1095366	35
295618	2082599	77
3889574	4514417	6
2366400	3617430	74
2511210	1095366	35
4248123	1095366	35
4123584	439740	71
852105	439740	71
3363181	4514417	6
3757997	3699744	58
3034594	3050276	17
3688775	1095366	35
3518704	4514417	6
439740	307598	74
439740	4122522	74
2574764	4605066	74
2331362	1095366	35
1095366	2893445	63
3929910	3699744	58
3935148	4514417	6
536683	3699744	58
4160359	2082599	74
2943560	502352	57
1532613	3699744	58
1235485	3699744	58
4012752	439740	71
623846	1549910	143
2803323	3699744	58
762059	3699744	58
3515944	4089763	74
294327	3699744	91
3515944	1598029	74
3457283	439740	71
3349832	3699744	58
325903	1095366	35
3457283	532424	80
3144761	1095366	35
2919474	1151442	72
3085197	1095366	35
1401921	3699744	58
1627248	3050276	17
1275829	646410	38
1547503	1095366	35
4308032	3699744	58
439740	3357699	74
3490296	3699744	58
439740	2787432	74
2059361	3699744	58
3047699	439740	71
3519433	1095366	46
3701712	4590758	71
2366400	3631050	74
2652364	3699744	58
2574764	458376	74
4069151	3699744	58
41990	1095366	35
2400172	301288	17
4381720	1095366	35
1221787	3050276	17
341329	3699744	58
439740	2555039	74
1129862	1095366	35
2135841	3480022	66
2840539	439740	52
3153884	1095366	35
3275816	1095366	36
3830259	4514417	6
1197710	3549899	77
3400084	3699744	58
2974458	3699744	58
1897095	439740	71
1204460	1095366	35
2153747	3699744	58
3103539	4514417	6
4572658	2366400	71
439740	702605	74
3999998	1095366	35
1253433	1095366	35
1580873	1095366	35
439740	3617430	74
439740	1252235	74
894722	2366400	71
2184571	3699744	58
3606423	3699744	58
1942	4514417	6
622951	4514417	6
2536419	963818	72
4306187	4514417	6
3515944	1769319	74
4505068	3699744	58
1954301	4514417	6
439740	1455829	74
3050276	87602	38
492689	2482870	80
1275829	1897095	38
1119338	2574764	71
512516	4514417	6
439740	3047699	74
2005488	1095366	35
4652981	1095366	35
1567673	1095366	35
2333822	1095366	35
107075	3699744	58
1549539	1095366	35
216524	1095366	35
61884	1095366	35
3361420	4514417	6
3515944	3480022	74
4616978	1095366	35
2303591	3699744	58
339056	3699744	58
708761	3699744	58
439740	3428833	74
2183092	1095366	35
3956442	3699744	58
869938	3699744	104
4468605	3699744	58
3938862	3050276	17
156862	1095366	35
3285568	4514417	6
3092942	3699744	58
1205450	3699744	58
4022275	439740	52
3734393	4514417	6
4079408	3715801	72
3378409	1095366	35
245162	3699744	58
2543883	3699744	58
3302052	1095366	35
2391234	1095366	35
601172	4514417	6
244096	1095366	46
1545681	3699744	58
3164456	3699744	58
1877184	1095366	35
2975115	4514417	6
3258777	1095366	35
2314808	3699744	58
3158214	1275829	32
2663440	4514417	6
2975115	3515944	71
2665598	3699744	58
764661	439740	71
3693803	3515944	71
4541799	4514417	6
951224	3699744	58
4386581	3699744	58
3520917	439740	71
962589	3699744	58
460670	3699744	58
2862645	1095366	47
4436185	3699744	58
393718	1095366	35
2229666	2366400	71
3192316	4514417	6
4205796	2574764	71
3519433	1095366	35
1426651	4514417	6
2185990	2574764	71
2144394	4514417	6
4416082	3515944	71
699862	3699744	58
2029577	3699744	58
1598920	3699744	58
1866976	3699744	58
1877622	301288	17
3075619	4514417	6
3990069	1095366	35
3969307	4514417	6
1707043	3699744	58
3008631	1095366	35
2787634	4514417	6
4070086	3505647	17
3921915	1095366	35
1336609	1095366	17
998329	1095366	35
637370	3699744	58
1806596	4514417	6
3229252	3699744	58
896175	3699744	58
439740	1170966	74
1399286	3631050	80
86964	4514417	6
655601	3699744	58
2092996	2160820	5
439740	1325880	74
3700985	3174013	79
2736267	1095366	35
3705990	3699744	58
2574764	2446004	74
3168315	3699744	58
4127712	194472	80
1769319	4514417	6
1668283	561913	901
2470930	1095366	35
2157998	3699744	58
3806892	4514417	6
1266723	1095366	35
572326	248692	79
2390322	4514417	6
674069	90979	32
2634460	1095366	35
1245995	1275829	32
186054	3515944	71
1095366	1301400	63
1817405	1095366	35
1614010	1095366	35
1797212	4514417	6
2255228	376313	271
2875370	774684	367
3330110	4514417	6
3549899	248692	79
482946	3699744	58
3225334	3050276	17
1275829	4222100	38
972417	1095366	35
3174013	1095366	17
824950	4514417	6
1178104	4514417	6
1447221	248818	80
2400172	439740	71
2729052	2011871	77
24903	4595851	143
437009	3699744	58
4349759	3699744	58
3089381	439740	75
3986301	4514417	6
1404696	3515944	71
3930433	4514417	6
684722	3591383	17
4442847	1095366	35
485633	4514417	6
2299791	4514417	6
3047052	1095366	35
3852717	1095366	35
1645838	4514417	6
2156770	3050276	17
2979536	1095366	35
2482870	4514417	6
3173243	2366400	71
2411142	1095366	35
2540569	4151352	80
2890013	2982991	32
439740	2500359	74
1095366	1744020	63
3515167	3699744	58
2466064	1095366	35
1830477	1095366	36
3529538	1095366	35
2931862	3699744	58
1414564	3699744	58
4572658	3919526	166
2655087	1095366	35
439740	1689407	74
42899	1095366	35
2817072	439740	71
2574764	948845	74
819586	3699744	58
1095366	4578595	63
103874	4514417	6
2257763	3050276	17
1533051	3699744	58
3907090	3699744	58
1244902	3699744	58
2991738	3699744	58
3525190	3699744	58
2217492	3699744	58
2201177	3699744	58
2159155	3699744	58
3088096	261538	76
350088	4514417	6
4597221	3699744	58
763141	2366400	71
4156167	1095366	35
2833258	1095366	35
1718231	3699744	58
3988799	1095366	35
3939687	2221249	79
3578437	4052763	80
3519817	3699744	58
1135536	4514417	6
646410	4514417	6
3174013	3700985	77
2494644	2574764	71
621157	3699744	58
235918	4514417	6
121159	3699744	58
4518842	439740	75
4407117	439740	52
3490296	1095366	35
2368526	1095366	35
3662184	3699744	58
305445	439740	71
492689	439740	71
2144394	439740	71
439740	595517	74
3277473	3699744	58
4013360	1095366	35
4420618	1095366	35
45555	2729052	79
6482	1095366	35
4539617	4514417	6
700555	3911963	76
1082275	3699744	58
228907	4514417	6
2441589	2574764	71
602458	3699744	58
611777	439740	71
4263649	4514417	6
2277696	3699744	58
2351698	3549899	456
157232	439740	71
1444167	3699744	58
599280	4514417	6
4462398	4514417	6
152613	1095366	35
3365958	3699744	58
3723234	3050276	17
1060899	3699744	58
498595	3699744	58
3421672	4514417	6
3939687	301288	17
3174627	3699744	58
2509084	3699744	58
2617444	1455829	66
4089763	439740	71
1452211	627531	341
3770071	3515944	71
3504508	3699744	58
4168576	1095366	35
1770166	2366400	71
2574764	350088	74
799442	1095366	46
2345674	3699744	58
2531393	2978056	74
3761690	1095366	35
1948191	1095366	35
4160359	4171543	74
2060533	3699744	58
2366400	910820	74
4291627	3050276	17
211567	439740	71
2793709	1095366	35
3102072	445723	72
1471586	3699744	58
2320657	439740	71
2366400	88105	74
3711029	1095366	46
1870171	4514417	6
3196905	1095366	35
4238619	3699744	58
3225393	3699744	58
2032935	1095366	35
1439771	1095366	35
2366400	4012752	74
1375851	4514417	6
29729	3699744	58
2104295	4592959	79
439740	3693803	74
3659996	1095366	35
4383616	3699744	58
3458214	1095366	35
3352425	4514417	6
2073706	3699744	58
1311732	2366400	71
2305292	3699744	58
694500	3699744	58
1870171	439740	71
4079308	3699744	58
1754923	3699744	58
2366400	4052763	74
495577	3050276	17
3294694	439740	71
3591305	3699744	58
1304540	2828181	17
3928025	1095366	35
57899	1095366	35
1316030	1095366	46
1095366	176057	63
2183575	439740	71
632894	2848388	32
439740	2156770	74
439740	2240780	74
2104295	381629	79
3723234	2366400	71
4535739	1095366	35
3703133	4514417	6
439740	1101956	74
3932652	1095366	35
1977968	1095366	46
4504666	1095366	35
1688265	1095366	35
439740	774656	74
3091492	2441589	72
620936	1865312	71
643430	3699744	58
4233442	4514417	6
973660	3699744	58
3940342	1095366	35
4651262	3699744	58
439740	166302	74
1349130	1095366	35
699862	1095366	35
2948885	4514417	6
4375933	3699744	58
3477822	2161114	224
1093470	3505647	17
2824926	1095366	35
1092964	4514417	6
445723	4169319	80
3330630	3699744	58
1589572	3549899	79
439740	1979298	74
1860460	3699744	58
2613377	3393227	74
2574764	237000	74
2971118	1095366	17
1773172	3699744	58
3950002	1095366	35
2072209	1095366	35
525649	3824689	38
1851700	4514417	6
538726	1923689	2048
2859450	62411	72
4189961	1368498	72
2734476	4514417	6
2323308	3699744	58
750512	4514417	6
989950	3699744	58
2223339	1095366	35
2992342	1095366	35
439740	2890013	74
3966547	3699744	58
2630120	3699744	58
1095366	3529007	240
3241701	3699744	58
4374185	4514417	6
2605233	1095366	35
2159860	1128382	80
19367	3699744	58
2952181	3409388	71
439740	4343882	74
3676627	680665	80
151090	1095366	35
1708784	1095366	35
3807338	1095366	35
2604769	4514417	6
1676906	3699744	58
146230	3699744	58
4605066	2574764	71
1987015	1095366	35
2040870	3699744	58
503183	1095366	35
959589	439740	75
1710592	1095366	35
3645843	1095366	35
623846	4514417	6
439740	2186450	74
1844794	4514417	6
392955	3699744	58
492762	1095366	17
361232	1095366	35
733501	1095366	35
2312338	3699744	58
2457663	3699744	58
3491598	1095366	35
2604769	439740	71
439740	949480	74
1095366	627531	70
2857495	1095366	35
439740	2017762	74
439740	3720045	74
3154570	3699744	58
2561150	480860	72
1384700	3050276	17
2359882	3050276	17
581555	3699744	58
1896940	3699744	58
2634964	3050276	17
1561547	439740	71
938116	3699744	58
4155917	1095366	22
1942293	3939687	77
3985805	4514417	6
4611145	3050276	17
3107200	3050276	17
3601564	439740	71
148871	3699744	58
874777	4514417	6
2988965	3964641	79
3523709	1095366	35
1095366	1577624	63
439740	535181	74
3939687	1477593	80
4595851	1371544	73
4605066	4514417	6
1405429	2574764	71
1061166	3699744	58
737707	1095366	35
3935909	4514417	6
963113	3699744	58
4262063	1095366	35
656570	439740	71
646410	3050276	17
1557898	1095366	35
2240857	3050276	17
2574764	4033250	74
439740	3009395	74
3871036	1095366	35
2531393	634232	74
2503617	1095366	35
799965	2497057	72
2512270	3699744	58
2165381	3699744	58
1281820	439740	52
3273671	1095366	35
384712	3699744	58
2358202	3699744	58
439740	1403678	74
3289502	301288	17
1479301	3699744	58
2238354	1095366	35
2729052	439740	71
2775637	4514417	6
328048	439740	71
439740	899712	74
2574764	4259812	74
884959	3699744	58
2629408	3699744	58
4169319	4514417	6
4160359	2480212	74
2366400	1877622	74
439740	4114873	74
3476129	1095366	46
2865478	3699744	58
2257763	4514417	6
1496458	1095366	35
439740	684722	74
103874	3939687	77
478478	2948885	72
918462	1095366	35
2514394	1095366	35
737517	3699744	58
2481642	1095366	35
301288	3044006	38
3726368	4514417	6
4268052	1095366	35
2005565	1095366	35
4581117	1095366	35
2881715	4514417	6
2714734	1095366	35
2366400	2201271	74
3295664	4514417	6
1644719	1095366	35
2144394	2629764	80
3841014	3699744	58
439740	3715801	74
1252235	439740	71
439740	674069	74
2220463	1095366	35
7919	1095366	35
3938862	2366400	71
3213027	3699744	58
4595851	2449450	73
2902218	3699744	58
304569	4514417	6
845239	2574764	71
4651996	1095366	35
2328440	1095366	35
3294694	4160359	71
2615402	1095366	35
3025017	3939687	77
3374625	800791	72
3737765	1095366	35
3380950	1095366	35
267288	439740	71
439740	1681921	74
2559691	1095366	35
4162373	4590758	71
282362	3050276	17
1095366	4390877	63
1493329	4514417	6
1686804	4514417	6
181630	3699744	58
4556430	3515944	71
492979	3699744	58
4024311	3050276	17
2030108	4514417	6
2159706	3699744	58
3457283	4514417	6
1933051	1750626	72
2907641	3050276	17
1095366	1774563	63
300259	3699744	58
2539768	439740	71
1891649	3699744	58
439740	3226746	74
2743192	1095366	35
92425	1095366	35
226013	3699744	58
1095366	3459341	240
111322	439740	52
3170180	3699744	58
1344865	3699744	58
3595716	4514417	6
4502825	3699744	58
3213027	1095366	35
4454486	2982991	31
4184152	1095366	35
3515944	3723642	74
2292905	3050276	17
1458969	3699744	58
1060917	1095366	35
289110	1095366	35
4117698	439740	71
2101679	1095366	35
3124525	4514417	6
4284454	4514417	6
2638030	439740	71
1095366	2685909	63
1718231	1095366	35
621616	439740	71
1593563	1275829	32
439740	523647	74
3515944	4162373	74
87649	3699744	58
1978767	2506307	32
1933051	3364594	31
1659428	3699744	58
3385444	1095366	35
3578437	1447221	80
3498037	1095366	35
3939850	3699744	58
2478680	4514417	6
166302	2366400	71
2531393	1369751	74
2257763	1275829	32
3515944	3342352	74
652586	3699744	58
439740	1886062	74
219461	3699744	58
3991918	4514417	6
3045080	3699744	58
3739221	3699744	58
725331	1095366	35
2613377	439740	770
3595716	3409388	71
2319394	1095366	35
164103	1088670	17
3772624	1095366	35
92217	3699744	58
439740	2536419	74
3939687	3486740	79
3024369	1095366	17
4427838	301288	17
3765143	1095366	35
2366400	3814059	74
1095366	4501150	240
720573	3442308	213
3370610	3699744	58
1339490	4514417	6
3515394	4514417	6
2429960	3699744	58
3347592	2500359	74
1923689	1668283	1642
40906	3699744	58
1095366	3479762	63
700555	1088670	17
1562578	3699744	58
4055238	3699744	58
4203091	3699744	58
1093470	3409388	71
251793	1095366	35
1650697	1095366	35
1275829	4343882	38
2366400	2663848	74
1577185	3699744	58
680665	539917	80
3131128	3699744	58
1097250	3699744	58
2175979	3699744	58
2157998	1095366	46
1418059	1095366	35
3180000	1095366	35
3405419	3699744	58
3096465	3699744	58
439740	1151442	74
2201271	4514417	6
3879753	3699744	58
3750057	1095366	35
3575739	3699744	58
2775368	3699744	58
2260276	439740	71
1453497	1095366	35
401414	3699744	58
1095366	2435913	63
4152489	4514417	6
2413855	4514417	6
507811	3457283	72
3361261	1273900	71
713138	1095366	35
876048	3495860	72
2092996	3104640	420
2853685	4450064	72
4472604	1095366	35
3275303	439740	71
2640053	1095366	1375
3347592	1386466	74
996054	3699744	58
3964641	3050276	17
1325880	3050276	32
1095366	2033373	24
153459	1095366	35
1027510	439740	71
3334283	3699744	58
3545202	3050276	17
439740	4425336	74
276073	267288	80
1348161	439740	52
1862100	3699744	58
2787437	1095366	35
4329394	1095366	35
2946334	3699744	58
4615939	3699744	58
4590758	4450064	74
3417616	3699744	58
670165	4599547	74
2059061	3699744	58
2963839	3699744	58
1923689	1452211	1642
439740	622951	74
1852824	3699744	58
2841943	1902605	72
381629	4514417	6
2649623	1095366	35
4617754	1095366	35
4526796	3699744	58
79996	1095366	35
1700497	4514417	6
2547604	3699744	58
3218063	3515944	71
3476412	3699744	58
1502723	1095366	35
2988964	1095366	35
4595851	2971118	73
3409388	2092996	74
1257796	3699744	58
933260	4514417	6
1095366	2661529	63
1695825	1095366	35
3295664	439740	71
3087302	3699744	58
4202428	2366400	71
3157007	3699744	58
2095713	1095366	35
4184000	4514417	6
3117131	2104295	77
2407538	3699744	58
2124943	3699744	58
714026	3699744	58
2201271	3515944	71
4462294	1095366	35
2457663	1095366	35
475435	301288	32
1924581	1095366	35
2201177	1095366	35
3304918	3699744	58
988513	1095366	35
2632731	2104295	77
340579	3699744	58
4137511	1095366	46
306655	4514417	6
2451389	3699744	58
2307919	1095366	35
1478775	4514417	6
2333360	3699744	58
3228042	3699744	58
2574764	548208	74
2649668	4514417	6
3699744	2640053	572
439740	4052763	74
4327290	1095366	35
3235309	2911543	80
2333274	3699744	58
3687797	2366400	71
2170797	1095366	35
1401921	1095366	35
2760198	3280858	77
2493284	3699744	58
1124718	4002267	71
3363181	3515944	71
4408141	3699744	58
1694160	4514417	6
4083603	1095366	35
2379295	3699744	58
1476913	3699744	58
33121	1095366	35
4169907	1095366	35
3969985	439740	52
1340381	3699744	58
616569	1095366	35
4102634	572326	79
439740	450320	74
3347592	4187443	74
3926181	2675890	17
2246029	3699744	58
1444167	1095366	35
284103	4514417	6
3959499	3699744	58
595273	3699744	58
1836532	4514417	6
4617734	1095366	35
2796130	4514417	6
2211509	3699744	58
2638030	301288	17
708039	1095366	35
3413338	1095366	35
2474713	3699744	58
3866010	1095366	35
405360	4514417	6
1476913	1095366	46
184116	2574764	71
3357699	525649	32
4032373	3699744	58
2380760	1095366	35
2264161	3699744	58
2845854	90979	32
4534544	3699744	58
523275	1182689	38
3743036	1095366	46
1504358	1095366	46
1924356	4002267	71
1193798	3699744	58
1902605	4330760	76
3691300	1095366	46
1812789	3699744	58
2366400	876048	74
439740	3884348	74
2964722	439740	75
633247	439740	71
1560892	1095366	35
1889269	3050276	17
439740	4171543	74
3439270	3699744	58
2020442	3699744	58
3420118	439740	71
4160359	2968093	74
4407315	3699744	58
3699744	2621428	501
3870220	1095366	35
1705852	2881715	72
2366400	1902605	74
284029	4514417	6
720643	3699744	58
3630428	3347592	71
4316230	2569146	72
1182277	1095366	35
2233242	3699744	58
3419393	439740	71
3515944	1477775	74
887652	3939687	79
3891891	1095366	35
376821	3699744	58
2777201	1095366	35
4629586	1095366	35
3599444	4514417	6
439740	328048	74
3442308	1275829	32
587231	1095366	46
1383022	3699744	58
2978056	2531393	71
324889	3699744	58
212274	1095366	35
381629	2104295	77
3883802	3050276	17
3824263	3699744	58
2859029	3762672	285
983306	439740	71
3648121	3699744	58
96903	3699744	58
731421	1095366	35
3893566	1095366	35
714856	145938	80
3964641	3521925	79
2878658	1095366	35
3153884	3699744	58
2432983	4514417	6
4012752	3050276	17
2971621	1095366	35
518447	4514417	6
1363125	1095366	35
455936	1095366	35
3561313	3699744	58
1259246	1095366	58
439740	2480212	74
3050276	565420	38
3674043	3699744	58
1070953	1095366	35
4417829	1095366	35
3457187	439740	71
1047195	4595851	143
2424517	2574764	71
1290551	1596879	519
3173243	439740	71
3940721	3699744	58
4159079	1095366	35
3409388	2379988	74
2574764	71417	74
2891142	1095366	35
2366400	4472101	74
1095366	4216884	63
3688522	439740	71
1501136	4514417	6
1428418	1095366	35
2048275	439740	71
4498074	3699744	58
1979298	4514417	6
1019754	3699744	58
2574764	1375851	74
1526619	439740	52
2912643	4514417	6
3942461	4514417	6
1334752	1095366	35
439740	437158	74
1212627	1095366	35
804795	3939687	77
201705	3699744	58
1726195	301288	17
718312	1095366	35
4370843	1095366	35
1120486	3050276	17
568660	1095366	35
599264	1095366	35
3732874	3699744	58
1939800	3699744	58
1082401	4514417	6
2952107	4590758	71
3630428	439740	71
839229	4514417	6
2681767	3699744	58
1245995	3050276	17
1817791	1095366	35
4557664	439740	71
3524835	3699744	58
439740	1526264	74
4616155	4514417	6
3378409	1095366	46
4435729	4514417	6
3770071	3050276	17
2003949	3699744	58
3050276	1325880	38
442445	439740	71
2904268	4514417	6
1340538	3699744	58
3939687	4158251	79
3004399	439740	71
3065405	301288	17
1859178	1095366	35
876817	4514417	6
4564297	3050276	17
2712745	4514417	6
4648158	3699744	58
292430	3050276	17
4511693	1095366	46
1762047	1095366	35
3280858	3050276	17
2126984	4514417	6
2085385	301288	17
2366400	3173243	74
1000211	3699744	58
3261391	4514417	6
156205	1095366	46
612869	3699744	58
439740	186054	74
3118957	1095366	46
3104640	391389	115
4217064	4514417	6
1847717	3699744	58
4416082	439740	71
4152533	1095366	35
389542	4514417	6
2320657	3515944	71
587643	1095366	35
1322462	4514417	6
2366400	764661	74
1455265	1095366	35
3631006	3515944	71
3182693	1095366	35
2011577	1095366	35
3515944	2201271	74
1095366	45419	63
1877622	3389359	72
3515944	437158	74
3964641	4514417	6
2741022	3050276	17
857537	1095366	35
3180000	3699744	58
187605	439740	71
4145143	3699744	58
2146517	1095366	35
747662	3699744	58
2574764	2494644	74
2638845	1095366	35
439740	194472	74
4546447	3699744	58
1259246	1095366	35
340579	1095366	35
3795621	1095366	35
3763593	3699744	58
3737096	4514417	6
3594640	1095366	35
4367397	1095366	35
3432683	4514417	6
3359586	90979	32
3122455	1095366	35
4221009	3699744	58
3664887	2366400	71
1418926	4407117	76
1119086	1095366	35
2030108	2366400	71
1694759	3699744	58
3687797	3505647	17
348409	3050276	17
306655	3050276	17
2412993	1095366	35
72854	3824689	72
1095366	587231	63
1616997	1095366	35
455197	3699744	58
3329126	3699744	58
1101956	439740	71
1886880	3699744	58
2922379	3960205	127
670165	4162373	74
586626	3699744	58
439740	4068253	74
1322187	1095366	35
3057068	3699744	58
439740	3972536	74
427755	4514417	6
1177094	3699744	58
3329786	1095366	35
2743779	4514417	6
287377	3699744	58
1631165	439740	71
2366400	166302	74
1582730	3050276	17
70544	4541799	72
614569	3699744	58
412345	1095366	35
453603	3699744	58
1567079	3699744	58
2568492	1095366	35
1498050	3699744	58
525649	62411	38
154527	4514417	6
439740	2497057	74
320844	3699744	58
3582107	4514417	6
348409	439740	71
2116673	1095366	35
713900	3699744	58
3865382	1048105	76
4617090	1095366	35
1095366	4108432	63
2574764	1262605	74
2480212	3050276	17
2657635	4514417	6
692484	3699744	58
1819890	4514417	6
1207261	1095366	35
228907	439740	71
683952	3699744	58
853046	1095366	35
2178475	3699744	58
1501136	2972474	17
188664	1095366	35
1482717	1095366	35
2366400	3601564	74
1688265	3699744	58
4410949	1095366	35
23640	1095366	46
3350228	1095366	35
1757768	1095366	17
1032914	1095366	35
842557	3050276	17
1062968	3699744	58
2101679	3699744	58
439740	837647	74
2366400	1681921	74
176057	1095366	46
62411	3050276	17
185413	1095366	35
3124525	3939687	77
2366400	1505394	74
3371733	1095366	35
2010541	1095366	35
679345	1095366	35
3529007	3699744	58
1179872	1095366	35
1800981	556523	166
318621	3699744	58
4343882	439740	71
774684	2366400	71
4597221	1095366	35
1010110	3699744	58
1504358	1095366	35
3824689	3515944	71
4608085	1095366	35
2712059	1095366	35
4191835	1095366	35
976903	4514417	6
3515944	1705559	74
4019704	1095366	35
609528	3699744	58
1254957	3699744	58
126687	3699744	58
2008031	4514417	6
646410	1275829	32
3651518	2366400	71
3524835	1095366	35
1275829	4413527	38
3409388	774656	74
1974920	1095366	35
439740	3230831	74
1712571	439740	71
2010541	3699744	58
1865312	620936	74
2017762	1467498	72
3710577	3699744	58
2366400	1770166	74
886525	4514417	6
622951	439740	71
3062888	1095366	35
4217064	2366400	71
439740	3829625	74
3775728	4514417	6
2685909	1095366	46
3421150	4514417	6
2366400	3883802	74
2455282	1088670	17
3456503	3699744	58
880521	1095366	35
4436292	3699744	58
154033	1095366	35
1269224	4514417	6
4160359	3699149	74
2442053	1095366	35
4651996	3699744	58
1095366	4571138	63
61884	3699744	58
3089381	439740	52
3600855	1095366	35
2156770	3515944	71
1614542	3699744	58
209509	1095366	35
1835629	1095366	35
3087661	1095366	35
1848584	1095366	35
3132885	3699744	58
145293	1095366	35
3575739	1095366	35
500322	2574764	71
3515944	1956033	74
3272395	1095366	35
4246488	4514417	6
1373906	3699744	58
3226746	2366400	71
805639	1095366	35
2391149	301288	17
4561527	1095366	35
1585813	1095366	35
2865478	1095366	35
270337	1095366	35
2542300	2531393	71
4027955	4514417	6
4245727	538726	13
4629596	3699744	58
4232939	1095366	35
4453627	1095366	35
1403608	3699744	58
2639452	3368404	76
2592604	1095366	35
2843575	1095366	35
2366400	4428298	74
3964641	4252288	260
156205	3699744	58
1745429	1095366	35
4129671	3699744	58
1489343	1095366	35
4499517	3699744	58
4094269	4514417	6
90324	3699744	58
2227200	4595851	143
3925762	3699744	58
2060436	789657	76
2397154	670165	71
1148457	3699744	58
2366400	1931493	74
457753	3699744	58
2542033	1095366	35
1777523	1095366	35
996054	1095366	35
1095366	2879189	63
1128382	439740	71
2571173	1095366	35
439740	549816	74
2542033	3699744	58
2263044	3699744	58
614379	301288	32
2574764	2734476	74
976924	4514417	6
4233442	2366400	71
446593	3699744	58
117875	3050276	17
1717676	3699744	58
1968905	3699744	58
3416021	439740	71
1427236	1095366	46
4450064	439740	71
633247	3505647	17
3515944	2741022	74
130704	1095366	35
2774039	3699744	58
4564297	439740	71
4280580	439740	71
456822	1095366	35
139772	1095366	35
3361261	439740	71
1702734	1095366	35
629838	3050276	17
818455	439740	52
3999498	3699744	58
439740	611777	74
749034	4514417	6
1303046	439740	71
2269625	3699744	58
3172198	1095366	35
2675909	1095366	35
210410	3699744	58
2852269	3699744	58
2501756	3699744	58
2574764	1954301	74
793911	439740	71
2783126	4514417	6
307910	1095366	35
4349190	3699744	58
3699744	1095366	683
2538484	1095366	35
4275309	3699744	58
2259793	3699744	58
986869	3699744	58
2809173	3699744	98
2559691	3699744	58
3571093	3104640	287
4601051	720573	166
346848	4514417	6
376512	1095366	35
413373	1095366	35
218840	1095366	35
4329394	3699744	58
2402554	1095366	35
2848388	3601564	38
2291152	3699744	58
3738352	1095366	35
1095366	2979536	63
1931493	439740	71
3071336	3699744	58
4486944	1095366	35
471685	3700985	77
275678	4514417	6
3480022	4590758	71
1101051	3699744	58
439740	2359882	74
970449	439740	71
930106	4514417	6
245295	1095366	46
1968020	4514417	6
308305	439740	71
3469193	1095366	35
439740	1631165	74
2827228	3699744	58
3975157	1095366	47
4233442	439740	71
2990598	2675890	17
439740	3314207	74
293300	1095366	35
978816	1095366	35
2331948	4514417	6
1536907	301288	17
439740	792883	74
1322841	3699744	58
2542865	1095366	35
3221141	301288	17
4534834	3050276	17
2857495	1095366	46
1269224	301288	17
1440297	3699744	58
413310	439740	71
4387795	3699744	58
2856841	1095366	35
4100218	1095366	35
318103	4514417	6
3718781	1095366	35
276073	4514417	6
2071623	1095366	17
457528	1095366	35
2397747	2519243	250
2519243	1108746	901
3059428	3699744	58
2901686	1095366	17
4501150	1095366	349
2433272	4514417	6
3883802	2366400	71
1865312	4551674	74
2256553	2574764	71
3414705	1275829	32
1179872	3699744	58
451535	1095366	35
4248403	4514417	6
2149031	439740	71
1797212	1877622	72
1585813	3699744	58
3541358	2598236	72
2424578	3699744	58
3646317	3699744	58
756901	3699744	58
3549555	3050276	17
4107326	3699744	58
58886	1095366	46
1202377	3699744	58
29729	1095366	35
1028727	4514417	6
3824689	525649	32
4150635	4514417	6
902561	3699744	58
3273819	3699744	58
2450207	3050276	17
213470	3050276	17
3420118	4514417	6
3223970	1923235	79
4134530	1095366	35
3428833	439740	71
439740	4434854	74
4458364	2574764	71
621616	3515944	71
3347592	4010913	74
3617430	439740	71
1497804	1095366	35
439740	446465	74
3023131	3515944	71
2681767	1095366	35
2127345	3699744	58
4137511	1095366	35
3021527	3699744	58
3982567	1095366	35
1095366	3190085	63
142288	439740	75
439740	227204	74
439740	3330110	74
439740	3044006	74
1097250	1095366	35
2257763	2655186	76
2060436	439740	71
2104295	3992490	79
1847717	1095366	35
2836361	3699744	58
4190189	439740	71
2578183	3699744	58
3336150	1095366	35
868296	3505647	17
702605	439740	71
3781463	2859029	80
1760739	3699744	58
2908954	3699744	58
228907	1999236	76
87649	1095366	46
523647	3050276	17
2971621	3699744	58
4402233	3699744	58
2640053	3699744	99
1095366	2857495	63
3482528	439740	52
3440676	3699744	58
2574764	3432683	74
439740	2357768	74
3428344	1095366	35
4182414	1095366	35
831497	3699744	58
4547338	1095366	35
3515944	4450064	74
679345	3699744	58
3380160	3699744	58
820875	3310617	77
439740	3549555	74
3009092	1095366	35
869962	1095366	35
4595851	1336609	73
2140305	4514417	6
4120151	3699744	58
2736895	4514417	6
3362772	1135688	80
3700985	3050276	17
2722317	439740	71
2281205	439740	75
1331634	2366400	71
2708943	4595851	143
2846012	1095366	35
953551	3699744	91
305741	1095366	35
3137931	3699744	58
2967218	1095366	35
3523876	1095366	35
305445	1896652	17
1525145	1095366	35
2624071	3699744	58
3197750	3699744	58
445723	3102072	80
2011871	615276	79
848632	4514417	6
1294583	4514417	6
2620160	3699744	58
3330630	1095366	35
4187443	439740	71
1801401	4514417	6
2532569	4514417	6
498546	3939687	77
3800122	1095366	46
800791	3374625	80
620379	1095366	35
2574764	3165535	74
1831176	439740	52
1865312	1742414	74
3659280	3699744	58
2160188	1095366	35
716393	4514417	6
632401	4514417	6
439740	1404696	74
4358068	3699744	58
1924356	439740	71
566816	3699744	58
737707	3699744	58
499375	439740	71
3317488	3699744	58
2553544	1095366	35
790839	2092996	16
2574764	1817390	74
2366400	4600192	74
1404198	3699744	58
4486555	3699744	58
2379988	3050276	17
428164	1095366	35
2366400	2968093	74
2295904	3699744	58
2574764	4408748	74
227204	439740	71
572326	2663656	77
4298230	4250304	17
439740	2585232	74
2323308	1095366	35
4448454	1095366	35
1462374	1095366	35
4190189	4514417	6
1197710	3223970	77
934670	439740	52
1786054	3699744	58
4488308	1095366	35
3291929	1095366	35
892322	4514417	6
3225150	4514417	6
2366400	4291627	74
2201271	301288	17
2841943	4514417	6
596825	1095366	35
842557	439740	71
439740	4316230	74
1616997	3699744	58
4330055	439740	71
2701122	4514417	6
3985805	4002267	71
2366400	684722	74
1012339	3699744	58
439740	4252288	1977
4505062	1095366	35
3601564	2366400	71
2366400	774684	74
4648158	1095366	35
4464719	1095366	35
4448060	1095366	35
3959919	3699744	58
2775637	2366400	71
2020442	1095366	35
1894876	3699744	58
785681	3699744	58
2865921	4514417	6
2574764	1237772	74
58886	3699744	58
2191248	1095366	35
3706618	4514417	6
3288126	1095366	35
744244	1275829	32
133571	1095366	35
1785350	3699744	58
2323763	439740	71
3428833	3584930	72
2183575	3515944	71
1616699	3699744	58
3523780	4444803	80
2441589	4514417	6
2390322	2366400	71
1676820	3699744	58
2498820	3699744	58
2005716	3699744	58
3650374	4514417	6
3549899	231740	79
2832092	3515944	71
1898814	1095366	35
2574764	1466273	74
2082599	4160359	71
4578595	1095366	35
1986720	439740	71
2705023	4514417	6
2968093	439740	71
296980	3939687	77
4086392	4514417	6
1506034	4514417	6
2289834	439740	52
4428950	2574764	71
1095366	614572	428
4571476	3699744	58
3381563	3050276	17
1841169	3699744	58
2574764	3403690	74
3437912	1095366	35
1095366	3070724	91
4249059	4514417	6
3368269	3699744	58
3456503	1095366	46
2967218	3699744	58
3764703	1095366	35
627531	1095366	4402
1079299	3699744	58
3370443	3699744	58
439740	1384700	74
632894	439740	71
3771247	1095366	35
3544088	1095366	35
704767	1095366	35
1396777	4514417	6
2574764	2256553	74
2366400	2536419	74
4222100	439740	71
4599547	439740	71
3515944	4010913	74
2852269	1095366	35
2857200	4160359	71
1275829	3414705	38
2161114	2092996	16
643458	1095366	35
395834	3699744	58
1866629	1095366	35
1598920	1095366	35
3785986	4514417	6
1946245	3699744	58
4431516	1506034	73
4160359	899712	74
443761	3699744	58
535181	3515944	71
3824689	3050276	17
2516475	1095366	35
1036104	1095366	35
1019754	1095366	35
4360296	4514417	6
327743	1095366	35
2740884	3050276	17
439740	157232	74
142288	439740	52
439740	3970599	74
439740	4428298	74
840523	3699744	58
385457	301288	17
815635	4205668	72
1593563	53445	76
3728731	1095366	35
971695	1095366	46
1095366	4145143	63
265363	3050276	17
2391149	439740	71
4137027	680665	38
3342352	3050276	17
293992	4514417	6
918462	3699744	58
1565299	3699744	58
218840	3699744	58
280244	1095366	35
3014976	3699744	58
2828993	4514417	6
4026370	3699744	58
774656	1320273	80
4611145	4160359	71
2639452	439740	71
789657	439740	52
2607191	3699744	58
717750	1095366	35
2431197	3050276	17
4343882	3050276	17
1897095	3050276	17
3207976	3699744	58
3967169	1095366	35
2051514	1095366	35
4595851	878481	73
4472184	3699744	58
2531393	3673162	74
830141	1095366	35
3333701	1095366	35
4557664	4514417	6
2832363	1095366	35
2333658	3699744	58
2574764	1346591	74
1095366	2534947	63
917625	4514417	6
4590758	3480022	74
320671	3699744	58
4595851	4656546	73
3059431	1095366	35
2366400	3986301	74
4338272	4514417	6
1978594	1095366	35
4077617	3699744	58
4222100	3050276	17
1331634	439740	71
1221560	2574764	71
1593529	1095366	35
1556852	3699744	58
2859029	439740	71
1597028	3699744	58
498546	4514417	6
439740	935713	74
439740	305445	74
3515944	2907641	74
3700985	2366400	71
147183	3699744	58
4094269	3560916	72
439740	4416082	74
400579	1095366	35
2145083	1095366	35
2574764	4187505	74
4307280	1095366	35
4297081	3699744	58
525649	2629564	38
86964	2366400	71
2366400	3545202	74
439740	2174725	74
4430177	1095366	35
2522215	3699744	58
2366400	2988888	74
4047600	1095366	35
3701712	2119988	32
916913	3699744	58
439740	2975115	74
3282892	3050276	17
439740	4089763	74
95762	1095366	35
652586	1095366	35
471981	3040754	72
2292905	4514417	6
380938	1095366	35
3521408	4514417	6
4562211	2344017	72
2403624	3939687	77
439740	4123584	74
1027510	4514417	6
1639972	1095366	35
3601564	276073	72
4633204	1095366	35
2895265	4514417	6
2506307	307598	38
622951	3359324	72
2137629	959589	76
3843322	3699744	58
831497	1095366	46
1477775	4069846	72
3739825	1095366	35
3314207	439740	71
212779	1095366	35
1841705	3699744	58
2985207	3699744	58
2770725	2574764	71
656570	2366400	71
1979298	3050276	32
1182689	523275	32
131097	3515944	71
2389425	4514417	6
3540647	439740	52
360369	2640053	17
2211509	1095366	35
999399	3699744	58
837647	1650806	80
4052763	2982991	32
227204	4514417	6
1411234	4514417	6
3359586	439740	71
4052763	2366400	71
3710577	1095366	35
1992484	4514417	6
1284507	2366400	71
3407706	3699744	58
831497	1095366	35
2140305	3507997	76
4599547	3050276	17
915682	3699744	58
1809818	3699744	58
3174505	1095366	35
1070926	439740	71
360369	1426102	72
1991965	3960205	127
4068253	4250304	17
3798808	2366400	71
439740	192613	74
293992	439740	71
1845901	3700985	77
3092942	1095366	35
795116	1769319	72
2043405	1095366	35
2260706	1095366	35
439740	4175768	74
700555	439740	71
3075619	3280858	77
2408920	2574764	71
192613	2366400	71
3218178	439740	52
2531393	3145561	74
4230063	4514417	6
2964722	439740	52
2330432	3050276	17
1159624	3699744	58
3700985	471685	79
2526788	4514417	6
1918963	3699744	58
2621428	1095366	502
2281205	439740	52
3891287	1095366	35
3515944	2859029	74
3329786	3699744	58
1440826	1095366	35
2574764	1221560	74
2446004	2574764	71
2366400	4024311	74
3964641	2366400	71
3283378	3699744	58
1145424	4514417	6
3671484	1095366	35
2610428	3699744	58
1095366	2665598	63
3615687	3699744	58
2405072	1095366	35
2104295	3515944	71
3466215	1095366	35
303670	439740	71
2993309	4514417	6
774684	3050276	17
4245765	4595851	143
4595851	3589231	73
659861	1095366	35
4076661	3699744	58
23640	1095366	35
439740	3523780	74
589453	1095366	35
1189665	4160359	71
1227692	4514417	6
2258611	1095366	35
2530169	3699744	58
57770	3699744	58
3282878	4514417	6
2605758	3699744	58
1047109	1095366	35
2512270	1095366	46
4067930	439740	71
308985	1095366	35
3723642	4514417	6
1476525	2366400	71
584608	1095366	35
1877622	3050276	17
4626175	1095366	35
117875	439740	71
4531455	3699744	58
3741719	4514417	6
498779	439740	71
2585051	4514417	6
3615631	1095366	35
1817158	1095366	35
171893	4514417	6
632894	4514417	6
3515944	186054	74
3223846	1095366	35
4214451	3699744	58
2366400	3040754	74
439740	3004399	74
1395874	2574764	71
905538	439740	71
2341291	3699744	58
1852824	1095366	35
2087487	439740	71
3664887	4514417	6
3631050	4514417	6
140278	1095366	35
4105132	3699744	58
1095366	846667	63
1705559	1088670	17
4615922	3699744	58
4430656	3699744	58
2366400	1331634	74
4016391	301288	17
2372369	3699744	58
2978005	301288	17
2366400	1252235	74
2532429	4514417	6
4563288	1095366	35
4003702	439740	71
4413527	439740	71
3521925	572326	77
1879117	1095366	35
433529	3699744	58
3224019	1095366	35
4650184	1095366	17
3223970	1197710	79
633936	3549899	72
4194863	3699744	58
127998	1095366	35
3414414	439740	52
2862645	1095366	35
248818	1447221	72
1182689	523275	31
3145561	2531393	71
790839	1830477	78
1596879	1690735	440
95843	1095366	35
4554784	1095366	35
3600145	2574764	71
2725009	1095366	35
1095366	4535481	240
3560916	3347592	71
1244058	1095366	35
3325195	1095366	46
2091393	1095366	35
2908954	1095366	35
2899132	3699744	58
2302022	3699744	58
1268412	2450207	72
1596879	4518363	440
2366400	2558012	74
3956848	3699744	58
4324761	3699744	58
19318	439740	71
776243	3699744	58
2443886	3699744	58
1175300	1095366	35
1615304	3699744	58
3164456	1095366	35
2787983	1095366	17
744244	4514417	6
1181485	1095366	35
2040936	1095366	35
3409388	2292905	74
805639	3699744	58
1833034	1095366	35
1655426	3699744	58
366566	1095366	35
1894613	3699744	58
3415889	4514417	6
3707582	1095366	35
4270270	3699744	58
4453627	3699744	58
221643	4514417	6
2224932	1095366	35
2359882	439740	71
4590758	2952107	74
439740	3597635	74
201837	1095366	35
805450	1095366	35
3147716	1095366	35
2011871	439740	71
480450	3699744	58
2887795	3699744	58
1854675	3699744	58
380938	3699744	58
1502060	1095366	35
1447221	3515944	71
439740	1304540	74
905679	3699744	58
2195440	1095366	35
1569110	439740	71
4653238	3699744	104
4611863	3699744	58
4191615	3699744	58
3879986	3868069	80
439740	2291391	74
3255789	3699744	58
2434050	1095366	35
2760198	1095366	17
976924	439740	71
3549899	2351698	457
2853802	3699744	58
272662	1095366	131
1633164	3699744	58
3584719	3409388	71
439740	1627248	74
1232667	3699744	58
3178554	3699744	58
2489104	3699744	58
3349832	1095366	35
2369674	4514417	6
1449978	2324647	76
1769050	3699744	58
2157048	3699744	58
2745064	4514417	6
3723642	3050276	17
1135536	2964722	76
3530596	3699744	58
3908040	1095366	35
439740	2817072	74
3515944	3334998	74
2256442	4514417	6
519789	2092996	128
4297705	4514417	6
2627953	439740	52
1270092	1095366	35
115589	3699744	58
3861646	4514417	6
439740	3699149	74
3515944	4541799	74
2241901	4514417	6
1772211	1095366	35
3380950	3699744	58
672096	3699744	58
131553	3050276	17
1803269	1095366	46
4636312	4514417	6
3634482	3699744	58
3927468	3699744	58
3775728	3964641	79
1557898	3699744	58
3337166	4514417	6
444454	4514417	6
3165069	439740	71
4598341	1095366	35
4263649	3050276	17
858130	1095366	35
1088329	439740	71
2523116	3699744	58
2302623	4514417	6
478478	4051592	80
3806892	2857200	80
670165	3310617	74
8186	1581658	72
439740	3152650	74
3594533	2817072	72
3148940	1095366	35
3217693	3699744	58
3515944	2598236	74
3868069	3879986	72
166302	3050276	17
19344	1095366	35
3121559	4514417	6
2574764	4264793	74
3515944	674069	74
2379295	1095366	35
1672203	1095366	35
1853884	1095366	35
4439368	439740	71
439740	3576851	74
2811193	1095366	35
2558012	439740	71
2265011	3699744	58
2514849	1095366	35
1800981	1577777	72
3172562	3699744	58
4089121	4160359	71
2532429	3715801	72
3699744	1896652	572
2189776	1095366	35
3246262	1095366	35
2443886	1095366	35
799965	4514417	6
4390877	1095366	35
3075422	1095366	35
1095366	4155917	70
2078371	4514417	6
4322389	1095366	35
4133837	1095366	35
3939687	4057927	79
4246488	439740	71
2092996	790839	5
4360954	1095366	35
4260227	3939687	77
2574764	2301779	74
2257763	3515944	71
643682	3699744	58
2174725	3050276	17
2576515	3699744	58
2530254	4514417	6
3342352	4514417	6
2801540	2092996	16
2668632	439740	71
3762672	2859029	81
2458324	1095366	35
1148457	1095366	46
3196726	4514417	6
3600145	4514417	6
2802542	439740	75
2397747	2943560	348
883512	4514417	6
2366400	456022	74
1840691	2335139	72
2183575	4514417	6
1604430	1095366	35
2358197	439740	71
1254062	1095366	35
114545	439740	71
1157230	1095366	35
1894613	1095366	35
1477593	4514417	6
2441589	439740	71
2480212	2366400	71
66713	4514417	6
1865312	187058	74
2056529	4514417	6
135645	4514417	6
2574764	2970102	74
1431576	3699744	58
2327736	1095366	35
439740	1667680	74
4373526	3699744	58
999476	1095366	35
4175768	439740	71
3886337	3699744	58
1469446	3699744	58
2574764	154527	74
3891447	3699744	58
127998	3699744	58
1859394	1095366	35
4160359	774684	74
4633204	3699744	58
1898814	3699744	58
1988839	627531	32
933260	439740	71
502352	2943560	347
937444	4514417	6
2621428	1095366	18
3361420	305445	80
3830689	4514417	6
2366400	2229666	74
2262683	3601564	456
2988888	3805459	76
4016812	3699744	58
2413855	2574764	71
1095366	3519433	63
4105347	1095366	35
4349759	1095366	35
4002267	3985805	74
596881	1627248	80
4089121	3050276	17
2366400	2368981	74
3774585	1095366	35
1633717	439740	75
673601	1095366	35
4496239	3699744	58
3244084	3699744	58
4559835	4514417	6
2557740	1095366	35
525649	2497057	38
2066125	439740	75
1426102	360369	80
2799314	3699744	58
4485711	4514417	6
1933051	3347592	71
3644600	3699744	58
4392316	1865312	71
1960647	3050276	17
3402771	3699744	58
646410	670165	71
1549910	623846	73
2246634	1095366	35
3830689	439740	71
2767515	3889574	80
1465621	4514417	6
439740	2082599	74
4405614	1095366	35
1705609	4514417	6
3927468	1095366	35
2853802	1095366	35
3419393	4514417	6
3578177	1095366	35
1807855	3699744	58
3560916	3306852	80
4485421	1095366	35
3695793	4514417	6
897863	4514417	6
3560916	4094269	80
2045760	2366400	71
3476161	3699744	58
3691300	1095366	35
430924	1095366	35
1095366	2341291	63
1902605	2841943	80
4537793	4514417	6
2330086	3699744	58
3299626	4330055	72
2040870	1095366	35
1884824	3699744	58
2574764	3313531	74
2574764	2345987	74
816864	1095366	35
3294694	3050276	17
1012339	1095366	35
2023953	1095366	35
766508	3699744	58
2407561	3699744	58
2341291	1095366	35
4566998	1095366	35
3172562	1095366	35
3223970	3964641	79
4008155	1800981	72
4413527	3050276	17
4019270	1095366	35
731928	1095366	35
2017263	1095366	35
3039358	4514417	6
4033250	2574764	71
3750057	3699744	58
1543827	1095366	35
3409388	3584719	74
3380522	3699744	58
2236351	1095366	35
296580	1095366	35
4224947	3699744	58
4260227	4514417	6
3823267	4514417	6
1568245	3699744	58
754009	3699744	58
439740	976903	74
3952887	439740	71
2720277	4514417	6
1642482	3699744	58
1596879	4653238	101
2859029	3515944	71
4187505	4514417	6
1830477	790839	224
2135841	1095366	35
3723642	439740	71
1101956	1549910	143
2151055	3699744	58
2366400	1561547	74
2077341	3699744	58
1270092	3699744	58
762566	1095366	35
896102	1095366	35
1044241	1570329	72
2308056	1688262	72
4498985	4514417	6
2289798	4514417	6
4086392	2240857	72
1490548	3699744	58
564776	1095366	35
1095366	250309	63
2787432	4487592	76
1426556	1095366	35
3778713	1095366	35
948845	2574764	71
2743779	2574764	71
1895948	439740	71
876817	3050276	17
1642607	3699744	58
3811308	3699744	58
1845901	4514417	6
1447221	3050276	17
383627	3699744	58
2092996	4514417	6
4023279	4514417	6
2574764	36255	74
773831	3699744	58
851910	3699744	58
3612535	2104295	77
4625727	3699744	58
439740	131553	74
3346799	523647	72
724346	3699744	58
1095366	1785350	63
774684	1275829	32
3464958	1095366	35
1745429	3699744	58
2281931	3699744	58
480860	2561150	80
3457187	1088670	17
4153571	3699744	58
2178475	1095366	35
2411028	1095366	35
3634482	1095366	35
3448374	439740	71
2390322	439740	71
4554073	106747	291
186228	3699744	58
1878725	1095366	35
2982991	4052763	38
2634460	3699744	58
4398825	1095366	35
3118192	3699744	58
3841709	3699744	58
4064718	1095366	35
2843575	3699744	58
2081872	1095366	35
596881	4514417	6
439740	1088329	74
3645843	3699744	58
1254423	3699744	58
641336	1095366	35
439740	265363	74
1385086	3578437	72
3798548	3699744	58
2655186	439740	75
586503	4514417	6
3762635	439740	71
4160359	2857200	74
439740	1505394	74
2649668	523647	80
3424043	301288	17
4095095	1095366	35
1589572	4514417	6
3294548	1095366	35
1095366	244096	63
3444173	3699744	58
928747	1095366	35
4153571	1095366	35
439740	3952887	74
4160359	2217217	74
1095366	4526796	63
2702247	3699744	58
2366400	3699149	74
2569146	4316230	80
2865921	439740	71
2914705	1095366	35
1405429	4514417	6
2536419	439740	71
2082599	439740	71
1303046	4514417	6
1712842	439740	71
3223970	670165	71
1294703	439740	71
439740	1569110	74
4387811	1095366	17
2730434	439740	52
4226041	3699744	58
4205796	4514417	6
1373382	4595851	143
439740	1870171	74
3314207	700125	72
439740	3566207	74
3524369	1095366	35
4515406	1095366	46
1151442	3050276	17
2201271	439740	71
1753501	215691	80
625173	3699744	58
1027510	3515944	71
1610228	1095366	35
1354033	3282892	72
3699149	4160359	71
439740	164103	74
2260706	3699744	58
837647	3050276	17
4625727	1095366	35
439740	2845854	74
1715385	3699744	58
4016812	1095366	35
2666704	439740	75
4560882	3699744	58
1070926	2366400	71
4238619	1095366	35
3599444	439740	71
4502825	1095366	35
620337	3699744	58
4587765	1095366	35
1151442	1737329	76
2907641	4514417	6
2946334	1095366	35
1275829	4081762	38
4027406	3050276	17
2366400	1245995	74
2006571	3699744	58
3559	3699744	58
2820479	1095366	35
9942	4514417	6
4564297	4514417	6
439740	4165087	74
3794223	1095366	35
312947	1095366	35
1700987	2574764	71
2613377	1219013	74
872648	3050276	17
2924236	1095366	17
439740	2617800	530
439740	4213913	74
2366400	3824689	74
572326	444454	79
124135	3699744	58
3911963	439740	52
4607627	1095366	35
3939687	3602546	79
1800981	4008155	80
4615922	1095366	35
3294694	2366400	71
1726195	3515944	71
385457	2366400	71
2320657	3050276	17
2999190	3699744	58
437158	3515944	71
956223	2574764	71
1906837	1095366	35
746104	1095366	35
405020	3699744	58
3340319	4514417	6
2224932	3699744	58
3939687	887652	77
1880865	1095366	35
1253433	3699744	58
1095366	4488308	63
3690261	1095366	35
176057	1095366	35
439740	2612655	74
3429858	1095366	35
95762	3699744	58
3386683	1095366	35
498546	572326	77
3515944	2975115	74
2811179	1095366	35
439740	852105	74
4617754	3699744	58
2074046	4514417	6
2666484	1095366	35
673601	3699744	58
1744020	1095366	35
2959403	3699744	58
3549899	2702722	77
3960129	3699744	58
525649	3357699	38
1841680	3699744	58
687471	1095366	35
1560892	3699744	58
439740	2657635	74
439740	3516958	74
2734989	4514417	6
4464719	3699744	58
4159079	3699744	58
1231425	1095366	47
2528586	3699744	58
2366400	3442308	74
3979806	439740	71
4595851	2708943	73
2951150	1095366	35
2857200	439740	71
1466273	4514417	6
439740	3310617	74
2424578	1095366	35
1000211	1095366	35
2685909	1095366	35
439740	868296	74
2536419	4514417	6
1753501	4514417	6
207986	1095366	35
154127	3699744	58
2289215	1095366	35
2408344	3699744	58
3699744	953551	572
572326	3515944	71
3438266	3699744	58
2011871	3070529	79
718312	1095366	47
4263649	439740	71
2118811	3699744	58
2574764	1395874	74
531939	1095366	17
4068457	1095366	35
3459341	1095366	349
2401720	3699744	58
4423598	3699744	58
3728731	3699744	58
1844794	61746	80
2678425	1095366	35
2643121	3699744	58
127793	2574764	71
3223970	3288967	79
440471	4514417	6
3515944	4611145	74
2857495	3699744	58
439740	1931493	74
1769319	1549910	143
1931493	750512	72
3652528	439740	71
752554	1095366	35
439740	1638411	74
1820299	4514417	6
3387787	1095366	35
2292905	439740	71
3530905	1991965	74
2841111	3699744	58
1978553	1095366	35
3442308	3050276	17
1128382	2159860	72
885056	4514417	6
1712571	4514417	6
370124	1095366	35
2571358	3699744	58
2497057	109621	80
3493610	3699744	58
1966158	3699744	58
883503	4514417	6
4105132	1095366	35
2574764	1098926	74
3249323	2982991	32
3059428	1095366	35
3462657	1095366	35
4450064	3347592	71
2091393	3699744	58
1851700	1865312	71
2092099	4514417	6
2292905	3409388	71
439740	793911	74
439740	933260	74
1120486	4514417	6
3010629	3699744	58
461910	1095366	35
680665	3515944	71
1242276	3515944	71
3630428	2366400	71
674069	4514417	6
535181	439740	71
2685856	1095366	35
1401026	3050276	17
2320657	4514417	6
3493610	1095366	35
2023953	3699744	58
3574681	3699744	58
1961026	1095366	35
935713	439740	71
1894878	1095366	35
3190085	1095366	35
2811193	3699744	58
3537920	3699744	58
439740	1465621	74
2881715	439740	71
1275829	1455829	38
439740	2048275	74
3601564	3050276	17
3493361	3699744	58
3545579	1095366	35
3310617	2353944	32
4102634	3964641	79
3651518	3050276	17
4008014	3699744	58
62411	2366400	71
3956848	1095366	35
478478	1116084	152
4523276	2536974	80
2499565	3699744	58
1744508	700555	38
201705	1095366	35
1095366	3225393	63
4252288	439740	1297
883512	2366400	71
1872848	3699744	58
2851677	1095366	35
4408748	2574764	71
2366400	1093470	74
1818503	1095366	35
3317488	1095366	35
2221335	2531393	71
445723	3050276	17
439740	4572658	74
774684	4160359	71
3964641	3775728	77
3050276	4069833	38
3172198	3699744	58
346848	3050276	17
4079308	1095366	35
3190085	1095366	46
439740	4280580	74
1197710	3964641	77
439740	4081540	74
1073236	1095366	46
896175	1095366	35
436982	3699744	58
3807338	3699744	58
872648	712978	76
2116673	3699744	58
4470020	3699744	58
4134515	3699744	58
3470804	3699744	58
492689	3409388	71
4187443	4514417	6
1076434	3699744	58
2460622	439740	52
439740	2921692	74
3146816	4514417	6
2501756	1095366	35
1371544	1095366	17
2311489	595517	72
4055238	1095366	35
1335460	3699744	58
439740	2201271	74
1560685	1095366	35
979506	1095366	35
1515610	2832092	38
2574764	4551036	74
3418527	4514417	6
2893445	1095366	35
4155917	1095366	741
1095366	4420618	63
2303591	1095366	35
439740	4611632	74
2909509	1095366	35
2872478	1095366	35
673998	3699744	58
3673482	439740	52
1764645	1095366	35
1135925	1095366	35
4324761	1095366	35
3520371	3699744	58
1839769	1095366	35
2879462	2574764	71
1740626	3699744	58
2522215	1095366	35
1492803	1095366	35
1760739	1095366	35
3014976	1095366	35
3334998	439740	71
439740	4564297	74
2988888	439740	71
99607	3699744	58
2043475	3699744	58
3619026	3699744	58
938116	1095366	35
1988839	301288	17
2196006	3699744	58
145019	1095366	47
2991738	1095366	35
3693581	4514417	6
1745558	1095366	46
2629881	3939687	77
3549555	439740	71
4551674	4514417	6
3318249	3939687	77
255793	292430	213
1338295	3699744	58
3352425	2585232	72
3982249	3699744	58
3246262	3699744	58
4171543	3050276	17
68060	3699744	58
4411396	3699744	58
3959919	1095366	35
1212030	3699744	58
2074202	3699744	58
4472101	439740	71
4654906	3699744	58
2050212	439740	71
3282892	3515944	71
3093590	1095366	35
1777523	3699744	58
4505714	3699744	58
2366400	1889269	74
3121559	2366400	71
4595851	2901686	73
4317500	1095366	35
1803313	1095366	35
3023131	2366400	71
2582622	3699744	58
439740	1952797	74
318123	1095366	24
1745636	4514417	6
1505394	2366400	71
439740	1800981	74
4112482	3699744	58
2655186	439740	52
2182398	1095366	35
4386656	439740	71
2366400	2506146	74
2821502	3699744	58
3547380	1095366	35
3326281	3699744	58
913066	1095366	35
439740	1978767	74
3939687	103874	79
4320222	1095366	35
163812	3699744	58
747775	3699744	58
1147772	1095366	35
1254423	1095366	35
2530169	1095366	35
3068759	3699744	58
439740	2839042	74
657639	1095366	35
4253535	3699744	58
357812	1095366	35
2189776	3699744	58
3720581	3699744	58
1923689	1095366	438
1894616	3699744	58
3428344	3699744	58
1084810	3939687	77
2825464	3050276	17
439740	3549899	74
137255	3699744	58
2444260	1095366	35
3693803	4514417	6
1070771	1095366	35
797258	2574764	71
3524369	3699744	58
1034392	4514417	6
212779	3699744	58
3515944	614498	74
4325316	1095366	46
3095997	1095366	35
3252987	3699744	58
366566	3699744	58
3213954	3699744	58
2576942	1095366	35
620936	4514417	6
1332505	3699744	58
3515944	621616	74
4024311	4514417	6
177690	1095366	35
2229666	439740	71
2943560	2397747	56
1538388	3699744	58
3075422	3699744	58
2312338	1095366	35
3461982	4514417	6
1839769	3699744	58
630725	3699744	58
3368404	439740	52
111322	439740	75
4095231	3699744	58
3726380	4514417	6
1866976	1095366	46
2325210	1095366	35
1432305	1095366	35
894722	4514417	6
4546447	1095366	47
1095366	1061166	240
2335877	3699744	58
4171543	439740	71
3023131	1275829	32
1038635	1095366	35
1256571	439740	75
1369751	2531393	71
1242276	3050276	17
1401026	439740	71
670165	2627001	74
4118724	1095366	46
1295784	1095366	35
4601051	2828181	17
2309915	4514417	6
4502843	1088670	17
2110723	1095366	277
4291627	1275829	32
1101956	3050276	17
3389359	1095366	17
1449978	301288	17
2308056	439740	71
2845854	439740	71
683952	1095366	35
2287070	3699744	58
2333360	1095366	35
2366400	2045760	74
2531393	501168	74
3347592	2186450	74
1095366	4501150	63
535617	3699744	58
928747	3699744	58
2294429	1095366	35
3365181	1095366	46
2441589	301288	17
1431804	3699744	58
2095713	3699744	58
2121357	1095366	35
1461890	3699744	58
3718135	1095366	35
439740	2627001	74
1977508	3699744	59
3757528	3699744	58
1996196	1095366	35
1884824	1095366	35
3249323	439740	71
3651924	4514417	215
234386	1095366	35
2528586	1095366	35
910820	3050276	17
3515944	4556430	74
3540667	1095366	35
713159	3699744	58
2308249	1095366	35
1275829	3158214	38
3571093	2092996	128
1938885	1095366	35
184302	1095366	35
4595851	1047195	73
3293719	3699744	58
2574764	4297705	74
1515610	1095366	24
3835	4514417	6
3267605	3699744	58
3147222	1095366	35
2531393	2542300	74
4152483	1596879	519
1404696	2366400	71
2558012	3852822	80
1556138	3699744	58
480860	439740	71
305576	4514417	6
3347592	3219811	74
3186219	439740	71
3005958	439740	71
3235503	3699744	58
2536762	1095366	35
1652073	1095366	35
933260	2796130	80
2620367	4002267	71
2574764	2594734	74
4484191	3699744	58
944401	3699744	58
2067370	1095366	35
4089763	4514417	6
3228324	2775637	80
1459370	3699744	91
3603649	4554073	784
4160359	2241901	74
3918778	3699744	58
3515944	680665	74
4487592	439740	75
1569110	4514417	6
3515944	1726195	74
3549899	670165	71
3233237	1095366	35
822900	1095366	35
3528230	3699744	58
4528292	1095366	35
2574764	2194289	74
1160745	3699744	58
2092996	4595851	143
439740	2330432	74
439740	2825464	74
1093100	1095366	35
2308956	4514417	6
3919526	4572658	213
3683746	3699744	58
95896	3699744	58
2333658	1095366	35
2258534	4514417	6
1367582	3699744	58
2366400	2722317	74
3409388	3595716	74
649880	1095366	35
810884	3699744	58
2977207	1095366	35
1381128	1095366	17
2796033	1095366	35
439740	1264222	74
915851	3699744	58
1853884	3699744	58
53445	439740	52
671679	3699744	58
627531	1095366	22
3928025	1095366	349
439740	983306	74
505111	1095366	35
3748496	1095366	35
1891649	1095366	35
1614010	3699744	58
793836	4514417	6
2906183	1095366	35
32836	1095366	35
4642319	1095366	35
3537637	3699744	58
1396645	4514417	6
1088329	716393	80
1683244	2366400	71
1003724	301288	17
1123032	3699744	58
1568634	1095366	35
3907090	1095366	35
666459	4514417	6
3578437	1385086	80
3515944	3065405	74
95930	3699744	58
2542865	3699744	58
3119764	3699744	58
3853953	3699744	58
439740	2137629	74
3894758	1095366	35
99944	1095366	35
936390	1095366	35
1455250	3699744	58
492979	1095366	35
3368269	1095366	35
492582	1095366	35
1825300	4514417	6
1447221	1294583	72
1269216	3699744	58
3879986	1275829	32
2847360	1095366	35
2380502	3699744	58
4151352	2540569	72
639282	1095366	35
2627382	1095366	35
3052727	3699744	58
3374625	3050276	17
2702018	307598	72
4228664	1095366	35
3515944	3693803	74
4554784	3699744	58
2308956	3039358	72
3230831	3050276	17
439740	1269224	74
1095366	1977968	63
2765167	3699744	58
1235648	3699744	58
4598341	3699744	58
3952887	3050276	17
1152858	3699744	58
1726195	90979	32
3030047	3699744	58
1702049	774656	72
1095366	4511693	63
1465621	1088670	17
1473598	1095366	35
1942	3050276	17
3658005	4514417	6
3676627	4514417	6
3380522	1095366	35
3569488	3699744	58
153459	3699744	58
4310837	1095366	35
1095366	1316030	63
1242141	3699744	58
2574764	917625	74
1219013	4514417	6
834616	3699744	58
2488415	1095366	46
543548	1353751	76
841762	3699744	58
2235368	1095366	46
1356686	3699744	58
2704745	1095366	35
3735965	439740	71
785681	1095366	35
1784576	1095366	35
4425336	3050276	17
2786221	3699744	58
4002267	2092996	74
90326	3699744	58
1095366	1521289	63
2712745	2594414	80
2585051	2531393	71
368844	3699744	58
439740	3249323	74
2368117	3699744	58
3564845	3699744	58
2320652	3699744	58
1788793	439740	75
3289502	2366400	71
4590758	1325880	74
3515944	3282892	74
2559398	1095366	35
1095366	1866976	240
2455282	4514417	6
538726	696058	2048
548208	2574764	71
415395	3699744	58
4405614	3699744	58
2330432	4514417	6
439740	2859029	74
2620160	1095366	35
3723642	2848388	32
3342373	1095366	35
1605009	3699744	58
1237772	2574764	71
3673162	4514417	6
2702677	4514417	6
2263310	1095366	35
572326	3521925	79
2051812	3050276	17
2085385	2366400	71
3515944	2156770	74
3353998	3699744	58
2179898	1095366	35
2617800	2459838	74
2663656	4514417	6
1533051	1095366	35
2021410	1095366	35
4643050	1095366	35
1862100	1095366	35
439740	4299219	74
4008155	4514417	6
3866469	439740	71
3476129	3699744	58
439740	4454486	74
633247	4514417	6
2574764	1845451	74
1549910	1101956	73
3515944	3442308	74
3723234	4514417	6
2902218	1095366	35
4188257	3699744	58
1599285	3699744	58
3729133	1095366	35
1923689	3699744	97
2291177	3699744	58
1095366	207386	63
3503116	4514417	6
1322841	1095366	35
1095366	3444099	63
3771247	3699744	58
4056770	3699744	58
201837	3699744	58
3143898	1095366	35
376821	1095366	35
3987835	4286047	76
2029577	1095366	35
1502060	3699744	58
1331634	301288	17
3515944	535181	74
2366400	3964641	74
3620392	1095366	35
979098	3699744	58
2671743	1095366	35
400579	3699744	58
2366400	4217064	74
3040754	3050276	17
282362	439740	71
3879986	2668011	72
998329	3699744	58
1819890	3762672	285
1650697	3699744	58
2574764	2540122	74
442445	4514417	6
1159441	3699744	58
4213579	1095366	35
2497057	799965	80
1476525	3414414	76
2291391	3515944	71
3816875	3699744	58
2301779	2574764	71
3414705	3050276	17
2895684	3699744	58
4021723	3699744	58
3515944	2217217	74
2085385	3050276	17
4595851	2701766	73
3402304	1596879	327
151090	3699744	58
2777201	3699744	58
3729133	3699744	58
439740	480860	74
720573	4601051	213
3083153	1095366	35
915851	1095366	35
3223970	3421150	77
3374625	298279	143
519789	3104640	287
824838	3699744	58
3512218	3699744	58
2256442	301288	17
1624322	1095366	17
1204460	3699744	58
4052763	4514417	6
1221787	3821095	72
1528447	1095366	35
4455287	1095366	35
3121109	3699744	58
1506835	4514417	6
4088802	1095366	35
3452685	1095366	35
2190853	3699744	58
2865921	3788176	145
3310617	3050276	17
1948191	3699744	58
2230748	4514417	6
1501136	439740	71
201640	1095366	35
439740	842557	74
2263310	3699744	58
4135297	1095366	35
3219498	439740	71
4036167	1569110	72
694941	2366400	71
3415889	439740	71
1960647	2622185	72
4183220	1095366	35
2574764	845239	74
523537	1095366	35
523647	4514417	6
1800981	1275829	31
2366400	1493329	74
324889	1095366	35
3651813	3699744	58
670165	1242276	74
1282386	2574764	71
4644474	3050276	17
372068	4595851	143
1769319	4462398	80
2712724	3699744	58
4578595	3699744	58
3655728	4514417	6
3932237	1095366	35
2051812	4514417	6
4646630	3699744	58
3831230	3699744	58
450320	4514417	6
1939484	3699744	58
990843	4590758	71
480860	4160359	71
439740	1712571	74
3470804	1095366	35
2705023	439740	71
4297081	1095366	35
76908	3699744	58
774656	439740	71
385457	439740	71
4484273	1095366	35
1778248	4514417	6
1163305	3699744	58
3935909	439740	71
300259	1095366	35
1956033	3515944	71
1923235	3223970	77
2796130	933260	72
2335139	4514417	6
1717676	1095366	35
3076643	3699744	58
3022217	3699744	58
2738849	1095366	35
439740	3560916	74
34384	2574764	71
439740	2085385	74
4047600	3699744	58
1364464	1095366	35
439740	1245995	74
1827668	1095366	35
3335898	3699744	58
4535481	1095366	35
498779	4514417	6
3174627	1095366	35
774684	439740	71
2982991	3363181	38
145019	1095366	35
3963012	1095366	35
439740	2063419	74
2627001	301288	17
2023765	1095366	35
2917258	3047699	80
3364594	4012752	38
892322	439740	71
1991965	3960205	116
4547161	4514417	6
1940761	1095366	35
4160359	872648	74
4122522	2366400	71
2629408	1095366	35
250309	3699744	58
2192033	1095366	35
3273819	1095366	35
3157007	1095366	35
439740	3458187	74
3050669	1095366	35
1938448	1095366	35
2838922	1095366	17
4468499	1095366	46
2092996	2801540	5
4145143	1095366	35
4221009	1095366	35
2639139	3699744	58
4268929	1095366	35
439740	543548	74
1504358	3699744	58
2368981	4514417	6
2574764	317143	74
4057927	4514417	6
644606	3699744	58
1275829	1151442	38
1883766	1095366	35
2450207	439740	71
3150866	3699744	58
287725	4514417	6
2366400	3735965	74
4118724	1095366	35
376313	4514417	6
2156770	2366400	71
1631165	2366400	71
1145424	1328530	80
3733922	4514417	6
439740	3294694	74
3283926	1095366	35
4419102	3699744	58
1095366	2700099	63
1897095	1275829	32
4081762	1662106	76
1860460	1095366	46
1986720	4514417	6
4171543	4514417	6
4081762	3050276	17
3044006	301288	17
4232939	3699744	58
3136221	4514417	6
2366400	4354551	74
131553	2982991	32
2446408	4514417	6
713900	1095366	35
3939687	3025017	79
192613	439740	71
4637788	3699744	58
439740	3362772	74
439740	2952107	74
4413527	2366400	71
439740	629838	74
2503617	3699744	58
211567	525649	32
439740	3520917	74
595517	3050276	17
439740	2317748	74
445723	439740	71
1772073	1095366	35
4128753	2379988	80
2125053	3699744	58
305445	4514417	6
1418657	4514417	6
3593667	3699744	58
797258	4514417	6
296580	3699744	58
3421672	1095366	17
3515944	2397154	74
3662142	4514417	6
2668011	4514417	6
1178416	3515944	71
3516958	3050276	17
1158977	3699744	58
2819118	1095366	35
2574764	2705023	74
2102021	1095366	35
1663596	3699744	58
1088329	4514417	6
1683244	4038898	72
3636600	3699744	58
1002873	3699744	58
1961715	1095366	35
2536160	3699744	58
4595851	386733	73
1103225	1095366	35
4472604	3699744	58
1159441	1095366	35
1095366	945726	63
439740	305576	74
1098926	2574764	71
3865382	439740	71
4511683	3699744	58
1894007	1095366	35
2719871	2531393	71
587235	4514417	6
2366400	656570	74
439740	492689	74
1310485	1095366	35
655601	1095366	35
2531393	439740	770
212674	439740	71
439740	4081762	74
3381563	137731	76
4462398	1769319	72
4514417	3651924	156
3515944	2497057	74
439740	905538	74
1154086	1095366	35
439740	1902605	74
873996	3699744	58
3211897	3699744	58
1977345	1095366	35
4608085	3699744	58
3002573	1095366	35
3573129	1095366	36
2329165	3699744	58
3387724	4514417	6
2357396	1095366	35
3219811	4514417	6
2494644	4514417	6
439740	1593563	74
2287752	3699744	58
717368	2574764	71
1708784	3699744	58
2366400	1068548	74
2366400	2839042	74
4595851	2854907	73
1683244	1633717	76
625684	3699744	58
3329126	1095366	35
219461	1095366	35
439740	4427838	74
3480022	2135841	170
56582	1095366	35
186054	439740	71
4190431	3699744	58
439740	62411	74
2435913	3699744	58
2456633	1095366	47
3225334	439740	71
3951038	4514417	6
875364	1095366	35
3098902	1095366	35
2104870	2574764	71
3893158	1095366	17
439740	2594414	74
2632731	4514417	6
3759267	1095366	35
4306737	4514417	6
2786221	1095366	35
2811179	3699744	58
3505647	3699744	91
3939003	1095366	35
2183092	3699744	58
3498536	1095366	35
4252288	3945162	174
3515944	3363181	74
2446408	2574764	71
3521925	3964641	77
2211521	1095366	35
446465	2366400	71
72648	3699744	58
4190407	4514417	6
1295784	3699744	58
3930433	3939687	77
2488415	1095366	35
3562936	3699744	58
2941710	3699744	58
1221787	4155917	32
340790	1095366	35
87602	3050276	17
483341	3515944	71
4081762	439740	71
2514849	3699744	58
853046	1095366	349
4656546	4595851	143
405020	1095366	35
3587385	1095366	35
3733730	1095366	35
1315816	1095366	35
199989	3699744	58
3220318	3699744	58
1476525	439740	71
755929	1095366	35
1922393	4514417	6
1936586	4514417	6
3153328	3699744	58
2067311	3699744	58
3950124	1095366	35
2650677	1095366	35
2574764	3366142	74
2497057	439740	71
1292133	1095366	35
3118957	3699744	58
1426102	4514417	6
3050276	3549555	38
911762	439740	52
2400172	2366400	71
1237772	4514417	6
829467	1095366	46
949480	627531	139
439740	4461506	74
2433272	1942	80
516255	3140566	987
3456888	3275816	78
1698240	1095366	35
439740	4053550	74
2545723	3699744	58
177690	3699744	58
523647	2366400	71
409800	3699744	58
2357396	3699744	58
911871	1095366	35
1840691	439740	71
3652528	3515944	71
766765	3699744	58
3402304	3699744	59
1072910	1095366	35
4216884	3699744	58
12600	1095366	741
1977968	1095366	35
2217217	3050276	17
4571138	3699744	58
1275829	572326	38
305445	3361420	72
3088096	3050276	17
2330432	2366400	71
1627248	596881	72
1965724	4514417	6
2947533	1095366	35
4599547	3515944	71
4069833	439740	71
2289294	1095366	35
1883766	3699744	58
1083534	1095366	35
2874196	439740	71
4162373	4554073	784
4503361	2574764	71
4599547	4514417	6
3219811	3515944	71
32603	3699744	58
4271490	3699744	58
914282	3699744	58
1712196	1095366	35
2952107	301288	17
530865	1095366	35
2845854	301288	17
3438698	4514417	6
674069	3893158	72
2702722	3549899	79
4138392	2675890	17
130119	1095366	35
3671916	4514417	6
707890	2366400	71
2982991	3938862	38
2638845	3699744	58
2087487	3515944	71
3521408	439740	71
3652528	4514417	6
3445660	3549899	72
2343340	4514417	6
476547	1095366	35
2598236	439740	71
1593511	3699744	58
325903	3699744	58
1835218	1095366	35
1095366	1481988	13
3547933	1095366	35
440471	215691	72
1681921	4514417	6
614498	439740	71
2182398	3699744	58
1200332	3699744	58
439740	2478680	74
1032914	3699744	58
3549899	3964641	77
4106038	1095366	35
2803445	3699744	58
439740	2574764	770
2574764	797258	74
1988839	439740	71
4150955	4514417	6
4578595	1095366	46
614379	301288	17
4049879	1095366	35
4012752	3364594	32
4125543	3699744	58
660261	1095366	35
3223970	439740	71
2027839	3699744	58
2561366	1095366	35
842557	4514417	6
212674	3104640	420
2574764	1119338	74
2107652	3699744	58
1987015	3699744	58
513352	1095366	35
3520917	1088670	17
1252235	2366400	71
2227200	1095366	17
1986720	3050276	17
439740	2537346	74
543102	2574764	71
659861	3699744	58
2531393	157926	74
4307849	1095366	35
3211339	2574764	71
968538	3699744	58
2832092	1515610	32
1955999	4514417	6
3302838	3699744	58
3631006	4514417	6
3700985	3823267	79
2067311	1095366	35
3449533	3699744	58
319202	1095366	35
4056770	1095366	35
627531	1095366	89
2977207	3699744	58
2366400	1991965	74
3258777	3699744	58
4028039	1095366	35
3310617	1252678	79
2660654	3699744	58
1001833	3699744	58
3963012	3699744	58
4496239	1095366	35
1859178	3699744	58
2137629	4514417	6
3939687	2403624	79
58886	1095366	35
3865452	3699744	58
3353156	1095366	35
1455829	3361261	72
4090907	1095366	35
976924	301288	17
3261391	2351698	457
1972016	1095366	35
78569	3223970	79
3778138	1095366	35
3652528	2848388	31
930106	2366400	71
1674035	3699744	58
331735	439740	75
3936875	3699744	58
3170180	1095366	35
4246566	3699744	58
2982991	483341	38
633936	4514417	6
3651182	3699744	58
34384	4514417	6
1258332	3699744	58
131879	1095366	35
3419345	1095366	35
1177094	1095366	35
1340381	1095366	35
937538	3699744	58
1398409	1095366	35
1151442	439740	71
3715801	3050276	17
1598029	3050276	17
3147222	3699744	58
3040754	3515944	71
1068548	4514417	6
4003702	3050276	17
1962468	1095366	35
305845	1095366	35
399978	1095366	35
1051642	1095366	35
2613377	2492936	74
439740	2030108	74
2702677	3050276	17
2357647	1095366	35
376313	2255228	269
1859596	1095366	35
1095366	4155917	18
439740	759457	74
1376366	1095366	35
1609299	3699744	58
3182693	3699744	58
3326281	1095366	35
3602546	3939687	77
4374185	3050276	17
2497057	4514417	6
2574764	717368	74
267288	3050276	17
1135588	4252288	260
3699149	439740	71
2537346	4514417	6
113688	3699744	58
2952107	439740	71
625684	1095366	35
2366400	2140305	74
1924356	4250304	17
306655	3515944	71
2755254	1095366	35
452033	1095366	46
2543289	3699744	58
4197918	1095366	35
2366400	4298230	74
90326	1095366	35
481604	4230063	72
1479301	1095366	35
2868912	1095366	35
805450	3699744	58
2574764	4639855	74
3437999	1596879	10
2257763	439740	71
370391	1053964	76
3969550	1095366	17
4436292	1095366	35
1435907	1095366	35
4613784	1095366	35
3056043	3699744	58
267288	2848388	32
3497070	1095366	35
839229	2574764	71
4653791	3699744	58
439740	872648	74
2295904	1095366	35
2366400	1683244	74
773326	4514417	6
2533795	2613377	71
186054	3050276	17
2036922	1095366	35
1227692	439740	71
538726	4512086	250
2403269	1095366	35
4165087	439740	71
2181861	3699744	58
852105	3050276	17
4228664	3699744	58
3857034	1095366	35
3390459	3699744	58
4013360	3699744	58
4611145	2366400	71
57035	3699744	58
358763	3699744	58
1840691	2366400	71
476547	3699744	58
4124529	3573129	78
1798224	1095366	35
3939687	4514417	6
3515944	572326	74
1817405	3699744	58
267636	385457	66
2512908	1095366	35
3031826	301288	17
2921692	4514417	6
1095366	4094488	63
361	3699744	58
834616	1095366	35
1677291	1095366	35
4595851	77289	73
4304354	525649	32
1707043	1095366	35
74397	3699744	58
3925374	1095366	35
227204	301288	17
4042906	3699744	58
1493329	3515944	71
2875814	3699744	58
3720581	1095366	35
2088568	1095366	35
2617800	439740	770
3979953	1095366	35
478005	4514417	6
2397413	3699744	58
3482832	1095366	35
4548425	1095366	35
1135688	3362772	72
1785103	1095366	35
4450064	4590758	71
2193783	3699744	58
3972084	3699744	58
4450064	3515944	71
2366400	305445	74
4548425	1095366	46
2512908	3699744	58
439740	3158340	74
980408	1095366	35
1731814	3699744	58
4468605	1095366	35
2519243	1095366	39
1227692	301288	17
2085385	255793	1176
2478680	439740	71
128087	1095366	35
3294548	3699744	58
2366400	1221787	74
3544364	1095366	35
2574764	4387811	74
1489343	3699744	58
4556164	3699744	58
618739	2323199	72
2832092	3373654	80
3866397	1095366	35
2786263	1095366	35
3104640	519789	115
4534834	4514417	6
3151089	1095366	35
1210804	1095366	35
1095366	1803269	63
2629881	4514417	6
439740	2907641	74
439740	215691	74
4518690	3699744	58
1420835	4514417	6
306370	3699744	58
3476161	1095366	35
978319	1095366	35
3173243	2627953	76
3249323	2366400	71
3928025	3699744	58
3601564	2262683	457
2366400	883512	74
4457709	4595851	143
2366400	793911	74
30859	1095366	35
3005958	4514417	6
3512218	1095366	35
2320505	2092996	72
3074230	1095366	35
1103225	3699744	58
1755294	1095366	35
3576851	3050276	17
2641974	3699744	58
1095366	272662	235
720281	3699744	58
983306	720573	166
340790	3699744	58
1095366	4118724	63
2366400	4572658	74
3252125	1095366	35
4105347	3699744	58
4028039	3699744	58
3648121	1095366	35
3864786	3699744	58
1555039	1095366	17
1817390	1095366	17
1084043	4514417	6
4600192	3050276	17
4511693	3699744	58
2852839	3050276	17
4571476	1095366	35
3703133	439740	71
1047109	3699744	58
2881662	1095366	35
4468499	3699744	58
2847525	3699744	58
2124943	1095366	35
3045080	1095366	35
3218063	439740	71
853046	1095366	46
1211415	1095366	35
3563779	1095366	35
3366458	623846	80
439740	221643	74
4144077	3699744	58
1638411	1088670	17
3347592	2318664	74
4024311	4600293	72
2495541	3699744	58
3964641	3222178	72
3515944	935713	74
4461506	90979	31
2499565	1095366	35
2308863	2574764	977
535181	3050276	17
1549910	1769319	73
2100992	4160359	71
735122	2366400	71
621616	4514417	6
962589	1095366	35
572326	1275829	32
2493429	1095366	35
2627001	4514417	6
50018	4514417	6
186228	1095366	35
4632709	4514417	6
4069833	3050276	32
962589	1095366	47
3361261	523275	32
1572788	3699744	58
4151352	3591383	17
205650	1095366	35
3942461	3050276	17
3512492	1095366	35
2871199	3699744	58
2574764	1070926	74
2705023	2574764	71
3471814	3699744	58
2366400	2825464	74
2506307	1978767	38
899712	3050276	17
2545085	3699744	58
3193090	3939687	77
1320273	4514417	6
439740	2639452	74
2836742	1095366	35
2358197	4514417	6
611777	4514417	6
4572658	3050276	17
2267223	1095366	35
2641370	3699744	58
1039729	1095366	35
3263525	1095366	35
3294240	3699744	58
4535739	3699744	58
1935089	1095366	35
3723234	439740	71
1505394	4514417	6
439740	3114198	74
12865	1095366	35
4584131	1095366	35
391389	3104640	287
2576942	3699744	58
2617424	3699744	58
4330760	439740	75
4137511	3699744	58
4448060	3699744	58
2066125	439740	52
265363	2366400	71
621157	1095366	35
1836532	439740	71
2975115	439740	71
2489363	1095366	35
2030285	3699744	58
439740	4541799	74
3719364	1095366	35
2582622	1095366	35
1095366	4026370	63
2282436	3699744	58
3801771	3699744	58
2291391	439740	71
2536419	774842	76
1865312	4392316	74
2574764	275678	74
1805836	3699744	58
3610823	1095366	46
1530067	1095366	35
1638411	4514417	6
348595	439740	52
1253747	4514417	6
3455454	3699744	58
131097	4514417	6
172992	4514417	6
2534947	1095366	35
3559	1095366	349
1627248	4160359	71
439740	2620047	74
4486555	1095366	35
3321671	1596879	519
51322	1095366	35
776243	1095366	35
1992484	3050276	17
3515944	4263649	74
905538	2769987	80
2571358	1095366	35
4541799	70544	80
1403678	439740	71
219874	3699744	58
4062635	3699744	58
4461506	2675890	17
3457898	3699744	58
4162373	4514417	6
4217064	439740	71
2138752	1095366	35
3961813	4514417	6
2404178	3699744	58
454969	4514417	6
3584930	4514417	6
643682	1095366	35
2607191	1095366	35
1952797	439740	71
1570329	4514417	6
4427838	2366400	71
1047740	1095366	35
439740	87602	74
2500415	4514417	6
2660654	1095366	35
3223846	3699744	58
3126932	1095366	35
3442286	3699744	58
3327711	3699744	58
713159	1095366	35
1859907	3699744	58
3447337	4514417	6
2366400	707890	74
485009	3699744	58
2379988	439740	71
1008633	3699744	58
455936	3699744	58
439740	3448374	74
3593894	3699744	58
295618	4514417	6
9942	439740	71
2574764	50018	74
1431576	1095366	35
159973	1328530	72
3573129	4124529	224
1111512	3699744	58
2241901	3050276	32
234386	3699744	58
3342352	2366400	71
1530067	3699744	58
1003724	439740	71
2498820	1095366	35
1391750	1095366	35
171893	2574764	71
1961026	3699744	58
439740	3814059	74
1939484	1095366	35
439740	632894	74
1368498	4189961	80
2218330	4514417	6
3447337	2574764	71
4595851	298279	1203
2165381	1095366	35
2560892	1095366	35
1594319	3050276	17
776010	4514417	6
3219811	3347592	71
2828264	1095366	35
1683244	301288	17
1167912	3699744	58
4613784	3699744	58
485009	1095366	35
1369357	1095366	35
3861308	1095366	35
1672203	3699744	58
482946	1095366	35
346229	3699744	58
523647	3515944	71
4108157	3699744	58
439740	3005958	74
3040754	720573	166
527822	1095366	35
2092996	4002267	71
1624322	4595851	143
1694160	2574764	71
2472241	1088670	17
1095366	773831	63
1457861	3699744	58
2118811	1095366	35
2160820	4182169	78
951224	1095366	35
732907	1095366	35
1678169	3699744	58
439740	824950	74
3168315	1095366	35
4336510	3699744	99
3808579	3699744	58
4312739	1095366	46
1900299	1095366	35
2072981	1095366	46
4194066	1095366	35
2312389	1095366	35
452614	1095366	35
620379	3699744	58
3245386	1095366	35
439740	2881715	74
2574764	2480714	74
333415	1095366	35
1818503	3699744	58
3219498	3050276	17
3491598	3699744	58
439740	4089121	74
2569146	4514417	6
2911543	3050276	17
2234119	3699744	58
2344017	4514417	6
3347592	3560916	74
917625	2574764	71
2829699	3699744	58
3515464	4514417	6
2135844	3699744	58
3026782	1095366	35
4439368	3050276	17
4114873	2879603	72
4259812	2574764	71
3363943	1095366	46
1549910	3699744	98
4643050	3699744	58
2104295	439740	71
3525190	1095366	35
2574764	356778	74
488922	1095366	35
3561429	3699744	58
3515944	622951	74
1861331	3699744	58
979098	1095366	35
4412637	3699744	58
1515610	1095366	22
4590758	1178416	74
439740	2990598	74
439740	2050212	74
4048867	1095366	35
3219498	2366400	71
439740	1769319	74
4458364	4514417	6
4409218	3699744	58
2366400	2030108	74
2585232	3050276	17
3864786	1095366	35
1197710	3310617	77
2366400	3294694	74
2661529	3699744	58
2867599	4514417	6
2643121	1095366	35
516069	1095366	35
2194289	4514417	6
1123236	3699744	58
2857200	4514417	6
191449	1095366	35
3366142	2574764	71
3988463	3699744	58
381560	4514417	6
3087661	3699744	58
3364369	1095366	35
4541321	1095366	35
4526796	1095366	35
3515944	2626063	74
3357699	3050276	17
2260276	3050276	17
2330086	1095366	35
439740	700555	74
1992484	439740	71
2978056	4514417	6
2024049	3699744	58
3004399	3515944	71
1060803	1088670	32
2090956	1095366	35
433953	3699744	58
2234119	1095366	35
4002267	56945	74
439740	2668632	74
2574764	1654954	74
3795621	3699744	58
3636325	3699744	58
1373382	1095366	17
3966331	1095366	349
478005	1027510	80
1857812	1095366	35
4291627	4514417	6
3857034	1095366	47
3325195	3699744	58
2048144	1095366	35
1441799	3699744	58
181113	4514417	6
2914705	3699744	58
2931862	1095366	35
3047699	2917258	72
1061166	1095366	46
841764	439740	71
3222178	3964641	80
2374578	3699744	58
2620367	4514417	6
1061166	1095366	35
2014945	3699744	58
67192	1095366	35
1627248	4514417	6
4449898	1095366	35
439740	3219498	74
2574764	992301	74
1383022	1095366	35
126687	1095366	35
3903410	3050276	17
192344	3699744	58
2851683	3699744	58
934670	439740	75
3092939	1095366	35
3199668	1095366	35
1633164	1095366	35
4099444	2574764	71
2871962	1095366	35
1844767	3699744	58
731928	3699744	58
3549899	4116421	79
3437912	3699744	58
2366400	3448374	74
2473071	4595851	143
439740	3442308	74
2314808	1095366	35
2050212	3050276	17
2557740	3699744	58
2852839	525649	32
2863996	3699744	58
641336	3699744	58
2309915	3050276	17
3970614	1095366	35
4241576	1095366	35
2839042	439740	71
4434854	2366400	71
2115203	3699744	58
439740	2741022	74
439740	3646870	74
3861646	439740	71
3515944	3879986	74
2244810	4250304	17
624901	3699744	58
185413	3699744	58
523296	3699744	58
396929	1095366	35
1526284	3699744	58
3467839	3699744	58
919311	1095366	35
2366400	930106	74
2495910	3699744	58
533654	3699744	58
896102	3699744	58
2594414	1965724	80
2240780	3050276	17
439740	211567	74
579921	1095366	35
3056043	1095366	35
227181	3699744	58
492061	3699744	58
1917936	4514417	6
3529007	1095366	35
3630428	3515944	71
3803294	3699744	58
3700985	4514417	6
1392744	3699744	58
2597321	3699744	58
4246046	1095366	35
4369819	439740	71
4601051	4514417	6
385457	267636	170
3458214	3699744	58
2462568	439740	75
2366400	4611145	74
632894	670165	71
2574764	2230748	74
1683244	439740	71
265363	4514417	6
2366400	894722	74
1476834	3699744	58
3295664	3050276	17
3350629	439740	71
538900	2017762	77
1694759	1095366	35
4601051	439740	71
466974	2366400	71
1593563	3515944	71
121159	1095366	35
439740	3063274	74
4541799	439740	71
1824651	1095366	35
1275829	1068548	38
3207976	1095366	35
2366400	3723234	74
1238685	1095366	35
819087	4514417	6
1895948	3050276	17
4375933	1095366	35
2289798	439740	71
1705559	4514417	6
2230155	4089763	80
2366400	2291391	74
2474096	3699744	58
869962	3699744	58
1095366	4188257	63
1384752	3699744	58
3010629	1095366	35
1163016	3699744	58
3369661	1095366	35
3737765	3699744	58
2852839	439740	71
4554073	3603649	291
1519774	1095366	35
439740	3219811	74
2366400	4122522	74
207386	3699744	58
2712724	1095366	35
439740	217245	74
3152801	1095366	35
2532931	1095366	35
2374578	1095366	35
3070529	4514417	6
3995000	3158340	80
4369819	2675890	17
439740	2397154	74
1744020	1095366	46
2686731	3699744	58
439740	2051812	74
702605	3409388	71
3346799	4514417	6
2638030	4514417	6
815533	3699744	58
909290	3699744	58
3172293	1095366	35
1029405	3699744	58
439740	475435	74
2073706	1095366	35
3241701	1095366	35
439740	304569	74
1742414	1865312	71
4317500	3699744	58
3310617	670165	71
1897095	4514417	6
439740	4374185	74
1712571	3893086	76
846667	1095366	35
3515944	3158214	74
3939687	3050276	17
3711029	1095366	35
439740	2390322	74
2538954	2344017	72
2366400	117875	74
3655728	2281205	76
439740	2506146	74
3426904	3699744	58
4061395	1095366	35
2700130	1095366	46
4306187	2240857	72
1116084	478478	333
2140305	439740	71
2618782	1095366	35
2594414	3515944	71
38516	3699744	58
502352	1095366	47
3031623	3699744	58
4485421	3699744	58
4250401	1095366	35
473930	1095366	35
3673482	439740	75
3566207	439740	71
4160359	4611145	74
2366400	976924	74
386733	1095366	17
2702677	439740	71
2410350	1095366	35
2850627	308305	72
502238	3699744	58
2982991	213470	38
3279628	3699744	58
2832092	2837669	80
4495959	3699744	58
1582046	1095366	35
2433795	4514417	6
439740	3986301	74
4026370	1095366	46
4123345	1095366	35
2632898	4514417	6
2906183	3699744	58
3499387	3699744	58
4304354	3050276	17
27212	1095366	35
2854907	1095366	17
358638	3050276	17
2760198	4514417	6
79996	3699744	58
3652057	3699744	58
4590758	2921692	74
2932406	1095366	35
2895684	1095366	35
1757206	1095366	35
4566998	3699744	58
3939687	3726368	79
1769926	1095366	35
2719871	4514417	6
1583260	1095366	35
2380760	3699744	58
4343882	4514417	6
633822	3700985	80
1061032	3699744	58
312947	3699744	58
4599379	3699744	58
266895	1095366	35
1974920	3699744	58
1866629	3699744	58
4162373	3515944	71
114545	4514417	6
627978	3699744	58
400182	3699744	58
4617090	3699744	58
4342177	1095366	35
1481988	1095366	162
1462374	3699744	58
667483	3701712	80
3515944	3617430	74
4187505	2574764	71
3186219	4514417	6
3442286	1095366	35
919311	3699744	58
4262063	3699744	58
439740	2074071	74
539917	4514417	6
2559398	3699744	58
655294	3699744	58
537349	1095366	35
3652057	1095366	35
3294650	3699744	58
2341291	1095366	46
774684	3273097	148
781833	1095366	35
4241576	3699744	58
535617	1095366	35
4134515	1095366	35
4425336	439740	71
2574764	793836	74
1120486	4002267	71
1095366	91819	63
1368498	3409388	71
4266994	4514417	6
4250401	3699744	58
1506034	3050276	17
1095366	2652364	63
687502	3699744	58
3114198	4514417	6
3048694	4514417	6
74397	1095366	35
3486399	3699744	58
2162655	2574764	71
4501150	3699744	58
2366400	466974	74
2149031	3853468	17
2541581	301288	17
1152121	3699744	58
19367	1095366	35
2151055	1095366	35
1266723	3699744	58
3093994	3699744	58
1561547	3050276	17
3399843	187605	72
1517642	1095366	35
3606423	1095366	35
3221141	2366400	71
439740	572326	74
4062635	1095366	35
439740	3424043	74
3416021	4514417	6
3117131	4514417	6
42899	1095366	46
1368498	4514417	6
3401373	3699744	58
1972016	3699744	58
366854	3699744	58
2663848	2366400	71
4182414	3699744	58
4416082	3050276	17
3223970	2783126	77
2094678	3699744	58
3334283	1095366	35
907940	1095366	35
4600192	439740	71
439740	2839106	74
876048	3515944	71
949115	3050276	17
3479145	1095366	35
4507	3699744	58
2017263	3699744	58
3416021	3050276	17
3211409	4514417	6
2480212	4160359	71
2765167	1095366	35
4455287	3699744	58
4307194	3699744	58
3507997	439740	75
3306852	3560916	72
566816	1095366	35
1320866	3699744	58
700555	301288	17
2221488	3699744	58
2829699	1095366	35
525649	2852839	38
4368880	1095366	35
2397154	439740	71
3233237	3699744	58
3456888	2092996	16
1185186	3699744	58
3389144	4514417	6
2689812	3282892	72
1371544	4595851	143
2401506	1095366	35
2017762	2366400	71
1668283	627531	439
4108432	3699744	58
3687797	439740	71
2514394	3699744	58
439740	4202428	74
1572788	1095366	35
1611570	2620047	80
705707	3699744	58
4489701	1095366	35
1109837	3699744	58
4108432	1095366	35
298279	3699744	98
2977477	1095366	35
3196540	3699744	58
3223970	3146816	79
2639182	3699744	58
2982991	1447221	38
3255789	1095366	35
3703419	3699744	58
3334998	3423703	76
2366400	2156770	74
1073236	3699744	58
1884352	3699744	58
2186450	439740	71
4031288	4514417	6
2284272	1095366	35
971695	3699744	58
2574764	4205796	74
1596879	3106493	440
2059061	1095366	35
428164	3699744	58
4434012	4514417	6
714026	1095366	46
1609299	1095366	35
1631165	4514417	6
4325316	3699744	58
1951107	1095366	35
4333666	1095366	35
4017295	1095366	35
704767	3699744	58
3040754	471981	80
2762035	1095366	35
4354551	1273900	71
145019	3699744	58
1737329	439740	52
460593	1095366	35
270935	439740	75
616569	3699744	58
1369751	4514417	6
3050276	2241901	38
3022217	1095366	35
680756	1095366	35
3026964	1095366	35
282153	3699744	58
324621	3699744	58
4094589	3699744	58
2345674	1095366	35
3334998	3050276	17
2256553	4514417	6
501168	4514417	6
3957740	3699744	58
301288	475435	38
2778739	4595851	143
2291545	3699744	58
3540667	3699744	58
201640	3699744	58
680665	3050276	17
1036924	1095366	35
2267390	1095366	35
4216884	1095366	35
3871720	439740	71
317143	2574764	71
92425	3699744	58
3486181	1095366	35
587231	1095366	35
3444099	3699744	58
62411	525649	32
439740	4439368	74
231845	3699744	58
2573709	3699744	58
1084810	4514417	6
1469446	1095366	35
1577777	1800981	80
4467485	1095366	35
4465228	3050276	17
4224947	1095366	35
4601051	301288	17
2856841	3699744	58
1218767	3939687	77
3462657	3699744	58
3448374	4514417	6
439740	3480022	74
1381128	4595851	143
3703419	1095366	35
3098856	4514417	6
2859029	4514417	6
3901269	3699744	58
2556761	1800981	77
124135	1095366	35
2072209	3699744	58
439740	1619408	74
2366400	3521408	74
3515944	1404696	74
1731814	1095366	35
4423598	1095366	35
115589	1095366	35
3653379	3699744	58
4412637	1095366	35
3387724	4445398	72
2082599	295618	79
1902663	1095366	35
3879588	3699744	58
358638	4514417	6
2366400	445723	74
2638030	3515944	71
601172	2574764	71
1047195	1095366	17
1835685	3699744	58
4623391	1095366	35
439740	1705559	74
2627001	670165	71
3113325	1095366	35
3472440	3699744	58
2323199	3170726	72
1183223	439740	71
2104295	1461274	79
348595	439740	75
505111	3699744	58
2826702	1095366	35
711141	4514417	6
2632898	2531393	71
1151442	1275829	32
4551674	1865312	71
1667680	439740	71
792180	1095366	35
4291627	2366400	71
2930397	3699744	58
439740	2087487	74
3515944	3004399	74
386733	4595851	143
1095366	3691300	63
1712842	4514417	6
3529007	1095366	349
2617332	3699744	58
525649	211567	38
1347694	1095366	46
40906	1095366	35
4002267	2620367	74
3393227	4514417	6
1781003	439740	52
3520371	1095366	35
163212	1095366	35
444764	1095366	35
3515944	3630428	74
219874	1095366	35
2612655	439740	71
1095366	1725064	63
3646870	301288	17
3218063	90979	31
3628652	1095366	35
4491697	1095366	35
2787432	439740	71
1275829	2260276	38
2763565	3549899	79
1299890	3699744	58
439740	4070086	74
1026447	1095366	35
2722317	2366400	71
3852717	3699744	58
346229	1095366	35
4249707	1095366	35
583777	1095366	35
426056	439740	71
1095366	1432305	63
3589231	1095366	17
3342352	3515944	71
3515944	3770071	74
36255	2574764	71
687471	3699744	58
108328	3699744	58
3400680	1095366	35
3748496	3699744	58
4598195	4514417	6
3273097	1088329	144
2366798	2574764	71
747662	1095366	35
547067	1095366	35
3635399	3699744	58
439740	1506034	74
2219995	1095366	35
2355133	3699744	58
4188782	3699744	58
2574764	4514673	74
4653238	1596879	10
694500	1095366	35
3416474	1095366	35
2531393	818192	74
1590639	1095366	35
1368945	1095366	35
720959	3699744	58
3104640	3571093	115
829467	1095366	35
3679101	3699744	58
439740	2257763	74
1923235	4514417	6
4070086	911762	76
1384752	1095366	35
2804595	3699744	58
3664887	439740	71
2366400	478478	74
439740	1988839	74
3199668	3699744	58
999476	3699744	58
2258611	3699744	58
2536419	2366400	71
1440297	1095366	35
2240780	4514417	6
3521925	4514417	6
1431835	4514417	6
4354551	2366400	71
1368475	1095366	35
439740	2011871	74
2849615	3699744	58
1273900	3361261	74
2904268	3448374	72
1154086	3699744	58
489701	3699744	58
3081975	1095366	35
4158841	3699744	58
2366400	2657635	74
873996	1095366	35
146230	1095366	35
4600293	4514417	6
3723234	4521137	166
1201259	1095366	35
565420	3050276	32
2114032	1095366	349
1936510	1095366	35
439740	1936586	74
2254287	1095366	35
2801774	1095366	35
2850627	4514417	6
3021504	3699744	58
1517892	1095366	35
61746	439740	71
3964641	439740	71
3743036	3699744	58
2968093	2366400	71
2217217	4160359	71
1555039	4595851	143
439740	1070926	74
2449450	1095366	17
3044006	301288	32
3545579	3699744	58
2612655	3505647	17
1979298	2366400	71
3595716	439740	71
4409218	1095366	35
3282892	1354033	80
439740	3225334	74
4187443	3347592	71
2516447	1095366	47
2865921	2366400	71
815533	1095366	35
2019982	1095366	35
3209658	1095366	35
3440676	1095366	35
1876567	3699744	58
2890013	4514417	6
307598	2702018	80
4534834	439740	71
2531393	1353616	74
4249059	3939687	77
2837669	2832092	72
3926181	3515944	71
1095366	3278501	63
1639972	3699744	58
1954301	2574764	71
439740	621616	74
401064	1095366	35
2626063	3585479	80
4594192	3699744	58
3263660	1095366	35
2090956	3699744	58
3363181	2982991	32
1284507	4514417	6
3147716	3699744	58
2574764	4503361	74
439740	2400172	74
4535481	1095366	46
3653379	1095366	35
507811	4514417	6
902505	3699744	58
3984490	1095366	17
1261396	3699744	58
1095366	2206424	63
204817	4514417	6
1835629	3699744	58
2272008	1095366	35
1493329	2366400	71
4358820	3699744	58
4518842	439740	52
3569455	4514417	6
3340319	3599444	77
3090848	1095366	35
3031826	2366400	71
3334998	4514417	6
3827974	3699744	58
3528230	1095366	35
376290	4514417	6
1492803	3699744	58
1593563	1095366	17
639282	3699744	58
716393	1088329	72
3939687	3124525	79
439740	3979806	74
516255	1923689	984
2033373	1095366	18
3515944	656570	74
1582046	3699744	58
253404	1095366	35
813144	439740	75
3523780	439740	71
2397154	3505647	17
2552162	3699744	58
4611863	1095366	46
439740	976924	74
3123219	1095366	35
1221787	2366400	71
346482	3699744	58
192613	1088670	17
2511530	1095366	35
1245995	4514417	6
439740	358638	74
3479762	3699744	58
4407315	1095366	35
1978743	4514417	6
4063696	1095366	35
913105	4514417	6
1505394	439740	71
1095366	258785	63
4108157	1095366	35
1817390	2574764	71
4656546	1095366	17
439740	303670	74
1106405	4514417	6
2489388	3699744	58
1095366	12600	18
707890	439740	71
1095366	1148457	63
869893	1095366	35
4203091	1095366	35
2107652	1095366	35
2968093	3050276	17
2045760	3050276	17
2366400	2629564	74
3585479	2626063	72
2366400	3314207	74
91819	1095366	35
3966331	1095366	35
439740	1178416	74
2281093	4514417	6
2320652	1095366	35
1330949	3699744	58
360369	2366400	71
662074	1095366	46
439740	2871700	74
2397154	4514417	6
2669024	3699744	58
439740	1991965	74
4235508	3699744	58
2629564	3050276	17
327474	3050276	17
1204953	3699744	58
318103	2574764	71
2574764	2446408	74
3939687	1942293	79
3146816	3310617	77
3204433	3699744	58
4505062	1095366	46
2201292	1095366	35
623846	3050276	17
701872	3699744	58
3219498	4514417	6
2703475	3699744	58
2447541	1095366	35
523647	2462568	76
1095366	4368880	63
361232	3699744	58
1779427	439740	75
1095366	2196006	63
439740	2260276	74
3230831	439740	71
1678169	1095366	46
3778397	1095366	35
3089228	3699744	58
3515944	2320657	74
4394243	1095366	35
1896652	3699744	91
2821047	3699744	58
4128979	3699744	58
4606337	4514417	6
331735	439740	52
3882129	1095366	35
1900299	3699744	58
1205450	1095366	35
600930	1095366	35
4168576	3699744	58
4467485	3699744	58
1496458	3699744	58
2164340	4514417	6
1447221	4514417	6
4443531	1095366	35
3417616	1095366	35
1770166	3050276	17
3585479	4514417	6
3830689	3050276	17
3093994	1095366	35
2775368	1095366	35
2356529	3699744	58
3969985	439740	75
12600	1095366	24
4027406	2366400	71
1053964	439740	75
2480714	4514417	6
1769319	795116	80
3081975	3699744	58
1506034	439740	71
2682346	1095366	35
2622185	1960647	80
1662631	1095366	35
4162373	301288	17
3420118	301288	17
2500359	439740	71
4158251	3939687	77
2455282	439740	71
2911739	3699744	58
3263525	3699744	58
3714027	1095366	35
2891142	3699744	58
4202428	439740	71
187605	3399843	80
3281589	1095366	35
2583026	439740	71
1483429	4514417	6
694941	439740	71
3939687	3442897	77
620633	3699744	58
3190085	3699744	58
3347592	3723642	74
2186450	4514417	6
4266153	3699744	58
1273182	3699744	58
3798808	301288	32
2534947	1095366	46
3945162	4252288	260
555898	1095366	35
2040936	3699744	58
1678469	3699744	58
3796423	3699744	58
2657635	2366400	71
3549899	4514417	6
623518	439740	71
670165	3617430	74
3040754	3211409	72
1924356	4514417	6
963818	4514417	6
735122	4514417	6
2769987	4514417	6
2852839	2366400	71
2092996	2161114	5
4135297	3699744	58
2574764	2424517	74
4557664	3050276	17
4388443	1095366	35
3610444	4514417	6
692484	1095366	35
3380160	1095366	35
2059506	3699744	58
30859	3699744	58
499375	142288	76
141958	3699744	58
4599547	3569455	3265
3050276	3986301	38
2612223	1095366	35
478478	4514417	6
3445660	4514417	6
3505647	4454486	38
4586962	1095366	35
667483	4514417	6
3353156	3699744	58
4053550	4514417	6
1483429	439740	71
1642607	1095366	35
1095366	1860460	63
198005	3699744	58
159973	4514417	6
1753501	2574764	71
2281093	439740	71
57035	1095366	35
3544088	3699744	58
1477775	3050276	17
4226041	1095366	35
3903410	439740	71
439740	360369	74
2817072	3594533	80
2776949	1095366	35
3671916	3361261	72
3369661	3699744	58
4644474	2366400	71
3075422	1095366	46
1497880	4514417	6
670165	3723642	74
925381	3853468	17
3690261	3699744	58
1939800	1095366	35
2574764	4458364	74
1193798	1095366	35
487817	1095366	35
1339490	2574764	71
2801540	2823828	78
1986797	1095366	35
1093470	439740	71
1653847	3699744	58
3673162	2531393	71
720573	385457	213
1373906	1095366	35
1113339	1095366	35
4286047	439740	75
858130	3699744	58
1459370	3699744	99
2544492	4514417	6
3098609	1095366	35
1344865	1095366	35
1763525	1095366	35
1385086	3050276	17
3013856	4514417	6
3544364	3699744	58
4266636	4514417	6
471685	4514417	6
2615402	3699744	58
4445261	1095366	35
3363181	3050276	17
4391898	1095366	35
1294703	4514417	6
401322	3699744	58
4284454	439740	71
576794	1095366	35
4066956	3699744	58
4052763	3050276	17
1854675	1095366	35
2146517	3699744	58
2497057	3101500	80
2928237	4514417	6
1853755	4514417	6
2848388	3723642	38
2063419	2366400	71
3456503	1095366	35
2640053	3699744	91
1095366	4312739	63
370391	4514417	6
439740	1819890	74
1755294	3699744	58
1491204	3699744	58
3457283	3050276	17
2366400	3121559	74
3116952	3699744	58
439740	3723234	74
4428950	4514417	6
2999265	1095366	35
4263649	886525	72
3362772	301288	17
2755254	3699744	58
867920	3699744	58
1700987	4514417	6
1098926	4514417	6
1189665	439740	71
4054669	1095366	35
550695	4514417	6
3892670	3699744	58
2758794	1095366	35
2796264	1095366	35
1865312	1851700	74
4248123	3699744	58
2309235	4514417	6
2862652	3699744	58
1597028	1095366	35
636286	3699744	58
4474118	1095366	35
4011239	3699744	58
1957783	1095366	35
3883802	439740	71
3106348	1095366	17
3399751	3699744	58
846667	3699744	58
1095366	4130044	63
3542124	4514417	6
1273182	1095366	35
671946	3699744	58
237000	4514417	6
3283378	1095366	35
4089763	3050276	17
1876567	1095366	35
2366400	3523780	74
3883802	4514417	6
2422449	272662	122
930106	301288	17
3584719	439740	71
2585232	3352425	80
2366400	413310	74
1257729	3699744	58
1073236	1095366	35
84652	3770071	80
568660	3699744	58
4002267	1120486	74
3846806	1095366	35
3762499	1095366	35
3362772	439740	71
2082599	2366400	71
3314207	2366400	71
3986301	439740	71
804795	1095366	17
2017762	538900	79
532424	3457283	72
4031029	3699744	58
4165087	4514417	6
3330284	1095366	35
1827668	3699744	58
439740	3770071	74
1532613	1095366	35
1677291	3699744	58
1573887	439740	75
3211897	1095366	35
2422503	3699744	58
212674	3409388	71
2366400	3630428	74
3718931	1095366	35
45419	1095366	46
534246	439740	71
439740	4534834	74
1408475	4514417	6
439740	2368981	74
3467839	1095366	35
1447221	3578437	72
350088	2574764	71
452033	3699744	58
4327463	3939687	77
1275829	774684	38
439740	3414705	74
1579726	1095366	35
640328	1095366	35
3651924	439740	234
4554073	4162373	291
1398414	3699744	58
4420618	1095366	46
2729052	4164890	77
620800	439740	71
439740	3630428	74
4252288	2919220	64
548684	3699744	58
2895265	439740	71
1301400	1095366	35
4645705	2574764	71
2191248	3699744	58
1769319	3515944	71
4510527	3699744	58
4174388	4514417	6
317143	4514417	6
328048	3050276	17
949480	439740	71
2784082	4514417	6
2803308	1095366	35
1180182	4514417	6
2011871	2729052	79
4600192	2366400	71
4472101	2366400	71
3515944	1178416	74
2476305	2574764	71
3415889	1788793	76
2366400	4582000	74
4447962	1095366	47
2408344	1095366	46
439740	3554056	74
3134577	1095366	35
453317	4514417	6
4068457	3699744	58
2100992	1636078	76
1636785	3699744	58
3457283	2351698	457
433542	1095366	35
233251	1095366	35
990843	439740	71
2256442	439740	71
1254062	3699744	58
1330413	1095366	35
990843	301288	17
4194066	3699744	58
561913	1095366	512
166302	439740	71
2574764	171893	74
1178416	3050276	17
4352014	1095366	35
439740	3545202	74
2416388	3699744	58
2159860	4514417	6
2319394	3699744	58
916913	1095366	35
1202377	1095366	35
1577624	3699744	58
3313531	4514417	6
1095366	1616980	63
2048144	3699744	58
4069833	4514417	6
198005	1095366	35
2462568	439740	52
183445	3699744	58
4002267	1124718	74
3842458	1095366	35
1301400	1095366	46
2149031	2366400	71
1715435	4514417	6
3014036	1095366	35
4065985	2541581	72
1244902	1095366	35
102949	1095366	35
1095366	2157998	63
2558012	301288	17
413310	2366400	71
2081360	4514417	6
1252235	4514417	6
95843	3699744	58
1877184	3699744	58
253404	3699744	58
2344017	1088670	17
4552127	4514417	6
145556	1095366	35
1095366	2005565	63
3065405	439740	71
419545	3699744	58
4234470	1095366	35
1233534	3699744	58
439740	2952181	74
1427236	3699744	58
2352028	3699744	58
4428298	439740	71
869893	1095366	46
439740	2620367	74
3796423	1095366	35
4639855	2574764	71
284567	3699744	58
1129862	3699744	58
4112482	1095366	35
1835218	3699744	58
2574764	874777	74
4444803	3523780	72
1921297	1095366	35
3225393	1095366	35
1569110	4036167	80
933260	3050276	17
933508	3699744	58
1095366	3075422	63
3852822	4514417	6
3939687	2366400	71
1718671	4514417	6
632677	3699744	58
3419393	3515944	71
2574764	110870	74
439740	3935909	74
1502819	3699744	58
1654954	4514417	6
1908976	3699744	58
4069846	1477775	80
820944	3699744	58
292430	439740	71
3515944	2144394	74
918939	1095366	35
2952181	1088670	17
532454	3699744	58
4592959	4514417	6
3442308	2366400	71
4268052	3699744	58
4553319	1095366	35
4007992	1095366	35
339028	1095366	35
1942293	4514417	6
721885	1095366	35
4125755	3699744	58
439740	4151352	74
582807	1095366	35
4541624	1095366	46
2841111	1095366	35
4454486	3505647	17
289110	3699744	58
2366400	2330432	74
2195440	3699744	58
3090672	3699744	58
3004399	3050276	17
2295498	1095366	35
3688522	301288	17
2500415	3939687	77
1460713	1095366	35
1934461	3699744	58
4553319	3699744	58
439740	1242276	74
899712	439740	71
2100992	439740	71
370391	439740	71
439740	2455282	74
600930	3699744	58
439740	1068548	74
2092816	1095366	35
3429130	3699744	58
415395	1095366	35
3129253	3699744	58
804916	1095366	35
3842458	3699744	58
3302838	1095366	35
2092996	4421728	76
2434506	1095366	35
4006689	3699744	58
439740	646410	74
448276	1095366	35
3811308	1095366	35
1058589	1095366	35
3421672	3939687	77
3126932	3699744	58
1933051	4160359	71
4215745	439740	52
774684	3847082	72
3800122	1095366	35
1577624	1095366	35
883503	439740	71
685663	4162373	60
538940	1095366	35
268590	1095366	35
4225547	1095366	35
2366798	4514417	6
439740	2143921	74
439740	4600192	74
3464958	1095366	46
2239655	1095366	35
3883802	2218330	80
1979298	3050276	17
2014945	1095366	35
1182277	1095366	46
869272	3699744	58
2011577	3699744	58
1272846	1095366	35
1954922	3699744	58
439740	1346614	74
3146816	3223970	77
2366400	2318664	74
108247	2450207	80
2366400	4564297	74
3031826	439740	71
1027510	478005	72
2952181	4514417	6
4007856	1095366	35
439740	131097	74
1923272	1095366	35
2736267	3699744	58
789811	3699744	58
3423703	439740	52
2660702	3699744	58
4130044	3699744	58
595517	2311489	80
439740	565420	74
4652981	3699744	58
1024629	2859029	81
3034594	4514417	6
2715186	1095366	35
1519774	3699744	58
2825464	4514417	6
356778	4514417	6
1095366	1960073	63
4523276	4514417	6
9942	4515467	76
2339973	3699744	58
4205668	3050276	17
3123219	3699744	58
1347103	3699744	58
2568492	3699744	58
4172779	3592153	503
426056	4514417	6
2837669	4514417	6
3122455	3699744	58
3791612	3699744	58
4374185	439740	71
2397747	3603649	177
439740	1986720	74
2967136	3699744	58
1095366	1244902	63
712978	439740	75
140971	1095366	35
2235368	3699744	58
4651262	1095366	35
3594533	4514417	6
2362913	3699744	58
2684947	439740	71
1545681	1095366	35
439740	4012752	74
3026964	3699744	58
3798808	4514417	6
1718671	3549899	79
4492355	3699744	58
301288	3798808	38
1894007	3699744	58
53972	1095366	35
4450064	3050276	17
3762521	3699744	58
1978767	3050276	17
3824689	4514417	6
2873400	1095366	35
2714276	3699744	58
1455265	3699744	58
3287899	4514417	6
1773172	1095366	35
1285602	1095366	35
4242837	3699744	58
1275829	2539768	38
1091309	3699744	58
1245995	2366400	71
163212	3699744	58
963818	2536419	80
401322	1095366	35
1095366	4541624	63
3828375	4514417	6
2519970	684722	38
4081762	4514417	6
3224303	1095366	35
621712	1095366	35
700555	4514417	6
2996013	2729052	77
114545	1526619	76
2366400	4413527	74
2357768	4160359	71
439740	3939687	74
1303046	3320467	76
2574764	2882215	74
2598236	3515944	71
1744765	3699744	58
3370610	1095366	35
3278501	1095366	35
3959499	1095366	35
3781463	4514417	6
646410	4171481	76
2366400	2911543	74
4413799	4514417	6
2136465	3699744	58
4162373	2401720	170
1645163	1095366	35
4010913	3050276	17
538726	2089031	519
3520917	301288	17
4164890	4514417	6
3552998	3699744	58
1440826	3699744	58
1414564	1095366	35
4370843	3699744	58
3044006	439740	71
874777	2574764	71
1141366	1088329	144
548684	1095366	35
4330760	439740	52
1960647	439740	71
980408	3699744	58
2450207	108247	72
4410533	1095366	35
198076	1095366	35
781827	1095366	35
3281589	3699744	58
2848388	3448374	38
2366400	304569	74
320844	1095366	35
1245995	439740	71
3912338	3699744	58
2827228	1095366	35
4385401	3699744	58
3803294	1095366	35
2402554	3699744	58
432546	1095366	35
587231	3699744	58
3413338	3699744	58
2006571	1095366	35
3603949	3699744	58
1689407	4514417	6
3454311	1095366	35
187605	3050276	17
209509	3699744	58
3294650	1095366	35
439740	3601564	74
4534544	1095366	35
439740	892322	74
1532266	3699744	58
439740	282362	74
1997491	3699744	58
759457	2366400	71
2734472	3699744	58
2778739	1095366	17
1743621	3699744	58
4580322	1095366	35
3289502	4514417	6
2825464	2366400	71
1476834	1095366	35
62411	2859450	80
2868912	3699744	58
4625774	3699744	58
2214036	1095366	35
2943674	439740	71
4582000	3050276	17
2574764	1801401	74
674069	439740	71
110218	3699744	58
581555	1095366	35
600694	1095366	17
2017762	2919220	59
3386683	3699744	58
530865	3699744	58
3938862	439740	71
1275829	3442308	38
1785350	1095366	46
2258534	445723	80
2574764	2366798	74
4644474	439740	71
4465228	439740	71
4160359	3516958	74
439740	614498	74
615276	2011871	77
1299890	1095366	35
3879753	1095366	35
2542300	4514417	6
3325627	439740	71
2574764	34384	74
1471586	1095366	35
439740	3374625	74
4320620	1095366	35
1477775	3515944	71
2328440	3699744	58
2775637	418565	31
905538	4514417	6
439740	1726195	74
717544	1095366	35
1053193	3699744	58
3305320	1095366	35
3470585	1095366	35
1457576	1095366	35
2979536	1095366	46
4428298	3050276	17
3083153	3699744	58
1981353	3699744	58
1850305	4514417	6
7919	3699744	58
3068517	1095366	35
4268929	3699744	58
3050276	1979298	38
3975157	1095366	35
492582	3699744	58
439740	3889574	74
905538	3050276	17
439740	3883802	74
1093470	4514417	6
1878725	3699744	58
3158340	1275829	32
2092996	2320505	80
3537637	1095366	35
4133837	3699744	58
2702722	4514417	6
800517	1095366	35
4202428	3050276	17
1902605	439740	71
4636295	1095366	35
4172779	439740	103
2721276	1095366	35
1502723	3699744	58
3829625	4514417	6
2397154	3515944	71
1095366	2072981	63
3288126	3699744	58
3986301	3050276	17
2574764	3393227	74
1354033	4514417	6
2015068	1095366	35
764661	4514417	6
2465364	3699744	58
1068548	3050276	17
4187443	2366400	71
439740	2149031	74
2862652	1095366	35
1242276	439740	71
2038216	3699744	58
2077341	1095366	35
766508	1095366	35
1351250	1095366	35
1803579	4514417	6
1420835	439740	71
3515944	2705023	74
993261	1095366	35
2594734	4514417	6
2574764	3136221	74
4454486	3505647	32
2125053	1095366	35
2244503	3699744	58
3549899	439740	71
1275829	2775637	38
2574764	1850305	74
2806760	3699744	58
2074071	439740	71
1241127	1095366	35
1627213	3699744	58
733501	3699744	58
3174003	1095366	35
439740	3280858	74
1568245	1095366	35
439740	9942	74
4221570	2574764	71
4633194	3699744	58
2574764	3171416	74
4114873	4160359	71
565420	3050276	17
774842	439740	75
3960205	2922379	108
1933051	439740	71
123088	1095366	35
723403	4514417	6
1757345	3699744	58
2938581	4514417	6
1933051	3050276	17
4467205	3699744	58
3226746	439740	71
439740	3415889	74
1705559	439740	71
2665598	1095366	35
2580431	4514417	6
439740	3350629	74
3540647	439740	75
2999190	1095366	35
439740	1328530	74
4298230	2366400	71
1650806	837647	72
2495541	1095366	35
1068548	439740	71
2786419	1095366	35
315411	3699744	58
3442308	439740	71
1036104	3699744	58
4107326	1095366	35
2332836	3699744	58
2224334	439740	52
2488415	3699744	58
2629564	2366400	71
1182873	1095366	35
439740	1598029	74
2240780	439740	71
3762499	3699744	58
4611145	3515944	71
1369357	3699744	58
1068248	3969307	80
2074561	1095366	35
1212627	3699744	58
2767495	3699744	58
1070926	2574764	71
1831176	439740	75
4629129	3699744	58
2456633	3699744	58
356778	2574764	71
70544	4514417	6
670165	632894	74
1275786	1095366	35
3615687	1095366	35
3985805	439740	71
2605531	1095366	35
1116084	1095366	35
1601975	3699744	58
1432305	1095366	46
1713283	3699744	58
2810331	3106348	1609
1068548	1275829	32
439740	308305	74
2622185	4514417	6
2333822	3699744	58
2878658	3699744	58
439740	3521408	74
1993382	1095366	35
627531	1988839	38
3416474	3699744	58
1477775	439740	71
2571173	3699744	58
3842142	1095366	35
299908	3699744	58
439740	2638030	74
4183220	3699744	58
1400861	1095366	35
2865921	3108666	143
3070724	1095366	572
544763	3699744	58
3515944	3219811	74
3298825	4514417	6
3660715	1095366	35
439740	2775637	74
2317748	1088670	17
4246566	1095366	35
439740	1128382	74
3964641	3223970	77
187605	3951038	72
2574764	4099444	74
1799523	1095366	35
3498536	3699744	58
1264222	4514417	6
2839749	3699744	58
2366400	3035357	74
3480022	4514417	6
20162	1095366	35
1095366	4155917	151
4190407	3939687	77
439740	4222100	74
2030108	439740	71
4005738	3699744	58
4611145	4514417	6
397652	3310617	77
2810627	3699744	58
4090907	3699744	58
3599444	4041410	79
97672	3699744	58
2562692	1095366	35
439740	1493329	74
1212030	1095366	35
3171416	4514417	6
4280958	3699744	58
2359882	4514417	6
3537920	1095366	35
1447221	439740	71
3679474	1095366	35
2366400	4450064	74
3805459	439740	52
2855151	3699744	58
4445261	3699744	58
1420587	3699744	58
620516	1095366	35
4573726	1596879	519
439740	2256442	74
3515944	2638030	74
3057068	1095366	35
3779027	3699744	58
713138	3699744	58
2577780	1095366	35
2366400	1101956	74
1769319	439740	71
266895	3699744	58
3821095	1221787	80
439740	3158214	74
3209658	3699744	58
4560882	1095366	35
3116952	1095366	35
1267475	439740	71
308305	3050276	17
2353944	3310617	38
319202	3699744	58
1065859	4514417	6
2104914	1095366	35
2309235	439740	71
3912338	1095366	35
2324647	439740	52
1231425	3699744	58
2574764	848632	74
1598029	439740	71
2511530	3699744	58
2679023	1095366	35
894722	439740	71
61746	1844794	72
2121357	3699744	58
3333701	3699744	58
2074071	301288	17
1581658	4514417	6
1025422	4514417	6
4269620	1095366	35
3699744	2176763	572
341329	1095366	35
2770096	1095366	35
2828181	3699744	91
1095366	245295	63
4646630	1095366	35
4190431	1095366	35
2323763	4207629	76
3118957	1095366	35
439740	2292905	74
2887056	3699744	58
1877833	4514417	6
1957761	3699744	58
3555207	1095366	35
284103	2574764	71
2879462	4514417	6
4486944	3699744	58
2335877	1095366	35
2555416	1095366	35
818192	2531393	71
3785986	2574764	71
3828669	1095366	35
2849615	1095366	35
4654906	1095366	35
439740	3503116	74
2428081	3699744	58
738054	1095366	35
4484273	3699744	58
3223970	284029	77
4127712	4514417	6
480450	1095366	35
1865312	439740	770
4491697	3699744	58
1418926	439740	71
2023550	3699744	58
4495959	1095366	35
439740	1476525	74
1934461	1095366	35
90979	3359586	38
1927855	1095366	35
1455829	439740	71
4155917	1221787	38
4266153	1095366	35
4450064	4514417	6
2281931	1095366	35
2436737	3699744	58
2574764	1282386	74
2845854	4514417	6
1275829	3879986	38
2246634	3699744	58
2366400	2082599	74
2821047	1095366	35
3821095	1095366	17
4611145	1432700	72
439740	4069833	74
3399751	1095366	35
383757	1095366	35
3594640	3699744	58
4095095	3699744	58
664821	1095366	35
21845	3699744	58
2612223	3699744	58
439740	1594319	74
1946033	3699744	58
27212	3699744	58
157232	4514417	6
439740	2104295	74
181630	1095366	47
439740	4019471	74
4079408	4514417	6
3861646	3050276	17
4358820	1095366	35
305445	2366400	71
475435	439740	71
988189	3699744	58
3739825	3699744	58
2426984	3699744	58
2933151	3699744	58
1062968	1095366	35
4653791	1095366	35
913105	1598029	80
3252018	3699744	58
2617424	1095366	46
2215347	3699744	58
439740	2318664	74
4320222	3699744	58
882705	1095366	35
2051514	3699744	58
2366400	1631165	74
2140305	301288	17
3479145	3699744	58
1275829	3723234	38
1991965	2366400	71
3455454	1095366	35
1780212	3699744	58
439740	3687797	74
2348565	1095366	35
1890105	4514417	6
1182689	3050276	17
1709080	3699744	58
3651518	439740	71
1364464	3699744	58
2891531	1095366	35
1095366	2700130	63
1275829	763141	38
2574764	127793	74
446465	439740	71
4582000	439740	71
439740	1135536	74
439740	3261391	74
500835	1328530	72
3982249	1095366	35
1649017	4514417	6
2005565	3699744	58
3282892	4514417	6
3774585	3699744	58
2241901	111322	76
1636785	1095366	35
3617430	670165	71
4617734	3699744	58
1343154	4514417	6
4559835	307598	72
376512	3699744	58
1010110	1095366	35
1385086	2982991	32
2859029	1024629	285
2310181	3699744	58
1275786	3699744	58
1254957	1095366	35
4156167	3699744	58
4315135	3699744	58
1095366	42899	63
4125304	1095366	35
4067930	4514417	6
45419	1095366	35
1581658	8186	80
439740	930106	74
397652	4514417	6
3295664	4435729	82
2895265	301288	17
2363689	1095366	35
1190874	1095366	35
2887056	1095366	35
2145016	4514417	6
4531455	1095366	35
2366400	3480022	74
2574764	4428950	74
1663596	1095366	35
2853685	4514417	6
77289	1095366	17
1238569	1095366	35
333415	3699744	58
1119086	3699744	58
450320	2289834	76
1152121	1095366	35
1691419	1095366	35
1770166	439740	71
3723642	1803579	80
3442308	3515944	71
1095366	1675892	101
872648	439740	71
4164890	2729052	79
3280858	3075619	79
3939687	4190407	79
614498	3050276	17
3811244	1095366	35
3743036	1095366	35
1762047	3699744	58
77341	1095366	35
2760690	4514417	6
4259375	3699744	58
3104640	212674	422
3987835	3050276	17
2366400	3219498	74
2366400	1979298	74
2161686	3699744	58
3366458	4514417	6
2536762	3699744	58
714716	3699744	58
1095366	318123	18
2767495	1095366	35
3118192	1095366	46
4125755	1095366	35
3860282	1095366	35
3049765	1095366	35
1256378	1095366	35
1509113	439740	71
1335460	1095366	35
925381	439740	71
3853953	1095366	35
439740	3457283	74
3552900	3699744	58
4050568	1095366	35
1242141	1095366	35
1242276	4514417	6
2063419	4514417	6
293992	3050276	17
2919474	4514417	6
2792130	3699744	58
763141	3050276	17
3515944	3631050	74
1027510	485633	80
3714027	3699744	58
4654412	3699744	58
439740	2539768	74
1154259	3699744	58
3224303	3699744	58
368844	1095366	35
3843322	1095366	35
2027839	1095366	35
3549899	2763565	77
36255	4514417	6
700125	4514417	6
4014868	1095366	35
339028	3699744	58
1095366	853046	240
1859907	1095366	35
3662142	439740	71
4120151	1095366	35
109669	3699744	58
2191248	1095366	46
2574764	1753501	74
3964641	3549899	79
4541799	3515944	71
2156770	4514417	6
451535	3699744	58
602458	1095366	35
525649	4304354	38
1942	2366400	71
1562578	1095366	35
2503586	3699744	58
3793511	3699744	58
4182691	1095366	35
2480212	439740	71
2260276	4514417	6
4618451	1095366	35
2867953	4514417	6
1014641	3699744	58
4471233	3699744	58
1079126	3699744	58
3047052	3699744	58
3700985	439740	71
2102021	3699744	58
1569110	3050276	17
439740	1501136	74
3846806	3699744	58
2492936	2613377	71
4654661	4514417	6
298279	3374625	73
1348161	439740	75
439740	3599444	74
1619509	4514417	6
1395874	4514417	6
1346591	2574764	71
2594734	2574764	71
2429650	3699744	58
4595851	1555039	73
1778248	2174725	80
2479557	3699744	58
1596879	3897627	440
1567079	1095366	35
439740	4010913	74
439740	3121559	74
3939687	1084810	79
4049879	3699744	58
2544673	1095366	35
564776	3699744	58
1192785	3699744	58
4120834	3699744	58
996009	1095366	35
87602	4514417	6
3901269	1095366	35
3939687	4249059	79
3186219	3050276	17
1210804	3699744	58
4205668	4514417	6
2700099	3699744	58
4151352	2519970	32
1936586	439740	71
2610428	1095366	35
1469409	2104295	77
4625774	1095366	35
2875814	1095366	35
4376296	1095366	35
4077617	1095366	35
1719119	3699744	58
1025422	2308956	72
439740	19318	74
1113339	3699744	58
949480	2366400	71
4469601	1095366	35
2119148	1095366	35
3342352	439740	71
4537793	633247	72
2357768	3050276	17
3426020	3699744	58
2705023	3515944	71
3430199	4514417	6
2327736	3699744	58
2574764	4645705	74
2506307	117875	38
3414705	4514417	6
2104914	3699744	58
2793711	1095366	35
2171373	439740	71
979170	3699744	58
2465364	1095366	35
3480022	2366400	71
2034482	3699744	58
258785	1095366	46
439740	4476651	74
1193874	3699744	58
1182689	2366400	71
3040754	2848388	31
3549899	3515944	71
1688262	2308056	80
439740	4445398	74
4133681	1095366	35
3092523	4514417	6
3448374	2366400	71
594989	1095366	35
2379988	4514417	6
2458324	3699744	58
3402304	4514417	6
3353998	1095366	35
1095366	853046	63
1235485	1095366	35
131879	3699744	58
3706419	4514417	6
1150817	4514417	6
3515944	3361261	74
3425346	1095366	35
3828375	3939687	77
4213913	439740	71
3304918	1095366	35
2576515	1095366	35
317597	3699744	58
2948885	478478	80
4212037	1095366	35
4449518	1095366	35
471000	3699744	58
907661	1095366	35
1536907	439740	71
1359990	3699744	58
3448374	2848388	32
233251	3699744	58
3373654	2832092	72
3762635	2366400	71
1578345	1095366	35
4352014	3699744	58
1960073	1095366	35
3639499	3964641	79
4476651	301288	17
1088329	3273097	148
562171	1095366	35
3529538	3699744	58
78459	1095366	35
4445398	3050276	17
2967136	1095366	35
439740	3342352	74
2336690	1095366	35
3461406	1095366	35
4327290	3699744	58
620337	1095366	35
2339973	1095366	35
437158	3050276	17
1214480	4514417	6
3152801	3699744	58
3409388	492689	74
2979536	3699744	58
4635182	1095366	35
1679883	3699744	58
705707	1095366	35
3679474	3699744	58
935713	4514417	6
4567759	1095366	35
1320273	774656	72
4614556	2087487	38
2574764	1745636	74
1192785	1095366	35
2366400	3798808	74
1681921	3050276	17
936569	3699744	58
1633722	3699744	58
1650806	4514417	6
4525717	3699744	58
3432683	2574764	71
2436737	1095366	35
1336609	4595851	143
1594319	3969985	76
1391750	3699744	58
656570	4514417	6
1060803	4514417	6
4419102	1095366	35
4007856	3699744	58
1486606	1095366	35
91332	1095366	35
2574764	543102	74
3911963	439740	75
2221249	4514417	6
308305	2850627	80
4160359	933260	74
226013	1095366	35
2119988	3701712	38
3255789	1095366	46
95930	1095366	35
396929	3699744	58
2269625	1095366	35
2140305	2366400	71
439740	1044241	74
635957	4514417	6
308305	4514417	6
3165535	2574764	71
2149412	4010913	72
3631006	439740	71
4476651	4514417	6
2032935	3699744	58
2327957	1095366	35
2933151	1095366	35
2714417	1095366	35
4391898	3699744	58
579951	3699744	58
1152858	1095366	35
672096	1095366	35
3999998	3699744	58
2580431	2574764	71
2952107	2574764	71
1060404	3699744	58
1095366	902505	63
439740	3107200	74
2594414	2712745	72
2531393	2585051	74
439740	2865921	74
4065985	4514417	6
1750476	1095366	35
3615631	3699744	58
3860282	3699744	58
4595851	2473071	73
3805459	439740	75
439740	4217064	74
439740	2240857	74
439740	4263649	74
439740	1060803	74
439740	1028727	74
2740659	1095366	35
1095366	12600	256
909290	1095366	35
914879	3699744	58
1219496	3699744	58
3701712	667483	72
443761	1095366	35
4258048	3699744	58
3617430	4514417	6
3113325	3699744	58
2795552	1596879	519
680665	2366400	71
458376	4514417	6
1598029	913105	72
4497782	3699744	58
439740	1294703	74
1242276	670165	71
3092523	1800981	456
535181	4514417	6
3023131	4514417	6
1561547	2366400	71
3841014	1095366	35
1803269	3699744	58
867920	1095366	35
84652	4514417	6
596825	3699744	58
3403690	2574764	71
1399286	4514417	6
644606	1095366	35
1091309	1095366	35
1068548	2730434	76
3320467	439740	75
8186	3050276	17
2935642	1095366	35
4249707	3699744	58
3150866	1095366	35
643458	3699744	58
3761690	3699744	58
4581893	3699744	58
3966331	1095366	46
1316030	3699744	58
4525717	1095366	35
523275	413310	38
3790154	1095366	35
3655728	439740	71
1095366	2269625	63
2366400	348409	74
3992194	3699744	58
4360296	495577	80
3515944	483341	74
3350218	1095366	35
3402771	1095366	35
1095366	4468499	63
2104295	3050276	17
762566	3699744	58
3137931	1095366	35
133052	1095366	35
3249323	2867599	72
2366400	680665	74
2478994	3699744	58
2604769	3482528	76
3347592	3770071	74
3052727	1095366	35
2003949	1095366	35
4413527	2928237	80
4007992	3699744	58
3283926	3699744	58
2185094	3699744	58
439740	370391	74
549816	3050276	17
293121	3699744	58
793911	2366400	71
2366400	3261391	74
3642448	3699744	58
3525013	1095366	35
1691419	3699744	58
621712	3699744	58
626564	1095366	35
1378311	4514417	6
2684947	4514417	6
902505	1095366	46
662052	3699744	58
3217693	1095366	35
2978005	439740	71
1286100	1095366	35
3970798	549816	80
2865921	4590758	71
2574764	2647045	74
3922167	1095366	35
207986	3699744	58
4387795	1095366	35
4008014	1095366	35
3956442	1095366	35
1099427	2092996	128
3158340	3995000	72
4345826	3699744	58
1772211	3699744	58
1986797	3699744	58
437778	4514417	6
988189	1095366	35
3453259	3699744	58
4280580	2519970	32
4155917	1095366	24
3196540	1095366	35
3764099	3699744	58
774656	3409388	71
1764097	1095366	35
71417	4514417	6
3630428	3505647	17
2982991	1385086	38
1719971	3699744	58
145556	3699744	58
1708916	3699744	58
824950	3050276	17
2403464	1095366	35
439740	876817	74
4269620	3699744	58
439740	3289502	74
2104295	1469409	79
1896940	1095366	35
4016391	4514417	6
3404999	1095366	35
2308249	3699744	58
1999236	439740	52
3956615	1095366	35
1060803	1088670	17
2859029	4136771	166
2289294	3699744	58
439740	3295664	74
1978594	3699744	58
725331	3699744	58
1138418	3699744	58
2784082	439740	71
4259812	4514417	6
3428833	1095366	17
720573	3040754	213
4564297	2366400	71
2355133	1095366	35
439740	883512	74
4472101	3050276	17
3893158	674069	80
386358	3699744	58
2907641	3515944	71
2074202	1095366	35
1877622	439740	71
1095366	3118192	63
2441589	3091492	80
1095366	627531	1713
306670	1095366	35
4380150	3699744	58
1241127	3699744	58
4271490	1095366	35
4427838	439740	71
4204410	3699744	58
3252018	1095366	35
3930627	3699744	58
211669	1095366	35
3347592	3630428	74
2211521	3699744	58
3599444	3340319	79
4068253	2952295	782
959976	3699744	58
2843030	1095366	35
439740	3903410	74
2115203	1095366	46
4083603	3699744	58
3652528	2366400	71
412345	3699744	58
4567759	3699744	58
611777	2366400	71
2909509	3699744	58
439740	883503	74
1774563	3699744	58
1886062	3050276	17
426076	1095366	35
930541	3699744	58
2538484	3699744	58
484791	3699744	58
2085385	439740	71
3515944	4217064	74
2209647	3699744	58
3039408	4514417	6
1877622	2366400	71
4514673	4514417	6
4368880	3699744	58
2344017	439740	71
1268412	4514417	6
481604	3515944	71
156862	3699744	58
3770071	439740	71
1340538	1095366	35
2563479	4514417	6
3965433	3699744	58
1401353	1095366	35
4502843	439740	71
2069413	3699744	58
1923689	538726	1052
3273671	3699744	58
318123	2092996	38
1458969	1095366	35
307598	439740	71
318621	1095366	35
774684	2875370	338
3577709	1095366	35
3569455	4599547	4639
248692	572326	77
1889269	439740	71
2907641	439740	71
439740	1506835	74
2502200	3699744	58
77289	4595851	143
2909363	3699744	58
2215143	1095366	35
576794	3699744	58
2975115	3050276	17
1275829	3699149	38
450320	439740	71
540140	3699744	58
704667	3824689	80
2574764	3518704	74
2366400	358638	74
2574764	550695	74
774684	4514417	6
2277754	3699744	58
2795520	4514417	6
882705	3699744	58
637370	1095366	35
272662	2422449	118
2194289	2574764	71
1528907	1095366	35
2574764	773326	74
2085783	1095366	35
2802542	439740	52
4221570	4514417	6
4549088	4514417	6
3515944	3040754	74
892322	3050276	17
3212548	3699744	58
4201626	4514417	6
3699149	2366400	71
4171481	439740	75
296980	1095366	17
1267475	4514417	6
4016391	439740	71
911762	439740	75
586626	1095366	35
1335926	1095366	35
1095366	58886	63
3599432	1095366	35
3704494	3699744	58
3559	1095366	35
3273097	774684	144
2033230	1095366	35
2574764	2308863	1321
4022987	3699744	58
1982852	3699744	58
4371113	3699744	58
3715801	4079408	80
1754923	1095366	46
2821502	1095366	35
1825300	439740	71
2054708	3699744	58
439740	707890	74
2279189	1095366	35
1902605	4514417	6
4041410	3599444	77
698017	1095366	35
2881662	3699744	58
2157048	1095366	35
2328171	4514417	6
1502819	1095366	35
2566869	3699744	58
1536907	4514417	6
1538191	1095366	35
2281093	3089381	76
1106410	1095366	35
4133681	3699744	58
3938862	2982991	32
3327711	1095366	35
4187849	1095366	35
359949	1095366	35
4022275	439740	75
2847525	1095366	35
597172	4514417	6
3068517	3699744	58
2894546	3699744	58
513030	1095366	35
2708943	1095366	17
2574764	4150955	74
1493292	1095366	35
2159155	1095366	35
1347103	1095366	35
2666484	3699744	58
1821924	1095366	35
3619458	1095366	35
1505009	1095366	35
57770	1095366	58
3296992	3699744	58
2199017	3699744	58
2466064	3699744	58
2689984	1095366	35
439740	1582730	74
2911543	2848388	32
2881715	1705852	80
627978	1095366	35
3040754	2366400	71
2276948	3699744	58
1800811	1095366	35
731421	3699744	58
2366400	1582730	74
117875	2506307	32
1833034	3699744	58
4134530	3699744	58
2291391	4514417	6
3814059	2366400	71
3519817	1095366	35
57770	1095366	35
1095366	1773172	63
444764	3699744	58
1078551	1095366	35
1384700	4514417	6
1135588	4514417	6
439740	1303046	74
439740	3824689	74
1001649	1095366	35
1521289	1095366	35
439740	3416021	74
1482717	3699744	58
2574764	1405429	74
61103	1095366	35
2810627	1095366	35
2492936	4514417	6
3603649	2397747	319
1911639	3699744	58
1599285	1095366	35
2489388	1095366	35
4125304	3699744	58
3266399	4514417	6
4470020	1095366	35
2839749	1095366	35
456022	2366400	71
4333265	3699744	58
1579726	3699744	58
2444260	3699744	58
1596879	2397747	440
2336932	3699744	58
2631489	3699744	58
439740	633247	74
2366400	2455282	74
427923	3699744	58
1928428	4514417	6
3005958	3050276	17
1095366	3464958	63
1517642	3699744	58
4386656	301288	17
4445398	439740	71
452614	3699744	58
2714417	3699744	58
1095366	2191248	63
2617424	1095366	35
2100992	4514417	6
3334677	4527408	166
3964641	670165	71
471981	4514417	6
2641974	1095366	46
3486181	3699744	58
2947533	3699744	58
2166700	3699744	58
439740	4117698	74
3405419	1095366	35
1252678	4514417	6
3939687	4327463	79
173147	2011871	77
439740	3595716	74
1841705	1095366	35
1275829	4644474	38
1633722	1095366	35
1005606	3699744	58
2192895	1095366	35
2332836	1095366	35
3646870	4215745	76
3477822	1095366	36
2843030	3699744	58
759457	3050276	17
759457	4514417	6
2325673	1095366	35
4423099	439740	52
1039729	3699744	58
1800981	2556761	79
2210736	1095366	35
2201292	3699744	58
2186450	3515944	71
4623224	1095366	35
3334677	439740	71
2911543	439740	71
92956	3699744	58
536683	1095366	35
3865382	4514417	6
439740	2323199	74
439740	3584719	74
2893445	1095366	46
3598655	3699744	58
1570329	1044241	80
43343	1095366	35
2366400	3031826	74
4595851	2227200	73
1486606	3699744	58
840523	1095366	35
2257763	1890105	72
4212037	3699744	58
744244	3050276	17
2803445	1095366	35
2678362	1095366	35
1490548	1095366	35
1167912	1095366	35
3272395	3699744	58
1901109	1095366	10
670165	3549899	74
3035357	439740	71
439740	499375	74
2629564	439740	71
2366400	4081762	74
1095366	3711029	63
2059506	1095366	35
979330	3699744	58
1310485	3699744	58
4385401	1095366	35
434006	3699744	58
3893158	4514417	6
1311732	454969	80
224230	3699744	58
3637007	1095366	35
2135844	1095366	35
3212548	1095366	35
439740	2171373	74
1182689	720573	166
283367	1095366	35
2192895	3699744	58
3769863	1095366	47
3719364	3699744	58
3926181	439740	71
3161773	439740	52
3940721	1095366	35
4595851	3984490	73
4600192	4514417	6
3381563	2366400	71
2645887	1095366	35
623846	2809173	143
2408344	1095366	35
4188257	1095366	46
1088670	1465621	38
2210736	3699744	58
439740	2598236	74
2629564	4514417	6
2045760	2574764	71
538900	4514417	6
3555207	3699744	58
2832363	3699744	58
2616274	1095366	35
2149412	4514417	6
714026	1095366	35
2209647	1095366	35
2990217	1095366	35
439740	970449	74
3107200	4514417	6
1812962	3699744	58
3587385	3699744	58
439740	1968020	74
4125543	1095366	35
3584719	4514417	6
1053875	1095366	35
3018124	1095366	35
4600293	4024311	80
3095997	3699744	58
1593563	2366400	71
339056	1095366	35
2776949	3699744	58
3635720	1095366	35
627418	1095366	35
194472	4127712	72
4597295	4514417	6
1252678	3310617	77
3480022	3515944	71
1420835	2366400	71
3945162	4514417	6
3310617	1197710	79
2072981	3699744	58
3631050	439740	71
4511693	1095366	35
3963672	439740	71
1150817	2260276	77
673998	1095366	35
77341	3699744	58
3442897	4514417	6
1800981	4514417	6
3221093	3699744	58
1853755	439740	71
3926181	4514417	6
439740	1705609	74
2153747	1095366	35
439740	841764	74
1250120	3699744	58
4445398	1846617	80
1552068	4514417	6
2366400	837647	74
2327853	1095366	35
2639182	1095366	35
2626063	4514417	6
439740	744244	74
2221249	3939687	77
3814059	3050276	17
985454	1095366	35
3347592	3035357	74
2847360	3699744	58
988513	3699744	58
3009092	3699744	58
2391234	3699744	58
800533	1095366	35
1725064	3699744	58
3063274	439740	71
3879986	3515944	71
439740	235918	74
2269625	1095366	46
1232667	1095366	35
3893086	439740	75
465832	3699744	58
3121559	439740	71
2536419	3050276	17
478478	1552068	80
4365683	4514417	6
2397413	1095366	35
3461047	3699744	58
4454486	4514417	6
439740	346848	74
61746	3050276	17
2015905	1095366	35
3871720	4514417	6
1157240	4514417	6
1182873	3699744	58
1526284	1095366	35
3419345	3699744	58
249630	3699744	58
828032	3699744	58
2574764	1483048	74
476716	3699744	58
3765143	3699744	58
351695	3699744	58
133571	3699744	58
500835	4514417	6
2574764	4023279	74
1725064	1095366	35
956700	1095366	35
4277782	1095366	35
2750759	3699744	58
2533795	4514417	6
1853755	331735	76
894722	2919220	59
4595851	1518041	73
3735965	2366400	71
4450695	3699744	58
4095231	1095366	35
1206380	3699744	58
2574764	4654661	74
3114198	439740	71
3720045	3515944	71
34324	1095366	35
1527713	3699744	58
3682056	1095366	35
3325627	4514417	6
3824689	72854	80
538940	3699744	58
1561547	4514417	6
629838	439740	71
2846012	3699744	58
1118440	3699744	58
43343	3699744	58
2291152	1095366	35
495577	1275829	32
3092523	1877622	456
4010913	2149412	80
4586962	3699744	58
4645705	4514417	6
3823267	3700985	77
945726	1095366	35
457528	3699744	58
876570	3699744	58
2015068	3699744	58
1638411	439740	71
213470	2982991	32
1732094	3699744	58
2380659	3699744	58
439740	1924356	74
3935909	3505647	17
3515944	4374185	74
456022	4514417	6
2767515	4514417	6
3121109	1095366	35
2366400	2063419	74
4376951	1095366	35
3461047	1095366	35
2890013	439740	71
3515944	3720045	74
3347222	4514417	6
3798808	439740	71
4410533	3699744	58
622951	3515944	71
1840691	1275829	32
3659996	3699744	58
227556	1095366	35
952633	1095366	35
2784298	3699744	58
3560916	4514417	6
2176763	3699744	91
1095366	1515610	18
282362	4514417	6
2366400	3664887	74
584608	3699744	58
2858208	1095366	35
1095366	3363943	63
4264793	4514417	6
3549899	444454	79
1488024	4595851	143
439740	413310	74
3507997	439740	52
4518690	1095366	35
1991965	439740	71
2358197	3050276	17
4160359	3219811	74
1690735	1596879	519
3482528	439740	75
439740	910820	74
702605	3050276	17
1284507	301288	17
2867194	4514417	6
3399843	4514417	6
4599547	1275829	32
1072910	3699744	58
1817158	3699744	58
4155322	3699744	58
1181485	3699744	58
2977477	3699744	58
3158520	1095366	35
3247542	3699744	58
1367582	1095366	35
481604	439740	71
431994	4514417	6
186054	3505647	17
2722317	4514417	6
47266	1095366	35
2700130	3699744	58
2574764	635957	74
145938	439740	71
2344017	2538954	80
3711512	3699744	58
2650165	3699744	58
439740	1267475	74
543548	439740	71
1095366	1073236	63
102970	1956033	72
145938	3050276	17
2284272	3699744	58
3617430	3515944	71
2871962	3699744	58
2366400	2174725	74
4158563	4514417	6
2712059	3699744	58
198076	3699744	58
3903410	4514417	6
1076910	4514417	6
3421150	3223970	79
61746	4514417	6
2421710	439740	71
360369	439740	71
3235309	4514417	6
566816	1095366	46
3409388	2497057	74
305576	439740	71
446465	4514417	6
887652	4514417	6
876570	1095366	35
2366400	1420835	74
3437999	3374625	959
3482832	3699744	58
2238256	1095366	35
439740	498779	74
1439771	3699744	58
2982991	131553	38
3617430	2366400	71
2598236	4002267	71
4002267	3088096	74
3601564	2848388	32
2081438	4514417	6
19318	4514417	6
2366400	4427838	74
516878	3699744	58
2927071	1095366	35
439740	3652528	74
3515944	3926181	74
952633	3699744	58
4175768	4514417	6
3993249	1095366	35
2685909	3699744	58
883503	301288	17
2784082	3050276	17
4006187	4514417	6
692812	3699744	58
1418059	3699744	58
2366400	2539768	74
443435	4514417	6
439740	3664887	74
2312389	3699744	58
439740	3700985	74
3444099	1095366	35
4057927	3939687	77
3216655	1095366	35
534246	1095366	17
1285602	3699744	58
1897293	4514417	6
1923689	516255	986
4376296	3699744	58
2857149	1095366	35
1712571	3050276	17
3863834	1095366	35
62687	3699744	58
2702018	4514417	6
2462039	3699744	58
2994701	4514417	6
3442308	4514417	6
3530596	1095366	35
4061395	3699744	58
3275303	301288	17
3726204	3699744	58
4333265	1095366	35
823852	1095366	35
439740	2431197	74
439740	2895265	74
1719901	1095366	35
3515944	1447221	74
3310184	3699744	58
869272	1095366	35
2368981	439740	71
1330949	1095366	35
983306	3050276	17
3362772	4514417	6
2291177	1095366	35
2921692	4590758	71
1946245	1095366	35
2114032	3699744	58
3515944	2017762	74
2015905	3699744	58
799442	3699744	58
4100920	3699744	58
439740	3381563	74
1616678	3699744	58
3365181	3699744	58
2193783	1095366	35
1275829	744244	38
2583026	4514417	6
2262683	4205668	456
439740	495577	74
1688262	4514417	6
3515944	3601564	74
3964641	2919220	59
1178416	2848388	32
2906183	1095366	47
747775	1095366	35
1877622	1978743	72
1469409	4514417	6
499375	2675890	17
2506146	2366400	71
700125	3314207	80
1861331	1095366	35
2574764	3830259	74
4162373	670165	71
3764703	3699744	58
2536419	2828993	80
2519970	4280580	38
3939687	2500415	79
439740	774684	74
1969771	3699744	58
439740	1244154	74
1455829	4514417	6
2574764	2408920	74
735122	439740	71
439740	2978005	74
773326	2574764	71
3788176	2865921	142
4111515	3699744	58
3515944	3314207	74
1461890	1095366	35
2005488	3699744	58
2414683	1095366	35
707890	4514417	6
4042906	1095366	35
439740	1221787	74
3515944	2291391	74
4077473	3699744	58
2943674	1088670	17
2935642	3699744	58
2862894	3699744	58
2574764	839229	74
2366400	3342352	74
1730510	3699744	58
674069	1273900	71
3693803	439740	71
1616678	1095366	35
3847082	4514417	6
4237562	3699744	58
1822009	3699744	58
439740	3521545	74
2893445	3699744	58
4457709	1095366	17
2512270	1095366	35
2773877	1095366	35
4410949	3699744	58
4135636	439740	71
4202428	4514417	6
3791612	1095366	35
439740	3701712	74
902505	1095366	35
2988964	3699744	58
4191835	3699744	58
2366400	3158340	74
3788176	1095366	35
248692	3549899	77
2574764	442542	74
1095366	3021527	63
4443135	4514417	6
656373	3699744	58
959589	439740	52
1628927	3699744	58
3554056	439740	71
3769863	3699744	58
3889574	3050276	17
2555416	3699744	58
1291952	1095366	35
656373	1095366	35
978319	3699744	58
4066290	4514417	6
4106038	3699744	58
1627248	1781003	76
2700099	1095366	35
1892065	1095366	35
3930627	1095366	35
1735956	4514417	6
2721276	3699744	58
540140	1095366	35
3104640	1099427	115
1027510	3050276	17
2088568	3699744	58
32836	3699744	58
2308056	4514417	6
1273900	674069	74
1596879	4573726	440
52901	3699744	58
4399693	1095366	35
4582000	4514417	6
1219496	1095366	35
2531393	2221335	74
1569801	3699744	58
1635088	1095366	35
3979806	3050276	17
1005606	1095366	35
3480022	439740	71
3964641	2988965	77
3081401	1095366	35
1952797	4514417	6
307910	3699744	58
3636600	1095366	35
2217492	1095366	35
4623391	3699744	58
2104295	3612535	79
538726	4245727	162
4358068	1095366	35
1927636	3699744	58
2092996	318123	32
4445398	4514417	6
1877447	3699744	58
2366400	2775637	74
4496384	3699744	58
3900037	3699744	58
4052763	439740	71
864887	3699744	58
1107398	3699744	58
646410	439740	71
3261391	3050276	17
4182169	1095366	36
1800981	439740	71
3699744	1459370	572
426076	3699744	58
2634430	1095366	35
1052782	3699744	58
4595851	3733096	73
1845451	4514417	6
3600855	3699744	58
1931493	4514417	6
439740	2784082	74
3655955	3699744	58
2913158	4514417	6
1001833	1095366	46
2366400	3651518	74
876048	3050276	17
392955	1095366	35
1902663	3699744	58
632677	1095366	35
2403464	3699744	58
2713700	3699744	58
2775637	439740	71
750512	1931493	80
930106	439740	71
2238354	3699744	58
439740	3865382	74
3443080	3699744	58
439740	3186219	74
3277473	1095366	35
2734472	1095366	35
1889130	3699744	58
756901	1095366	35
4582000	301288	17
2017762	4514417	6
1095366	3966331	240
4512086	1095366	39
594989	3699744	58
2160188	3699744	58
1070926	4514417	6
439740	1561547	74
1095366	2621428	1009
1750444	3699744	58
2230748	2574764	71
759457	439740	71
3278501	3699744	58
1478775	1368498	72
3221141	4514417	6
2005565	1095366	46
3599444	4022275	76
979330	1095366	35
2638109	4514417	6
3601811	3699744	58
4491792	1095366	35
1596879	4183795	440
3119764	1095366	35
717368	4514417	6
2597321	1095366	35
2072981	1095366	35
3871036	3699744	58
2766361	1095366	35
439740	1877622	74
2441589	1735956	72
2574764	284103	74
4595851	4603435	73
3827974	1095366	35
1022032	1095366	35
4611145	439740	71
3659280	1095366	35
2282436	1095366	35
3158214	439740	71
51277	4514417	6
154127	1095366	35
127793	4514417	6
2851677	3699744	58
1865312	376290	74
1764645	3699744	58
1745636	2574764	71
3515944	2832092	74
4367475	4514417	6
2196006	1095366	46
439740	2140305	74
1111512	1095366	35
4253535	1095366	35
4454486	348595	76
187058	1865312	71
1525145	3699744	58
1618466	4514417	6
448276	3699744	58
595517	3409388	71
704667	4514417	6
1346591	4514417	6
2880743	1095366	35
2941089	1095366	35
148034	1095366	35
439740	3866469	74
3723642	3347592	71
2457834	3699744	58
2605233	3699744	58
2540122	2574764	71
875364	3699744	58
4002267	1924356	74
1095366	2408344	63
3950124	3699744	58
439740	949115	74
774656	3050276	17
2613377	2533795	74
213470	4514417	6
1877622	4514417	6
1896652	3699744	99
1901942	3699744	58
3504178	1095366	35
4247748	3699744	58
439740	481604	74
3860949	3699744	58
433529	1095366	35
1200332	1095366	35
4222556	2309235	72
3040754	439740	71
2605275	1095366	35
391359	3699744	58
3409388	633247	74
439740	1311732	74
250309	1095366	35
4629129	1095366	35
1334752	3699744	58
4454486	439740	71
2796264	3699744	58
2357768	3515944	71
145938	3515944	71
1275829	2257763	38
2517965	3699744	58
439740	2541581	74
1457861	1095366	46
1561547	1901109	205
439740	3363181	74
292430	255793	1176
4599547	670165	71
4304354	439740	71
3582107	439740	71
2435913	1095366	35
1095366	971695	63
722009	4514417	6
1667680	2366400	71
3263660	3699744	58
3602455	1095366	35
945726	1095366	46
147183	1095366	35
907661	3699744	58
1770166	4514417	6
3194191	1095366	35
1275829	3964641	38
2557440	1095366	35
536616	1095366	35
2161114	3477822	78
1884352	1095366	35
4405861	1095366	35
4284454	301288	17
4010913	3347592	71
936569	1095366	35
2645887	3699744	58
236011	4514417	6
1621138	1095366	35
2366400	949480	74
1483048	2574764	71
3515944	4413527	74
4155322	1095366	35
764661	2366400	71
3131128	1095366	35
4065552	3699744	58
3158520	3699744	58
4202103	4514417	6
390232	3699744	58
1902605	720573	166
439740	306655	74
2574764	2879462	74
1521289	1095366	46
4471005	3699744	58
1095366	1900299	63
580929	1095366	35
1707693	3699744	58
2574764	711141	74
2366400	4165087	74
2557440	3699744	58
1614542	1095366	35
1719971	1095366	35
3811244	3699744	58
2270119	3699744	58
4655825	3699744	58
439740	3735965	74
3515944	2051812	74
2782109	3699744	58
3810442	1095366	35
2671743	3699744	58
209801	4514417	6
3486399	1095366	35
4635182	3699744	58
439740	3361261	74
1769748	3699744	58
2823828	2801540	224
3065405	4514417	6
2459838	4514417	6
3334998	3515944	71
1244154	4514417	6
544763	1095366	35
3723642	4160359	71
996009	3699744	58
2556761	4514417	6
1058589	3699744	58
2331362	3699744	58
3335898	1095366	35
914879	1095366	35
3751162	1095366	35
471000	1095366	35
2366400	2480212	74
3793511	1095366	35
4215745	439740	75
3363181	439740	71
87602	439740	71
3893566	3699744	58
2539768	2366400	71
1688985	1095366	46
3932652	3699744	58
2011871	3065546	79
662074	1095366	35
2557326	439740	52
3254926	1095366	35
3720045	439740	71
502238	1095366	35
4070086	439740	71
305576	3050276	17
2839106	439740	71
2056701	3699744	58
2045760	3515944	71
383757	3699744	58
698017	3699744	58
3439270	1095366	35
1331816	1095366	35
4603435	1095366	17
3429130	1095366	35
1742414	4514417	6
3515944	4081540	74
2857149	3699744	58
1598029	3515944	71
2402280	1095366	35
2366400	1598029	74
29511	3699744	58
4235508	1095366	35
3515944	426056	74
2864542	3699744	58
439740	3334998	74
4413527	1275829	32
476716	1095366	35
187058	4514417	6
1426651	2574764	71
1284922	3699744	58
1645163	3699744	58
3279628	1095366	35
3262161	1095366	35
3980132	3699744	58
439740	3662142	74
1577624	1095366	46
3245386	3699744	58
4616978	3699744	58
1332505	1095366	35
2970102	2574764	71
2056529	614498	72
3852139	1095366	35
2287752	1095366	35
4425336	512516	80
3549899	1718671	77
1993382	3699744	58
2725009	3699744	58
1887896	3699744	58
4160359	2357768	74
1866976	1095366	35
2744265	3699744	58
1095366	627531	256
4213913	4514417	6
2721474	1095366	35
2879603	4114873	80
439740	1483429	74
2857200	3050276	17
4199015	1095366	35
1750649	1095366	35
2959403	1095366	35
2678425	3699744	58
3294694	4514417	6
3740743	3699744	58
2366400	1593563	74
685663	3699744	58
2762664	4518842	76
4111515	1095366	35
2508872	4514417	6
2446448	3699744	58
3970599	439740	71
439740	1368498	74
3002573	3699744	58
4120834	1095366	35
1193874	1095366	35
3448374	3050276	17
2704371	1095366	35
1222714	1095366	46
1681921	439740	71
2701766	1095366	17
2366400	1800981	74
3884348	1088670	17
1311732	2675890	17
1095366	2617424	63
2729052	45555	77
857537	3699744	58
35165	1095366	35
774842	439740	52
480860	3050276	17
1233534	1095366	35
2186450	3347592	71
1431804	1095366	35
2307919	3699744	58
792883	439740	71
3870220	3699744	58
433542	3699744	58
1151442	2919474	80
1621400	1095366	35
4032373	1095366	35
633247	4537793	80
2131919	3699744	58
1965724	2594414	72
1254526	1095366	35
564938	3699744	58
439740	4067930	74
4643386	3699744	58
4051592	478478	72
2260276	1150817	79
861483	1095366	35
3174013	4514417	6
4595851	2778739	73
287889	1095366	35
700555	3515944	71
1764918	4514417	6
4044001	4514417	6
141958	1095366	35
899712	4160359	71
2911543	3235309	72
4474118	3699744	58
3518704	2574764	71
3828669	3699744	58
1593511	1095366	35
499866	1095366	35
3293719	1095366	35
1170966	439740	71
437158	439740	71
3980132	1095366	35
3470585	3699744	58
2941164	3699744	58
1773172	1095366	46
49197	4514417	6
4116421	4514417	6
439740	4557664	74
1197710	4514417	6
1769748	1095366	35
1493329	439740	71
2594414	4514417	6
2174725	439740	71
3281831	3699744	58
1731835	1095366	35
649880	3699744	58
3563779	3699744	58
439740	2289798	74
1095366	2114032	240
2858208	3699744	58
633822	4514417	6
2477255	1095366	46
413310	3050276	17
4160359	1384700	74
907940	3699744	58
1282386	4514417	6
495577	670165	71
2366400	443435	74
2558012	4514417	6
1275829	1593563	38
4213579	3699744	58
1963928	1095366	35
2506146	439740	71
4171481	439740	52
139772	3699744	58
1133846	1095366	35
3373654	4514417	6
986869	1095366	35
2477255	1095366	35
3134446	1095366	35
4100920	1095366	35
2545085	1095366	35
1877622	3092523	457
2631489	1095366	35
1128382	2828181	17
2727182	1095366	35
3549555	4514417	6
1420835	3050276	17
3871720	1088670	17
439740	1992484	74
1669587	1095366	35
3784254	1095366	35
3965433	1095366	35
1218767	3939687	79
1488024	1095366	17
1894616	1095366	35
439740	4202103	74
3515944	876048	74
142760	3699744	58
4094589	1095366	35
439740	4413527	74
108328	1095366	35
4330916	3699744	58
2069413	1095366	35
2516447	3699744	58
533654	1095366	35
1506835	4423099	76
439740	1120486	74
3479762	1095366	35
1582730	439740	71
2408920	4514417	6
268590	3699744	58
1948804	3699744	58
3143898	3699744	58
559473	1095366	35
1182689	4514417	6
167128	3699744	58
289488	3699744	58
299282	1095366	35
590200	4514417	6
4447066	3699744	58
45419	3699744	58
1465621	439740	71
3634880	3699744	58
2365029	3699744	58
1404696	1196493	87
3414414	439740	75
899712	1275829	32
2455282	934670	76
1556138	1095366	35
3158214	3050276	17
2104295	4514417	6
3515944	2045760	74
3416021	2366400	71
2762664	301288	17
107075	1095366	35
1095366	641336	63
1770166	3347592	71
1695825	3699744	58
3660715	3699744	58
4322389	3699744	58
2335624	1095366	35
2675909	3699744	58
3705990	1095366	35
303670	3050276	17
1957761	1095366	35
1899004	3699744	58
4068253	4514417	6
1899004	1095366	35
2574764	4249031	74
3576851	3050276	32
3970599	3673482	76
3389144	439740	71
2318664	439740	71
370124	3699744	58
3582107	3050276	17
439740	3420118	74
1385086	439740	71
2403624	4514417	6
3221157	1095366	35
1347694	1095366	35
3133954	1095366	35
625173	1095366	35
2366400	1151442	74
1842940	1095366	35
1095366	3378409	63
439740	8186	74
3021504	1095366	35
2854907	4595851	143
4213913	3050276	17
1441799	1095366	35
4089121	439740	71
1095366	2235368	63
2402280	3699744	58
3493361	1095366	35
1325880	439740	71
439740	1003724	74
1533780	3699744	58
2574764	2092099	74
3525013	3699744	58
3515944	1493329	74
2627953	439740	75
3050669	3699744	58
2470930	3699744	58
2218330	3883802	72
3291929	3699744	58
1933051	3515944	71
4595851	4650184	73
439740	445723	74
4069846	4514417	6
3472440	1095366	35
2935749	1095366	35
971695	1095366	35
3734130	1095366	35
3049765	3699744	58
1674035	1095366	35
3503405	1095366	35
3223970	3515944	71
2536974	439740	71
2459130	3699744	58
766765	1095366	35
1060803	439740	71
3495860	4514417	6
4343882	2366400	71
2431197	4514417	6
4304354	4514417	6
2431197	439740	71
2873400	3699744	58
439740	2308956	74
2308956	3050276	17
670165	495577	74
140200	1095366	17
2874196	4514417	6
3515944	4416082	74
2545624	3699744	58
2366400	2390322	74
2034482	1095366	35
224230	1095366	35
1219568	1095366	35
3992376	1095366	35
439740	4187443	74
128582	4514417	6
1803269	1095366	35
439740	1825300	74
1130994	1095366	35
1095366	672988	63
439740	2323763	74
439740	3282892	74
3096465	1095366	35
1258332	1095366	35
3065546	2011871	77
4392316	4514417	6
2224334	439740	75
439740	4556430	74
2319450	1095366	35
670165	3223970	74
2295498	3699744	58
4259168	3699744	58
4153103	4514417	6
523275	3883802	38
1565299	1095366	35
589453	3699744	58
282153	1095366	35
72854	4514417	6
194472	3050276	17
3515944	2257763	74
2639452	4514417	6
2366400	499375	74
2047621	1095366	35
258785	1095366	35
2574764	3785986	74
1467498	4514417	6
4160359	2536419	74
131097	3050276	17
1095366	829467	63
2982693	4514417	6
4547338	3699744	58
1936586	1281820	76
157232	3515944	71
3400084	1095366	35
1290291	3699744	58
3461982	2787432	80
439740	212674	74
1159624	1095366	35
4019270	3699744	58
439740	1093470	74
4021723	1095366	35
2867599	3249323	80
837647	2366400	71
57899	3699744	58
2620367	439740	71
531939	4595851	143
1106410	3699744	58
2509839	4514417	6
1688112	1095366	35
2474096	1095366	35
549816	439740	71
3987835	4514417	6
2480714	2574764	71
1593529	3699744	58
2860982	3699744	58
3835	2574764	71
4655825	1095366	35
4123584	2519970	32
3424043	439740	71
1095366	2512270	63
1095366	4317500	63
157232	3050276	17
4563288	3699744	58
653500	1095366	35
2540401	3699744	58
152613	3699744	58
1154433	1095366	35
4132274	1095366	35
2839106	301288	17
3721860	4514417	6
2414000	3699744	58
4131822	1095366	35
2400172	4514417	6
1842940	3699744	58
4280923	4514417	6
3219811	3050276	17
489701	1095366	35
1660439	1095366	35
2082599	3050276	17
3024369	4595851	143
4162373	685663	62
4242837	1095366	35
4436185	1095366	35
2630640	1095366	35
3228324	4514417	6
2886840	1095366	35
2104295	2632731	231
3515944	3310617	74
2233242	1095366	35
564938	1095366	35
1426330	1095366	35
3229252	1095366	35
1945269	1095366	35
3347592	1770166	74
580929	3699744	58
1048105	439740	75
3863834	3699744	58
3018124	3699744	58
439740	2450207	74
466099	2574764	71
1964930	4514417	6
3208196	4514417	6
314680	1095366	35
1978767	2366400	71
2928237	4413527	72
3458187	439740	71
708761	1095366	35
579086	1095366	35
1095366	2947489	18
2279189	3699744	58
3186232	1095366	35
2574764	1694160	74
4222100	1275829	32
1889269	2366400	71
4354551	4514417	6
4549331	1095366	35
3892116	4514417	6
2005565	1095366	349
308985	3699744	58
3988463	1095366	35
720281	1095366	35
1549539	3699744	58
3562936	1095366	35
2787437	3699744	58
439740	4003702	74
4618451	3699744	58
4081540	3050276	17
439740	3515464	74
1779427	439740	52
3515167	1095366	35
2049336	3699744	58
1596879	1290551	440
3148940	3699744	58
4471233	1095366	35
1688985	1095366	35
844310	3699744	58
3101500	2497057	72
439740	4172779	68
2561468	3699744	58
1764918	439740	71
4315135	1095366	35
4626175	3699744	58
2585232	439740	71
3515944	215691	74
2397154	1779427	76
1182689	439740	71
2357768	4514417	6
439740	3651518	74
992301	2574764	71
1518041	1095366	17
3735965	3050276	17
131097	4137027	32
2877950	3699744	58
292430	255793	166
2562692	3699744	58
410932	4514417	6
439740	2558012	74
4518409	4514417	6
402388	1095366	35
485633	1027510	72
439740	3582107	74
3929910	1095366	35
1506835	3505647	17
2156796	1095366	35
4521137	3723234	213
2536160	1095366	35
1095366	3699744	91
4275309	1095366	35
2082599	4514417	6
2104870	4514417	6
828032	1095366	35
2762035	3699744	58
3597635	2366400	71
439740	1386466	74
1353274	4514417	6
109621	4514417	6
556523	1800981	213
2366400	2865921	74
2495910	1095366	35
1928428	439740	71
2380659	1095366	35
2241901	439740	71
2736895	656570	80
3938862	2802542	76
3515944	4461506	74
2397154	3050276	17
4298230	439740	71
89640	1095366	35
4056796	1095366	35
1846617	4445398	72
4615939	1095366	35
4308032	1095366	35
439740	1840691	74
868296	439740	71
92956	1095366	35
439740	157926	74
1036924	3699744	58
3515944	2186450	74
550552	3699744	58
3938862	4514417	6
2175088	3699744	58
3310617	439740	71
1460426	1095366	35
523275	3361261	38
432546	3699744	58
623518	3050276	17
3438698	3939687	77
1593563	439740	71
3442308	720573	166
1221787	1095366	17
1095366	2610428	63
3515944	4564297	74
2366400	3023131	74
2917258	4514417	6
2894546	1095366	35
3357699	439740	71
2502200	1095366	35
439740	4369819	74
1095366	2005565	240
1715385	1095366	35
527822	3699744	58
1124718	439740	71
4383616	1095366	35
4584629	1095366	35
2902721	3699744	58
4277782	3699744	58
2319178	3699744	58
213470	3515944	71
2770725	4514417	6
3778138	3699744	58
3992194	1095366	35
4461506	301288	17
2806114	1095366	35
1095366	1745558	63
3294694	2982991	32
4595851	4245765	73
2450207	1268412	80
3024234	4514417	6
2574764	2952107	74
4581818	439740	71
2867194	2574764	71
267636	3699744	58
1949171	1095366	35
2970102	4514417	6
4643386	1095366	35
1079126	1095366	35
2179898	3699744	58
439740	267288	74
3547380	3699744	58
2787432	3461982	72
1725064	1095366	46
1262605	2574764	71
3700985	633822	72
3004399	4514417	6
2181861	1095366	35
1095366	4325316	63
439740	2308056	74
2848388	2911543	38
976924	1082401	80
4387874	4514417	6
956223	4514417	6
4519541	1095366	35
1095366	555898	63
3302052	3699744	58
918939	3699744	58
2707209	4514417	6
3282892	439740	71
4169319	445723	72
3969415	4514417	6
298196	3699744	58
2277754	1095366	35
1095366	4358750	89
3059431	3699744	58
3966547	1095366	35
1947627	1095366	35
2982991	3294694	38
3602455	3699744	58
445723	4514417	6
1616622	4514417	6
1737329	439740	75
1322187	3699744	58
4505714	1095366	35
283367	3699744	58
4595851	372068	73
4307849	3699744	58
3963672	3050276	17
664821	3699744	58
439740	4298230	74
1780212	1095366	35
4131822	3699744	58
4639855	4514417	6
286093	1095366	35
2159706	1095366	35
2366400	1284507	74
3008631	3699744	58
2325210	3699744	58
2616274	3699744	58
3893086	439740	52
1095366	1866976	63
217245	3050276	17
318104	3699744	58
2405072	3699744	58
456022	3050276	17
1427236	1095366	35
1014641	1095366	35
4430177	3699744	58
3503116	439740	71
1095366	831497	63
2806114	3699744	58
3939687	3318249	79
4568590	1095366	35
2254287	3699744	58
4507	1095366	35
499866	3699744	58
1946033	1095366	35
1908976	1095366	35
942470	3699744	58
3516958	4160359	71
4595851	2924236	73
680665	4137027	32
968538	1095366	35
4595851	1624322	73
3363943	1095366	35
3393227	2613377	71
1894876	1095366	35
2159983	1095366	35
475435	4514417	6
3635720	3699744	58
2879189	1095366	46
56945	439740	71
4171543	4160359	71
439740	3655728	74
488464	3699744	58
1068248	3050276	17
439740	1928428	74
480358	3699744	58
8186	4514417	6
627531	1095366	24
2023765	3699744	58
2240857	4306187	80
2043405	3699744	58
439740	86964	74
3526286	4514417	6
2574764	411386	74
612869	1095366	35
2929457	3699744	58
1710592	3699744	58
2871700	3050276	17
1477593	3939687	72
2952295	4068253	194
56945	4514417	6
3035357	2366400	71
2285255	1095366	35
518447	3050276	17
2459838	2617800	71
1238569	3699744	58
3634880	1095366	35
72648	1095366	35
3318249	4514417	6
439740	3987835	74
761845	3699744	58
1538191	3699744	58
439740	680665	74
2540401	1095366	35
3883802	3515944	71
3619026	1095366	35
4259375	1095366	35
572326	3223970	77
95896	1095366	35
439740	1853755	74
3515944	3964641	74
3509498	1095366	35
2843033	3699744	58
2030108	3050276	17
762059	1095366	35
2366400	876817	74
1275829	3158340	38
1135688	4514417	6
1523792	1095366	35
2183029	4514417	6
1705609	439740	71
2230155	4514417	6
2368981	2366400	71
3254885	4514417	6
439740	385457	74
1095366	1222714	63
3554069	3699744	58
227181	1095366	35
3280858	439740	71
4038898	1683244	80
4571138	1095366	35
894722	3050276	17
132526	3699744	58
1130994	3699744	58
3021527	1095366	35
3515944	4052763	74
1689407	439740	71
4556164	1095366	35
937538	1095366	35
443435	439740	71
3486740	4514417	6
2094678	1095366	35
3409388	595517	74
4189961	4514417	6
1095366	4137511	63
1095366	452033	63
630725	1095366	35
1821924	3699744	58
2048275	301288	17
2366400	1044241	74
2410350	3699744	58
439740	4233442	74
937444	1667680	80
4145143	1095366	46
2366400	192613	74
4054669	3699744	58
439740	2281093	74
2318664	301288	17
2366400	4027406	74
1093470	2366400	71
754009	1095366	35
1968905	1095366	35
3720045	4514417	6
1346614	439740	71
1095366	3476129	63
3520917	4514417	6
439740	2684947	74
1095366	3782758	743
4245727	538726	367
439740	1027510	74
1845451	2574764	71
4052763	3515944	71
720573	1182689	213
1284922	1095366	35
176057	3699744	58
4169907	3699744	58
357812	3699744	58
2574764	1426651	74
3699149	4514417	6
3549899	1589572	77
1095366	1719971	240
439740	2874196	74
2366400	2085385	74
298196	1095366	35
2832092	4514417	6
68060	1095366	35
4343882	1275829	32
4205668	439740	71
1095366	3928025	240
443435	3050276	17
439740	4162373	74
2144394	3515944	71
3330110	3050276	17
439740	88105	74
3249323	4514417	6
1877447	1095366	35
2932406	3699744	58
3687797	4514417	6
3009395	4514417	6
1627248	439740	71
2535083	2574764	71
2366400	3700985	74
3800122	3699744	58
3939687	1218767	77
2941522	1095366	35
3939687	498546	79
1609564	3699744	58
3711029	3699744	58
933260	4160359	71
1538254	1095366	35
1095366	662074	63
620800	3515944	71
1315816	3699744	58
2882215	4514417	6
1604430	3699744	58
3021527	1095366	46
4006689	1095366	35
2793709	3699744	58
3630733	1095366	35
1432305	3699744	58
1859596	3699744	58
878481	4595851	143
1435907	3699744	58
1325880	3050276	17
2730434	439740	75
4231555	3699744	58
1532266	1095366	35
4449511	3699744	58
32603	1095366	35
1698240	3699744	58
395013	3699744	58
1390799	3699744	58
2270119	1095366	35
711141	2574764	71
4202103	439740	71
1569801	1095366	35
3658295	3699744	58
2366400	2186450	74
2848388	1044241	38
3515944	3824689	74
1631165	1196493	87
2268193	1095366	35
4580322	3699744	58
3310617	3515944	71
945726	3699744	58
1877447	1095366	46
2366400	86964	74
2366400	1476525	74
1769926	3699744	58
2734476	2574764	71
1593563	4514417	6
740242	1095366	35
53972	3699744	58
3357699	4514417	6
2050212	2366400	71
4017295	3699744	58
439740	1278588	74
348409	2366400	71
4590758	2865921	74
4089763	2230155	72
66713	439740	71
707890	90979	31
3515464	439740	71
439740	3938862	74
2366400	1942	74
2429960	1095366	35
4094488	3699744	58
2223581	1095366	35
4249031	2574764	71
123088	3699744	58
752554	3699744	58
439740	894722	74
2236351	3699744	58
1835685	1095366	35
3342373	3699744	58
3882129	3699744	58
166057	3699744	58
2074561	3699744	58
1963792	2574764	71
499375	4514417	6
439740	2144394	74
1095366	3610823	63
2022947	1095366	35
439740	2729052	74
3509498	3699744	58
3223970	78569	77
1485620	1095366	35
192344	1095366	35
4063696	3699744	58
1182277	3699744	58
1491204	1095366	35
4122522	439740	71
3986301	2366400	71
3763563	3699744	58
1211415	3699744	58
3637007	3699744	58
1473598	3699744	58
439740	2531393	530
3631050	3515944	71
1879117	3699744	58
3733096	1095366	17
442445	3050276	17
3593894	1095366	35
1311732	4514417	6
3355290	4514417	6
443435	2366400	71
34324	3699744	58
2557326	439740	75
4469601	3699744	58
1099427	3104640	287
4280580	2366400	71
498595	1095366	35
4587765	3699744	58
3457283	507811	80
1304540	439740	71
4237255	4514417	6
1088670	1060803	38
4100051	3699744	58
1189270	1095366	35
1141358	1095366	35
3390459	1095366	35
4094488	1095366	46
3515944	3223970	74
4010913	3515944	71
4122522	3050276	17
439740	2857200	74
487817	3699744	58
2085385	4514417	6
886525	4263649	80
155019	3699744	58
3310617	3146816	79
292902	4514417	6
2911543	4514417	6
2793711	3699744	58
3733096	4595851	143
1403678	4514417	6
1610228	3699744	58
3658295	1095366	35
876817	2366400	71
3068759	1095366	35
1774563	1095366	46
2721474	3699744	58
2310045	4514417	6
1095366	2477255	63
2727182	3699744	58
2143921	439740	71
2576184	3699744	58
781827	3699744	58
1385086	3515944	71
1702049	4514417	6
1506835	439740	71
1094080	2574764	71
1476525	4514417	6
2366400	2845854	74
2043475	1095366	35
3253734	3699744	58
2535083	4514417	6
2862645	3699744	58
3246857	3699744	58
1060917	3699744	58
1404696	439740	71
4117698	2557326	76
231740	4514417	6
2941089	3699744	58
1461274	2104295	77
3897627	1596879	519
4390877	3699744	58
1979298	439740	71
2049336	1095366	35
305845	3699744	58
439740	4291627	74
2429650	1095366	35
3693015	1095366	35
3772624	3699744	58
4114873	4514417	6
2366400	735122	74
413310	4514417	6
1088329	1141366	148
2421710	3050276	17
2859029	3781463	72
45555	4514417	6
1461274	4514417	6
818192	4514417	6
2366400	2400172	74
3688522	4514417	6
3671484	3699744	58
2652364	1095366	35
4581893	1095366	35
439740	1189665	74
4464442	3699744	58
4024311	2366400	71
1517892	3699744	58
679179	3699744	58
2560241	3699744	58
2294429	3699744	58
229922	4514417	6
3106348	2810331	1149
318104	1095366	35
880521	3699744	58
2174725	1778248	72
413373	3699744	58
78569	4514417	6
3314207	3050276	17
1465621	1088670	32
439740	614379	74
255793	292430	390
4188782	1095366	35
2689984	3699744	58
1866976	1095366	349
3093590	3699744	58
2366400	759457	74
3193090	4514417	6
460593	3699744	58
2199017	1095366	35
211567	4514417	6
872648	4514417	6
3561313	1095366	35
4549331	3699744	58
3886337	1095366	35
4122522	4514417	6
3584719	1904828	76
4413527	3515944	71
2023550	1095366	35
4584131	3699744	58
1095366	3365181	63
129947	3699744	58
1349130	3699744	58
1219013	2613377	71
1552068	478478	72
1750626	1933051	80
2104295	3117131	79
1709080	1095366	35
1594319	4514417	6
548312	4514417	6
110870	2574764	71
299908	1095366	35
1509113	4514417	6
3310617	820875	79
4505062	3699744	58
1351250	3699744	58
2009005	4514417	6
3552998	1095366	47
4060102	1095366	35
210410	1095366	35
1861724	4514417	6
1439473	1095366	35
87602	3050276	32
1184399	1095366	35
2459130	1095366	35
439740	4330055	74
4053550	439740	71
3703133	3050276	17
21845	1095366	35
164103	439740	71
2617332	1095366	35
4264793	2574764	71
2639139	1095366	35
700555	1744508	32
2566869	1095366	35
4492355	1095366	46
439740	442445	74
2333274	1095366	35
492762	4595851	143
287377	1095366	35
4461506	439740	71
815635	4514417	6
1035315	1095366	35
439740	4644474	74
3515944	2357768	74
1095366	3090848	63
875602	1095366	35
4452865	3699744	58
2863996	1095366	35
4528292	3699744	58
1400861	3699744	58
145938	714856	72
1890105	2257763	80
3999498	1095366	35
720959	1095366	35
1158977	1095366	35
439740	2526788	74
3224019	3699744	58
1052782	1095366	35
2574764	2770725	74
824950	439740	71
2366400	2978005	74
1804004	1095366	35
4076661	1095366	35
4535481	3699744	58
439740	61746	74
437009	1095366	35
3701712	439740	71
3975157	3699744	58
279866	3699744	58
2327957	3699744	58
4572658	439740	71
2267223	3699744	58
3549555	3050276	32
439740	1712842	74
2784298	1095366	35
4654412	1095366	35
1095366	23640	63
1589054	1095366	35
4650184	4595851	143
1961715	3699744	58
275678	2574764	71
2236684	1095366	35
4246046	3699744	58
3879588	1095366	35
4014868	3699744	58
439740	1227692	74
3088096	439740	71
2924236	4595851	143
3930465	1095366	35
439740	3359586	74
3294240	1095366	35
2859450	4514417	6
1824651	3699744	58
439740	2391149	74
1455829	2617444	170
2143921	4514417	6
2036922	3699744	58
2863935	4514417	6
166302	1275829	32
2550363	3699744	58
3026782	3699744	58
106747	4554073	784
3969307	1068248	72
2166700	1095366	35
2741022	3515944	71
2649623	3699744	58
1178416	4514417	6
4476651	439740	71
3313531	2574764	71
3980408	1095366	35
145938	1275829	32
3204433	1095366	35
1154259	1095366	35
4373526	1095366	35
2391149	4514417	6
662052	1095366	35
4461893	3699744	58
2574764	2912643	74
3798532	1095366	35
261538	439740	75
439740	3034594	74
2235368	1095366	35
4488308	3699744	58
841764	3050276	17
439740	2472241	74
4590758	4162373	74
2885887	1095366	35
4061443	1095366	35
3299626	4514417	6
717544	3699744	58
2531393	2632898	74
2860982	1095366	35
1873680	3699744	58
2941710	1095366	35
1536907	3161773	76
86964	301288	17
1095366	4358068	63
1476913	1095366	35
4541321	3699744	58
3123543	3699744	58
439740	2604769	74
4632709	439740	71
128087	3699744	58
298279	1095366	500
2840539	439740	75
390289	3699744	58
2686731	1095366	35
2933955	3699744	58
478478	2366400	71
166057	1095366	35
4515467	439740	52
3409388	2952181	74
4162373	439740	71
1061032	1095366	35
3515944	3023131	74
4487592	439740	52
4471005	1095366	35
3132885	1095366	35
3919525	4595851	143
3963672	4514417	6
2558012	2366400	71
411386	4514417	6
1589054	3699744	58
2005716	1095366	35
3423703	439740	75
3829625	439740	71
439740	3031826	74
192613	4514417	6
4461506	3515944	71
320671	1095366	35
1800981	2366400	71
1368498	439740	71
2366400	2104295	74
2820479	3699744	58
603034	3699744	58
433953	1095366	35
4488308	1095366	46
3961813	439740	71
4467205	1095366	35
99944	3699744	58
2875370	4514417	6
2604769	1088670	17
2071623	4514417	6
2536419	4160359	71
439740	3221141	74
439740	456022	74
4485196	3699744	58
1460426	3699744	58
3564845	1095366	35
4136771	2859029	213
2366400	2431197	74
3883802	523275	32
4485196	1095366	35
1231425	1095366	35
317597	1095366	35
1577777	4514417	6
2221488	1095366	35
439740	2852839	74
223966	4514417	6
287725	3651518	72
184116	4514417	6
2366400	763141	74
738054	3699744	58
4636312	3295664	72
2519970	4151352	38
2644813	1095366	35
4022987	1095366	35
2828264	3699744	58
852105	4514417	6
3444099	1095366	46
2583026	2530132	80
1872848	1095366	35
3486740	3939687	77
2017762	3515944	71
2240857	439740	71
3081401	3699744	58
3972536	4514417	6
3442897	3939687	79
4500223	1095366	35
3515944	523647	74
4156072	3699744	58
2092996	3456888	5
1886062	439740	71
4118724	3699744	58
3602546	4514417	6
635957	2574764	71
620633	1095366	35
2169887	1095366	35
445723	2366400	71
4515406	3699744	58
1095366	952633	240
2341153	3699744	58
3829625	3050276	17
2574764	4221570	74
2397747	2255228	340
250309	1095366	46
1719119	1095366	35
439740	145938	74
3458187	3050276	17
1616699	1095366	35
245162	1095366	35
861483	3699744	58
538726	4245727	338
4402233	1095366	35
3990121	1923689	103
2561150	4514417	6
2629049	4514417	6
3281831	1095366	35
4160359	3617430	74
2574764	3835	74
3104218	1095366	35
2162655	4514417	6
3757528	1095366	35
1819003	1095366	35
3219811	67192	161
2775637	3228324	72
936390	3699744	58
3145381	4514417	6
1494193	1095366	35
3847082	3964641	77
1688985	3699744	58
621616	301288	17
2021410	3699744	58
3409388	1093470	74
2368052	1095366	35
3381563	439740	71
2666704	439740	52
1820299	4162373	72
480358	1095366	35
212274	3699744	58
458576	4514417	6
3074230	3699744	58
1455829	3050276	17
1764097	3699744	58
3088096	4514417	6
3770071	84652	72
1298112	1095366	35
3090848	1095366	46
701872	1095366	35
2476305	4514417	6
3972084	1095366	35
439740	2536974	74
3970614	3699744	58
3956615	3699744	58
942470	1095366	35
674069	3515944	71
402388	3699744	58
3108666	3699744	98
3967169	3699744	58
3599432	3699744	58
4428298	2366400	71
4445398	3387724	80
3316226	4514417	6
443435	2982991	31
2848388	632894	38
110870	4514417	6
3707582	3699744	58
3295664	4636312	80
1275829	145938	38
2935749	3699744	58
3866469	4514417	6
4599379	1095366	35
3651182	1095366	35
3223970	4514417	6
3211339	4514417	6
2366400	2050212	74
2577780	3699744	58
284029	3223970	79
629838	2366400	71
579951	1095366	35
156205	1095366	35
3310617	4514417	6
1185186	1095366	35
481138	1095366	35
1567673	3699744	58
2799314	1095366	46
2051812	439740	71
3635399	1095366	35
1817791	3699744	58
1900299	1095366	46
1101051	1095366	35
3039358	2308956	80
2574764	601172	74
3995000	4514417	6
3762672	1819890	81
4280958	1095366	35
4535800	3699744	58
439740	3871720	74
286093	3699744	58
1902605	2366400	71
439740	1956033	74
3515944	2030108	74
2715186	3699744	58
2574764	2743779	74
4556430	439740	71
2051812	3515944	71
439740	534246	74
1275829	899712	38
1688112	3699744	58
2366400	4434854	74
1044241	2848388	32
2537346	301288	17
2590233	1095366	35
3824689	439740	71
2990217	3699744	58
492061	1095366	35
346482	1095366	35
1275829	3700985	38
3810442	3699744	58
2531393	2345987	74
439740	3926181	74
599264	3699744	58
824838	1095366	35
3515944	3419393	74
3216655	3699744	58
3409388	306655	74
1850305	2574764	71
91819	3699744	58
1840691	4514417	6
2440602	3699744	58
4358068	1095366	46
157926	439740	71
670165	2397154	74
3515944	145938	74
1675892	1095366	10
816864	3699744	58
140278	3699744	58
390232	1095366	35
1509113	3050276	17
439740	1895948	74
1343842	3699744	58
1960073	1095366	46
614498	2056529	80
2092996	4124529	5
140200	4595851	143
439740	2922379	74
643430	1095366	35
789657	439740	75
4023279	2574764	71
4405861	3699744	58
3197750	1095366	35
4114873	3050276	17
2957611	1095366	35
1769319	2366400	71
4581117	3699744	58
439740	3631050	74
231845	1095366	35
3428833	4514417	6
1170966	3050276	17
2782109	1095366	35
133052	3699744	58
3830259	2574764	71
35165	3699744	58
3426741	1095366	35
595273	1095366	35
2488960	3699744	58
4590758	1242276	74
1708916	1095366	35
1338295	1095366	35
327474	439740	71
4068253	439740	71
3651924	1800981	490
1363125	3699744	58
1238685	3699744	58
670165	534246	74
1353616	2531393	71
970449	3409388	71
3031826	4514417	6
1726195	4514417	6
2526788	439740	71
2263044	1095366	35
4081540	820414	80
3389144	3050276	17
2323199	439740	71
267288	276073	72
4090919	1095366	35
2446448	1095366	35
2344017	4562211	80
4160359	3294694	74
3630733	1095366	47
304569	439740	71
3515944	8186	74
170214	1095366	35
3601811	1095366	35
3687797	3273097	148
2786419	3699744	58
3723234	1275829	32
4266994	2574764	71
3979953	3699744	58
2803308	3699744	58
1931493	2848388	31
3891891	3699744	58
4299219	2366400	71
3515944	2183575	74
3782758	1095366	804
1197710	572326	77
62411	1084043	80
1887896	1095366	35
439740	187605	74
439740	4581818	74
3354716	3699744	58
488922	3699744	58
3566321	1095366	35
3620572	3699744	58
3070529	2011871	77
565420	439740	71
2635232	3699744	58
419545	1095366	35
439740	3830689	74
393718	3699744	58
2477255	3699744	58
3939687	3930433	79
2305292	1095366	35
3726204	1095366	35
3763563	1095366	35
2574764	2867194	74
2574764	3600145	74
1095366	996827	18
656570	3050276	17
2366400	2852839	74
2590233	3699744	58
1250120	1095366	35
1999236	439740	75
618739	4514417	6
1977345	3699744	58
3778397	3699744	58
3247542	1095366	35
3651813	1095366	35
1235648	1095366	35
2215347	1095366	35
1353751	439740	75
2045760	4514417	6
4245765	1095366	17
2775637	3050276	17
1712196	3699744	58
1325880	4514417	6
3153328	1095366	35
1079299	1095366	35
258785	3699744	58
4595851	3024369	73
1095366	3118957	63
1320866	1095366	35
4595851	12600	500
3310617	397652	79
4557507	1095366	35
2366400	3830689	74
2346075	1095366	35
2175088	1095366	35
439740	443435	74
3940342	3699744	58
62687	1095366	35
4551036	2574764	71
3158214	1275829	31
90979	674069	38
2401506	3699744	58
1931493	2366400	71
184302	3699744	58
2957611	3699744	58
3350228	3699744	58
2366400	3249323	74
2317748	439740	71
4099444	4514417	6
2714276	1095366	35
2032120	4514417	6
1093470	3050276	17
187605	4514417	6
2590605	3699744	58
3939003	3699744	58
534246	670165	71
3383133	3699744	58
2455282	2366400	71
1892065	3699744	58
3631050	3050276	17
2043926	3699744	58
481138	3699744	58
1095366	4492355	63
3151089	3699744	58
1095366	1001833	63
3939687	4260227	79
910820	439740	71
62411	439740	71
2825464	439740	71
306370	1095366	35
2685856	3699744	58
2366400	629838	74
4299219	4514417	6
2366400	3652528	74
1095366	1678169	63
3619458	3699744	58
2704745	3699744	58
2574764	2707209	74
1332893	3699744	58
1022032	3699744	58
1044241	439740	71
2414683	3699744	58
976903	439740	71
2851683	1095366	35
148034	3699744	58
2221335	4514417	6
3521408	3050276	17
3612535	4514417	6
4204410	1095366	35
1244058	3699744	58
1331634	4514417	6
4012752	4514417	6
4642319	3699744	58
439740	3703133	74
1933051	4514417	6
4310837	3699744	58
615276	4514417	6
211567	3050276	17
4434854	4514417	6
1275829	1840691	38
1095366	1457861	63
2881715	3050276	17
2291391	2366400	71
4412423	1095366	35
1106808	4514417	6
2385443	3699744	58
358638	2366400	71
3350629	4514417	6
2348565	3699744	58
875602	3699744	58
1676820	1095366	35
1292133	3699744	58
817812	3699744	58
4184152	3699744	58
1093100	3699744	58
1963792	4514417	6
2627382	3699744	58
4160359	1627248	74
584836	1095366	35
869893	3699744	58
4421997	1095366	35
800791	4514417	6
2574764	1700987	74
718312	3699744	58
2171373	3505647	17
2311489	4514417	6
837647	439740	71
154527	2574764	71
3235503	1095366	35
935713	3050276	17
2255228	2397747	554
495577	3515944	71
495857	3699744	58
670165	572326	74
905538	3515944	71
1286100	3699744	58
1399419	1095366	35
708039	3699744	58
979506	3699744	58
437158	4514417	6
3515944	3631006	74
655294	1095366	35
1652073	3699744	58
4381720	3699744	58
3414705	439740	71
2366400	3939687	74
1803313	3699744	58
3330284	3699744	58
1923689	106747	177
1978767	4514417	6
2574764	1094080	74
2092816	3699744	58
2857495	1095366	47
4158251	4514417	6
1417113	1095366	35
3619458	1095366	46
399978	3699744	58
3471814	1095366	35
2620047	439740	71
2990598	439740	71
1147772	3699744	58
2449450	4595851	143
1095366	4519541	240
876817	439740	71
2075379	4514417	6
2809173	623846	73
3354716	1095366	35
4447066	1095366	35
2743192	3699744	58
1948804	1095366	35
1628927	1095366	35
1485620	3699744	58
3385444	3699744	58
3452685	3699744	58
4081540	3515944	71
2127345	1095366	35
2348861	1095366	35
1148457	1095366	35
413310	523275	32
304569	301288	17
2605275	3699744	58
3253295	4416082	80
1642431	1095366	35
1252235	301288	17
3512492	3699744	58
1877622	1797212	80
4546447	1095366	349
2368117	1095366	35
3936875	1095366	35
2366400	3938862	74
4652733	1095366	35
3453259	1095366	35
1801401	2574764	71
1636078	439740	52
2440602	1095366	35
3560916	439740	71
3361261	3671916	80
3515944	1933051	74
439740	1061653	74
1560685	3699744	58
1730510	1095366	35
2104295	2632731	79
3252125	3699744	58
3964641	3639499	77
1426556	3699744	58
2574764	1253560	74
3723642	3515944	71
4472101	4514417	6
2183575	3050276	17
2641370	1095366	35
4270270	1095366	35
386358	1095366	35
3939687	3421672	79
3244084	1095366	35
3419393	3050276	17
3554069	1095366	35
301288	614379	38
2974458	1095366	35
3063274	4514417	6
614572	538726	1052
2603867	3699744	58
1483429	3050276	17
1284507	439740	71
1358359	1095366	35
1596879	3437999	101
696058	1095366	438
439740	694941	74
2357647	3699744	58
3310184	1095366	35
1028727	3050276	17
572326	3050276	17
2366400	1619408	74
3288967	4514417	6
1385319	1088670	17
4330055	4514417	6
4252288	3964641	174
484791	1095366	35
3866469	3050276	17
1052378	3699744	58
1359990	1095366	35
2351698	4514417	6
3549899	3013856	77
4330916	1095366	35
3347592	1933051	74
543548	301288	17
328212	1095366	35
2744265	1095366	35
2865921	3050276	17
1368945	3699744	58
1159369	1095366	35
662458	4514417	6
293121	1095366	35
2574764	3734393	74
140971	3699744	58
2885887	3699744	58
3701712	4514417	6
3990069	3699744	58
1882135	3699744	58
2792130	1095366	35
2217217	3515944	71
4081762	1275829	32
166302	4514417	6
2206424	3699744	58
2017762	3050276	17
792883	4514417	6
4590758	3701712	74
1095366	3325195	63
4144077	1095366	35
91332	3699744	58
453437	3699744	58
244096	3699744	58
564247	1095366	35
1095366	4548425	63
1616980	1095366	35
3516958	4514417	6
564247	3699744	58
789811	1095366	35
1963928	3699744	58
534246	3050276	17
442542	2574764	71
90324	1095366	35
1819890	439740	71
1668283	627531	341
1095366	869893	63
500322	4514417	6
2545624	1095366	35
439740	56945	74
878481	1095366	17
4307194	1095366	35
3029062	1095366	35
2857200	3806892	72
2641974	1095366	35
2264161	1095366	35
1956033	102970	80
1957783	3699744	58
1757345	1095366	35
1053875	3699744	58
3194191	3699744	58
439740	3723642	74
481604	3050276	17
3034594	439740	71
874697	1095366	35
1750649	3699744	58
583777	3699744	58
2244503	1095366	35
2574764	2580431	74
90979	1726195	38
1094080	4514417	6
1078551	3699744	58
2743020	4514417	6
444454	3549899	77
4417829	3699744	58
2456633	1095366	35
1679883	1095366	35
1095366	4546447	240
1079291	1095366	35
2201271	2366400	71
1095366	457753	63
3515944	3549899	74
582807	3699744	58
1984604	4514417	6
516204	4514417	6
2516475	3699744	58
2366400	4280580	74
1619408	2366400	71
2574764	318103	74
439740	1536907	74
622951	3050276	17
3076643	1095366	35
267288	4158563	80
3272345	1095366	35
633247	3409388	71
3515944	443435	74
87649	1095366	35
439740	4611145	74
1449978	4514417	6
1633717	439740	52
3699149	1275829	32
1923689	3990121	68
3824263	1095366	35
439740	3035357	74
2922379	3960205	116
671679	1095366	35
3334677	301288	17
2366400	3381563	74
2183575	670165	71
3288967	3223970	77
483341	439740	71
2362913	1095366	35
2379988	4128753	72
1301400	3699744	58
2855151	1095366	35
4369819	3608133	76
3832729	1095366	35
3409388	1368498	74
3409388	2368981	74
1800981	3092523	457
1269224	439740	71
3296992	1095366	35
3662142	2366400	71
2092996	1095366	17
4205668	2262683	457
4018757	1095366	35
523647	3346799	80
2605531	3699744	58
614572	1095366	438
2358202	1095366	35
2629764	4514417	6
4330902	4514417	6
1653847	1095366	35
2532931	3699744	58
595517	3515944	71
2729052	2996013	79
1095366	627531	18
2617444	1095366	35
132526	1095366	35
2019478	3699744	58
2882215	2574764	71
3866397	3699744	58
4430656	1095366	35
2318664	3347592	71
2634964	2982991	32
4595851	531939	73
3426020	1095366	35
2668632	2675890	17
23326	4514417	6
1705852	4514417	6
3835954	1095366	35
3523876	3699744	58
1440782	3699744	58
3280858	2366400	71
2217217	3347592	71
401414	1095366	35
4526796	1095366	46
439740	2045760	74
2223339	3699744	58
1095366	4019270	63
1494193	3699744	58
1590639	3699744	58
1938448	3699744	58
347899	3699744	58
804916	3699744	58
3884348	4514417	6
2541581	4514417	6
810884	1095366	35
3515944	700555	74
4117698	4514417	6
488464	1095366	35
2890013	3050276	17
227556	3699744	58
2500359	4514417	6
3669795	4514417	6
237000	2574764	71
3029062	3699744	58
1349617	3699744	58
2357768	439740	71
1135925	3699744	58
1028727	439740	71
2603867	1095366	35
4307280	3699744	58
1538388	1095366	35
1935089	3699744	58
2323199	618739	80
2574764	500322	74
3961813	1896652	17
2839106	4514417	6
600694	4514417	6
624901	1095366	35
315411	1095366	35
4450064	2853685	80
213470	439740	71
3158340	3050276	17
3366142	4514417	6
2872478	3699744	58
1439473	3699744	58
483341	3050276	17
4316230	3050276	17
2574764	4266994	74
3832729	3699744	58
3626139	3699744	58
2836361	1095366	35
4088802	3699744	58
863734	3699744	58
439740	2740884	74
2704371	3699744	58
4535481	1095366	349
3718781	3699744	58
3220318	1095366	35
614498	4514417	6
3209611	4514417	6
2523116	1095366	35
2366400	3325627	74
2541581	439740	71
1923272	3699744	58
1668283	1095366	39
4386581	1095366	35
2828993	2536419	72
25314	3699744	58
207386	1095366	46
2660702	1095366	35
4425336	4514417	6
191449	3699744	58
3630733	3699744	58
1750476	3699744	58
2144394	3505647	17
2366400	4263649	74
359949	3699744	58
2043926	1095366	35
2713700	1095366	35
1189665	4514417	6
4421728	3960205	52
724346	1095366	35
3219811	439740	71
4216884	1095366	46
4333666	3699744	58
1401353	3699744	58
439740	293992	74
538726	614572	2048
117875	4160359	71
4408748	4514417	6
3404999	3699744	58
930541	1095366	35
3497070	3699744	58
3523780	2366400	71
4013760	1095366	1881
3221157	3699744	58
4501150	1095366	35
4041410	4514417	6
2757628	1095366	35
4556430	4614556	31
473930	3699744	58
978816	3699744	58
3549899	1197710	79
117875	2366400	71
2879189	3699744	58
1082401	976924	72
3566207	3050276	17
1154433	3699744	58
1095366	2799314	63
4652733	3699744	58
3071336	1095366	35
108247	4514417	6
3865452	1095366	35
3426741	3699744	58
20162	3699744	58
1526619	439740	75
845713	3699744	58
3947312	3699744	58
439740	3389144	74
439740	213470	74
2574764	3034223	74
439740	1124718	74
4485711	2574764	71
1053964	439740	52
2703475	1095366	35
456822	3699744	58
4387811	4514417	6
2930397	1095366	35
1653210	4514417	6
2574764	956223	74
2366400	308305	74
426056	3515944	71
466974	439740	71
872648	4160359	71
3461406	3699744	58
3063274	3050276	17
4012752	2366400	71
249630	1095366	35
3361261	1455829	80
439740	3088096	74
2988888	2366400	71
1660439	3699744	58
3711512	1095366	35
1880865	3699744	58
205650	3699744	58
1386466	4514417	6
933670	4514417	6
3114198	3050276	17
1384700	4160359	71
1123236	1095366	35
4586575	4514417	6
3305320	3699744	58
547067	3699744	58
2323199	4514417	6
120721	4514417	6
3521408	2366400	71
181630	1095366	35
3779027	1095366	35
1403608	1095366	35
3219811	1178104	72
4498985	3223970	80
3636325	1095366	35
2366400	4644474	74
106747	1923689	319
2302022	1095366	35
3692311	3699744	58
2239655	3699744	58
1095366	3699744	99
3282892	2689812	80
1970078	3699744	58
3457898	1095366	35
4207629	439740	75
1769319	3050276	17
1095366	1182277	63
4286047	439740	52
973660	1095366	35
1521407	4514417	6
4222556	4514417	6
2728113	1095366	35
2909204	4514417	6
599798	3699744	58
4234470	3699744	58
3830689	2366400	71
6482	3699744	58
29511	1095366	35
1757768	4595851	143
481604	4514417	6
1095366	2458324	63
1316030	1095366	35
990843	4514417	6
2385443	1095366	35
2309915	439740	71
439740	3325627	74
828876	1095366	35
1392744	1095366	35
818455	439740	75
443435	1275829	32
456022	439740	71
1493292	3699744	58
327474	4514417	6
3642448	1095366	35
513030	3699744	58
4122241	1095366	35
4592959	2104295	77
3325627	2366400	71
1642482	1095366	35
4634348	1095366	35
3617430	2675890	17
2366400	3762635	74
2592604	3699744	58
2175979	1095366	35
1346614	4514417	6
1591694	4514417	6
3389359	1877622	80
2886840	3699744	58
4010913	4514417	6
1178104	3219811	80
1095238	1095366	35
996827	1095366	24
1311732	439740	71
2594414	3050276	17
439740	2583026	74
41990	3699744	58
536616	3699744	58
439740	4472101	74
2663848	3050276	17
19344	3699744	58
439740	623846	74
4020008	1095366	35
33121	3699744	58
3361261	3515944	71
883512	439740	71
439740	3457187	74
774656	4514417	6
3918778	1095366	35
42899	3699744	58
911871	3699744	58
1822009	1095366	35
2774039	1095366	35
439740	2629564	74
4465228	3515944	71
439740	2060436	74
2740884	4514417	6
632894	3050276	17
248692	4514417	6
4254599	3699744	58
2149774	1095366	35
4002267	2598236	74
1563702	4514417	6
1713283	1095366	35
1960073	3699744	58
4631934	1095366	35
3699744	294327	572
3626139	1095366	35
439740	431994	74
2060436	4514417	6
401064	3699744	58
1911639	1095366	35
3229526	3699744	58
1026447	3699744	58
1549910	3829625	73
3031623	1095366	35
3174003	3699744	58
3334677	3515944	71
2366400	446465	74
2871700	439740	71
1051642	3699744	58
245295	1095366	35
2610428	1095366	46
3500977	1095366	35
3576851	439740	71
2968093	4160359	71
439740	2100992	74
4194863	1095366	35
1476525	3050276	17
2740884	439740	71
963113	1095366	35
439740	3963672	74
4510527	1095366	35
2089031	538726	440
674069	301288	17
439740	2358197	74
503183	3699744	58
2366400	4233442	74
3688775	3699744	58
2543883	1095366	35
3515944	2244810	74
1735956	2441589	80
306655	3409388	71
1921297	3699744	58
255793	2085385	390
4587970	4514417	6
430924	3699744	58
4636295	3699744	58
102970	4514417	6
1838479	3699744	58
110218	1095366	35
1332893	1095366	35
439740	1284507	74
439740	2722317	74
1705559	3515944	71
1275829	4291627	38
656570	3515944	71
1505009	3699744	58
4031029	1095366	35
3226746	4514417	6
2538954	4514417	6
439740	2145848	74
1356686	1095366	35
1712842	1088670	17
4541624	1095366	35
2941522	3699744	58
183445	1095366	35
1257729	1095366	35
1242276	4590758	71
1060803	2224334	76
845713	1095366	35
2345987	4514417	6
3620392	3699744	58
2259793	1095366	35
3625765	1095366	35
3280858	4514417	6
1353751	439740	52
439740	1933051	74
2707209	2574764	71
820944	1095366	35
2947489	1095366	24
820414	4514417	6
830141	3699744	58
3186219	1275829	32
2974325	3699744	58
3106493	1596879	519
641336	1095366	46
3438266	1095366	35
2839042	2366400	71
4499517	1095366	35
3554056	3050276	17
2268193	3699744	58
4018757	3699744	58
1951107	3699744	58
1978553	3699744	58
4358750	1095366	151
3824689	2366400	71
4421997	3699744	58
2196958	4514417	6
1981353	1095366	35
1582730	4514417	6
457753	1095366	46
480860	4514417	6
3374625	439740	71
443435	3515944	71
3065405	3515944	71
2553544	3699744	58
25314	1095366	35
439740	1865312	530
287889	3699744	58
439740	2626063	74
1269224	1088670	17
261538	439740	52
1740626	1095366	35
265363	439740	71
4135636	4514417	6
2341153	1095366	35
1453497	3699744	58
4317500	1095366	46
315761	1095366	35
2769987	905538	72
495577	4360296	72
1175300	3699744	58
1128382	4514417	6
2366400	4187443	74
1549910	3004399	73
4380150	1095366	35
897078	1095366	35
439740	3964641	74
142760	1095366	35
1207261	3699744	58
3228042	1095366	35
1800981	3651924	1251
1095366	3456503	63
2087487	4614556	32
3715801	2532429	80
3879986	4514417	6
3253295	4514417	6
4376951	3699744	58
409768	3699744	58
1386466	439740	71
56582	3699744	58
2190853	1095366	35
3903410	1256571	76
2503586	1095366	35
1358359	3699744	58
3631050	2366400	71
2741022	4514417	6
1528447	3699744	58
999399	1095366	35
4449511	1095366	35
3923343	1095366	35
1335926	3699744	58
2445788	3699744	58
1873680	1095366	35
4217064	3515944	71
3947312	1095366	35
4160359	1189665	74
12600	1095366	479
3733997	1095366	35
3152650	4514417	6
3515944	3652528	74
1347694	3699744	58
1278588	3050276	17
3603949	1095366	35
212674	4514417	6
3964641	3515944	71
439740	1418926	74
746104	3699744	58
2574764	184116	74
2085783	3699744	58
2714734	3699744	58
439740	2441589	74
3715801	4514417	6
603034	1095366	35
1594319	439740	71
2787983	4595851	143
874697	3699744	58
1151442	4514417	6
439740	4027406	74
3764099	1095366	35
439740	4246488	74
1095366	2571358	63
2845854	2366400	71
483341	4514417	6
4065552	1095366	35
1343842	1095366	35
3942461	439740	71
458376	2574764	71
3866878	1095366	17
1769050	1095366	35
3178554	1095366	35
2912643	2574764	71
3320467	439740	52
461910	3699744	58
3262161	3699744	58
1330413	3699744	58
51322	3699744	58
2366400	3662142	74
2741022	439740	71
3275816	3456888	224
157926	3050276	17
1399419	3699744	58
3409388	212674	74
3218063	4514417	6
1543827	3699744	58
2065562	3699744	58
1807875	4514417	6
4082116	3699744	58
3734130	3699744	58
981676	1095366	35
3892116	2421710	80
837647	4514417	6
439740	3173243	74
4562211	4514417	6
4138392	4514417	6
439740	4135636	74
3140566	516255	988
3098902	3699744	58
439740	876048	74
1160745	1095366	35
439740	4632709	74
47266	3699744	58
4069151	1095366	35
3246857	1095366	35
3578177	3699744	58
315761	3699744	58
1256571	439740	52
442542	4514417	6
2810331	1923689	1013
3951038	187605	80
1124718	4514417	6
1991612	4514417	6
2493284	1095366	35
2770096	3699744	58
1278588	4514417	6
2169818	4514417	6
2022802	4514417	6
2880743	3699744	58
1705609	3050276	17
670165	2145848	74
1954922	1095366	35
2372369	1095366	35
1076910	1865312	71
4548425	3699744	58
2540122	4514417	6
2366400	62411	74
523647	439740	71
8186	439740	71
845239	4514417	6
2689812	4514417	6
1906837	3699744	58
439740	2943674	74
3357699	4266636	72
1865312	2366400	770
4503361	4514417	6
1678469	1095366	35
109621	2497057	72
3986301	3050276	32
4527408	3334677	213
1784576	3699744	58
3868069	4514417	6
2366400	3687797	74
383627	1095366	35
1264222	439740	71
3625765	3699744	58
1219568	3699744	58
492689	4514417	6
3013856	3549899	79
400182	1095366	35
2356529	1095366	35
2185990	4514417	6
1184399	3699744	58
539917	680665	72
863734	1095366	35
1095238	3699744	58
3035357	3050276	17
3560916	3050276	17
672988	1095366	46
555898	3699744	58
3221093	1095366	35
1931493	3658005	80
4022358	1095366	35
2526788	1275829	32
1201259	1095366	46
2933955	1095366	35
579086	3699744	58
1264222	301288	17
2552162	1095366	35
4152533	3699744	58
4557507	3699744	58
2366400	3280858	74
3173243	4514417	6
4225547	3699744	58
3972536	439740	71
439740	2762664	74
2215143	3699744	58
1936510	3699744	58
1931493	3050276	17
3801771	1095366	35
3523709	3699744	58
543102	4514417	6
2650165	1095366	35
2366400	1311732	74
3273097	3687797	144
774656	1702049	80
2647045	4514417	6
3158214	3515944	71
2806760	1095366	35
915321	4514417	6
439740	1068248	6747
2309915	439740	6750
3699744	3790154	6734
1095366	1398414	6711
1095366	1109837	6711
4514417	3597635	6682
1095366	952633	7025
1095366	2310181	6711
3699744	1331647	6734
3699744	328212	6734
4514417	3541358	6682
1095366	4011239	6711
1061166	1095366	6739
1095366	2561468	6711
3961813	439740	6750
4514417	4327463	6682
2366400	872648	6747
4514417	4581818	6682
4514417	3334677	6682
1331634	439740	6750
439740	2324647	6751
3275303	439740	6750
439740	3152650	6747
4514417	2974388	6682
3321671	1596879	7116
3699744	3921915	6734
301288	1825300	6693
3699744	669813	6734
3699744	3494610	6734
439740	2156770	6747
3699744	2434506	6734
620800	439740	6750
3762635	439740	6750
3699744	4420618	6734
3699744	4412423	6734
3699744	1642431	6734
439740	3330110	6747
1095366	2185094	6711
439740	86964	6747
2531393	157926	6747
3699744	3980408	6734
3699744	3794223	6734
3050276	3597635	6693
1095366	1498050	6711
4081540	820414	6748
3044006	2366400	6750
439740	1244154	6747
4514417	3222178	6682
3050276	3701712	6693
3699744	4634348	6734
1242276	3515944	6750
1095366	4177076	6711
3699744	559473	6734
3699744	3682056	6734
12600	1095366	6827
2366400	499375	6747
3699744	3092939	6734
1095366	4221925	6711
3699744	2728113	6734
3699744	1996196	6734
439740	1384700	6747
439740	1788793	6728
670165	572326	6747
523647	2366400	6750
3699744	102949	6734
1095366	1061166	7025
937444	1667680	6748
3050276	3023131	6693
4514417	2762664	6682
439740	4434854	6747
2641974	1095366	6739
439740	1968020	6747
1095366	3739221	6711
3699744	3738352	6734
439740	1662106	6751
3699744	3950002	6734
3699744	1460713	6734
2574764	848632	6747
3699744	519603	6734
3515944	935713	6747
1095366	3476412	6711
3050276	4252288	6723
2531393	501168	6747
3699744	2489363	6734
4514417	1483048	6682
3289502	2366400	6750
1095366	2543289	6711
3699744	1298112	6734
439740	2921692	6747
3699744	2267390	6734
1095366	992828	6711
970449	3409388	6750
3631006	439740	6750
2736895	656570	6748
3699744	2493429	6734
3942461	439740	6750
1095366	1224442	6711
1095366	4214451	6711
3699744	1763525	6734
4514417	3145561	6682
4514417	173147	6682
1596879	3575674	7195
1095366	1029405	6711
4102634	3964641	6753
3699744	1940761	6734
3699744	2192033	6734
3699744	4442847	6734
3050276	1764918	6693
2092996	4124529	6692
1095366	366854	6711
1095366	1076434	6711
3699744	2335624	6734
3699744	2948549	6734
1095366	773831	6722
3699744	3385333	6734
1095366	799442	6711
3699744	3085197	6734
1476913	1095366	6739
389542	439740	6750
1218767	3939687	6755
3699744	145293	6734
1549910	3004399	6819
1095366	2909363	6711
4514417	841764	6682
3699744	270337	6734
3699744	2958774	6734
3699744	1133846	6734
1095366	2958774	6711
1095366	289488	6711
3699744	2836742	6734
4514417	3639499	6682
4016391	439740	6750
267288	2848388	6714
3299626	4330055	6756
2583026	2530132	6748
2558012	3852822	6748
1095366	1290291	6711
3530905	1991965	6747
439740	2952181	6747
3699744	3930465	6734
1095366	4239134	6711
117875	439740	6750
3050276	949480	6693
1182689	2366400	6750
4485711	2574764	6750
4514417	620800	6682
3699744	4394243	6734
1960647	439740	6750
4514417	3578437	6682
1095366	1841169	6711
3699744	828876	6734
3699744	620516	6734
1095366	4237562	6711
1889269	439740	6750
2890013	2982991	6714
1095366	2060533	6711
1095366	844310	6711
3699744	4462294	6734
3699744	3500977	6734
2038268	2574764	6750
1095366	3762521	6711
2476305	2574764	6750
1095366	1732094	6711
4498985	3223970	6748
439740	2627001	6747
1095366	841762	6711
3699744	3894758	6734
3964641	670165	6750
3699744	4489701	6734
1095366	687502	6711
4304354	3515944	6750
1095366	2901573	6711
1095366	1008633	6711
3050276	1386466	6693
1095366	199989	6711
3699744	4221891	6734
3699744	2220463	6734
3699744	897078	6734
4514417	702605	6682
1095366	4254599	6711
3540647	841764	6752
1095366	3841709	6711
12600	2519243	7115
4514417	3065546	6682
1095366	1001833	6711
2574764	2647045	6747
990843	3515944	6750
4514417	1353616	6682
1095366	2246029	6711
3699744	3960057	6734
1095366	4077473	6711
4514417	74809	6682
3515944	4564297	6747
1095366	4411396	6711
301288	2874196	6693
1095366	1969771	6711
439740	131553	6747
4514417	4611632	6682
3699744	1938885	6734
3699744	1702734	6734
1596879	2397747	7195
1095366	52901	6711
1095366	2750759	6711
4213913	1275829	6714
1095366	4633194	6711
3050276	3249323	6693
4514417	2839042	6682
439740	1781003	6751
1549910	3829625	6819
1095366	3655955	6711
3445660	3549899	6756
582688	4068253	7458
4514417	2540569	6682
1275829	2775637	6708
1095366	2115203	6711
3699744	23640	6734
3699744	4629586	6734
2574764	2038268	6747
1385086	3515944	6750
1095366	4390877	6722
439740	4407117	6751
3699744	2169887	6734
1095366	455197	6711
3699744	740242	6734
1095366	3494610	6711
1095366	708039	6722
3050276	4019471	6693
4514417	2048275	6682
439740	270935	6728
3699744	662074	6734
4514417	1342232	6682
1095366	3596733	6711
439740	1526264	6747
4514417	2668632	6682
2185990	2574764	6750
2574764	3734393	6747
1095366	3370443	6711
3699744	293300	6734
3699744	1224442	6734
3699744	2999265	6734
3699744	2447541	6734
3699744	2219995	6734
1095366	3891447	6711
2092996	391389	6804
1095366	1163016	6711
2865921	3108666	6749
3963672	2366400	6750
3723642	4160359	6750
1095366	1882135	6711
2366400	1598029	6747
301288	1418926	6693
3699744	3429858	6734
3699744	2372066	6734
704667	3824689	6748
3699744	1894878	6734
3699744	4443531	6734
3699744	251793	6734
1183223	439740	6750
439740	684722	6747
1095366	3620572	6711
4222556	2309235	6756
3699744	1376366	6734
1095366	3543483	6711
439740	3368404	6751
3699744	2637309	6734
1095366	318123	6698
3699744	717750	6734
876048	3495860	6756
4514417	3118259	6682
4514417	3970798	6682
1095366	96903	6711
1095366	1627213	6711
3442897	3939687	6755
439740	2460622	6751
3699744	3852139	6734
2828181	3699744	7248
2092996	2422449	6804
3699744	1927855	6734
3699744	3104218	6734
1095366	2407538	6711
1095366	24903	6693
3699744	1669587	6734
2574764	4654661	6747
702605	3409388	6750
3050276	212674	6693
2087487	3515944	6750
1095366	2161686	6711
2760198	3280858	6755
3699744	2679023	6734
1095366	3385333	6711
2982991	1447221	6708
3699744	2081872	6734
1095366	4231555	6711
1095366	2547604	6711
3402304	1596879	7694
3699744	3718135	6734
1095366	3552998	6711
905538	3515944	6750
1178416	2848388	6714
3699744	6124	6734
1095366	3253734	6711
2574764	1649017	6747
1095366	155019	6711
3699744	3778713	6734
4002267	56945	6747
1095366	1542476	6711
3040754	3211409	6756
1447221	439740	6750
3699744	1785103	6734
3699744	1542476	6734
1095366	1786054	6711
3699744	502352	6740
4205668	439740	6750
4514417	2988888	6682
2488415	1095366	6739
3699744	3982567	6734
1095366	1053193	6711
478478	439740	6750
1095366	4594192	6711
1095366	4100051	6711
1933051	4160359	6750
3699744	1578345	6734
1573887	3986301	6752
4450064	3347592	6750
1095366	4221891	6711
4514417	2879603	6682
1275829	2539768	6708
3699744	3498037	6734
3699744	2677365	6734
1095366	3129253	6711
4595851	2971118	6819
1955999	4024311	6756
2531393	634232	6747
2162655	2574764	6750
3699744	1368475	6734
3699744	4064718	6734
442445	1157240	6756
3699744	2682346	6734
439740	595517	6747
1095366	817812	6711
1095366	1577185	6711
1095366	3569488	6711
1095366	2478994	6711
1095366	4571138	6722
1095366	4611863	6711
3699744	130119	6734
3699744	2758794	6734
1095366	2428081	6711
1095366	446593	6711
4514417	3444384	6682
1095366	4108432	6722
3699744	1190874	6734
4514417	303670	6682
2366400	2787432	6747
4515406	1095366	6739
439740	2217217	6747
2795552	1596879	7116
1095366	2823828	6712
439740	3646870	6747
4162373	2401720	6742
2574764	2345987	6747
1095366	3443080	6711
1095366	384712	6711
3699744	2022947	6734
3699744	2891531	6734
1095366	2634961	6711
3699744	829467	6734
3699744	12865	6734
4514417	4038898	6682
3699744	2325673	6734
1095366	4158841	6711
3505647	764661	6693
4514417	2244810	6682
4514417	2950959	6682
4632709	2947489	6714
3699744	2534947	6734
3409388	2497057	6747
439740	495577	6747
4065985	2541581	6756
3699744	3577709	6734
4595851	4603435	6819
3699744	3992376	6734
3699744	2927071	6734
815635	4205668	6756
3505647	4299219	6693
4354551	1273900	6750
2366400	3963672	6747
2787432	2366400	6750
3699744	4449518	6734
1593563	3515944	6750
4514417	543548	6682
4514417	4280580	6682
3699744	3062888	6734
3970798	549816	6748
1095366	2114032	6711
1095366	2407561	6711
3699744	1367423	6734
1095366	2700130	6711
1095366	4156072	6711
3699744	280244	6734
1095366	4629596	6711
3699744	1731835	6734
1095366	3030047	6711
735122	439740	6750
439740	614379	6747
4514417	595517	6682
3699744	2644813	6734
4514417	4051592	6682
3892116	2421710	6748
1095366	4301637	6711
3699744	1521289	6734
1095366	97672	6711
2787983	4595851	6749
3699744	513352	6734
2911543	439740	6750
4514417	4502843	6682
1095366	2372066	6711
3699744	4491792	6734
1095366	2702247	6711
4514417	2996013	6682
1095366	2730744	6693
439740	137731	6728
4514417	157926	6682
1095366	3593667	6711
2574764	1645838	6747
1095366	3401373	6711
1095366	129947	6711
3699744	1662631	6734
1095366	4441521	6711
4514417	4465228	6682
3040754	439740	6750
1095366	3508797	6711
439740	1904828	6751
3428833	3584930	6756
1095366	3154570	6711
1095366	2700099	6722
3699744	4504666	6734
1865312	2230748	6747
1095366	3229526	6711
3960205	4421728	6751
1095366	3960057	6711
3699744	3133954	6734
1095366	1616980	6722
1095366	148871	6711
3699744	2719349	6734
3699744	4177076	6734
3699744	2223581	6734
1373382	4595851	6749
3409388	2379988	6747
1275829	4644474	6708
2366400	3044006	6747
3699744	1159369	6734
3676627	680665	6748
3699744	2634961	6734
439740	3608133	6728
1095366	4497782	6711
1404696	2366400	6750
3699744	992828	6734
4514417	385457	6682
3699744	4221925	6734
492689	2482870	6748
3699744	2833258	6734
4514417	4249031	6682
4514417	3359335	6682
439740	518447	6747
2104870	2574764	6750
3699744	2801774	6734
3699744	993261	6734
3743036	1095366	6739
3699744	2285255	6734
4514417	4461506	6682
2621428	1095366	6700
439740	1942	6747
4595851	1518041	6819
764661	439740	6750
4611863	1095366	6739
439740	2832092	6747
4514417	4081540	6682
595517	3515944	6750
3699744	305741	6734
301288	2620367	6693
1095366	3449533	6711
3505647	3699744	7248
694941	2366400	6750
3050276	3503116	6693
2366400	431994	6747
1095366	627531	7155
1095366	2862894	6711
3699744	4623224	6734
1963792	2574764	6750
4514417	3306852	6682
1095366	720643	6711
1095366	3552900	6711
1095366	2974325	6711
2719871	2531393	6750
4514417	349891	6682
3050276	221643	6693
1095366	3615687	6722
1095366	1812962	6711
3050276	2309235	6693
1095366	2843033	6711
990843	4590758	6750
2366400	2594414	6747
1095366	2414000	6711
3699744	2995954	6734
2366400	3545202	6747
439740	2289834	6751
3969550	4595851	6749
1095366	3816875	6711
4514417	1994844	6682
1095366	2677365	6711
2258534	445723	6748
4514417	1221560	6682
1477775	439740	6750
3699744	1924581	6734
1095366	773803	6711
4514417	1003724	6682
1095366	12600	6765
1561547	1901109	6886
1095366	2630120	6711
4354551	439740	6750
4514417	4551036	6682
24903	4595851	6749
439740	2574764	7206
439740	3889574	6747
1095366	669813	6711
4514417	925381	6682
2366400	2174725	6747
1488024	4595851	6749
3699744	2544673	6734
439740	1956033	6747
1095366	1967967	6711
1095366	4128979	6711
4514417	3601564	6682
3788176	2865921	6846
228907	439740	6750
1509113	439740	6750
3699744	2634430	6734
3699744	1583260	6734
3699744	4182691	6734
1923689	1095366	7104
2413855	2574764	6750
1068248	439740	6750
4184000	3457283	6756
2366400	4263649	6747
1095366	3591305	6711
1095366	2276948	6711
620800	3515944	6750
1095366	452033	6711
1275829	2260276	6708
439740	4316230	6747
1845901	3700985	6755
3505647	872648	6693
4514417	4428298	6682
3070724	4595851	6774
1757768	4595851	6749
4514417	3403690	6682
1095366	2277696	6711
439740	1636078	6751
1095366	4026370	6711
4595851	2901686	6819
2366400	3361261	6747
2574764	411386	6747
3050276	1189665	6693
2323199	3170726	6756
2585232	3409388	6750
3699744	1798224	6734
439740	572326	6747
2638109	2574764	6750
4590758	1178416	6747
3050276	2539768	6693
1095366	2265011	6711
1088670	1952797	6693
1095366	3692311	6711
4514417	3402169	6682
3699744	3566321	6734
1095366	4464442	6711
1095366	1241838	6711
3334677	439740	6750
4595851	3969550	6819
3699744	3842142	6734
1095366	2661529	6711
1095366	2948549	6711
1095366	3252987	6711
3699744	587643	6734
4514417	3165535	6682
3409388	2585232	6747
3515944	4374185	6747
3919525	4595851	6749
4514417	763141	6682
1095366	2929457	6711
3050276	3595716	6693
1095366	3152158	6711
4514417	501022	6682
3699744	1947627	6734
3699744	4541624	6734
3699744	2289215	6734
3347592	2500359	6747
439740	1449978	6747
4514417	328048	6682
439740	478478	6747
1688985	1095366	6739
301288	2787432	6693
4514417	2450207	6682
3879986	2668011	6756
3050276	2626063	6693
4514417	2171373	6682
439740	4299219	6747
774684	3847082	6756
1088670	3549899	6693
2366400	1101956	6747
1095366	4535800	6711
1095366	1199431	6711
3699744	1189270	6734
3699744	2655087	6734
1095366	395834	6711
2366400	2104295	6747
439740	4150635	6747
1095366	4218055	6711
3939687	3442897	6753
1095366	2473071	6693
4514417	1253560	6682
646410	670165	6750
1095366	2056701	6711
4514417	211659	6682
3699744	3085930	6734
2366400	4081762	6747
2366400	304569	6747
1095366	1707693	6711
1095366	1163305	6711
3699744	1259246	6734
439740	2244810	6747
1095366	113688	6711
3699744	1038635	6734
3515944	614498	6747
1840691	2366400	6750
3699744	1141358	6734
2366400	3457283	6747
2366400	4165087	6747
439740	3879986	6747
1095366	163812	6711
1095366	1107398	6711
1095366	3123543	6711
1095366	902561	6711
4514417	1304540	6682
3050276	2497057	6693
4514417	3866878	6682
3050276	2555039	6693
4202428	2366400	6750
4514417	3651518	6682
2904268	3448374	6756
1931493	3658005	6748
3699744	3387787	6734
3699744	1556243	6734
439740	2922379	6747
439740	2063419	6747
3699744	972417	6734
1095366	1805836	6711
1339490	2574764	6750
439740	4019471	6747
4123584	2519970	6714
3699744	3464958	6734
4514417	2323763	6682
1197710	3964641	6755
3699744	913066	6734
2008031	1825300	6756
4514417	795116	6682
1095366	2517965	6711
3699744	1398409	6734
3699744	626564	6734
3699744	3733997	6734
1095366	3919525	6693
1095366	1844767	6711
348409	439740	6750
4514417	4036167	6682
3050276	2186450	6693
3699744	3378409	6734
1095366	1556243	6711
1197710	572326	6755
3699744	216524	6734
3050276	4217064	6693
3699744	516069	6734
1095366	3679101	6711
3699744	2346075	6734
1095366	3691642	6711
4002267	3088096	6747
4514417	3361261	6682
3699744	4398825	6734
1070926	2366400	6750
1095366	3674043	6711
1095366	91819	6722
439740	2626063	6747
4514417	2950858	6682
4514417	2734165	6682
1095366	2509084	6711
1820299	4162373	6756
3699744	3923343	6734
3699744	1848584	6734
2366400	1068548	6747
4514417	3992490	6682
3576851	3050276	6714
1381128	4595851	6749
3798808	439740	6750
439740	4515467	6751
3699744	2481642	6734
1095366	2336932	6711
3515944	4089763	6747
2574764	2638109	6747
439740	217245	6747
4514417	3424043	6682
1095366	3278501	6722
3699744	245295	6734
4514417	548208	6682
1095366	4133837	6723
3699744	1070953	6734
3699744	653500	6734
1095366	4130044	6722
3699744	4187849	6734
1095366	2652364	6722
439740	1135536	6747
439740	235918	6747
1095366	761845	6711
3549899	1861724	6755
3699744	2156796	6734
1095366	3757997	6711
1877447	1095366	6739
439740	2045760	6747
2441589	2574764	6750
3699744	2336690	6734
4514417	1526264	6682
3255789	1095366	6739
3549899	4116421	6753
3419393	439740	6750
4514417	2301779	6682
1645838	2574764	6750
1095366	3699744	7248
3699744	3596733	6734
1095366	1060899	6711
1095366	409768	6711
4514417	3153184	6682
3699744	170214	6734
1095366	1696510	6711
990843	439740	6750
1275829	1455829	6708
1095366	2320505	6693
1095366	967796	6711
3699744	2019982	6734
4465228	3515944	6750
1095366	532454	6711
3218178	4284454	6752
1095366	347899	6711
4514417	724199	6682
1095366	4408141	6711
4514417	2002657	6682
4514417	1750626	6682
2366400	1582730	6747
1347694	1095366	6739
1095366	391359	6711
1095366	2632731	6693
439740	712978	6728
2366400	3158340	6747
1095366	1678169	6711
3699744	537349	6734
1095366	2291545	6711
3699744	1568634	6734
1311732	454969	6748
3699744	3922167	6734
2531393	2345987	6747
3050276	1493329	6693
1095366	1527713	6711
4502843	439740	6750
4514417	2480212	6682
2104295	3515944	6750
4514417	1988839	6682
270935	2379988	6752
2379988	439740	6750
4465228	439740	6750
439740	4010913	6747
3699744	1254526	6734
3699744	1331816	6734
670165	3723642	6747
4514417	614379	6682
3050276	3515464	6693
3050276	3428833	6693
2574764	4297705	6747
4514417	296980	6682
2574764	4549088	6747
3050276	2291391	6693
1095366	1889130	6711
4514417	992301	6682
3699744	1621400	6734
1095366	2864542	6711
2366400	910820	6747
3050276	3652528	6693
1095366	2451389	6711
1095366	2038216	6711
3699744	3691642	6734
1095366	3499387	6711
1095366	4632709	6693
1095366	550552	6711
4089121	4160359	6750
1095366	3791021	6711
3699744	2272008	6734
4514417	1611570	6682
3050276	235918	6693
3347592	3770071	6747
2574764	793836	6747
1095366	4019270	6722
1095366	453437	6711
426056	439740	6750
3515944	4263649	6747
2366400	876048	6747
3366458	623846	6748
3515944	2244810	6747
4514417	1090964	6682
439740	306655	6747
3699744	1857812	6734
4150635	439740	6750
4086392	2240857	6756
3699744	61103	6734
4514417	2446004	6682
3050276	2583026	6693
4582000	439740	6750
4514417	1846617	6682
3699744	2630640	6734
301288	4165087	6693
3249323	2982991	6714
4514417	2149031	6682
1095366	1982852	6711
4024311	1955999	6748
2634964	439740	6750
1095366	2404178	6711
3699744	4631934	6734
1061653	2366400	6750
4514417	629838	6682
949480	627531	6823
3211339	2574764	6750
1401026	439740	6750
2809173	774684	6819
3578437	4052763	6748
2366400	1151442	6747
4514417	4413527	6682
3389144	2909204	6748
4114873	4160359	6750
3699744	3791021	6734
1095366	12600	6698
439740	3158340	6747
1095366	3662184	6711
3699744	4447962	6734
1095366	857644	6700
439740	3608133	6751
2865921	3788176	6742
4514417	2074071	6682
4599547	1275829	6714
3699744	3425346	6734
2100992	4160359	6750
3699744	2511210	6734
131097	4137027	6714
439740	2537346	6747
3699744	4500223	6734
1449978	439740	6750
4514417	3025017	6682
3699744	2434050	6734
1095366	692812	6711
1095366	2127385	6693
4599547	3515944	6750
1095366	2065562	6711
1095366	1771423	6711
1095366	4496384	6711
566816	1095366	6739
1095366	2571358	6722
3699744	348686	6734
3699744	1291952	6734
3699744	3966331	6734
1095366	272568	6693
1095366	1204953	6711
3050276	3549899	6693
3699744	3466215	6734
3699744	4061443	6734
1095366	2474713	6711
1095366	390289	6711
1095366	959976	6711
3050276	3630428	6693
3515944	3314207	6747
3699744	1799523	6734
1095366	1966158	6711
1095366	1440782	6711
2366400	3261391	6747
1095366	1901942	6711
1385086	439740	6750
360369	2366400	6750
1095366	3646317	6711
3699744	1696510	6734
439740	1278588	6747
1095366	4191615	6711
3699744	1523792	6734
1095366	4247748	6711
4514417	949115	6682
1095366	2799314	6711
1095366	244096	6711
1095366	4461893	6711
1095366	3426904	6711
1088670	3480022	6693
1095366	915682	6711
3699744	3988799	6734
3699744	2047621	6734
4514417	3040754	6682
4514417	4033250	6682
3699744	1547503	6734
2574764	2092099	6747
3699744	562171	6734
1095366	4325316	6711
3050276	1631165	6693
2629881	3939687	6755
3699744	3925374	6734
1095366	1244902	6722
3165069	439740	6750
1095366	672988	6711
1095366	351695	6711
3699744	1157230	6734
439740	1662106	6728
4284454	439740	6750
4343882	2366400	6750
3699744	3857034	6734
3699744	1001649	6734
1095366	409800	6711
480860	4160359	6750
3699744	985454	6734
1095366	1605009	6711
3050276	2060436	6693
3699744	4561527	6734
3438698	3939687	6755
3505647	1068548	6693
4514417	3102072	6682
1095366	3087302	6711
1095366	4082116	6711
1095366	1556852	6711
439740	194472	6747
3559	1095366	6916
2574764	1375851	6747
1095366	453603	6711
4425336	512516	6748
3699744	1580873	6734
3699744	3186232	6734
4514417	4070086	6682
1095366	2458324	6722
1095366	2550363	6711
3699744	3254926	6734
1095366	1457861	6711
1769319	2366400	6750
1095366	4245727	6693
1095366	1927636	6711
439740	4611632	6747
2366400	2318664	6747
3050276	4299219	6693
1095366	1754923	6711
439740	2594414	6747
1201259	1095366	6739
3219811	67192	6811
439740	1573887	6728
4514417	1432700	6682
3699744	2901573	6734
2574764	3393227	6747
1275829	763141	6708
4595851	2701766	6819
1095366	1838479	6711
4601051	439740	6750
3699744	4342177	6734
1095366	1390799	6711
3861646	439740	6750
439740	4138392	6747
1095366	358763	6711
2574764	1253560	6747
4514417	1956033	6682
3699744	2411142	6734
4514417	4369819	6682
1095366	2445788	6711
1095366	2435913	6722
4514417	2598236	6682
4514417	3101500	6682
714026	1095366	6739
2574764	1654954	6747
1095366	2902721	6711
3699744	800533	6734
1095366	3090672	6711
2574764	4514673	6747
3699744	4022358	6734
466974	439740	6750
3699744	4301637	6734
3699744	1859394	6734
4514417	3381563	6682
2160820	4182169	6900
3699744	1772073	6734
3699744	3784254	6734
3699744	4060102	6734
3699744	1428418	6734
3699744	2238256	6734
3699744	4199015	6734
3699744	2363689	6734
4450064	439740	6750
4514417	3035357	6682
3347592	3035357	6747
799442	1095366	6739
3416021	2366400	6750
3699744	1497804	6734
3699744	967796	6734
3699744	660261	6734
2982991	3249323	6707
1095366	4472184	6711
3699744	1949171	6734
2017762	2366400	6750
3699744	1457576	6734
1095366	460670	6711
2230748	1865312	6750
1095366	4450695	6711
1095366	4498074	6711
3699744	2067370	6734
1182689	439740	6750
439740	1221787	6747
1901109	1095366	6777
117875	4160359	6750
1095366	3763593	6711
1095366	2054708	6711
4514417	806348	6682
439740	3545202	6747
4514417	3457187	6682
2840539	4069833	6752
3699744	1070771	6734
3699744	3628652	6734
3050276	307598	6693
3699744	1256378	6734
1095366	2590605	6711
1399286	3631050	6748
2217217	439740	6750
3699744	1719901	6734
1095366	3925762	6711
2241901	439740	6750
1095366	1609564	6711
3699744	1616980	6734
2092996	3104640	7098
439740	3261391	6747
2947489	4632709	6708
1095366	2365029	6711
1095366	1978743	6693
3985805	439740	6750
1095366	2479557	6711
4514417	3158340	6682
1095366	614569	6711
4549088	2574764	6750
1095366	1367423	6711
439740	389542	6747
140200	4595851	6749
2229666	439740	6750
439740	2762664	6747
1095366	2879189	6711
1095366	1809818	6711
1095366	1481988	8557
3050276	2832092	6693
1095366	2319178	6711
1095366	3683746	6711
2257763	2366400	6750
1095366	1123032	6711
3050276	1840691	6693
3699744	2740659	6734
2702677	439740	6750
2574764	2663440	6747
3699744	2119148	6734
3699744	3504178	6734
3699744	4048867	6734
1095366	1138418	6711
4514417	1385319	6682
1095366	1052378	6711
3699744	2442053	6734
3939687	3726368	6753
3699744	800517	6734
3699744	721885	6734
1095366	3407706	6711
1095366	4005738	6711
439740	3161773	6751
265363	2366400	6750
4611145	1432700	6756
1095366	3939850	6711
4514417	3165069	6682
4138392	439740	6750
4514417	1436264	6682
3699744	3364369	6734
3186219	1275829	6714
439740	4081540	6747
3699744	2368526	6734
1095366	3644600	6711
2366400	976924	6747
1095366	2665598	6722
3699744	1083534	6734
1095366	1002873	6711
3699744	1757206	6734
3964641	3146816	6753
3699744	3469193	6734
1095366	884959	6711
983306	720573	6889
483341	439740	6750
1095366	99607	6711
1095366	2131919	6711
3601564	276073	6756
2663440	2574764	6750
4431516	1506034	6819
656570	439740	6750
3699744	1771423	6734
3218063	439740	6750
4514417	2050212	6682
157232	3515944	6750
1095366	4155917	7155
439740	3715801	6747
1095366	1261396	6711
3699744	3144761	6734
439740	3023131	6747
3226746	2366400	6750
4514417	3297901	6682
2433272	1942	6748
3699744	2033230	6734
1095366	3150866	6723
301288	1368498	6693
3699744	3459341	6734
1095366	2804595	6711
1095366	1812789	6711
439740	1048105	6728
1095366	3225393	6722
1095366	3383133	6711
439740	3987835	6747
3699744	2319450	6734
3699744	523537	6734
3699744	4197918	6734
3699744	1079291	6734
4514417	4386656	6682
3699744	822900	6734
1420835	439740	6750
4514417	1996142	6682
1095366	864887	6711
4514417	714856	6682
431994	2366400	6750
1095366	4345826	6711
3699744	89640	6734
3800122	1095366	6739
1095366	2206424	6711
439740	4027406	6747
1095366	2719349	6711
4316230	3515944	6750
2366400	2911543	6747
3699744	2671218	6734
3209611	2531393	6750
627531	1095366	6827
1095366	2963839	6711
3699744	3543483	6734
3699744	3547933	6734
4559835	307598	6756
2982991	483341	6708
3521545	4160359	6750
3699744	1241838	6734
439740	763141	6747
3050276	4581818	6693
3699744	4449898	6734
1095366	1744765	6711
439740	2663848	6747
2366400	1681921	6747
1095366	372068	6693
2366400	4450064	6747
1095366	4368880	6722
439740	4291627	6747
1095366	38516	6711
3699744	3196905	6734
3575674	1596879	7116
3050276	3631006	6693
1095366	3365958	6711
2574764	4387811	6747
1095366	3459341	6711
1095366	1615304	6711
3699744	1635088	6734
439740	3107200	6747
3699744	4239134	6734
3699744	2561366	6734
2634964	2982991	6714
439740	3939687	6747
3699744	1538254	6734
1095366	905679	6711
439740	949115	6747
1095366	2422503	6711
1991965	3960205	6784
1076910	1865312	6750
1095366	4492355	6711
156205	1095366	6739
4514417	466099	6682
3515944	2497057	6747
3699744	672988	6734
3699744	327743	6734
1095366	3365181	6711
3699744	188664	6734
2594414	2366400	6750
3050276	3361261	6693
1095366	4371113	6711
2320657	439740	6750
1095366	3032193	6711
296980	3939687	6755
4514417	3359324	6682
173147	2011871	6755
3515944	8186	6747
3457283	2366400	6750
3699744	640328	6734
3549899	231740	6753
3515944	2626063	6747
696058	1095366	7104
1095366	3444173	6711
1095366	636286	6711
4514417	2240857	6682
1374611	1244154	6707
1095366	4505068	6711
3884348	3409388	6750
3699744	3798532	6734
3699744	2819118	6734
62411	1084043	6748
292430	439740	6750
1095366	361	6711
3334677	3515944	6750
1095366	671946	6711
1095366	1257796	6711
4514417	1796507	6682
2574764	3136221	6747
2909204	3389144	6756
3221141	2366400	6750
4514417	2992811	6682
1196493	3599444	6763
3699744	3363943	6734
3828375	3939687	6755
4514417	2729052	6682
3699744	154033	6734
4160359	2241901	6747
4514417	3814059	6682
4514417	4444803	6682
3699744	2738849	6734
443435	1275829	6714
4514417	3370899	6682
1095366	2489104	6711
439740	346848	6747
1095366	2995954	6711
439740	2472241	6747
1095366	2887795	6711
1095366	2661529	6722
1095366	1082275	6711
3879986	439740	6750
2017762	1467498	6756
1095366	4155917	6765
3050276	3584719	6693
4514417	2530132	6682
2666704	293992	6752
2366400	308305	6747
1095366	2295583	6711
3699744	2650677	6734
1764918	439740	6750
3699744	1800811	6734
1095366	2457834	6711
1095366	1459370	8051
1095366	1269216	6711
4514417	680665	6682
3050276	764661	6693
3261391	2351698	7132
1095366	2578183	6711
2574764	50018	6747
1897095	439740	6750
1095366	2624071	6711
3699744	1967967	6734
3050276	1689407	6693
1095366	2184571	6711
3699744	4020008	6734
2972474	2705023	6693
1095366	4273880	6711
439740	1178416	6747
1095366	167128	6711
1095366	3213954	6711
1095366	555898	6722
1385319	439740	6750
4102634	572326	6753
4160359	3219811	6747
3699744	4122241	6734
1611570	2620047	6748
3699744	1744020	6734
3699744	2368052	6734
1831176	1928428	6752
3146816	3964641	6755
439740	4423099	6751
4514417	1262605	6682
2092996	2160820	6692
1135588	4252288	6850
1754923	1095366	6739
3447337	2574764	6750
633936	3549899	6756
87649	1095366	6739
1095366	2136465	6711
2366400	2431197	6747
3699744	1222714	6734
1095366	3479762	6722
1095366	2573709	6711
1095366	609528	6711
1095366	516878	6711
3699744	4568590	6734
1348161	166302	6752
2574764	3171416	6747
3699744	3032193	6734
3065405	439740	6750
3699744	4607627	6734
439740	3009395	6747
3223970	439740	6750
1027510	3515944	6750
3023131	1275829	6714
1095366	465832	6711
3253295	4416082	6748
1095366	4262780	6711
481604	3515944	6750
3699744	3336150	6734
439740	813144	6728
2366400	4582000	6747
525649	2497057	6708
2594414	3515944	6750
3699744	2826702	6734
3699744	732907	6734
818455	2256442	6752
4514417	2555039	6682
2183575	439740	6750
1095366	944401	6711
3699744	78459	6734
3699744	4273880	6734
439740	2330432	6747
3699744	299282	6734
4514417	2351225	6682
2066125	1526264	6752
287725	3651518	6756
498546	572326	6755
166302	1275829	6714
4514417	819140	6682
1095366	2941164	6711
3050276	1070926	6693
3515944	2030108	6747
2421710	439740	6750
3699744	1201259	6734
3699744	1272846	6734
2832092	439740	6750
4514417	634232	6682
1095366	3740743	6711
439740	3289502	6747
3699744	4388443	6734
4514417	2990598	6682
1095366	3704494	6711
1095366	395013	6711
3050276	2859029	6693
3699744	2951150	6734
2574764	71417	6747
3699744	4090919	6734
1095366	2416388	6711
572326	3223970	6755
301288	3798808	6693
4514417	1683244	6682
1095366	2871199	6711
439740	2634964	6747
3615687	1095366	6739
3699744	2295583	6734
2183575	670165	6750
3699744	2214036	6734
439740	4207629	6728
1095366	1060404	6711
495577	3515944	6750
1683244	439740	6750
4457709	4595851	6749
3699744	792180	6734
2045760	2574764	6750
327474	439740	6750
4514417	996066	6682
3223970	2783126	6755
3699744	4367397	6734
804795	3939687	6755
1095366	519603	6711
3541358	2598236	6756
3699744	3733730	6734
3699744	4584629	6734
611777	2366400	6750
3699744	4262780	6734
2663848	439740	6750
3699744	3090848	6734
2968093	439740	6750
3699744	2138752	6734
1095366	3957740	6711
3699744	2824926	6734
3699744	3134577	6734
1095366	4637788	6711
4152483	1596879	7116
2531393	3209611	6747
4514417	2787432	6682
3699744	3610823	6734
3515944	4304354	6747
3050276	478478	6693
2104295	2632731	7099
1095366	1841680	6711
3699744	2773877	6734
525649	2629564	6708
3347592	1386466	6747
3515944	4316230	6747
813144	3152650	6752
622951	3359324	6756
1095366	1331647	6711
439740	4114873	6747
439740	431994	6747
439740	3814059	6747
3597635	2366400	6750
3883802	3515944	6750
3699744	2149774	6734
3699744	1644719	6734
2460622	656570	6752
4514417	4316230	6682
3699744	3172293	6734
3457283	4184000	6748
1095366	4452865	6711
3699744	1528907	6734
3699744	4441521	6734
3699744	2348861	6734
1478775	1368498	6756
1095366	3561429	6711
4514417	217245	6682
3699744	4431516	6774
3847082	3964641	6755
857644	1095366	6694
3699744	1977968	6734
3050276	735122	6693
1095366	933508	6711
3699744	1199431	6734
439740	4354551	6747
4514417	2952107	6682
3050276	1800981	6693
4514417	1183223	6682
1861724	3549899	6753
4590758	1325880	6747
2649668	523647	6748
3699744	2327853	6734
3699744	2757628	6734
518447	439740	6750
1095366	3732874	6711
1095366	4468499	6711
1095366	2576184	6711
1095366	1108746	7188
3699744	3152158	6734
1095366	2287070	6711
2366400	2257763	6747
439740	1120486	6747
4595851	3984490	6819
267288	4158563	6748
3050276	3693803	6693
4514417	4580499	6682
3699744	1373481	6734
4514417	2510882	6682
3699744	2796033	6734
1865312	2366400	7206
3515944	3601564	6747
3699744	3718931	6734
1275829	3700985	6708
3361261	2366400	6750
3699744	4100218	6734
3699744	130704	6734
1095366	427923	6711
1095366	2206424	6722
1667680	2366400	6750
3699744	314680	6734
4514417	1949357	6682
2574764	1466273	6747
1095366	4349190	6711
439740	1619408	6747
3050276	1956033	6693
1095366	2635232	6711
3699744	2786263	6734
1095366	3892670	6711
4535481	1095366	6739
3699744	1426330	6734
1095366	2019478	6711
3699744	3693015	6734
439740	2308956	6747
4514417	3646870	6682
3699744	2412993	6734
1942	439740	6750
3699744	306670	6734
439740	1904828	6728
3699744	1945269	6734
301288	4280580	6693
1095366	109669	6711
1095366	495857	6711
1095366	2380502	6711
1095366	1694759	6734
4304354	439740	6750
3699744	3350218	6734
2309235	439740	6750
1095366	979170	6711
306655	3515944	6750
3699744	3932237	6734
2244810	439740	6750
3699744	4448454	6734
1095366	3297901	6693
3699744	3751162	6734
1095366	1349617	6711
1095366	1601975	6711
1095366	3900037	6711
3699744	188829	6734
3699744	2411028	6734
4514417	1418926	6682
1275829	4213913	6708
3050276	3879986	6693
3699744	1047740	6734
1095366	1659428	6711
1095366	348686	6711
4514417	3034223	6682
481604	4230063	6756
12600	1095366	6746
4514417	1218767	6682
1095366	2426984	6711
1095366	4511683	6711
1649017	2574764	6750
1095366	4129671	6711
3050276	3699149	6693
439740	623846	6747
439740	2137629	6747
3050276	3223970	6693
2574764	2795520	6747
1095366	2985207	6711
1095366	1373481	6711
4514417	2011871	6682
774684	2809173	6749
1095366	2545723	6711
1095366	627531	7417
1095366	1676906	6711
1095366	4066956	6711
1865312	376290	6747
3699744	4312739	6734
1095366	2401720	6711
1095366	953551	8051
2115203	1095366	6739
3699744	3174505	6734
1770166	439740	6750
1095366	989950	6711
3699744	1417113	6734
4595851	3589231	6819
4514417	3523780	6682
2519970	684722	6708
4514417	948845	6682
131097	3515944	6750
763141	439740	6750
3699744	2117114	6773
2795520	2574764	6750
4160359	3617430	6747
3699744	4360954	6734
3699744	2992342	6734
3699744	4519541	6734
2366400	684722	6747
4024311	439740	6750
3699744	442815	6734
3515944	990843	6747
1095366	1420587	6711
4514417	1119338	6682
1095366	1719971	7025
1095366	3504508	6711
4514417	3091492	6682
1095366	1785350	6711
2366400	1044241	6747
3409388	2368981	6747
1095366	4130044	6711
4514417	572326	6682
3699744	2220340	6734
572326	2663656	6755
1504358	1095366	6739
1095366	599798	6711
4299219	2366400	6750
1095366	3860949	6711
996827	2519243	7017
1095366	1997491	6711
3699744	1804004	6734
2613377	439740	7206
1095366	914282	6711
439740	1726195	6747
439740	3221141	6747
3699744	4399693	6734
3699744	1745558	6734
2574764	3034223	6747
1095366	457753	6711
3651924	439740	6924
3699744	2678362	6734
1877622	1978743	6756
3699744	2618782	6734
1095366	3267605	6711
2675890	1631165	6693
1095366	1206380	6711
3699744	981676	6734
213470	3515944	6750
3699744	627418	6734
3699744	2882196	6734
1427236	1095366	6739
708039	1095366	6739
3699744	4132274	6734
1095366	2560241	6711
3699744	1621138	6734
4514417	1170966	6682
4514417	1960647	6682
439740	2657635	6747
4514417	2943674	6682
3699744	680756	6734
1095366	2329165	6711
1095366	1533780	6711
2845854	90979	6714
439740	876048	6747
3050276	4246488	6693
1095366	1886880	6711
1825300	2008031	6748
3699744	3371733	6734
4514417	3970599	6682
1902605	720573	6889
1840691	2335139	6756
3699744	755929	6734
3699744	4050568	6734
1095366	3798548	6711
301288	1902605	6693
1095366	3574681	6711
1095366	3089228	6711
1095366	851910	6711
3699744	3993249	6734
4514417	4341244	6682
1095366	1655426	6711
1095366	2220340	6711
3699744	584836	6734
2104295	3992490	6753
872648	2366400	6750
439740	53445	6751
1095366	679179	6711
1095366	1118440	6711
4514417	3170726	6682
3050276	1044241	6693
3699744	2145083	6734
1095366	188829	6711
2366400	2978005	6747
439740	3218178	6751
4505062	1095366	6739
3966331	1095366	6739
439740	221643	6747
1095366	819586	6711
2149031	2366400	6750
3050276	1593563	6693
1025422	2308956	6756
439740	137731	6751
4514417	2262683	6682
2344017	439740	6750
1095366	523296	6711
1095366	434006	6711
1275829	3964641	6708
4514417	2424517	6682
1095366	714716	6711
3619458	1095366	6739
439740	131097	6747
1095366	2352028	6711
1095366	92217	6711
3699744	853046	6734
3699744	3519433	6734
1095366	4094488	6711
3357699	4266636	6756
1095366	4484191	6711
1095366	2059361	6711
1095366	4519541	7025
2526788	1275829	6714
1095366	284567	6711
4514417	820875	6682
1095366	2605758	6711
439740	3516958	6747
439740	2017762	6747
385457	2366400	6750
1095366	2024049	6711
4514417	1598029	6682
3699744	579921	6734
3699744	3454311	6734
4514417	2978005	6682
1095366	4259168	6711
1095366	2899132	6711
1095366	2157998	6711
1095366	2637309	6711
3699744	4019704	6734
1095366	324621	6711
439740	1978767	6747
1095366	846667	6722
1095366	207386	6711
439740	4024311	6747
1157240	442445	6748
1095366	6124	6711
1095366	1918963	6711
1095366	1455250	6711
1095366	3598655	6711
1095366	3325195	6711
4514417	4102634	6682
1095366	76908	6711
439740	3597635	6747
492762	4595851	6749
2574764	4150955	6747
4514417	724838	6682
1095366	2882196	6711
1836532	439740	6750
3409388	3884348	6747
3699744	3272345	6734
3699744	3866010	6734
3457283	2351698	7132
301288	2318664	6708
1095366	137255	6711
4514417	248818	6682
1061653	2982991	6714
4068253	582688	6870
3699744	2159983	6734
3699744	4320620	6734
3699744	2560892	6734
4386656	439740	6750
466099	2574764	6750
3699744	1962468	6734
3699744	3400680	6734
4514417	4579012	6682
1095366	1404198	6711
3050276	4541799	6693
2318664	301288	6714
3050276	1304540	6693
3699744	3691300	6734
1095366	1750444	6711
3699744	3759267	6734
3193090	3939687	6755
4514417	307598	6682
1447221	1294583	6756
439740	1281820	6751
4595851	298279	7326
3699744	4123345	6734
439740	744244	6747
1095366	3960129	6711
4523276	2536974	6748
3699744	1819003	6734
2574764	550695	6747
1095366	2911739	6711
3699744	3134446	6734
2535083	2574764	6750
1095366	2877950	6711
3699744	2766361	6734
3699744	211669	6734
3699744	3508797	6734
4599547	439740	6750
1095366	436982	6711
1095366	2669024	6711
1095366	1745558	6723
3699744	3098609	6734
1095366	737517	6711
4514417	1403118	6682
439740	1385319	6747
2988888	439740	6750
1095366	1222714	6711
1095366	279866	6711
1245995	1275829	6714
1095366	2462039	6711
3409388	2092996	6747
114545	439740	6750
538726	696058	7728
1095366	1970078	6711
3688522	439740	6750
2705023	439740	6750
1095366	3831230	6711
3699744	2403269	6734
4514417	1991965	6682
3050276	2526788	6693
1095366	1743621	6711
439740	2555039	6747
2217217	3347592	6750
1095366	2671218	6711
66713	439740	6750
1095366	2030285	6711
4514417	2922379	6682
495577	1275829	6714
3699744	1035315	6734
1095366	442815	6711
3699744	657639	6734
3699744	4218055	6734
439740	4151352	6747
3699744	773803	6734
1095366	3085930	6711
4155917	1095366	6932
1095366	3808579	6711
3699744	3835954	6734
3592153	3990121	7179
4514417	532424	6682
3699744	3014036	6734
1095366	1807855	6711
3699744	4056796	6734
3699744	781833	6734
439740	3884348	6747
720573	385457	6842
1978767	2366400	6750
4514417	4128753	6682
925381	439740	6750
4514417	2038268	6682
3699744	3861308	6734
2366400	2186450	6747
3218063	3515944	6750
4514417	466974	6682
439740	680665	6747
3699744	2236684	6734
1095366	2803323	6711
3699744	3503405	6734
1596879	4183795	7195
3699744	2170797	6734
1095366	4546447	6711
3023131	439740	6750
3723642	1803579	6748
2506307	307598	6708
623518	439740	6750
4514417	793911	6682
4514417	2233727	6682
3699744	823852	6734
2144394	2629764	6748
439740	358638	6747
3699744	956700	6734
572326	444454	6753
4514417	679424	6682
1095366	4501150	6722
4190189	439740	6750
4514417	2988965	6682
2767515	3889574	6748
1095366	4258048	6711
1095366	4515406	6711
2082599	295618	6753
4514417	3889574	6682
3617430	2366400	6750
1095366	2511210	6711
1095366	4248123	6711
439740	4123584	6747
439740	852105	6747
4514417	3363181	6682
3699744	3757997	6734
3050276	3034594	6693
1095366	3688775	6711
4514417	3518704	6682
307598	439740	6750
4122522	439740	6750
4605066	2574764	6750
1095366	2331362	6711
2893445	1095366	6739
3699744	3929910	6734
4514417	3935148	6682
3699744	536683	6734
2082599	4160359	6750
502352	2943560	6733
3699744	1532613	6734
3699744	1235485	6734
439740	4012752	6747
1549910	623846	6819
3699744	2803323	6734
3699744	762059	6734
4089763	3515944	6750
3699744	294327	6767
1598029	3515944	6750
439740	3457283	6747
3699744	3349832	6734
1095366	325903	6711
532424	3457283	6756
1095366	3144761	6711
1151442	2919474	6748
1095366	3085197	6711
3699744	1401921	6734
3050276	1627248	6693
646410	1275829	6714
1095366	1547503	6711
3699744	4308032	6734
3357699	439740	6750
3699744	3490296	6734
2787432	439740	6750
3699744	2059361	6734
439740	3047699	6747
1095366	3519433	6722
4590758	3701712	6747
3631050	2366400	6750
3699744	2652364	6734
458376	2574764	6750
3699744	4069151	6734
1095366	41990	6711
301288	2400172	6693
1095366	4381720	6711
3050276	1221787	6693
3699744	341329	6734
2555039	439740	6750
1095366	1129862	6711
3480022	2135841	6742
439740	2840539	6728
1095366	3153884	6711
1095366	3275816	6712
4514417	3830259	6682
3549899	1197710	6753
3699744	3400084	6734
3699744	2974458	6734
439740	1897095	6747
1095366	1204460	6711
3699744	2153747	6734
4514417	3103539	6682
2366400	4572658	6747
702605	439740	6750
1095366	3999998	6711
1095366	1253433	6711
1095366	1580873	6711
3617430	439740	6750
1252235	439740	6750
2366400	894722	6747
3699744	2184571	6734
3699744	3606423	6734
4514417	1942	6682
4514417	622951	6682
963818	2536419	6748
4514417	4306187	6682
1769319	3515944	6750
3699744	4505068	6734
4514417	1954301	6682
1455829	439740	6750
87602	3050276	6714
2482870	492689	6756
1897095	1275829	6714
2574764	1119338	6747
4514417	512516	6682
3047699	439740	6750
1095366	2005488	6711
1095366	4652981	6711
1095366	1567673	6711
1095366	2333822	6711
3699744	107075	6734
1095366	1549539	6711
1095366	216524	6711
1095366	61884	6711
4514417	3361420	6682
3480022	3515944	6750
1095366	4616978	6711
3699744	2303591	6734
3699744	339056	6734
3699744	708761	6734
3428833	439740	6750
1095366	2183092	6711
3699744	3956442	6734
3699744	869938	6780
3699744	4468605	6734
3050276	3938862	6693
1095366	156862	6711
4514417	3285568	6682
3699744	3092942	6734
3699744	1205450	6734
439740	4022275	6728
4514417	3734393	6682
3715801	4079408	6748
1095366	3378409	6711
3699744	245162	6734
3699744	2543883	6734
1095366	3302052	6711
1095366	2391234	6711
4514417	601172	6682
1095366	244096	6722
3699744	1545681	6734
3699744	3164456	6734
1095366	1877184	6711
4514417	2975115	6682
1095366	3258777	6711
3699744	2314808	6734
1275829	3158214	6708
4514417	2663440	6682
3515944	2975115	6747
3699744	2665598	6734
439740	764661	6747
3515944	3693803	6747
4514417	4541799	6682
3699744	951224	6734
3699744	4386581	6734
439740	3520917	6747
3699744	962589	6734
3699744	460670	6734
1095366	2862645	6723
3699744	4436185	6734
1095366	393718	6711
2366400	2229666	6747
4514417	3192316	6682
2574764	4205796	6747
1095366	3519433	6711
4514417	1426651	6682
2574764	2185990	6747
4514417	2144394	6682
3515944	4416082	6747
3699744	699862	6734
3699744	2029577	6734
3699744	1598920	6734
3699744	1866976	6734
301288	1877622	6693
4514417	3075619	6682
1095366	3990069	6711
4514417	3969307	6682
3699744	1707043	6734
1095366	3008631	6711
4514417	2787634	6682
3505647	4070086	6693
1095366	3921915	6711
1095366	1336609	6693
1095366	998329	6711
3699744	637370	6734
4514417	1806596	6682
3699744	3229252	6734
3699744	896175	6734
1170966	439740	6750
3631050	1399286	6756
4514417	86964	6682
3699744	655601	6734
2160820	2092996	6681
1325880	439740	6750
3174013	3700985	6755
1095366	2736267	6711
3699744	3705990	6734
2446004	2574764	6750
3699744	3168315	6734
194472	4127712	6756
4514417	1769319	6682
561913	1668283	7577
1095366	2470930	6711
3699744	2157998	6734
4514417	3806892	6682
1095366	1266723	6711
248692	572326	6755
4514417	2390322	6682
90979	674069	6708
1095366	2634460	6711
1275829	1245995	6708
3515944	186054	6747
1301400	1095366	6739
1095366	1817405	6711
1095366	1614010	6711
4514417	1797212	6682
376313	2255228	6947
774684	2875370	7043
4514417	3330110	6682
248692	3549899	6755
3699744	482946	6734
3050276	3225334	6693
4222100	1275829	6714
1095366	972417	6711
1095366	3174013	6693
4514417	824950	6682
4514417	1178104	6682
248818	1447221	6756
439740	2400172	6747
2011871	2729052	6753
4595851	24903	6819
3699744	437009	6734
3699744	4349759	6734
439740	3089381	6751
4514417	3986301	6682
3515944	1404696	6747
4514417	3930433	6682
3591383	684722	6693
1095366	4442847	6711
4514417	485633	6682
4514417	2299791	6682
1095366	3047052	6711
1095366	3852717	6711
4514417	1645838	6682
3050276	2156770	6693
1095366	2979536	6711
4514417	2482870	6682
2366400	3173243	6747
1095366	2411142	6711
4151352	2540569	6756
2982991	2890013	6708
2500359	439740	6750
1744020	1095366	6739
3699744	3515167	6734
1095366	2466064	6711
1095366	1830477	6712
1095366	3529538	6711
3699744	2931862	6734
3699744	1414564	6734
3919526	4572658	6842
1095366	2655087	6711
1689407	439740	6750
1095366	42899	6711
439740	2817072	6747
948845	2574764	6750
3699744	819586	6734
4578595	1095366	6739
4514417	103874	6682
3050276	2257763	6693
3699744	1533051	6734
3699744	3907090	6734
3699744	1244902	6734
3699744	2991738	6734
3699744	3525190	6734
3699744	2217492	6734
3699744	2201177	6734
3699744	2159155	6734
261538	3088096	6752
4514417	350088	6682
3699744	4597221	6734
2366400	763141	6747
1095366	4156167	6711
1095366	2833258	6711
3699744	1718231	6734
1095366	3988799	6711
2221249	3939687	6755
4052763	3578437	6756
3699744	3519817	6734
4514417	1135536	6682
4514417	646410	6682
3700985	3174013	6753
2574764	2494644	6747
3699744	621157	6734
4514417	235918	6682
3699744	121159	6734
439740	4518842	6751
439740	4407117	6728
1095366	3490296	6711
1095366	2368526	6711
3699744	3662184	6734
439740	305445	6747
439740	492689	6747
439740	2144394	6747
595517	439740	6750
3699744	3277473	6734
1095366	4013360	6711
1095366	4420618	6711
2729052	45555	6755
1095366	6482	6711
4514417	4539617	6682
3911963	700555	6752
3699744	1082275	6734
4514417	228907	6682
2574764	2441589	6747
3699744	602458	6734
439740	611777	6747
4514417	4263649	6682
3699744	2277696	6734
3549899	2351698	7132
439740	157232	6747
3699744	1444167	6734
4514417	599280	6682
4514417	4462398	6682
1095366	152613	6711
3699744	3365958	6734
3050276	3723234	6693
3699744	1060899	6734
3699744	498595	6734
4514417	3421672	6682
301288	3939687	6693
3699744	3174627	6734
3699744	2509084	6734
1455829	2617444	6742
439740	4089763	6747
627531	1452211	7017
3515944	3770071	6747
3699744	3504508	6734
1095366	4168576	6711
2366400	1770166	6747
350088	2574764	6750
1095366	799442	6722
3699744	2345674	6734
2978056	2531393	6750
1095366	3761690	6711
1095366	1948191	6711
4171543	4160359	6750
3699744	2060533	6734
910820	2366400	6750
3050276	4291627	6693
439740	211567	6747
1095366	2793709	6711
445723	3102072	6748
3699744	1471586	6734
439740	2320657	6747
88105	2366400	6750
1095366	3711029	6722
4514417	1870171	6682
1095366	3196905	6711
3699744	4238619	6734
3699744	3225393	6734
1095366	2032935	6711
1095366	1439771	6711
4012752	2366400	6750
4514417	1375851	6682
3699744	29729	6734
4592959	2104295	6755
3693803	439740	6750
1095366	3659996	6711
3699744	4383616	6734
1095366	3458214	6711
4514417	3352425	6682
3699744	2073706	6734
2366400	1311732	6747
3699744	2305292	6734
3699744	694500	6734
439740	1870171	6747
3699744	4079308	6734
3699744	1754923	6734
4052763	2366400	6750
3050276	495577	6693
439740	3294694	6747
3699744	3591305	6734
2828181	1304540	6693
1095366	3928025	6711
1095366	57899	6711
1095366	1316030	6722
176057	1095366	6739
439740	2183575	6747
2848388	632894	6708
2156770	439740	6750
2240780	439740	6750
381629	2104295	6755
2366400	3723234	6747
1095366	4535739	6711
4514417	3703133	6682
1101956	439740	6750
1095366	3932652	6711
1095366	1977968	6722
1095366	4504666	6711
1095366	1688265	6711
774656	439740	6750
2441589	3091492	6748
1865312	620936	6747
3699744	643430	6734
4514417	4233442	6682
3699744	973660	6734
1095366	3940342	6711
3699744	4651262	6734
166302	439740	6750
1095366	1349130	6711
1095366	699862	6711
4514417	2948885	6682
3699744	4375933	6734
2161114	3477822	6900
3505647	1093470	6693
1095366	2824926	6711
4514417	1092964	6682
4169319	445723	6756
3699744	3330630	6734
3549899	1589572	6755
1979298	439740	6750
3699744	1860460	6734
3393227	2613377	6750
237000	2574764	6750
1095366	2971118	6693
3699744	1773172	6734
1095366	3950002	6711
1095366	2072209	6711
3824689	525649	6714
4514417	1851700	6682
1923689	538726	8724
62411	2859450	6748
1368498	4189961	6748
4514417	2734476	6682
3699744	2323308	6734
4514417	750512	6682
3699744	989950	6734
1095366	2223339	6711
1095366	2992342	6711
2890013	439740	6750
3699744	3966547	6734
3699744	2630120	6734
3529007	1095366	6916
3699744	3241701	6734
4514417	4374185	6682
1095366	2605233	6711
1128382	2159860	6756
3699744	19367	6734
3409388	2952181	6747
4343882	439740	6750
680665	3676627	6756
1095366	151090	6711
1095366	1708784	6711
1095366	3807338	6711
4514417	2604769	6682
3699744	1676906	6734
3699744	146230	6734
2574764	4605066	6747
1095366	1987015	6711
3699744	2040870	6734
1095366	503183	6711
439740	959589	6751
1095366	1710592	6711
1095366	3645843	6711
4514417	623846	6682
2186450	439740	6750
4514417	1844794	6682
3699744	392955	6734
1095366	492762	6693
1095366	361232	6711
1095366	733501	6711
3699744	2312338	6734
3699744	2457663	6734
1095366	3491598	6711
439740	2604769	6747
949480	439740	6750
627531	1095366	6746
1095366	2857495	6711
2017762	439740	6750
3720045	439740	6750
3699744	3154570	6734
480860	2561150	6748
3050276	1384700	6693
3050276	2359882	6693
3699744	581555	6734
3699744	1896940	6734
3050276	2634964	6693
439740	1561547	6747
3699744	938116	6734
1095366	4155917	6698
3939687	1942293	6753
4514417	3985805	6682
3050276	4611145	6693
3050276	3107200	6693
439740	3601564	6747
3699744	148871	6734
4514417	874777	6682
3964641	2988965	6755
1095366	3523709	6711
1577624	1095366	6739
535181	439740	6750
1477593	3939687	6756
1371544	4595851	6749
4514417	4605066	6682
2574764	1405429	6747
3699744	1061166	6734
1095366	737707	6711
4514417	3935909	6682
3699744	963113	6734
1095366	4262063	6711
439740	656570	6747
3050276	646410	6693
1095366	1557898	6711
3050276	2240857	6693
4033250	2574764	6750
3009395	439740	6750
1095366	3871036	6711
634232	2531393	6750
1095366	2503617	6711
2497057	799965	6748
3699744	2512270	6734
3699744	2165381	6734
439740	1281820	6728
1095366	3273671	6711
3699744	384712	6734
3699744	2358202	6734
1403678	439740	6750
301288	3289502	6693
3699744	1479301	6734
1095366	2238354	6711
439740	2729052	6747
4514417	2775637	6682
439740	328048	6747
899712	439740	6750
4259812	2574764	6750
3699744	884959	6734
3699744	2629408	6734
4514417	4169319	6682
2480212	4160359	6750
1877622	2366400	6750
4114873	439740	6750
1095366	3476129	6722
3699744	2865478	6734
4514417	2257763	6682
1095366	1496458	6711
684722	439740	6750
3939687	103874	6753
2948885	478478	6748
1095366	918462	6711
1095366	2514394	6711
3699744	737517	6734
1095366	2481642	6711
3044006	301288	6714
4514417	3726368	6682
1095366	4268052	6711
1095366	2005565	6711
1095366	4581117	6711
4514417	2881715	6682
1095366	2714734	6711
2201271	2366400	6750
4514417	3295664	6682
1095366	1644719	6711
2629764	2144394	6756
3699744	3841014	6734
3715801	439740	6750
439740	1252235	6747
674069	439740	6750
1095366	2220463	6711
1095366	7919	6711
2366400	3938862	6747
3699744	3213027	6734
2449450	4595851	6749
3699744	2902218	6734
4514417	304569	6682
2574764	845239	6747
1095366	4651996	6711
1095366	2328440	6711
4160359	3294694	6747
1095366	2615402	6711
3939687	3025017	6753
800791	3374625	6748
1095366	3737765	6711
1095366	3380950	6711
439740	267288	6747
1681921	439740	6750
1095366	2559691	6711
4590758	4162373	6747
3050276	282362	6693
4390877	1095366	6739
4514417	1493329	6682
4514417	1686804	6682
3699744	181630	6734
3515944	4556430	6747
3699744	492979	6734
3050276	4024311	6693
4514417	2030108	6682
3699744	2159706	6734
4514417	3457283	6682
1750626	1933051	6748
3050276	2907641	6693
1774563	1095366	6739
3699744	300259	6734
439740	2539768	6747
3699744	1891649	6734
3226746	439740	6750
1095366	2743192	6711
1095366	92425	6711
3699744	226013	6734
3459341	1095366	6916
439740	111322	6728
3699744	3170180	6734
3699744	1344865	6734
4514417	3595716	6682
3699744	4502825	6734
1095366	3213027	6711
2982991	4454486	6707
1095366	4184152	6711
3723642	3515944	6750
3050276	2292905	6693
3699744	1458969	6734
1095366	1060917	6711
1095366	289110	6711
439740	4117698	6747
1095366	2101679	6711
4514417	3124525	6682
4514417	4284454	6682
439740	2638030	6747
2685909	1095366	6739
1095366	1718231	6711
439740	621616	6747
1275829	1593563	6708
523647	439740	6750
4162373	3515944	6750
3699744	87649	6734
2506307	1978767	6708
3364594	1933051	6707
3699744	1659428	6734
1095366	3385444	6711
1447221	3578437	6756
1095366	3498037	6711
3699744	3939850	6734
4514417	2478680	6682
2366400	166302	6747
1369751	2531393	6750
1275829	2257763	6708
3342352	3515944	6750
3699744	652586	6734
1886062	439740	6750
3699744	219461	6734
4514417	3991918	6682
3699744	3045080	6734
3699744	3739221	6734
1095366	725331	6711
439740	2613377	7446
3409388	3595716	6747
1095366	2319394	6711
1088670	164103	6693
1095366	3772624	6711
3699744	92217	6734
2536419	439740	6750
3486740	3939687	6755
1095366	3024369	6693
301288	4427838	6693
1095366	3765143	6711
3814059	2366400	6750
4501150	1095366	6916
3442308	720573	6889
3699744	3370610	6734
4514417	1339490	6682
4514417	3515394	6682
3699744	2429960	6734
2500359	3347592	6750
1668283	1923689	8318
3699744	40906	6734
3479762	1095366	6739
1088670	700555	6693
3699744	1562578	6734
3699744	4055238	6734
3699744	4203091	6734
3409388	1093470	6747
1095366	251793	6711
1095366	1650697	6711
4343882	1275829	6714
2663848	2366400	6750
3699744	1577185	6734
539917	680665	6756
3699744	3131128	6734
3699744	1097250	6734
3699744	2175979	6734
1095366	2157998	6722
1095366	1418059	6711
1095366	3180000	6711
3699744	3405419	6734
3699744	3096465	6734
1151442	439740	6750
4514417	2201271	6682
3699744	3879753	6734
1095366	3750057	6711
3699744	3575739	6734
3699744	2775368	6734
439740	2260276	6747
1095366	1453497	6711
3699744	401414	6734
2435913	1095366	6739
4514417	4152489	6682
4514417	2413855	6682
3457283	507811	6748
1273900	3361261	6747
1095366	713138	6711
3495860	876048	6748
3104640	2092996	7096
4450064	2853685	6748
1095366	4472604	6711
439740	3275303	6747
1095366	2640053	8051
1386466	3347592	6750
3699744	996054	6734
3050276	3964641	6693
3050276	1325880	6708
2033373	1095366	6700
1095366	153459	6711
439740	1027510	6747
3699744	3334283	6734
3050276	3545202	6693
4425336	439740	6750
267288	276073	6756
439740	1348161	6728
3699744	1862100	6734
1095366	2787437	6711
1095366	4329394	6711
3699744	2946334	6734
3699744	4615939	6734
4450064	4590758	6750
3699744	3417616	6734
4599547	670165	6750
3699744	2059061	6734
3699744	2963839	6734
1452211	1923689	8318
622951	439740	6750
3699744	1852824	6734
1902605	2841943	6748
4514417	381629	6682
1095366	2649623	6711
1095366	4617754	6711
3699744	4526796	6734
1095366	79996	6711
4514417	1700497	6682
3699744	2547604	6734
3515944	3218063	6747
3699744	3476412	6734
1095366	1502723	6711
1095366	2988964	6711
2971118	4595851	6749
2092996	3409388	6750
3699744	1257796	6734
4514417	933260	6682
2661529	1095366	6739
1095366	1695825	6711
439740	3295664	6747
3699744	3087302	6734
2366400	4202428	6747
3699744	3157007	6734
1095366	2095713	6711
4514417	4184000	6682
2104295	3117131	6753
3699744	2407538	6734
3699744	2124943	6734
3699744	714026	6734
3515944	2201271	6747
1095366	4462294	6711
1095366	2457663	6711
301288	475435	6708
1095366	1924581	6711
1095366	2201177	6711
3699744	3304918	6734
1095366	988513	6711
2104295	2632731	6753
3699744	340579	6734
1095366	4137511	6722
4514417	306655	6682
3699744	2451389	6734
1095366	2307919	6711
4514417	1478775	6682
3699744	2333360	6734
3699744	3228042	6734
548208	2574764	6750
4514417	2649668	6682
2640053	3699744	7248
4052763	439740	6750
1095366	4327290	6711
2911543	3235309	6756
3699744	2333274	6734
2366400	3687797	6747
1095366	2170797	6711
1095366	1401921	6711
3280858	2760198	6753
3699744	2493284	6734
4002267	1124718	6747
3515944	3363181	6747
3699744	4408141	6734
4514417	1694160	6682
1095366	4083603	6711
3699744	2379295	6734
3699744	1476913	6734
1095366	33121	6711
1095366	4169907	6711
439740	3969985	6728
3699744	1340381	6734
1095366	616569	6711
572326	4102634	6755
450320	439740	6750
4187443	3347592	6750
2675890	3926181	6693
3699744	2246029	6734
1095366	1444167	6711
4514417	284103	6682
3699744	3959499	6734
3699744	595273	6734
4514417	1836532	6682
1095366	4617734	6711
4514417	2796130	6682
3699744	2211509	6734
301288	2638030	6693
1095366	708039	6711
1095366	3413338	6711
3699744	2474713	6734
1095366	3866010	6711
4514417	405360	6682
1095366	1476913	6722
2574764	184116	6747
525649	3357699	6708
3699744	4032373	6734
1095366	2380760	6711
3699744	2264161	6734
90979	2845854	6708
3699744	4534544	6734
1182689	523275	6714
1095366	3743036	6722
1095366	1504358	6722
4002267	1924356	6747
3699744	1193798	6734
4330760	1902605	6752
1095366	3691300	6722
3699744	1812789	6734
876048	2366400	6750
3884348	439740	6750
439740	2964722	6751
439740	633247	6747
1095366	1560892	6711
3050276	1889269	6693
4171543	439740	6750
3699744	3439270	6734
3699744	2020442	6734
439740	3420118	6747
2968093	4160359	6750
3699744	4407315	6734
2621428	3699744	7177
1095366	3870220	6711
2881715	1705852	6748
1902605	2366400	6750
4514417	284029	6682
3699744	720643	6734
3347592	3630428	6747
2569146	4316230	6748
1095366	1182277	6711
3699744	2233242	6734
439740	3419393	6747
1477775	3515944	6750
3939687	887652	6755
1095366	3891891	6711
3699744	376821	6734
1095366	2777201	6711
1095366	4629586	6711
4514417	3599444	6682
328048	439740	6750
1275829	3442308	6708
1095366	587231	6722
3699744	1383022	6734
2531393	2978056	6747
3699744	324889	6734
1095366	212274	6711
2104295	381629	6753
3050276	3883802	6693
3699744	3824263	6734
3762672	2859029	6961
439740	983306	6747
3699744	3648121	6734
3699744	96903	6734
1095366	731421	6711
1095366	3893566	6711
145938	714856	6756
3521925	3964641	6755
1095366	2878658	6711
3699744	3153884	6734
4514417	2432983	6682
3050276	4012752	6693
1095366	2971621	6711
4514417	518447	6682
1095366	1363125	6711
1095366	455936	6711
3699744	3561313	6734
1095366	1259246	6734
2480212	439740	6750
565420	3050276	6714
3699744	3674043	6734
1095366	1070953	6711
1095366	4417829	6711
439740	3457187	6747
4595851	1047195	6819
2574764	2424517	6747
1596879	1290551	7195
439740	3173243	6747
3699744	3940721	6734
1095366	4159079	6711
2379988	3409388	6750
71417	2574764	6750
1095366	2891142	6711
4472101	2366400	6750
4216884	1095366	6739
439740	3688522	6747
4514417	1501136	6682
1095366	1428418	6711
439740	2048275	6747
3699744	4498074	6734
4514417	1979298	6682
3699744	1019754	6734
1375851	2574764	6750
439740	1526619	6728
4514417	2912643	6682
4514417	3942461	6682
1095366	1334752	6711
437158	439740	6750
1095366	1212627	6711
3939687	804795	6753
3699744	201705	6734
301288	1726195	6693
1095366	718312	6711
1095366	4370843	6711
3050276	1120486	6693
1095366	568660	6711
1095366	599264	6711
3699744	3732874	6734
3699744	1939800	6734
4514417	1082401	6682
4590758	2952107	6747
439740	3630428	6747
4514417	839229	6682
3699744	2681767	6734
3050276	1245995	6693
1095366	1817791	6711
439740	4557664	6747
3699744	3524835	6734
1526264	439740	6750
4514417	4616155	6682
1095366	3378409	6722
4514417	4435729	6682
3050276	3770071	6693
3699744	2003949	6734
1325880	3050276	6714
439740	442445	6747
4514417	2904268	6682
3699744	1340538	6734
4158251	3939687	6755
439740	3004399	6747
301288	3065405	6693
1095366	1859178	6711
4514417	876817	6682
3050276	4564297	6693
4514417	2712745	6682
3699744	4648158	6734
3050276	292430	6693
1095366	4511693	6722
1095366	1762047	6711
3050276	3280858	6693
4514417	2126984	6682
301288	2085385	6693
3173243	2366400	6750
3699744	1000211	6734
4514417	3261391	6682
1095366	156205	6722
3699744	612869	6734
186054	439740	6750
1095366	3118957	6722
391389	3104640	6791
4514417	4217064	6682
3699744	1847717	6734
439740	4416082	6747
1095366	4152533	6711
4514417	389542	6682
3515944	2320657	6747
1095366	587643	6711
4514417	1322462	6682
764661	2366400	6750
1095366	1455265	6711
3515944	3631006	6747
1095366	3182693	6711
1095366	2011577	6711
2201271	3515944	6750
45419	1095366	6739
3389359	1877622	6748
437158	3515944	6750
4514417	3964641	6682
3050276	2741022	6693
1095366	857537	6711
3699744	3180000	6734
439740	187605	6747
3699744	4145143	6734
1095366	2146517	6711
3699744	747662	6734
2494644	2574764	6750
1095366	2638845	6711
194472	439740	6750
3699744	4546447	6734
1095366	1259246	6711
1095366	340579	6711
1095366	3795621	6711
3699744	3763593	6734
4514417	3737096	6682
1095366	3594640	6711
1095366	4367397	6711
4514417	3432683	6682
90979	3359586	6708
1095366	3122455	6711
3699744	4221009	6734
2366400	3664887	6747
4407117	1418926	6752
1095366	1119086	6711
2366400	2030108	6747
3699744	1694759	6734
3505647	3687797	6693
3050276	348409	6693
3050276	306655	6693
1095366	2412993	6711
3824689	72854	6748
587231	1095366	6739
1095366	1616997	6711
3699744	455197	6734
3699744	3329126	6734
439740	1101956	6747
3699744	1886880	6734
3960205	2922379	6803
4162373	670165	6750
3699744	586626	6734
4068253	439740	6750
1095366	1322187	6711
3699744	3057068	6734
3972536	439740	6750
4514417	427755	6682
3699744	1177094	6734
1095366	3329786	6711
4514417	2743779	6682
3699744	287377	6734
439740	1631165	6747
166302	2366400	6750
3050276	1582730	6693
4541799	70544	6748
3699744	614569	6734
1095366	412345	6711
3699744	453603	6734
3699744	1567079	6734
1095366	2568492	6711
3699744	1498050	6734
62411	525649	6714
4514417	154527	6682
2497057	439740	6750
3699744	320844	6734
4514417	3582107	6682
439740	348409	6747
1095366	2116673	6711
3699744	713900	6734
1048105	3865382	6752
1095366	4617090	6711
4108432	1095366	6739
1262605	2574764	6750
3050276	2480212	6693
4514417	2657635	6682
3699744	692484	6734
4514417	1819890	6682
1095366	1207261	6711
439740	228907	6747
3699744	683952	6734
1095366	853046	6711
3699744	2178475	6734
2972474	1501136	6693
1095366	188664	6711
1095366	1482717	6711
3601564	2366400	6750
3699744	1688265	6734
1095366	4410949	6711
1095366	23640	6722
1095366	3350228	6711
1095366	1757768	6693
1095366	1032914	6711
3050276	842557	6693
3699744	1062968	6734
3699744	2101679	6734
837647	439740	6750
1681921	2366400	6750
1095366	176057	6722
3050276	62411	6693
1095366	185413	6711
3939687	3124525	6753
1505394	2366400	6750
1095366	3371733	6711
1095366	2010541	6711
1095366	679345	6711
3699744	3529007	6734
1095366	1179872	6711
556523	1800981	6842
3699744	318621	6734
439740	4343882	6747
2366400	774684	6747
1095366	4597221	6711
3699744	1010110	6734
1095366	1504358	6711
3515944	3824689	6747
1095366	4608085	6711
1095366	2712059	6711
1095366	4191835	6711
4514417	976903	6682
1705559	3515944	6750
1095366	4019704	6711
3699744	609528	6734
3699744	1254957	6734
3699744	126687	6734
4514417	2008031	6682
1275829	646410	6708
2366400	3651518	6747
1095366	3524835	6711
4413527	1275829	6714
774656	3409388	6750
1095366	1974920	6711
3230831	439740	6750
439740	1712571	6747
3699744	2010541	6734
620936	1865312	6750
1467498	2017762	6748
3699744	3710577	6734
1770166	2366400	6750
4514417	886525	6682
439740	622951	6747
1095366	3062888	6711
2366400	4217064	6747
3829625	439740	6750
4514417	3775728	6682
1095366	2685909	6722
4514417	3421150	6682
3883802	2366400	6750
1088670	2455282	6693
3699744	3456503	6734
1095366	880521	6711
3699744	4436292	6734
1095366	154033	6711
4514417	1269224	6682
3699149	4160359	6750
1095366	2442053	6711
3699744	4651996	6734
4571138	1095366	6739
3699744	61884	6734
439740	3089381	6728
1095366	3600855	6711
3515944	2156770	6747
3699744	1614542	6734
1095366	209509	6711
1095366	1835629	6711
1095366	3087661	6711
1095366	1848584	6711
3699744	3132885	6734
1095366	145293	6711
1095366	3575739	6711
2574764	500322	6747
1956033	3515944	6750
1095366	3272395	6711
4514417	4246488	6682
3699744	1373906	6734
2366400	3226746	6747
1095366	805639	6711
301288	2391149	6693
1095366	4561527	6711
1095366	1585813	6711
1095366	2865478	6711
1095366	270337	6711
2531393	2542300	6747
4514417	4027955	6682
538726	4245727	6689
3699744	4629596	6734
1095366	4232939	6711
1095366	4453627	6711
3699744	1403608	6734
3368404	2639452	6752
1095366	2592604	6711
1095366	2843575	6711
4428298	2366400	6750
4252288	3964641	6936
3699744	156205	6734
1095366	1745429	6711
3699744	4129671	6734
1095366	1489343	6711
3699744	4499517	6734
4514417	4094269	6682
3699744	90324	6734
4595851	2227200	6819
3699744	3925762	6734
789657	2060436	6752
670165	2397154	6747
3699744	1148457	6734
1931493	2366400	6750
3699744	457753	6734
1095366	2542033	6711
1095366	1777523	6711
1095366	996054	6711
2879189	1095366	6739
439740	1128382	6747
1095366	2571173	6711
549816	439740	6750
3699744	2542033	6734
3699744	2263044	6734
301288	614379	6708
2734476	2574764	6750
4514417	976924	6682
2366400	4233442	6747
3699744	446593	6734
3050276	117875	6693
3699744	1717676	6734
3699744	1968905	6734
439740	3416021	6747
1095366	1427236	6722
439740	4450064	6747
3505647	633247	6693
2741022	3515944	6750
1095366	130704	6711
3699744	2774039	6734
439740	4564297	6747
439740	4280580	6747
1095366	456822	6711
1095366	139772	6711
439740	3361261	6747
1095366	1702734	6711
3050276	629838	6693
439740	818455	6728
3699744	3999498	6734
611777	439740	6750
4514417	749034	6682
439740	1303046	6747
3699744	2269625	6734
1095366	3172198	6711
1095366	2675909	6711
3699744	210410	6734
3699744	2852269	6734
3699744	2501756	6734
1954301	2574764	6750
439740	793911	6747
4514417	2783126	6682
1095366	307910	6711
3699744	4349190	6734
1095366	3699744	7359
1095366	2538484	6711
3699744	4275309	6734
3699744	2259793	6734
3699744	986869	6734
3699744	2809173	6774
3699744	2559691	6734
3104640	3571093	6963
720573	4601051	6842
4514417	346848	6682
1095366	376512	6711
1095366	413373	6711
1095366	218840	6711
3699744	4329394	6734
1095366	2402554	6711
3601564	2848388	6714
3699744	2291152	6734
1095366	3738352	6711
2979536	1095366	6739
439740	1931493	6747
3699744	3071336	6734
1095366	4486944	6711
3700985	471685	6753
4514417	275678	6682
4590758	3480022	6747
3699744	1101051	6734
2359882	439740	6750
439740	970449	6747
4514417	930106	6682
1095366	245295	6722
4514417	1968020	6682
439740	308305	6747
1095366	3469193	6711
1631165	439740	6750
3699744	2827228	6734
1095366	3975157	6723
439740	4233442	6747
2675890	2990598	6693
3314207	439740	6750
1095366	293300	6711
1095366	978816	6711
4514417	2331948	6682
301288	1536907	6693
792883	439740	6750
3699744	1322841	6734
1095366	2542865	6711
301288	3221141	6693
3050276	4534834	6693
1095366	2857495	6722
301288	1269224	6693
3699744	1440297	6734
439740	413310	6747
3699744	4387795	6734
1095366	2856841	6711
1095366	4100218	6711
4514417	318103	6682
1095366	3718781	6711
4514417	276073	6682
1095366	2071623	6693
1095366	457528	6711
2519243	2397747	6926
1108746	2519243	7577
3699744	3059428	6734
1095366	2901686	6693
1095366	4501150	7025
4514417	2433272	6682
2366400	3883802	6747
4551674	1865312	6750
2574764	2256553	6747
1275829	3414705	6708
3699744	1179872	6734
1095366	451535	6711
4514417	4248403	6682
439740	2149031	6747
1877622	1797212	6748
3699744	1585813	6734
2598236	3541358	6748
3699744	2424578	6734
3699744	3646317	6734
3699744	756901	6734
3050276	3549555	6693
3699744	4107326	6734
1095366	58886	6722
3699744	1202377	6734
1095366	29729	6711
4514417	1028727	6682
525649	3824689	6708
4514417	4150635	6682
3699744	902561	6734
3699744	3273819	6734
3050276	2450207	6693
3050276	213470	6693
4514417	3420118	6682
1923235	3223970	6755
1095366	4134530	6711
439740	3428833	6747
4434854	439740	6750
2574764	4458364	6747
3515944	621616	6747
4010913	3347592	6750
439740	3617430	6747
1095366	1497804	6711
446465	439740	6750
3515944	3023131	6747
1095366	2681767	6711
3699744	2127345	6734
1095366	4137511	6711
3699744	3021527	6734
1095366	3982567	6711
3190085	1095366	6739
439740	142288	6751
227204	439740	6750
3330110	439740	6750
3044006	439740	6750
1095366	1097250	6711
2655186	2257763	6752
439740	2060436	6747
3992490	2104295	6755
1095366	1847717	6711
3699744	2836361	6734
439740	4190189	6747
3699744	2578183	6734
1095366	3336150	6711
3505647	868296	6693
439740	702605	6747
2859029	3781463	6756
3699744	1760739	6734
3699744	2908954	6734
1999236	228907	6752
1095366	87649	6722
3050276	523647	6693
3699744	2971621	6734
3699744	4402233	6734
3699744	2640053	6775
2857495	1095366	6739
439740	3482528	6728
3699744	3440676	6734
3432683	2574764	6750
2357768	439740	6750
1095366	3428344	6711
1095366	4182414	6711
3699744	831497	6734
1095366	4547338	6711
4450064	3515944	6750
3699744	679345	6734
3699744	3380160	6734
3310617	820875	6753
3549555	439740	6750
1095366	3009092	6711
1095366	869962	6711
1336609	4595851	6749
4514417	2140305	6682
3699744	4120151	6734
4514417	2736895	6682
1135688	3362772	6756
3050276	3700985	6693
439740	2722317	6747
439740	2281205	6751
2366400	1331634	6747
4595851	2708943	6819
1095366	2846012	6711
3699744	953551	6767
1095366	305741	6711
3699744	3137931	6734
1095366	2967218	6711
1095366	3523876	6711
1896652	305445	6693
1095366	1525145	6711
3699744	2624071	6734
3699744	3197750	6734
3102072	445723	6756
615276	2011871	6755
4514417	848632	6682
4514417	1294583	6682
3699744	2620160	6734
1095366	3330630	6711
439740	4187443	6747
4514417	1801401	6682
4514417	2532569	6682
3939687	498546	6753
1095366	3800122	6722
3374625	800791	6756
1095366	620379	6711
3165535	2574764	6750
439740	1831176	6728
1742414	1865312	6750
3699744	3659280	6734
1095366	2160188	6711
4514417	716393	6682
4514417	632401	6682
1404696	439740	6750
3699744	4358068	6734
439740	1924356	6747
3699744	566816	6734
3699744	737707	6734
439740	499375	6747
3699744	3317488	6734
1095366	2553544	6711
2092996	790839	6692
1817390	2574764	6750
4600192	2366400	6750
3699744	1404198	6734
3699744	4486555	6734
3050276	2379988	6693
1095366	428164	6711
2968093	2366400	6750
3699744	2295904	6734
4408748	2574764	6750
439740	227204	6747
2663656	572326	6753
4250304	4298230	6693
2585232	439740	6750
1095366	2323308	6711
1095366	4448454	6711
1095366	1462374	6711
4514417	4190189	6682
3223970	1197710	6753
439740	934670	6728
3699744	1786054	6734
1095366	4488308	6711
1095366	3291929	6711
4514417	892322	6682
4514417	3225150	6682
4291627	2366400	6750
301288	2201271	6693
4514417	2841943	6682
1095366	596825	6711
439740	842557	6747
4316230	439740	6750
3699744	1616997	6734
439740	4330055	6747
4514417	2701122	6682
4002267	3985805	6747
684722	2366400	6750
3699744	1012339	6734
4252288	439740	8653
1095366	4505062	6711
2366400	3601564	6747
774684	2366400	6750
1095366	4648158	6711
1095366	4464719	6711
1095366	4448060	6711
3699744	3959919	6734
2366400	2775637	6747
1095366	2020442	6711
3699744	1894876	6734
3699744	785681	6734
4514417	2865921	6682
1237772	2574764	6750
3699744	58886	6734
1095366	2191248	6711
4514417	3706618	6682
1095366	3288126	6711
1275829	744244	6708
1095366	133571	6711
3699744	1785350	6734
439740	2323763	6747
3584930	3428833	6748
3515944	2183575	6747
3699744	1616699	6734
4444803	3523780	6756
4514417	2441589	6682
2366400	2390322	6747
3699744	1676820	6734
3699744	2498820	6734
3699744	2005716	6734
4514417	3650374	6682
231740	3549899	6755
3515944	2832092	6747
1095366	1898814	6711
1466273	2574764	6750
4160359	2082599	6747
1095366	4578595	6711
439740	1986720	6747
4514417	2705023	6682
439740	2968093	6747
3939687	296980	6753
4514417	4086392	6682
4514417	1506034	6682
439740	2289834	6728
2574764	4428950	6747
614572	1095366	7104
3699744	4571476	6734
3050276	3381563	6693
3699744	1841169	6734
3403690	2574764	6750
1095366	3437912	6711
3070724	1095366	6767
4514417	4249059	6682
3699744	3368269	6734
1095366	3456503	6722
3699744	2967218	6734
1095366	3764703	6711
1095366	627531	11078
3699744	1079299	6734
3699744	3370443	6734
1384700	439740	6750
439740	632894	6747
1095366	3771247	6711
1095366	3544088	6711
1095366	704767	6711
4514417	1396777	6682
2256553	2574764	6750
2536419	2366400	6750
439740	4222100	6747
439740	4599547	6747
4010913	3515944	6750
1095366	2852269	6711
4160359	2857200	6747
3414705	1275829	6714
2092996	2161114	6692
1095366	643458	6711
3699744	395834	6734
1095366	1866629	6711
1095366	1598920	6711
4514417	3785986	6682
3699744	1946245	6734
1506034	4431516	6749
899712	4160359	6750
3699744	443761	6734
3515944	535181	6747
3050276	3824689	6693
1095366	2516475	6711
1095366	1036104	6711
1095366	1019754	6711
4514417	4360296	6682
1095366	327743	6711
3050276	2740884	6693
157232	439740	6750
439740	142288	6728
3970599	439740	6750
4428298	439740	6750
3699744	840523	6734
301288	385457	6693
4205668	815635	6748
53445	1593563	6752
1095366	3728731	6711
1095366	971695	6722
4145143	1095366	6739
3050276	265363	6693
439740	2391149	6747
680665	4137027	6714
3050276	3342352	6693
4514417	293992	6682
3699744	918462	6734
3699744	1565299	6734
3699744	218840	6734
1095366	280244	6711
3699744	3014976	6734
4514417	2828993	6682
3699744	4026370	6734
1320273	774656	6756
4160359	4611145	6747
439740	2639452	6747
439740	789657	6728
3699744	2607191	6734
1095366	717750	6711
3050276	2431197	6693
3050276	4343882	6693
3050276	1897095	6693
3699744	3207976	6734
1095366	3967169	6711
1095366	2051514	6711
878481	4595851	6749
3699744	4472184	6734
3673162	2531393	6750
1095366	830141	6711
1095366	3333701	6711
4514417	4557664	6682
1095366	2832363	6711
3699744	2333658	6734
1346591	2574764	6750
2534947	1095366	6739
4514417	917625	6682
3480022	4590758	6750
3699744	320671	6734
4656546	4595851	6749
1095366	3059431	6711
3986301	2366400	6750
4514417	4338272	6682
1095366	1978594	6711
3699744	4077617	6734
3050276	4222100	6693
439740	1331634	6747
2574764	1221560	6747
1095366	1593529	6711
3699744	1556852	6734
439740	2859029	6747
3699744	1597028	6734
4514417	498546	6682
935713	439740	6750
305445	439740	6750
2907641	3515944	6750
2366400	3700985	6747
3699744	147183	6734
3560916	4094269	6748
4416082	439740	6750
1095366	400579	6711
1095366	2145083	6711
4187505	2574764	6750
1095366	4307280	6711
3699744	4297081	6734
2629564	525649	6714
2366400	86964	6747
3545202	2366400	6750
2174725	439740	6750
1095366	4430177	6711
3699744	2522215	6734
2988888	2366400	6750
1095366	4047600	6711
2119988	3701712	6708
3699744	916913	6734
2975115	439740	6750
3050276	3282892	6693
4089763	439740	6750
1095366	95762	6711
1095366	652586	6711
3040754	471981	6748
4514417	2292905	6682
1095366	380938	6711
4514417	3521408	6682
2344017	4562211	6748
3939687	2403624	6753
4123584	439740	6750
4514417	1027510	6682
1095366	1639972	6711
276073	3601564	6748
1095366	4633204	6711
4514417	2895265	6682
307598	2506307	6714
3359324	622951	6748
959589	2137629	6752
3699744	3843322	6734
1095366	831497	6722
4069846	1477775	6748
1095366	3739825	6711
439740	3314207	6747
1095366	212779	6711
3699744	1841705	6734
3699744	2985207	6734
2574764	2770725	6747
2366400	656570	6747
3050276	1979298	6708
523275	1182689	6708
3515944	131097	6747
4514417	2389425	6682
439740	3540647	6728
2640053	360369	6693
1095366	2211509	6711
3699744	999399	6734
1650806	837647	6756
2982991	4052763	6708
4514417	227204	6682
4514417	1411234	6682
439740	3359586	6747
2366400	4052763	6747
1095366	3710577	6711
4514417	1992484	6682
2366400	1284507	6747
3699744	3407706	6734
1095366	831497	6711
3507997	2140305	6752
3050276	4599547	6693
3699744	915682	6734
3699744	1809818	6734
1095366	3174505	6711
439740	1070926	6747
1426102	360369	6748
3960205	1991965	6803
4250304	4068253	6693
2366400	3798808	6747
192613	439740	6750
439740	293992	6747
3700985	1845901	6753
1095366	3092942	6711
1769319	795116	6748
1095366	2043405	6711
1095366	2260706	6711
4175768	439740	6750
439740	700555	6747
3280858	3075619	6753
2574764	2408920	6747
2366400	192613	6747
439740	3218178	6728
3145561	2531393	6750
4514417	4230063	6682
439740	2964722	6728
3050276	2330432	6693
3699744	1159624	6734
471685	3700985	6755
4514417	2526788	6682
3699744	1918963	6734
1095366	2621428	7178
439740	2281205	6728
1095366	3891287	6711
2859029	3515944	6750
3699744	3329786	6734
1095366	1440826	6711
1221560	2574764	6750
2574764	2446004	6747
4024311	2366400	6750
2366400	3964641	6747
3699744	3283378	6734
4514417	1145424	6682
1095366	3671484	6711
3699744	2610428	6734
2665598	1095366	6739
3699744	3615687	6734
1095366	2405072	6711
3515944	2104295	6747
1095366	3466215	6711
439740	303670	6747
4514417	2993309	6682
3050276	774684	6693
4595851	4245765	6819
3589231	4595851	6749
1095366	659861	6711
3699744	4076661	6734
1095366	23640	6711
3523780	439740	6750
1095366	589453	6711
4160359	1189665	6747
4514417	1227692	6682
1095366	2258611	6711
3699744	2530169	6734
3699744	57770	6734
4514417	3282878	6682
3699744	2605758	6734
1095366	1047109	6711
1095366	2512270	6722
439740	4067930	6747
1095366	308985	6711
4514417	3723642	6682
2366400	1476525	6747
1095366	584608	6711
3050276	1877622	6693
1095366	4626175	6711
439740	117875	6747
3699744	4531455	6734
4514417	3741719	6682
439740	498779	6747
4514417	2585051	6682
1095366	3615631	6711
1095366	1817158	6711
4514417	171893	6682
4514417	632894	6682
186054	3515944	6750
1095366	3223846	6711
3699744	4214451	6734
3040754	2366400	6750
3004399	439740	6750
2574764	1395874	6747
439740	905538	6747
3699744	2341291	6734
1095366	1852824	6711
439740	2087487	6747
4514417	3664887	6682
4514417	3631050	6682
1095366	140278	6711
3699744	4105132	6734
846667	1095366	6739
1088670	1705559	6693
3699744	4615922	6734
3699744	4430656	6734
1331634	2366400	6750
301288	4016391	6693
3699744	2372369	6734
301288	2978005	6693
1252235	2366400	6750
4514417	2532429	6682
1095366	4563288	6711
439740	4003702	6747
439740	4413527	6747
572326	3521925	6753
1095366	1879117	6711
3699744	433529	6734
1095366	3224019	6711
1095366	4650184	6693
1197710	3223970	6755
3549899	633936	6748
3699744	4194863	6734
1095366	127998	6711
439740	3414414	6728
1095366	2862645	6711
1447221	248818	6748
523275	1182689	6707
2531393	3145561	6747
1830477	790839	6754
1690735	1596879	7116
1095366	95843	6711
1095366	4554784	6711
2574764	3600145	6747
1095366	2725009	6711
4535481	1095366	6916
3347592	3560916	6747
1095366	1244058	6711
1095366	3325195	6722
1095366	2091393	6711
1095366	2908954	6711
3699744	2899132	6734
3699744	2302022	6734
2450207	1268412	6748
4518363	1596879	7116
2558012	2366400	6750
3699744	3956848	6734
3699744	4324761	6734
439740	19318	6747
3699744	776243	6734
3699744	2443886	6734
1095366	1175300	6711
3699744	1615304	6734
1095366	3164456	6711
1095366	2787983	6693
4514417	744244	6682
1095366	1181485	6711
1095366	2040936	6711
2292905	3409388	6750
3699744	805639	6734
1095366	1833034	6711
3699744	1655426	6734
1095366	366566	6711
3699744	1894613	6734
4514417	3415889	6682
1095366	3707582	6711
3699744	4270270	6734
3699744	4453627	6734
4514417	221643	6682
1095366	2224932	6711
439740	2359882	6747
2952107	4590758	6750
3597635	439740	6750
1095366	201837	6711
1095366	805450	6711
1095366	3147716	6711
439740	2011871	6747
3699744	480450	6734
3699744	2887795	6734
3699744	1854675	6734
3699744	380938	6734
1095366	1502060	6711
3515944	1447221	6747
1304540	439740	6750
3699744	905679	6734
1095366	2195440	6711
439740	1569110	6747
3699744	4653238	6780
3699744	4611863	6734
3699744	4191615	6734
3868069	3879986	6756
2291391	439740	6750
3699744	3255789	6734
1095366	2434050	6711
1095366	2760198	6693
439740	976924	6747
2351698	3549899	7133
3699744	2853802	6734
1095366	272662	6807
3699744	1633164	6734
3409388	3584719	6747
1627248	439740	6750
3699744	1232667	6734
3699744	3178554	6734
3699744	2489104	6734
1095366	3349832	6711
4514417	2369674	6682
2324647	1449978	6752
3699744	1769050	6734
3699744	2157048	6734
4514417	2745064	6682
3050276	3723642	6693
2964722	1135536	6752
3699744	3530596	6734
1095366	3908040	6711
2817072	439740	6750
3334998	3515944	6750
4514417	2256442	6682
2092996	519789	6804
4514417	4297705	6682
439740	2627953	6728
1095366	1270092	6711
3699744	115589	6734
4514417	3861646	6682
3699149	439740	6750
4541799	3515944	6750
4514417	2241901	6682
1095366	1772211	6711
3699744	3380950	6734
3699744	672096	6734
3050276	131553	6693
1095366	1803269	6722
4514417	4636312	6682
3699744	3634482	6734
3699744	3927468	6734
3964641	3775728	6755
3699744	1557898	6734
4514417	3337166	6682
4514417	444454	6682
439740	3165069	6747
1095366	4598341	6711
3050276	4263649	6693
1095366	858130	6711
439740	1088329	6747
3699744	2523116	6734
4514417	2302623	6682
4051592	478478	6756
2857200	3806892	6756
3310617	670165	6750
1581658	8186	6748
3152650	439740	6750
2817072	3594533	6748
1095366	3148940	6711
3699744	3217693	6734
2598236	3515944	6750
3879986	3868069	6748
3050276	166302	6693
1095366	19344	6711
4514417	3121559	6682
4264793	2574764	6750
674069	3515944	6750
1095366	2379295	6711
1095366	1672203	6711
1095366	1853884	6711
439740	4439368	6747
3576851	439740	6750
1095366	2811193	6711
439740	2558012	6747
3699744	2265011	6734
1095366	2514849	6711
1577777	1800981	6748
3699744	3172562	6734
4160359	4089121	6747
3715801	2532429	6748
1896652	3699744	7248
1095366	2189776	6711
1095366	3246262	6711
1095366	2443886	6711
4514417	799965	6682
1095366	4390877	6711
1095366	3075422	6711
4155917	1095366	6746
4514417	2078371	6682
1095366	4322389	6711
1095366	4133837	6711
4057927	3939687	6755
439740	4246488	6747
790839	2092996	6681
1095366	4360954	6711
3939687	4260227	6753
2301779	2574764	6750
3515944	2257763	6747
3699744	643682	6734
3050276	2174725	6693
3699744	2576515	6734
4514417	2530254	6682
4514417	3342352	6682
2092996	2801540	6692
439740	2668632	6747
2859029	3762672	6757
1095366	2458324	6711
1095366	1148457	6722
4514417	3196726	6682
4514417	3600145	6682
439740	2802542	6751
2943560	2397747	7024
4514417	883512	6682
456022	2366400	6750
2335139	1840691	6748
4514417	2183575	6682
1095366	1604430	6711
439740	2358197	6747
1095366	1254062	6711
439740	114545	6747
1095366	1157230	6711
1095366	1894613	6711
4514417	1477593	6682
439740	2441589	6747
2366400	2480212	6747
4514417	66713	6682
187058	1865312	6750
4514417	2056529	6682
4514417	135645	6682
2970102	2574764	6750
3699744	1431576	6734
1095366	2327736	6711
1667680	439740	6750
3699744	4373526	6734
1095366	999476	6711
439740	4175768	6747
3699744	3886337	6734
3699744	1469446	6734
154527	2574764	6750
3699744	3891447	6734
3699744	127998	6734
1095366	1859394	6711
774684	4160359	6750
3699744	4633204	6734
3699744	1898814	6734
627531	1988839	6708
439740	933260	6747
2943560	502352	7023
4514417	937444	6682
1095366	2621428	6694
305445	3361420	6756
4514417	3830689	6682
2229666	2366400	6750
3601564	2262683	7132
3805459	2988888	6752
3699744	4016812	6734
2574764	2413855	6747
3519433	1095366	6739
1095366	4105347	6711
1095366	4349759	6711
3985805	4002267	6750
1627248	596881	6756
3050276	4089121	6693
2368981	2366400	6750
1095366	3774585	6711
439740	1633717	6751
1095366	673601	6711
3699744	4496239	6734
3699744	3244084	6734
4514417	4559835	6682
1095366	2557740	6711
2497057	525649	6714
439740	2066125	6751
360369	1426102	6756
3699744	2799314	6734
4514417	4485711	6682
3347592	1933051	6747
3699744	3644600	6734
1865312	4392316	6747
3050276	1960647	6693
3699744	3402771	6734
670165	646410	6747
623846	1549910	6749
1095366	2246634	6711
439740	3830689	6747
3889574	2767515	6756
4514417	1465621	6682
2082599	439740	6750
1095366	4405614	6711
4514417	1705609	6682
1095366	3927468	6711
1095366	2853802	6711
4514417	3419393	6682
1095366	3578177	6711
3699744	1807855	6734
3306852	3560916	6756
1095366	4485421	6711
4514417	3695793	6682
4514417	897863	6682
4094269	3560916	6756
2366400	2045760	6747
3699744	3476161	6734
1095366	3691300	6711
1095366	430924	6711
2341291	1095366	6739
2841943	1902605	6756
4514417	4537793	6682
3699744	2330086	6734
4330055	3299626	6748
1095366	2040870	6711
3699744	1884824	6734
3313531	2574764	6750
2345987	2574764	6750
1095366	816864	6711
3050276	3294694	6693
1095366	1012339	6711
1095366	2023953	6711
3699744	766508	6734
3699744	2407561	6734
1095366	2341291	6711
1095366	4566998	6711
1095366	3172562	6711
3964641	3223970	6755
1800981	4008155	6748
3050276	4413527	6693
1095366	4019270	6711
1095366	731928	6711
1095366	2017263	6711
4514417	3039358	6682
2574764	4033250	6747
3699744	3750057	6734
1095366	1543827	6711
3584719	3409388	6750
3699744	3380522	6734
1095366	2236351	6711
1095366	296580	6711
3699744	4224947	6734
4514417	4260227	6682
4514417	3823267	6682
3699744	1568245	6734
3699744	754009	6734
976903	439740	6750
439740	3952887	6747
4514417	2720277	6682
3699744	1642482	6734
4653238	1596879	6777
3515944	2859029	6747
4514417	4187505	6682
790839	1830477	6900
1095366	2135841	6711
439740	3723642	6747
1549910	1101956	6819
3699744	2151055	6734
1561547	2366400	6750
3699744	2077341	6734
3699744	1270092	6734
1095366	762566	6711
1095366	896102	6711
1570329	1044241	6748
1688262	2308056	6748
4514417	4498985	6682
4514417	2289798	6682
2240857	4086392	6748
3699744	1490548	6734
1095366	564776	6711
250309	1095366	6739
4487592	2787432	6752
1095366	1426556	6711
1095366	3778713	6711
2574764	948845	6747
2574764	2743779	6747
439740	1895948	6747
3050276	876817	6693
3699744	1642607	6734
3699744	3811308	6734
4514417	1845901	6682
3050276	1447221	6693
3699744	383627	6734
4514417	2092996	6682
4514417	4023279	6682
36255	2574764	6750
3699744	773831	6734
3699744	851910	6734
2104295	3612535	6753
3699744	4625727	6734
131553	439740	6750
523647	3346799	6748
3699744	724346	6734
1785350	1095366	6739
1275829	774684	6708
1095366	3464958	6711
3699744	1745429	6734
3699744	2281931	6734
2561150	480860	6756
1088670	3457187	6693
3699744	4153571	6734
1095366	2178475	6711
1095366	2411028	6711
1095366	3634482	6711
439740	3448374	6747
439740	2390322	6747
106747	4554073	6967
3699744	186228	6734
1095366	1878725	6711
4052763	2982991	6714
3699744	2634460	6734
1095366	4398825	6711
3699744	3118192	6734
3699744	3841709	6734
1095366	4064718	6711
3699744	2843575	6734
1095366	2081872	6711
4514417	596881	6682
1088329	439740	6750
3699744	3645843	6734
3699744	1254423	6734
1095366	641336	6711
265363	439740	6750
3578437	1385086	6748
3699744	3798548	6734
439740	2655186	6751
4514417	586503	6682
439740	3762635	6747
2857200	4160359	6750
1505394	439740	6750
523647	2649668	6756
301288	3424043	6693
1095366	4095095	6711
4514417	1589572	6682
1095366	3294548	6711
244096	1095366	6739
3699744	3444173	6734
1095366	928747	6711
1095366	4153571	6711
3952887	439740	6750
2217217	4160359	6750
4526796	1095366	6739
3699744	2702247	6734
3699149	2366400	6750
4316230	2569146	6756
439740	2865921	6747
1095366	2914705	6711
4514417	1405429	6682
439740	2536419	6747
439740	2082599	6747
4514417	1303046	6682
439740	1712842	6747
670165	3223970	6747
439740	1294703	6747
1569110	439740	6750
1095366	4387811	6693
439740	2730434	6728
3699744	4226041	6734
4514417	4205796	6682
4595851	1373382	6819
1870171	439740	6750
700125	3314207	6748
3566207	439740	6750
1095366	3524369	6711
1095366	4515406	6722
3050276	1151442	6693
439740	2201271	6747
215691	1753501	6756
3699744	625173	6734
3515944	1027510	6747
1095366	1610228	6711
3282892	1354033	6748
4160359	3699149	6747
164103	439740	6750
3699744	2260706	6734
3050276	837647	6693
1095366	4625727	6711
2845854	439740	6750
3699744	1715385	6734
1095366	4016812	6711
439740	2666704	6751
3699744	4560882	6734
2366400	1070926	6747
1095366	4238619	6711
439740	3599444	6747
1095366	4502825	6711
3699744	620337	6734
1095366	4587765	6711
1737329	1151442	6752
4514417	2907641	6682
1095366	2946334	6711
4081762	1275829	6714
3050276	4027406	6693
1245995	2366400	6750
3699744	2006571	6734
3699744	3559	6734
1095366	2820479	6711
4514417	9942	6682
4514417	4564297	6682
4165087	439740	6750
1095366	3794223	6711
1095366	312947	6711
2574764	1700987	6747
1219013	2613377	6750
3050276	872648	6693
1095366	2924236	6693
2617800	439740	7206
4213913	439740	6750
3824689	2366400	6750
444454	572326	6755
3699744	124135	6734
439740	3911963	6728
1095366	4607627	6711
3602546	3939687	6755
4008155	1800981	6756
1095366	4615922	6711
2366400	3294694	6747
3515944	1726195	6747
2366400	385457	6747
3050276	2320657	6693
3699744	2999190	6734
3515944	437158	6747
2574764	956223	6747
1095366	1906837	6711
1095366	746104	6711
3699744	405020	6734
4514417	3340319	6682
3699744	2224932	6734
887652	3939687	6753
1095366	1880865	6711
3699744	1253433	6734
4488308	1095366	6739
1095366	3690261	6711
1095366	176057	6711
2612655	439740	6750
1095366	3429858	6711
3699744	95762	6734
1095366	3386683	6711
572326	498546	6753
2975115	3515944	6750
1095366	2811179	6711
852105	439740	6750
3699744	4617754	6734
4514417	2074046	6682
1095366	2666484	6711
3699744	673601	6734
1095366	1744020	6711
3699744	2959403	6734
2702722	3549899	6753
3699744	3960129	6734
3357699	525649	6714
3699744	1841680	6734
1095366	687471	6711
3699744	1560892	6734
2657635	439740	6750
3516958	439740	6750
4514417	2734989	6682
3699744	4464719	6734
3699744	4159079	6734
1095366	1231425	6723
3699744	2528586	6734
3442308	2366400	6750
439740	3979806	6747
2708943	4595851	6749
1095366	2951150	6711
439740	2857200	6747
4514417	1466273	6682
3310617	439740	6750
1095366	2424578	6711
1095366	1000211	6711
1095366	2685909	6711
868296	439740	6750
4514417	2536419	6682
4514417	1753501	6682
1095366	207986	6711
3699744	154127	6734
1095366	2289215	6711
3699744	2408344	6734
953551	3699744	7248
3515944	572326	6747
3699744	3438266	6734
3070529	2011871	6755
1095366	718312	6723
439740	4263649	6747
3699744	2118811	6734
1395874	2574764	6750
1095366	531939	6693
1095366	4068457	6711
1095366	3459341	7025
3699744	2401720	6734
3699744	4423598	6734
3699744	3728731	6734
61746	1844794	6756
1095366	2678425	6711
3699744	2643121	6734
2574764	127793	6747
3288967	3223970	6755
4514417	440471	6682
4611145	3515944	6750
3699744	2857495	6734
1931493	439740	6750
1549910	1769319	6819
750512	1931493	6748
439740	3652528	6747
1095366	752554	6711
1638411	439740	6750
4514417	1820299	6682
1095366	3387787	6711
439740	2292905	6747
1991965	3530905	6750
3699744	2841111	6734
1095366	1978553	6711
3050276	3442308	6693
2159860	1128382	6748
4514417	885056	6682
4514417	1712571	6682
1095366	370124	6711
3699744	2571358	6734
109621	2497057	6756
3699744	3493610	6734
3699744	1966158	6734
4514417	883503	6682
1095366	4105132	6711
1098926	2574764	6750
2982991	3249323	6708
1095366	3059428	6711
1095366	3462657	6711
3347592	4450064	6747
3699744	2091393	6734
1865312	1851700	6747
4514417	2092099	6682
3409388	2292905	6747
793911	439740	6750
933260	439740	6750
4514417	1120486	6682
3699744	3010629	6734
1095366	461910	6711
3515944	680665	6747
3515944	1242276	6747
2366400	3630428	6747
4514417	674069	6682
439740	535181	6747
1095366	2685856	6711
3050276	1401026	6693
4514417	2320657	6682
1095366	3493610	6711
3699744	2023953	6734
3699744	3574681	6734
1095366	1961026	6711
439740	935713	6747
1095366	1894878	6711
1095366	3190085	6711
3699744	2811193	6734
3699744	3537920	6734
1465621	439740	6750
439740	2881715	6747
1455829	1275829	6714
2048275	439740	6750
3050276	3601564	6693
3699744	3493361	6734
1095366	3545579	6711
2353944	3310617	6708
3964641	4102634	6755
3050276	3651518	6693
3699744	4008014	6734
2366400	62411	6747
1095366	3956848	6711
1116084	478478	6828
2536974	4523276	6756
3699744	2499565	6734
700555	1744508	6714
1095366	201705	6711
3225393	1095366	6739
439740	4252288	7973
2366400	883512	6747
3699744	1872848	6734
1095366	2851677	6711
2574764	4408748	6747
1093470	2366400	6750
1095366	1818503	6711
1095366	3317488	6711
2531393	2221335	6747
3050276	445723	6693
4572658	439740	6750
4160359	774684	6747
3775728	3964641	6753
4069833	3050276	6714
3699744	3172198	6734
3050276	346848	6693
1095366	4079308	6711
1095366	3190085	6722
4280580	439740	6750
3964641	1197710	6753
4081540	439740	6750
1095366	1073236	6722
1095366	896175	6711
3699744	436982	6734
3699744	3807338	6734
712978	872648	6752
3699744	2116673	6734
3699744	4470020	6734
3699744	4134515	6734
3699744	3470804	6734
3409388	492689	6747
4514417	4187443	6682
3699744	1076434	6734
439740	2460622	6728
2921692	439740	6750
4514417	3146816	6682
1095366	2501756	6711
1095366	1371544	6693
595517	2311489	6748
1095366	4055238	6711
3699744	1335460	6734
2201271	439740	6750
1095366	1560685	6711
1095366	979506	6711
2832092	1515610	6714
4551036	2574764	6750
4514417	3418527	6682
1095366	2893445	6711
1095366	4155917	7417
4420618	1095366	6739
1095366	2303591	6711
4611632	439740	6750
1095366	2909509	6711
1095366	2872478	6711
3699744	673998	6734
439740	3673482	6728
1095366	1764645	6711
1095366	1135925	6711
1095366	4324761	6711
3699744	3520371	6734
1095366	1839769	6711
2574764	2879462	6747
3699744	1740626	6734
1095366	2522215	6711
1095366	1492803	6711
1095366	1760739	6711
1095366	3014976	6711
439740	3334998	6747
4564297	439740	6750
439740	2988888	6747
3699744	99607	6734
3699744	2043475	6734
3699744	3619026	6734
1095366	938116	6711
301288	1988839	6693
3699744	2196006	6734
1095366	145019	6723
1095366	2991738	6711
4514417	3693581	6682
1095366	1745558	6722
3939687	2629881	6753
439740	3549555	6747
4514417	4551674	6682
3939687	3318249	6753
292430	255793	6889
3699744	1338295	6734
2585232	3352425	6748
3699744	3982249	6734
3699744	3246262	6734
3050276	4171543	6693
3699744	68060	6734
3699744	4411396	6734
1095366	3959919	6711
3699744	1212030	6734
3699744	2074202	6734
439740	4472101	6747
3699744	4654906	6734
439740	2050212	6747
3515944	3282892	6747
1095366	3093590	6711
3699744	1777523	6734
3699744	4505714	6734
1889269	2366400	6750
2366400	3121559	6747
2901686	4595851	6749
1095366	4317500	6711
1095366	1803313	6711
2366400	3023131	6747
3699744	2582622	6734
1952797	439740	6750
1095366	318123	6700
4514417	1745636	6682
2366400	1505394	6747
1800981	439740	6750
3699744	4112482	6734
439740	2655186	6728
1095366	2182398	6711
439740	4386656	6747
2506146	2366400	6750
3699744	2821502	6734
1095366	3547380	6711
3699744	3326281	6734
1095366	913066	6711
1978767	439740	6750
103874	3939687	6755
1095366	4320222	6711
3699744	163812	6734
3699744	747775	6734
1095366	1147772	6711
1095366	1254423	6711
1095366	2530169	6711
3699744	3068759	6734
2839042	439740	6750
1095366	657639	6711
3699744	4253535	6734
1095366	357812	6711
3699744	2189776	6734
3699744	3720581	6734
1095366	1923689	7114
3699744	1894616	6734
3699744	3428344	6734
3939687	1084810	6753
3050276	2825464	6693
3549899	439740	6750
3699744	137255	6734
1095366	2444260	6711
4514417	3693803	6682
1095366	1070771	6711
2574764	797258	6747
3699744	3524369	6734
4514417	1034392	6682
3699744	212779	6734
614498	3515944	6750
1095366	4325316	6722
1095366	3095997	6711
3699744	3252987	6734
3699744	366566	6734
3699744	3213954	6734
1095366	2576942	6711
4514417	620936	6682
3699744	1332505	6734
621616	3515944	6750
4514417	4024311	6682
1095366	177690	6711
439740	2229666	6747
2397747	2943560	6732
3699744	1538388	6734
3699744	3075422	6734
1095366	2312338	6711
4514417	3461982	6682
3699744	1839769	6734
3699744	630725	6734
439740	3368404	6728
439740	111322	6751
3699744	4095231	6734
4514417	3726380	6682
1095366	1866976	6722
1095366	2325210	6711
1095366	1432305	6711
4514417	894722	6682
1095366	4546447	6723
1061166	1095366	6916
3699744	2335877	6734
439740	4171543	6747
1275829	3023131	6708
1095366	1038635	6711
439740	1256571	6751
2531393	1369751	6747
3050276	1242276	6693
439740	1401026	6747
2627001	670165	6750
1095366	4118724	6722
1095366	1295784	6711
2828181	4601051	6693
4514417	2309915	6682
1088670	4502843	6693
1095366	2110723	6953
1275829	4291627	6708
3050276	1101956	6693
1095366	3389359	6693
301288	1449978	6693
439740	2308056	6747
439740	2845854	6747
1095366	683952	6711
3699744	2287070	6734
1095366	2333360	6711
2045760	2366400	6750
501168	2531393	6750
2186450	3347592	6750
4501150	1095366	6739
3699744	535617	6734
3699744	928747	6734
1095366	2294429	6711
1095366	3365181	6722
301288	2441589	6693
3699744	1431804	6734
3699744	2095713	6734
1095366	2121357	6711
3699744	1461890	6734
1095366	3718135	6711
2627001	439740	6750
3699744	1977508	6735
3699744	3757528	6734
1095366	1996196	6711
1095366	1884824	6711
439740	3249323	6747
4514417	3651924	6891
1095366	234386	6711
1095366	2528586	6711
3050276	910820	6693
4556430	3515944	6750
1095366	3540667	6711
3699744	713159	6734
1095366	2308249	6711
3158214	1275829	6714
2092996	3571093	6804
1095366	1938885	6711
1095366	184302	6711
1047195	4595851	6749
3699744	3293719	6734
4297705	2574764	6750
1095366	1515610	6700
4514417	3835	6682
3699744	3267605	6734
1095366	3147222	6711
2542300	2531393	6750
1596879	4152483	7195
2366400	1404696	6747
3852822	2558012	6756
3699744	1556138	6734
439740	480860	6747
4514417	305576	6682
3219811	3347592	6750
439740	3186219	6747
439740	3005958	6747
3699744	3235503	6734
1095366	2536762	6711
1095366	1652073	6711
2796130	933260	6756
4002267	2620367	6747
2594734	2574764	6750
3699744	4484191	6734
3699744	944401	6734
1095366	2067370	6711
4514417	4089763	6682
2775637	3228324	6756
3699744	1459370	6767
4554073	3603649	7460
2241901	4160359	6750
3699744	3918778	6734
680665	3515944	6750
439740	4487592	6751
4514417	1569110	6682
1726195	3515944	6750
670165	3549899	6747
1095366	3233237	6711
1095366	822900	6711
3699744	3528230	6734
1095366	4528292	6711
2194289	2574764	6750
3699744	1160745	6734
4595851	2092996	6819
2330432	439740	6750
2825464	439740	6750
1095366	1093100	6711
4514417	2308956	6682
4572658	3919526	6889
3699744	3683746	6734
3699744	95896	6734
1095366	2333658	6711
4514417	2258534	6682
3699744	1367582	6734
2722317	2366400	6750
3595716	3409388	6750
1095366	649880	6711
3699744	810884	6734
1095366	2977207	6711
1095366	1381128	6693
1095366	2796033	6711
1264222	439740	6750
3699744	915851	6734
3699744	1853884	6734
439740	53445	6728
3699744	671679	6734
1095366	627531	6698
1095366	3928025	7025
983306	439740	6750
1095366	505111	6711
1095366	3748496	6711
1095366	1891649	6711
3699744	1614010	6734
4514417	793836	6682
1095366	2906183	6711
1095366	32836	6711
1095366	4642319	6711
3699744	3537637	6734
4514417	1396645	6682
716393	1088329	6756
2366400	1683244	6747
301288	1003724	6693
3699744	1123032	6734
1095366	1568634	6711
1095366	3907090	6711
4514417	666459	6682
1385086	3578437	6756
3065405	3515944	6750
3699744	95930	6734
3699744	2542865	6734
3699744	3119764	6734
3699744	3853953	6734
2137629	439740	6750
1095366	3894758	6711
1095366	99944	6711
1095366	936390	6711
3699744	1455250	6734
1095366	492979	6711
1095366	3368269	6711
1095366	492582	6711
4514417	1825300	6682
1294583	1447221	6748
3699744	1269216	6734
1275829	3879986	6708
1095366	2847360	6711
3699744	2380502	6734
2540569	4151352	6748
1095366	639282	6711
1095366	2627382	6711
3699744	3052727	6734
3050276	3374625	6693
307598	2702018	6748
1095366	4228664	6711
3693803	3515944	6750
3699744	4554784	6734
3039358	2308956	6748
3050276	3230831	6693
1269224	439740	6750
1977968	1095366	6739
3699744	2765167	6734
3699744	1235648	6734
3699744	4598341	6734
3050276	3952887	6693
3699744	1152858	6734
90979	1726195	6708
3699744	3030047	6734
774656	1702049	6748
4511693	1095366	6739
1088670	1465621	6693
1095366	1473598	6711
3050276	1942	6693
4514417	3658005	6682
4514417	3676627	6682
1095366	3380522	6711
3699744	3569488	6734
3699744	153459	6734
1095366	4310837	6711
1316030	1095366	6739
3699744	1242141	6734
917625	2574764	6750
4514417	1219013	6682
3699744	834616	6734
1095366	2488415	6722
1353751	543548	6752
3699744	841762	6734
1095366	2235368	6722
3699744	1356686	6734
1095366	2704745	6711
439740	3735965	6747
1095366	785681	6711
1095366	1784576	6711
3050276	4425336	6693
3699744	2786221	6734
2092996	4002267	6750
3699744	90326	6734
1521289	1095366	6739
2594414	2712745	6756
2531393	2585051	6747
3699744	368844	6734
3249323	439740	6750
3699744	2368117	6734
3699744	3564845	6734
3699744	2320652	6734
439740	1788793	6751
2366400	3289502	6747
1325880	4590758	6750
3282892	3515944	6750
1095366	2559398	6711
1866976	1095366	6916
4514417	2455282	6682
696058	538726	8724
2574764	548208	6747
3699744	415395	6734
3699744	4405614	6734
4514417	2330432	6682
2859029	439740	6750
1095366	2620160	6711
2848388	3723642	6708
1095366	3342373	6711
3699744	1605009	6734
2574764	1237772	6747
4514417	3673162	6682
4514417	2702677	6682
1095366	2263310	6711
3521925	572326	6755
3050276	2051812	6693
2366400	2085385	6747
2156770	3515944	6750
3699744	3353998	6734
1095366	2179898	6711
2459838	2617800	6750
4514417	2663656	6682
1095366	1533051	6711
1095366	2021410	6711
1095366	4643050	6711
1095366	1862100	6711
4299219	439740	6750
4514417	4008155	6682
439740	3866469	6747
3699744	3476129	6734
4454486	439740	6750
4514417	633247	6682
1845451	2574764	6750
1101956	1549910	6749
3442308	3515944	6750
4514417	3723234	6682
1095366	2902218	6711
3699744	4188257	6734
3699744	1599285	6734
1095366	3729133	6711
3699744	1923689	6773
3699744	2291177	6734
207386	1095366	6739
4514417	3503116	6682
1095366	1322841	6711
3444099	1095366	6739
3699744	3771247	6734
3699744	4056770	6734
3699744	201837	6734
1095366	3143898	6711
1095366	376821	6711
4286047	3987835	6752
1095366	2029577	6711
3699744	1502060	6734
301288	1331634	6693
535181	3515944	6750
3964641	2366400	6750
1095366	3620392	6711
3699744	979098	6734
1095366	2671743	6711
3699744	400579	6734
4217064	2366400	6750
3050276	3040754	6693
439740	282362	6747
2668011	3879986	6748
3699744	998329	6734
3762672	1819890	6961
3699744	1650697	6734
2540122	2574764	6750
4514417	442445	6682
3699744	1159441	6734
1095366	4213579	6711
799965	2497057	6756
3414414	1476525	6752
3515944	2291391	6747
3699744	3816875	6734
2574764	2301779	6747
3050276	3414705	6693
3699744	2895684	6734
3699744	4021723	6734
2217217	3515944	6750
3050276	2085385	6693
2701766	4595851	6749
1596879	3402304	7003
3699744	151090	6734
3699744	2777201	6734
3699744	3729133	6734
480860	439740	6750
4601051	720573	6889
1095366	3083153	6711
1095366	915851	6711
3421150	3223970	6753
298279	3374625	6819
3104640	519789	6963
3699744	824838	6734
3699744	3512218	6734
301288	2256442	6693
1095366	1624322	6693
3699744	1204460	6734
4514417	4052763	6682
3821095	1221787	6748
1095366	1528447	6711
1095366	4455287	6711
3699744	3121109	6734
4514417	1506835	6682
1095366	4088802	6711
1095366	3452685	6711
3699744	2190853	6734
3788176	2865921	6821
3050276	3310617	6693
3699744	1948191	6734
4514417	2230748	6682
439740	1501136	6747
1095366	201640	6711
842557	439740	6750
3699744	2263310	6734
1095366	4135297	6711
439740	3219498	6747
1569110	4036167	6748
2366400	694941	6747
439740	3415889	6747
2622185	1960647	6748
1095366	4183220	6711
845239	2574764	6750
1095366	523537	6711
4514417	523647	6682
1275829	1800981	6707
1493329	2366400	6750
1095366	324889	6711
3699744	3651813	6734
1242276	670165	6750
2574764	1282386	6747
3050276	4644474	6693
4595851	372068	6819
4462398	1769319	6756
3699744	2712724	6734
3699744	4578595	6734
4514417	3655728	6682
1095366	3932237	6711
4514417	2051812	6682
3699744	4646630	6734
3699744	3831230	6734
4514417	450320	6682
3699744	1939484	6734
4590758	990843	6747
4160359	480860	6747
1712571	439740	6750
1095366	3470804	6711
439740	2705023	6747
1095366	4297081	6711
3699744	76908	6734
439740	774656	6747
439740	385457	6747
1095366	4484273	6711
4514417	1778248	6682
3699744	1163305	6734
439740	3935909	6747
1095366	300259	6711
3515944	1956033	6747
3223970	1923235	6753
933260	2796130	6748
4514417	2335139	6682
1095366	1717676	6711
3699744	3076643	6734
3699744	3022217	6734
1095366	2738849	6711
3560916	439740	6750
2574764	34384	6747
2085385	439740	6750
3699744	4047600	6734
1095366	1364464	6711
1245995	439740	6750
1095366	1827668	6711
3699744	3335898	6734
1095366	4535481	6711
4514417	498779	6682
1095366	3174627	6711
439740	774684	6747
3363181	2982991	6714
1095366	145019	6711
1095366	3963012	6711
2063419	439740	6750
301288	2627001	6693
1095366	2023765	6711
3047699	2917258	6756
4012752	3364594	6714
439740	892322	6747
3960205	1991965	6792
4514417	4547161	6682
1095366	1940761	6711
872648	4160359	6750
2366400	4122522	6747
1095366	2629408	6711
3699744	250309	6734
1095366	2192033	6711
1095366	3273819	6711
1095366	3157007	6711
3458187	439740	6750
1095366	3050669	6711
1095366	1938448	6711
1095366	2838922	6693
1095366	4468499	6722
2801540	2092996	6681
1095366	4145143	6711
1095366	4221009	6711
3699744	2639139	6734
1095366	4268929	6711
543548	439740	6750
3699744	1504358	6734
4514417	2368981	6682
317143	2574764	6750
4514417	4057927	6682
3699744	644606	6734
1151442	1275829	6714
1095366	1883766	6711
439740	2450207	6747
3699744	3150866	6734
4514417	287725	6682
3735965	2366400	6750
1095366	4118724	6711
4514417	376313	6682
2366400	2156770	6747
2366400	1631165	6747
1328530	1145424	6756
4514417	3733922	6682
3294694	439740	6750
1095366	3283926	6711
3699744	4419102	6734
2700099	1095366	6739
1275829	1897095	6708
1662106	4081762	6752
1095366	1860460	6722
4514417	1986720	6682
4514417	4171543	6682
3050276	4081762	6693
301288	3044006	6693
3699744	4232939	6734
4514417	3136221	6682
4354551	2366400	6750
2982991	131553	6708
4514417	2446408	6682
1095366	713900	6711
3025017	3939687	6755
439740	192613	6747
3699744	4637788	6734
3362772	439740	6750
2952107	439740	6750
2366400	4413527	6747
629838	439740	6750
3699744	2503617	6734
525649	211567	6708
3520917	439740	6750
3050276	595517	6693
2317748	439740	6750
439740	445723	6747
1095366	1772073	6711
2379988	4128753	6756
3699744	2125053	6734
4514417	305445	6682
4514417	1418657	6682
3699744	3593667	6734
4514417	797258	6682
3699744	296580	6734
1095366	3421672	6693
2397154	3515944	6750
4514417	3662142	6682
4514417	2668011	6682
3515944	1178416	6747
3050276	3516958	6693
3699744	1158977	6734
1095366	2819118	6711
2705023	2574764	6750
1095366	2102021	6711
3699744	1663596	6734
4514417	1088329	6682
4038898	1683244	6748
3699744	3636600	6734
3699744	1002873	6734
1095366	1961715	6711
3699744	2536160	6734
386733	4595851	6749
1095366	1103225	6711
3699744	4472604	6734
1095366	1159441	6711
945726	1095366	6739
305576	439740	6750
2574764	1098926	6747
439740	3865382	6747
3699744	4511683	6734
1095366	1894007	6711
2531393	2719871	6747
4514417	587235	6682
656570	2366400	6750
492689	439740	6750
1095366	1310485	6711
1095366	655601	6711
439740	2531393	7446
439740	212674	6747
4081762	439740	6750
137731	3381563	6752
1769319	4462398	6748
3651924	4514417	6832
2497057	3515944	6750
905538	439740	6750
1095366	1154086	6711
1902605	439740	6750
3699744	873996	6734
3699744	3211897	6734
1095366	1977345	6711
3699744	4608085	6734
1095366	3002573	6711
1095366	3573129	6712
3699744	2329165	6734
4514417	3387724	6682
1095366	2357396	6711
4514417	3219811	6682
4514417	2494644	6682
1593563	439740	6750
3699744	2287752	6734
2574764	717368	6747
3699744	1708784	6734
1068548	2366400	6750
2839042	2366400	6750
2854907	4595851	6749
1633717	1683244	6752
3699744	625684	6734
1095366	3329126	6711
1095366	219461	6711
4427838	439740	6750
2135841	3480022	6846
1095366	56582	6711
439740	186054	6747
3699744	4190431	6734
62411	439740	6750
3699744	2435913	6734
1095366	2456633	6723
439740	3225334	6747
4514417	3951038	6682
1095366	875364	6711
1095366	3098902	6711
2574764	2104870	6747
1095366	3893158	6693
2594414	439740	6750
4514417	2632731	6682
1095366	3759267	6711
4514417	4306737	6682
1095366	2786221	6711
3699744	2811179	6734
3699744	3505647	6767
1095366	3939003	6711
3699744	2183092	6734
1095366	3498536	6711
3945162	4252288	6850
3363181	3515944	6750
2574764	2446408	6747
3964641	3521925	6753
1095366	2211521	6711
2366400	446465	6747
3699744	72648	6734
4514417	4190407	6682
3699744	1295784	6734
3939687	3930433	6753
1095366	2488415	6711
3699744	3562936	6734
3699744	2941710	6734
4155917	1221787	6708
1095366	340790	6711
3050276	87602	6693
3515944	483341	6747
439740	4081762	6747
3699744	2514849	6734
1095366	853046	7025
4595851	4656546	6819
1095366	405020	6711
1095366	3587385	6711
1095366	3733730	6711
1095366	1315816	6711
3699744	199989	6734
3699744	3220318	6734
439740	1476525	6747
1095366	755929	6711
4514417	1922393	6682
4514417	1936586	6682
3699744	3153328	6734
3699744	2067311	6734
1095366	3950124	6711
1095366	2650677	6711
3366142	2574764	6750
439740	2497057	6747
1095366	1292133	6711
3699744	3118957	6734
4514417	1426102	6682
3549555	3050276	6714
439740	911762	6728
2366400	2400172	6747
4514417	1237772	6682
1095366	829467	6722
627531	949480	6815
4461506	439740	6750
1942	2433272	6756
3140566	516255	7663
3275816	3456888	6754
1095366	1698240	6711
4053550	439740	6750
3699744	2545723	6734
3699744	177690	6734
2366400	523647	6747
3699744	409800	6734
3699744	2357396	6734
1095366	911871	6711
439740	1840691	6747
3515944	3652528	6747
3699744	766765	6734
3699744	3402304	6735
1095366	1072910	6711
3699744	4216884	6734
1095366	12600	7417
1095366	1977968	6711
3050276	2217217	6693
3699744	4571138	6734
572326	1275829	6714
3361420	305445	6748
3050276	3088096	6693
2366400	2330432	6747
596881	1627248	6748
4514417	1965724	6682
1095366	2947533	6711
3515944	4599547	6747
439740	4069833	6747
1095366	2289294	6711
3699744	1883766	6734
1095366	1083534	6711
439740	2874196	6747
4554073	4162373	7460
2574764	4503361	6747
4514417	4599547	6682
3515944	3219811	6747
3699744	32603	6734
3699744	4271490	6734
3699744	914282	6734
1095366	1712196	6711
301288	2952107	6693
1095366	530865	6711
301288	2845854	6693
4514417	3438698	6682
3893158	674069	6748
3549899	2702722	6755
2675890	4138392	6693
1095366	130119	6711
4514417	3671916	6682
2366400	707890	6747
3938862	2982991	6714
3699744	2638845	6734
3515944	2087487	6747
439740	3521408	6747
4514417	3652528	6682
3549899	3445660	6748
4514417	2343340	6682
1095366	476547	6711
439740	2598236	6747
3699744	1593511	6734
3699744	325903	6734
1095366	1835218	6711
1481988	1095366	6689
1095366	3547933	6711
215691	440471	6748
4514417	1681921	6682
439740	614498	6747
3699744	2182398	6734
3699744	1200332	6734
2478680	439740	6750
3699744	1032914	6734
3964641	3549899	6753
1095366	4106038	6711
3699744	2803445	6734
2574764	439740	7446
797258	2574764	6750
439740	1988839	6747
4514417	4150955	6682
1095366	4578595	6722
301288	614379	6693
1095366	4049879	6711
3364594	4012752	6708
3699744	4125543	6734
1095366	660261	6711
439740	3223970	6747
3699744	2027839	6734
1095366	2561366	6711
4514417	842557	6682
3104640	212674	7096
1119338	2574764	6750
3699744	2107652	6734
3699744	1987015	6734
1095366	513352	6711
1088670	3520917	6693
2366400	1252235	6747
1095366	2227200	6693
3050276	1986720	6693
2537346	439740	6750
2574764	543102	6747
3699744	659861	6734
157926	2531393	6750
1095366	4307849	6711
2574764	3211339	6747
3699744	968538	6734
1515610	2832092	6708
4514417	1955999	6682
3699744	3302838	6734
4514417	3631006	6682
3823267	3700985	6755
1095366	2067311	6711
3699744	3449533	6734
1095366	319202	6711
1095366	4056770	6711
1095366	627531	6765
3699744	2977207	6734
1991965	2366400	6750
3699744	3258777	6734
1095366	4028039	6711
1252678	3310617	6755
3699744	2660654	6734
3699744	1001833	6734
3699744	3963012	6734
1095366	4496239	6711
3699744	1859178	6734
4514417	2137629	6682
2403624	3939687	6755
1095366	58886	6711
3699744	3865452	6734
1095366	3353156	6711
3361261	1455829	6748
1095366	4090907	6711
301288	976924	6693
2351698	3261391	7133
1095366	1972016	6711
3223970	78569	6755
1095366	3778138	6711
2848388	3652528	6707
2366400	930106	6747
3699744	1674035	6734
439740	331735	6751
3699744	3936875	6734
1095366	3170180	6711
3699744	4246566	6734
483341	2982991	6714
4514417	633936	6682
3699744	3651182	6734
4514417	34384	6682
3699744	1258332	6734
1095366	131879	6711
1095366	3419345	6711
1095366	1177094	6711
1095366	1340381	6711
3699744	937538	6734
1095366	1398409	6711
439740	1151442	6747
3050276	3715801	6693
3050276	1598029	6693
3699744	3147222	6734
3515944	3040754	6747
4514417	1068548	6682
3050276	4003702	6693
1095366	1962468	6711
1095366	305845	6711
1095366	399978	6711
1095366	1051642	6711
2492936	2613377	6750
2030108	439740	6750
3050276	2702677	6693
1095366	2357647	6711
2255228	376313	6945
1095366	1859596	6711
4155917	1095366	6694
759457	439740	6750
1095366	1376366	6711
3699744	1609299	6734
3699744	3182693	6734
1095366	3326281	6711
3939687	3602546	6753
3050276	4374185	6693
4514417	2497057	6682
717368	2574764	6750
3050276	267288	6693
4252288	1135588	6936
439740	3699149	6747
4514417	2537346	6682
3699744	113688	6734
439740	2952107	6747
1095366	625684	6711
2140305	2366400	6750
4250304	1924356	6693
3515944	306655	6747
1095366	2755254	6711
1095366	452033	6722
3699744	2543289	6734
1095366	4197918	6711
4298230	2366400	6750
1095366	90326	6711
4230063	481604	6748
1095366	1479301	6711
1095366	2868912	6711
3699744	805450	6734
4639855	2574764	6750
1596879	3437999	6686
439740	2257763	6747
1053964	370391	6752
1095366	3969550	6693
1095366	4436292	6711
1095366	1435907	6711
1095366	4613784	6711
3699744	3056043	6734
2848388	267288	6708
1095366	3497070	6711
2574764	839229	6747
3699744	4653791	6734
872648	439740	6750
1095366	2295904	6711
1683244	2366400	6750
4514417	773326	6682
2613377	2533795	6747
3050276	186054	6693
1095366	2036922	6711
439740	1227692	6747
4512086	538726	6926
1095366	2403269	6711
439740	4165087	6747
3699744	2181861	6734
3050276	852105	6693
3699744	4228664	6734
1095366	3857034	6711
3699744	3390459	6734
3699744	4013360	6734
2366400	4611145	6747
3699744	57035	6734
3699744	358763	6734
2366400	1840691	6747
3699744	476547	6734
3573129	4124529	6754
1095366	1798224	6711
4514417	3939687	6682
572326	3515944	6750
3699744	1817405	6734
385457	267636	6742
1095366	2512908	6711
301288	3031826	6693
4514417	2921692	6682
4094488	1095366	6739
3699744	361	6734
1095366	834616	6711
1095366	1677291	6711
77289	4595851	6749
525649	4304354	6708
1095366	1707043	6711
3699744	74397	6734
1095366	3925374	6711
301288	227204	6693
3699744	4042906	6734
3515944	1493329	6747
3699744	2875814	6734
1095366	3720581	6711
1095366	2088568	6711
439740	2617800	7446
1095366	3979953	6711
4514417	478005	6682
3699744	2397413	6734
1095366	3482832	6711
1095366	4548425	6711
3362772	1135688	6748
1095366	1785103	6711
4590758	4450064	6747
3699744	2193783	6734
3699744	3972084	6734
3515944	4450064	6747
305445	2366400	6750
1095366	4548425	6722
3699744	2512908	6734
3158340	439740	6750
1095366	980408	6711
3699744	1731814	6734
1095366	4468605	6711
1095366	2519243	6715
301288	1227692	6693
255793	2085385	7852
439740	2478680	6747
1095366	128087	6711
3699744	3294548	6734
1221787	2366400	6750
1095366	3544364	6711
4387811	2574764	6750
3699744	1489343	6734
3699744	4556164	6734
2323199	618739	6748
3373654	2832092	6756
1095366	3866397	6711
1095366	2786263	6711
519789	3104640	6791
4514417	4534834	6682
1095366	3151089	6711
1095366	1210804	6711
1803269	1095366	6739
4514417	2629881	6682
2907641	439740	6750
215691	439740	6750
3699744	4518690	6734
4514417	1420835	6682
3699744	306370	6734
1095366	3476161	6711
1095366	978319	6711
2627953	3173243	6752
2366400	3249323	6747
3699744	3928025	6734
2262683	3601564	7133
883512	2366400	6750
4595851	4457709	6819
793911	2366400	6750
1095366	30859	6711
4514417	3005958	6682
1095366	3512218	6711
2092996	2320505	6748
1095366	3074230	6711
3699744	1103225	6734
1095366	1755294	6711
3050276	3576851	6693
3699744	2641974	6734
272662	1095366	6911
3699744	720281	6734
720573	983306	6842
3699744	340790	6734
4118724	1095366	6739
4572658	2366400	6750
1095366	3252125	6711
3699744	4105347	6734
3699744	4028039	6734
1095366	3648121	6711
3699744	3864786	6734
1095366	1555039	6693
1095366	1817390	6693
4514417	1084043	6682
3050276	4600192	6693
3699744	4511693	6734
3050276	2852839	6693
1095366	4571476	6711
439740	3703133	6747
3699744	1047109	6734
1095366	2881662	6711
3699744	4468499	6734
3699744	2847525	6734
1095366	2124943	6711
1095366	3045080	6711
439740	3218063	6747
1095366	853046	6722
1095366	1211415	6711
1095366	3563779	6711
623846	3366458	6756
221643	439740	6750
3699744	4144077	6734
1088670	1638411	6693
2318664	3347592	6750
4600293	4024311	6748
3699744	2495541	6734
3222178	3964641	6748
935713	3515944	6750
90979	4461506	6707
1095366	2499565	6711
2574764	2308863	7653
3050276	535181	6693
1769319	1549910	6749
4160359	2100992	6747
2366400	735122	6747
4514417	621616	6682
1095366	962589	6711
1275829	572326	6708
1095366	2493429	6711
4514417	2627001	6682
4514417	50018	6682
1095366	186228	6711
4514417	4632709	6682
3050276	4069833	6708
1095366	962589	6723
523275	3361261	6708
3699744	1572788	6734
3591383	4151352	6693
1095366	205650	6711
3050276	3942461	6693
1095366	3512492	6711
3699744	2871199	6734
1070926	2574764	6750
2574764	2705023	6747
3699744	3471814	6734
2825464	2366400	6750
1978767	2506307	6714
3050276	899712	6693
3699744	2545085	6734
3939687	3193090	6753
4514417	1320273	6682
2639452	439740	6750
1095366	2836742	6711
4514417	2358197	6682
4514417	611777	6682
3050276	4572658	6693
1095366	2267223	6711
3699744	2641370	6734
1095366	1039729	6711
1095366	3263525	6711
3699744	3294240	6734
3699744	4535739	6734
1095366	1935089	6711
439740	3723234	6747
4514417	1505394	6682
3114198	439740	6750
1095366	12865	6711
1095366	4584131	6711
3104640	391389	6963
3699744	2576942	6734
3699744	2617424	6734
439740	4330760	6751
3699744	4137511	6734
3699744	4448060	6734
439740	2066125	6728
2366400	265363	6747
1095366	621157	6711
439740	1836532	6747
439740	2975115	6747
1095366	2489363	6711
3699744	2030285	6734
4541799	439740	6750
1095366	3719364	6711
1095366	2582622	6711
4026370	1095366	6739
3699744	2282436	6734
3699744	3801771	6734
439740	2291391	6747
774842	2536419	6752
4392316	1865312	6750
275678	2574764	6750
3699744	1805836	6734
1095366	3610823	6722
1095366	1530067	6711
4514417	1638411	6682
439740	348595	6728
4514417	1253747	6682
3699744	3455454	6734
4514417	131097	6682
4514417	172992	6682
1095366	2534947	6711
1095366	3559	7025
4160359	1627248	6747
2620047	439740	6750
1095366	4486555	6711
1596879	3321671	7195
1095366	51322	6711
1095366	776243	6711
3050276	1992484	6693
4263649	3515944	6750
2769987	905538	6756
1095366	2571358	6711
70544	4541799	6756
439740	1403678	6747
3699744	219874	6734
3699744	4062635	6734
2675890	4461506	6693
3699744	3457898	6734
4514417	4162373	6682
439740	4217064	6747
1095366	2138752	6711
4514417	3961813	6682
3699744	2404178	6734
4514417	454969	6682
4514417	3584930	6682
1095366	643682	6711
1095366	2607191	6711
439740	1952797	6747
4514417	1570329	6682
2366400	4427838	6747
1095366	1047740	6711
87602	439740	6750
4514417	2500415	6682
1095366	2660654	6711
3699744	3223846	6734
1095366	3126932	6711
3699744	3442286	6734
3699744	3327711	6734
1095366	713159	6711
3699744	1859907	6734
4514417	3447337	6682
707890	2366400	6750
3699744	485009	6734
439740	2379988	6747
3699744	1008633	6734
3699744	455936	6734
3448374	439740	6750
3699744	3593894	6734
4514417	295618	6682
439740	9942	6747
50018	2574764	6750
1095366	1431576	6711
1328530	159973	6748
4124529	3573129	6900
3699744	1111512	6734
3050276	2241901	6708
3699744	234386	6734
2366400	3342352	6747
3699744	1530067	6734
439740	1003724	6747
1095366	2498820	6711
1095366	1391750	6711
2574764	171893	6747
3699744	1961026	6734
3814059	439740	6750
1095366	1939484	6711
632894	439740	6750
4189961	1368498	6756
4514417	2218330	6682
2574764	3447337	6747
298279	4595851	7879
1095366	2165381	6711
1095366	2560892	6711
3050276	1594319	6693
4514417	776010	6682
3347592	3219811	6747
1095366	2828264	6711
301288	1683244	6693
3699744	1167912	6734
3699744	4613784	6734
1095366	485009	6711
1095366	1369357	6711
1095366	3861308	6711
3699744	1672203	6734
1095366	482946	6711
3699744	346229	6734
3515944	523647	6747
3699744	4108157	6734
3005958	439740	6750
720573	3040754	6842
1095366	527822	6711
4002267	2092996	6747
4595851	1624322	6819
2574764	1694160	6747
1088670	2472241	6693
773831	1095366	6739
3699744	1457861	6734
1095366	2118811	6711
4182169	2160820	6754
1095366	951224	6711
1095366	732907	6711
3699744	1678169	6734
824950	439740	6750
1095366	3168315	6711
3699744	4336510	6775
3699744	3808579	6734
1095366	4312739	6722
1095366	1900299	6711
1095366	2072981	6722
1095366	4194066	6711
1095366	2312389	6711
1095366	452614	6711
3699744	620379	6734
1095366	3245386	6711
2881715	439740	6750
2480714	2574764	6750
1095366	333415	6711
3699744	1818503	6734
3050276	3219498	6693
3699744	3491598	6734
4089121	439740	6750
4514417	2569146	6682
3050276	2911543	6693
3699744	2234119	6734
4514417	2344017	6682
3560916	3347592	6750
2574764	917625	6747
3699744	2829699	6734
4514417	3515464	6682
3699744	2135844	6734
1095366	3026782	6711
3050276	4439368	6693
2879603	4114873	6748
2574764	4259812	6747
1095366	3363943	6722
3699744	1549910	6774
3699744	4643050	6734
439740	2104295	6747
1095366	3525190	6711
356778	2574764	6750
1095366	488922	6711
3699744	3561429	6734
622951	3515944	6750
3699744	1861331	6734
1095366	979098	6711
3699744	4412637	6734
1095366	1515610	6698
1178416	4590758	6750
2990598	439740	6750
2050212	439740	6750
1095366	4048867	6711
2366400	3219498	6747
1769319	439740	6750
4514417	4458364	6682
3699744	4409218	6734
2030108	2366400	6750
3050276	2585232	6693
1095366	3864786	6711
3310617	1197710	6753
3294694	2366400	6750
3699744	2661529	6734
4514417	2867599	6682
1095366	2643121	6711
1095366	516069	6711
4514417	2194289	6682
3699744	1123236	6734
4514417	2857200	6682
1095366	191449	6711
2574764	3366142	6747
3699744	3988463	6734
4514417	381560	6682
3699744	3087661	6734
1095366	3364369	6711
1095366	4541321	6711
1095366	4526796	6711
2626063	3515944	6750
3050276	3357699	6693
3050276	2260276	6693
1095366	2330086	6711
700555	439740	6750
439740	1992484	6747
4514417	2978056	6682
3699744	2024049	6734
3515944	3004399	6747
1088670	1060803	6708
1095366	2090956	6711
3699744	433953	6734
1095366	2234119	6711
56945	4002267	6750
2668632	439740	6750
1654954	2574764	6750
3699744	3795621	6734
3699744	3636325	6734
1095366	1373382	6693
1095366	3966331	7025
1027510	478005	6756
1095366	1857812	6711
4514417	4291627	6682
1095366	3857034	6723
3699744	3325195	6734
1095366	2048144	6711
3699744	1441799	6734
4514417	181113	6682
3699744	2914705	6734
1095366	2931862	6711
2917258	3047699	6748
1095366	1061166	6722
439740	841764	6747
3964641	3222178	6756
3699744	2374578	6734
4514417	2620367	6682
1095366	1061166	6711
3699744	2014945	6734
1095366	67192	6711
4514417	1627248	6682
1095366	4449898	6711
3219498	439740	6750
992301	2574764	6750
1095366	1383022	6711
1095366	126687	6711
3050276	3903410	6693
3699744	192344	6734
3699744	2851683	6734
439740	934670	6751
1095366	3092939	6711
1095366	3199668	6711
1095366	1633164	6711
2574764	4099444	6747
1095366	2871962	6711
3699744	1844767	6734
3699744	731928	6734
4116421	3549899	6755
3699744	3437912	6734
3448374	2366400	6750
4595851	2473071	6819
3442308	439740	6750
1095366	2314808	6711
3050276	2050212	6693
3699744	2557740	6734
525649	2852839	6708
3699744	2863996	6734
3699744	641336	6734
3050276	2309915	6693
1095366	3970614	6711
1095366	4241576	6711
439740	2839042	6747
2366400	4434854	6747
3699744	2115203	6734
2741022	439740	6750
3646870	439740	6750
439740	3861646	6747
3879986	3515944	6750
4250304	2244810	6693
3699744	624901	6734
3699744	185413	6734
3699744	523296	6734
1095366	396929	6711
3699744	1526284	6734
3699744	3467839	6734
1095366	919311	6711
930106	2366400	6750
3699744	2495910	6734
3699744	533654	6734
3699744	896102	6734
1965724	2594414	6756
3050276	2240780	6693
211567	439740	6750
1095366	579921	6711
1095366	3056043	6711
3699744	227181	6734
3699744	492061	6734
4514417	1917936	6682
1095366	3529007	6711
3515944	3630428	6747
3699744	3803294	6734
4514417	3700985	6682
3699744	1392744	6734
3699744	2597321	6734
1095366	4246046	6711
439740	4369819	6747
4514417	4601051	6682
267636	385457	6846
3699744	3458214	6734
439740	2462568	6751
4611145	2366400	6750
670165	632894	6747
2230748	2574764	6750
439740	1683244	6747
4514417	265363	6682
894722	2366400	6750
3699744	1476834	6734
3050276	3295664	6693
439740	3350629	6747
2017762	538900	6753
1095366	1694759	6711
439740	4601051	6747
2366400	466974	6747
3515944	1593563	6747
1095366	121159	6711
3063274	439740	6750
439740	4541799	6747
1095366	1824651	6711
1068548	1275829	6714
1095366	3207976	6711
3723234	2366400	6750
1095366	1238685	6711
4514417	819087	6682
3050276	1895948	6693
1095366	4375933	6711
439740	2289798	6747
4514417	1705559	6682
4089763	2230155	6756
2291391	2366400	6750
3699744	2474096	6734
3699744	869962	6734
4188257	1095366	6739
3699744	1384752	6734
1095366	3010629	6711
3699744	1163016	6734
1095366	3369661	6711
3699744	3737765	6734
439740	2852839	6747
3603649	4554073	6967
1095366	1519774	6711
3219811	439740	6750
4122522	2366400	6750
3699744	207386	6734
1095366	2712724	6711
217245	439740	6750
1095366	3152801	6711
1095366	2532931	6711
1095366	2374578	6711
4514417	3070529	6682
3158340	3995000	6756
2675890	4369819	6693
2397154	439740	6750
1095366	1744020	6722
3699744	2686731	6734
2051812	439740	6750
3409388	702605	6747
4514417	3346799	6682
4514417	2638030	6682
3699744	815533	6734
3699744	909290	6734
1095366	3172293	6711
3699744	1029405	6734
475435	439740	6750
1095366	2073706	6711
1095366	3241701	6711
304569	439740	6750
1865312	1742414	6747
3699744	4317500	6734
670165	3310617	6747
4514417	1897095	6682
4374185	439740	6750
3893086	1712571	6752
1095366	846667	6711
3158214	3515944	6750
3050276	3939687	6693
1095366	3711029	6711
2390322	439740	6750
2344017	2538954	6748
117875	2366400	6750
2281205	3655728	6752
2506146	439740	6750
3699744	3426904	6734
1095366	4061395	6711
1095366	2700130	6722
2240857	4306187	6748
478478	1116084	7009
439740	2140305	6747
1095366	2618782	6711
3515944	2594414	6747
3699744	38516	6734
1095366	502352	6723
3699744	3031623	6734
3699744	4485421	6734
1095366	4250401	6711
1095366	473930	6711
439740	3673482	6751
439740	3566207	6747
4611145	4160359	6750
976924	2366400	6750
1095366	386733	6693
439740	2702677	6747
1095366	2410350	6711
308305	2850627	6748
3699744	502238	6734
213470	2982991	6714
3699744	3279628	6734
2837669	2832092	6756
3699744	4495959	6734
1095366	1582046	6711
4514417	2433795	6682
3986301	439740	6750
1095366	4026370	6722
1095366	4123345	6711
4514417	2632898	6682
3699744	2906183	6734
3699744	3499387	6734
3050276	4304354	6693
1095366	27212	6711
1095366	2854907	6693
3050276	358638	6693
4514417	2760198	6682
3699744	79996	6734
3699744	3652057	6734
2921692	4590758	6750
1095366	2932406	6711
1095366	2895684	6711
1095366	1757206	6711
3699744	4566998	6734
3726368	3939687	6755
1095366	1769926	6711
4514417	2719871	6682
1095366	1583260	6711
3699744	2380760	6734
4514417	4343882	6682
3700985	633822	6756
3699744	1061032	6734
3699744	312947	6734
3699744	4599379	6734
1095366	266895	6711
3699744	1974920	6734
3699744	1866629	6734
3515944	4162373	6747
4514417	114545	6682
3699744	627978	6734
3699744	400182	6734
3699744	4617090	6734
1095366	4342177	6711
1095366	1481988	6838
3699744	1462374	6734
3701712	667483	6756
3617430	3515944	6750
2574764	4187505	6747
4514417	3186219	6682
1095366	3442286	6711
3699744	919311	6734
3699744	4262063	6734
2074071	439740	6750
4514417	539917	6682
3699744	2559398	6734
3699744	655294	6734
1095366	537349	6711
1095366	3652057	6711
3699744	3294650	6734
1095366	2341291	6722
3273097	774684	6824
1095366	781833	6711
3699744	4241576	6734
1095366	535617	6711
1095366	4134515	6711
439740	4425336	6747
793836	2574764	6750
4002267	1120486	6747
91819	1095366	6739
3409388	1368498	6747
4514417	4266994	6682
3699744	4250401	6734
3050276	1506034	6693
2652364	1095366	6739
3699744	687502	6734
4514417	3114198	6682
4514417	3048694	6682
1095366	74397	6711
3699744	3486399	6734
2574764	2162655	6747
3699744	4501150	6734
466974	2366400	6750
3853468	2149031	6693
301288	2541581	6693
3699744	1152121	6734
1095366	19367	6711
1095366	2151055	6711
3699744	1266723	6734
3699744	3093994	6734
3050276	1561547	6693
187605	3399843	6748
1095366	1517642	6711
1095366	3606423	6711
2366400	3221141	6747
572326	439740	6750
1095366	4062635	6711
3424043	439740	6750
4514417	3416021	6682
4514417	3117131	6682
1095366	42899	6722
4514417	1368498	6682
3699744	3401373	6734
3699744	1972016	6734
3699744	366854	6734
2366400	2663848	6747
3699744	4182414	6734
3050276	4416082	6693
2783126	3223970	6753
3699744	2094678	6734
1095366	3334283	6711
1095366	907940	6711
439740	4600192	6747
2839106	439740	6750
3515944	876048	6747
3050276	949115	6693
1095366	3479145	6711
3699744	4507	6734
3699744	2017263	6734
3050276	3416021	6693
4514417	3211409	6682
4160359	2480212	6747
1095366	2765167	6711
3699744	4455287	6734
3699744	4307194	6734
439740	3507997	6751
3560916	3306852	6748
1095366	566816	6711
3699744	1320866	6734
301288	700555	6693
3699744	2221488	6734
1095366	2829699	6711
2852839	525649	6714
1095366	4368880	6711
439740	2397154	6747
3699744	3233237	6734
2092996	3456888	6692
3699744	1185186	6734
4514417	3389144	6682
3282892	2689812	6748
4595851	1371544	6819
1095366	2401506	6711
2366400	2017762	6747
627531	1668283	7115
3699744	4108432	6734
439740	3687797	6747
3699744	2514394	6734
4202428	439740	6750
1095366	1572788	6711
2620047	1611570	6756
3699744	705707	6734
1095366	4489701	6711
3699744	1109837	6734
1095366	4108432	6711
3699744	298279	6774
1095366	2977477	6711
3699744	3196540	6734
3146816	3223970	6755
3699744	2639182	6734
1447221	2982991	6714
1095366	3255789	6711
3699744	3703419	6734
3423703	3334998	6752
2156770	2366400	6750
3699744	1073236	6734
3699744	1884352	6734
439740	2186450	6747
4514417	4031288	6682
1095366	2284272	6711
3699744	971695	6734
4205796	2574764	6750
3106493	1596879	7116
1095366	2059061	6711
3699744	428164	6734
4514417	4434012	6682
1095366	714026	6722
1095366	1609299	6711
4514417	1631165	6682
3699744	4325316	6734
1095366	1951107	6711
1095366	4333666	6711
1095366	4017295	6711
3699744	704767	6734
471981	3040754	6756
1095366	2762035	6711
1273900	4354551	6747
3699744	145019	6734
439740	1737329	6728
1095366	460593	6711
439740	270935	6751
3699744	616569	6734
4514417	1369751	6682
2241901	3050276	6714
1095366	3022217	6711
1095366	680756	6711
1095366	3026964	6711
3699744	282153	6734
3699744	324621	6734
3699744	4094589	6734
1095366	2345674	6711
3050276	3334998	6693
4514417	2256553	6682
4514417	501168	6682
3699744	3957740	6734
475435	301288	6714
4595851	2778739	6819
3699744	2291545	6734
3699744	3540667	6734
3699744	201640	6734
3050276	680665	6693
1095366	1036924	6711
1095366	2267390	6711
1095366	4216884	6711
439740	3871720	6747
2574764	317143	6747
3699744	92425	6734
1095366	3486181	6711
1095366	587231	6711
3699744	3444099	6734
525649	62411	6708
4439368	439740	6750
3699744	231845	6734
3699744	2573709	6734
4514417	1084810	6682
1095366	1469446	6711
1800981	1577777	6756
1095366	4467485	6711
3050276	4465228	6693
1095366	4224947	6711
301288	4601051	6693
3699744	2856841	6734
3939687	1218767	6753
3699744	3462657	6734
4514417	3448374	6682
3480022	439740	6750
4595851	1381128	6819
1095366	3703419	6711
4514417	3098856	6682
4514417	2859029	6682
3699744	3901269	6734
1800981	2556761	6753
1095366	124135	6711
3699744	2072209	6734
1619408	439740	6750
3521408	2366400	6750
1404696	3515944	6750
1095366	1731814	6711
1095366	4423598	6711
1095366	115589	6711
3699744	3653379	6734
1095366	4412637	6711
4445398	3387724	6748
295618	2082599	6755
1095366	1902663	6711
3699744	3879588	6734
4514417	358638	6682
445723	2366400	6750
3515944	2638030	6747
2574764	601172	6747
1095366	1047195	6693
3699744	1835685	6734
1095366	4623391	6711
1705559	439740	6750
670165	2627001	6747
1095366	3113325	6711
3699744	3472440	6734
3170726	2323199	6748
439740	1183223	6747
1461274	2104295	6755
439740	348595	6751
3699744	505111	6734
1095366	2826702	6711
4514417	711141	6682
2531393	2632898	6747
1275829	1151442	6708
1865312	4551674	6747
439740	1667680	6747
1095366	792180	6711
2366400	4291627	6747
3699744	2930397	6734
2087487	439740	6750
3004399	3515944	6750
4595851	386733	6819
3691300	1095366	6739
4514417	1712842	6682
1095366	3529007	7025
3699744	2617332	6734
211567	525649	6714
1095366	1347694	6722
1095366	40906	6711
2620367	4002267	6750
4514417	3393227	6682
439740	1781003	6728
1095366	3520371	6711
1095366	163212	6711
1095366	444764	6711
3630428	3515944	6750
1095366	219874	6711
439740	2612655	6747
1725064	1095366	6739
301288	3646870	6693
90979	3218063	6707
1095366	3628652	6711
1095366	4491697	6711
439740	2787432	6747
2260276	1275829	6714
3549899	2763565	6755
3699744	1299890	6734
4070086	439740	6750
1095366	1026447	6711
2366400	2722317	6747
3699744	3852717	6734
1095366	346229	6711
1095366	4249707	6711
1095366	583777	6711
439740	426056	6747
1432305	1095366	6739
1095366	3589231	6693
3515944	3342352	6747
3770071	3515944	6750
2574764	36255	6747
3699744	687471	6734
3699744	108328	6734
1095366	3400680	6711
3699744	3748496	6734
4514417	4598195	6682
1088329	3273097	6820
2574764	2366798	6747
1095366	747662	6711
1095366	547067	6711
3699744	3635399	6734
1506034	439740	6750
1095366	2219995	6711
3699744	2355133	6734
3699744	4188782	6734
4514673	2574764	6750
1596879	4653238	6686
1095366	694500	6711
1095366	3416474	6711
818192	2531393	6750
1095366	1590639	6711
1095366	1368945	6711
3699744	720959	6734
3571093	3104640	6791
1095366	829467	6711
3699744	3679101	6734
2257763	439740	6750
4514417	1923235	6682
911762	4070086	6752
1095366	1384752	6711
3699744	2804595	6734
439740	3664887	6747
478478	2366400	6750
1988839	439740	6750
3699744	3199668	6734
3699744	999476	6734
3699744	2258611	6734
2366400	2536419	6747
1095366	1440297	6711
4514417	2240780	6682
4514417	3521925	6682
4514417	1431835	6682
2366400	4354551	6747
1095366	1368475	6711
2011871	439740	6750
3699744	2849615	6734
3361261	1273900	6750
3448374	2904268	6748
3699744	1154086	6734
3699744	489701	6734
1095366	3081975	6711
3699744	4158841	6734
2657635	2366400	6750
1095366	873996	6711
1095366	146230	6711
4514417	4600293	6682
4521137	3723234	6842
1095366	1201259	6711
3050276	565420	6708
1095366	2114032	7025
1095366	1936510	6711
1936586	439740	6750
1095366	2254287	6711
1095366	2801774	6711
4514417	2850627	6682
3699744	3021504	6734
1095366	1517892	6711
439740	61746	6747
439740	3964641	6747
3699744	3743036	6734
2366400	2968093	6747
4160359	2217217	6747
4595851	1555039	6819
1070926	439740	6750
1095366	2449450	6693
301288	3044006	6708
3699744	3545579	6734
3505647	2612655	6693
2366400	1979298	6747
439740	3595716	6747
1095366	4409218	6711
1354033	3282892	6756
3225334	439740	6750
3347592	4187443	6747
1095366	2516447	6723
2366400	2865921	6747
1095366	815533	6711
1095366	2019982	6711
1095366	3209658	6711
1095366	3440676	6711
3699744	1876567	6734
4514417	2890013	6682
2702018	307598	6756
439740	4534834	6747
1353616	2531393	6750
3939687	4249059	6753
2832092	2837669	6748
3515944	3926181	6747
3278501	1095366	6739
3699744	1639972	6734
2574764	1954301	6747
621616	439740	6750
1095366	401064	6711
3585479	2626063	6756
3699744	4594192	6734
1095366	3263660	6711
3699744	2090956	6734
2982991	3363181	6708
4514417	1284507	6682
3699744	3147716	6734
4503361	2574764	6750
2400172	439740	6750
1095366	4535481	6722
1095366	3653379	6711
4514417	507811	6682
3699744	902505	6734
1095366	3984490	6693
3699744	1261396	6734
2206424	1095366	6739
4514417	204817	6682
3699744	1835629	6734
1095366	2272008	6711
2366400	1493329	6747
3699744	4358820	6734
439740	4518842	6728
4514417	3569455	6682
3599444	3340319	6753
1095366	3090848	6711
2366400	3031826	6747
4514417	3334998	6682
3699744	3827974	6734
1095366	3528230	6711
4514417	376290	6682
3699744	1492803	6734
1095366	1593563	6693
3699744	639282	6734
1088329	716393	6748
3124525	3939687	6755
3979806	439740	6750
1923689	516255	7660
1095366	2033373	6694
656570	3515944	6750
3699744	1582046	6734
1095366	253404	6711
439740	813144	6751
439740	3523780	6747
3505647	2397154	6693
3699744	2552162	6734
1095366	4611863	6722
976924	439740	6750
1095366	3123219	6711
2366400	1221787	6747
3699744	346482	6734
1088670	192613	6693
1095366	2511530	6711
4514417	1245995	6682
358638	439740	6750
3699744	3479762	6734
1095366	4407315	6711
4514417	1978743	6682
1095366	4063696	6711
4514417	913105	6682
439740	1505394	6747
258785	1095366	6739
1095366	4108157	6711
2574764	1817390	6747
1095366	4656546	6693
303670	439740	6750
4514417	1106405	6682
3699744	2489388	6734
12600	1095366	6694
439740	707890	6747
1148457	1095366	6739
1095366	869893	6711
1095366	4203091	6711
1095366	2107652	6711
3050276	2968093	6693
3050276	2045760	6693
2629564	2366400	6750
2626063	3585479	6748
3314207	2366400	6750
1095366	91819	6711
1095366	3966331	6711
1178416	439740	6750
4514417	2281093	6682
1095366	2320652	6711
3699744	1330949	6734
2366400	360369	6747
1095366	662074	6722
2871700	439740	6750
4514417	2397154	6682
3699744	2669024	6734
1991965	439740	6750
3699744	4235508	6734
3050276	2629564	6693
3050276	327474	6693
3699744	1204953	6734
2574764	318103	6747
2446408	2574764	6750
1942293	3939687	6755
3310617	3146816	6753
3699744	3204433	6734
1095366	4505062	6722
1095366	2201292	6711
3050276	623846	6693
3699744	701872	6734
4514417	3219498	6682
3699744	2703475	6734
1095366	2447541	6711
2462568	523647	6752
4368880	1095366	6739
3699744	361232	6734
439740	1779427	6751
2196006	1095366	6739
2260276	439740	6750
439740	3230831	6747
1095366	1678169	6722
1095366	3778397	6711
3699744	3089228	6734
2320657	3515944	6750
1095366	4394243	6711
3699744	1896652	6767
3699744	2821047	6734
3699744	4128979	6734
4514417	4606337	6682
439740	331735	6728
1095366	3882129	6711
3699744	1900299	6734
1095366	1205450	6711
1095366	600930	6711
3699744	4168576	6734
3699744	4467485	6734
3699744	1496458	6734
4514417	2164340	6682
4514417	1447221	6682
1095366	4443531	6711
1095366	3417616	6711
3050276	1770166	6693
4514417	3585479	6682
3050276	3830689	6693
1095366	3093994	6711
1095366	2775368	6711
3699744	2356529	6734
439740	3969985	6751
1095366	12600	6700
2366400	4027406	6747
439740	1053964	6751
4514417	2480714	6682
795116	1769319	6756
3699744	3081975	6734
439740	1506034	6747
1095366	2682346	6711
1960647	2622185	6756
1095366	1662631	6711
301288	4162373	6693
301288	3420118	6693
439740	2500359	6747
3939687	4158251	6753
439740	2455282	6747
3699744	2911739	6734
3699744	3263525	6734
1095366	3714027	6711
3699744	2891142	6734
439740	4202428	6747
3399843	187605	6756
1095366	3281589	6711
439740	2583026	6747
4514417	1483429	6682
439740	694941	6747
3442897	3939687	6753
3699744	620633	6734
3699744	3190085	6734
3723642	3347592	6750
4514417	2186450	6682
3699744	4266153	6734
3699744	1273182	6734
301288	3798808	6708
1095366	2534947	6722
4252288	3945162	6936
1095366	555898	6711
3699744	2040936	6734
3699744	1678469	6734
3699744	3796423	6734
2366400	2657635	6747
4514417	3549899	6682
439740	623518	6747
3617430	670165	6750
3211409	3040754	6748
4514417	1924356	6682
4514417	963818	6682
4514417	735122	6682
4514417	2769987	6682
2366400	2852839	6747
2161114	2092996	6681
3699744	4135297	6734
2424517	2574764	6750
3050276	4557664	6693
1095366	4388443	6711
4514417	3610444	6682
1095366	692484	6711
1095366	3380160	6711
3699744	2059506	6734
3699744	30859	6734
142288	499375	6752
3699744	141958	6734
3569455	4599547	9941
3986301	3050276	6714
1095366	2612223	6711
4514417	478478	6682
4514417	3445660	6682
4454486	3505647	6714
1095366	4586962	6711
4514417	667483	6682
3699744	3353156	6734
4514417	4053550	6682
439740	1483429	6747
1095366	1642607	6711
1860460	1095366	6739
3699744	198005	6734
4514417	159973	6682
2574764	1753501	6747
439740	2281093	6747
1095366	57035	6711
3699744	3544088	6734
3050276	1477775	6693
1095366	4226041	6711
439740	3903410	6747
360369	439740	6750
3594533	2817072	6756
1095366	2776949	6711
3361261	3671916	6748
3699744	3369661	6734
2366400	4644474	6747
1095366	3075422	6722
4514417	1497880	6682
3723642	670165	6750
3853468	925381	6693
3699744	3690261	6734
1095366	1939800	6711
4458364	2574764	6750
1095366	1193798	6711
1095366	487817	6711
2574764	1339490	6747
2823828	2801540	6754
1095366	1986797	6711
439740	1093470	6747
3699744	1653847	6734
2531393	3673162	6747
385457	720573	6889
1095366	1373906	6711
1095366	1113339	6711
439740	4286047	6751
3699744	858130	6734
3699744	1459370	6775
4514417	2544492	6682
1095366	3098609	6711
1095366	1344865	6711
1095366	1763525	6711
3050276	1385086	6693
4514417	3013856	6682
3699744	3544364	6734
4514417	4266636	6682
4514417	471685	6682
3699744	2615402	6734
1095366	4445261	6711
3050276	3363181	6693
1095366	4391898	6711
4514417	1294703	6682
3699744	401322	6734
439740	4284454	6747
1095366	576794	6711
3699744	4066956	6734
3050276	4052763	6693
1095366	1854675	6711
3699744	2146517	6734
3101500	2497057	6756
4514417	2928237	6682
4514417	1853755	6682
3723642	2848388	6714
2366400	2063419	6747
1095366	3456503	6711
3699744	2640053	6767
4312739	1095366	6739
4514417	370391	6682
1819890	439740	6750
3699744	1755294	6734
3699744	1491204	6734
3050276	3457283	6693
3121559	2366400	6750
3699744	3116952	6734
3723234	439740	6750
4514417	4428950	6682
1095366	2999265	6711
886525	4263649	6748
301288	3362772	6693
3699744	2755254	6734
3699744	867920	6734
4514417	1700987	6682
4514417	1098926	6682
439740	1189665	6747
1095366	4054669	6711
4514417	550695	6682
3699744	3892670	6734
1095366	2758794	6711
1095366	2796264	6711
1851700	1865312	6750
3699744	4248123	6734
4514417	2309235	6682
3699744	2862652	6734
1095366	1597028	6711
3699744	636286	6734
1095366	4474118	6711
3699744	4011239	6734
1095366	1957783	6711
439740	3883802	6747
1095366	3106348	6693
3699744	3399751	6734
3699744	846667	6734
4130044	1095366	6739
4514417	3542124	6682
1095366	1273182	6711
3699744	671946	6734
4514417	237000	6682
1095366	3283378	6711
3050276	4089763	6693
1095366	1876567	6711
3523780	2366400	6750
4514417	3883802	6682
272662	2422449	6798
301288	930106	6693
439740	3584719	6747
3352425	2585232	6756
413310	2366400	6750
3699744	1257729	6734
1095366	1073236	6711
3770071	84652	6756
3699744	568660	6734
1120486	4002267	6750
1095366	3846806	6711
1095366	3762499	6711
439740	3362772	6747
2366400	2082599	6747
2366400	3314207	6747
439740	3986301	6747
1095366	804795	6693
538900	2017762	6755
3457283	532424	6748
3699744	4031029	6734
4514417	4165087	6682
1095366	3330284	6711
3699744	1827668	6734
3770071	439740	6750
1095366	1532613	6711
3699744	1677291	6734
439740	1573887	6751
1095366	3211897	6711
3699744	2422503	6734
3409388	212674	6747
3630428	2366400	6750
1095366	3718931	6711
1095366	45419	6722
439740	534246	6747
4534834	439740	6750
4514417	1408475	6682
2368981	439740	6750
1095366	3467839	6711
3578437	1447221	6748
2574764	350088	6747
3699744	452033	6734
3939687	4327463	6753
774684	1275829	6714
3414705	439740	6750
1095366	1579726	6711
1095366	640328	6711
439740	3651924	6910
4162373	4554073	6967
3699744	1398414	6734
1095366	4420618	6722
4164890	2729052	6753
439740	620800	6747
3630428	439740	6750
2919220	4252288	6740
3699744	548684	6734
439740	2895265	6747
1095366	1301400	6711
2574764	4645705	6747
3699744	2191248	6734
3515944	1769319	6747
3699744	4510527	6734
4514417	4174388	6682
4514417	317143	6682
3050276	328048	6693
439740	949480	6747
4514417	2784082	6682
1095366	2803308	6711
4514417	1180182	6682
2729052	2011871	6755
2366400	4600192	6747
2366400	4472101	6747
1178416	3515944	6750
2574764	2476305	6747
1788793	3415889	6752
4582000	2366400	6750
1095366	4447962	6723
1095366	2408344	6722
3554056	439740	6750
1095366	3134577	6711
4514417	453317	6682
3699744	4068457	6734
1636078	2100992	6752
3699744	1636785	6734
2351698	3457283	7133
1095366	433542	6711
1095366	233251	6711
439740	990843	6747
439740	2256442	6747
3699744	1254062	6734
1095366	1330413	6711
301288	990843	6693
3699744	4194066	6734
1095366	561913	7188
439740	166302	6747
171893	2574764	6750
3050276	1178416	6693
1095366	4352014	6711
3545202	439740	6750
3699744	2416388	6734
4514417	2159860	6682
3699744	2319394	6734
1095366	916913	6711
1095366	1202377	6711
3699744	1577624	6734
4514417	3313531	6682
1616980	1095366	6739
3699744	2048144	6734
4514417	4069833	6682
1095366	198005	6711
439740	2462568	6728
3699744	183445	6734
1124718	4002267	6750
1095366	3842458	6711
1095366	1301400	6722
2366400	2149031	6747
4514417	1715435	6682
1095366	3014036	6711
2541581	4065985	6748
1095366	1244902	6711
1095366	102949	6711
2157998	1095366	6739
301288	2558012	6693
2366400	413310	6747
4514417	2081360	6682
4514417	1252235	6682
3699744	95843	6734
3699744	1877184	6734
3699744	253404	6734
1088670	2344017	6693
4514417	4552127	6682
1095366	145556	6711
2005565	1095366	6739
439740	3065405	6747
3699744	419545	6734
1095366	4234470	6711
3699744	1233534	6734
2952181	439740	6750
3699744	1427236	6734
3699744	2352028	6734
439740	4428298	6747
1095366	869893	6722
2620367	439740	6750
1095366	3796423	6711
2574764	4639855	6747
3699744	284567	6734
3699744	1129862	6734
1095366	4112482	6711
3699744	1835218	6734
874777	2574764	6750
3523780	4444803	6748
1095366	1921297	6711
1095366	3225393	6711
4036167	1569110	6756
3050276	933260	6693
3699744	933508	6734
3075422	1095366	6739
4514417	3852822	6682
2366400	3939687	6747
4514417	1718671	6682
3699744	632677	6734
3515944	3419393	6747
110870	2574764	6750
3935909	439740	6750
3699744	1502819	6734
4514417	1654954	6682
3699744	1908976	6734
1477775	4069846	6756
3699744	820944	6734
439740	292430	6747
2144394	3515944	6750
1095366	918939	6711
1088670	2952181	6693
3699744	532454	6734
4514417	4592959	6682
2366400	3442308	6747
3699744	4268052	6734
1095366	4553319	6711
1095366	4007992	6711
1095366	339028	6711
4514417	1942293	6682
1095366	721885	6711
3699744	4125755	6734
4151352	439740	6750
1095366	582807	6711
1095366	4541624	6722
1095366	2841111	6711
3505647	4454486	6693
3699744	289110	6734
2330432	2366400	6750
3699744	2195440	6734
3699744	3090672	6734
3050276	3004399	6693
1095366	2295498	6711
301288	3688522	6693
3939687	2500415	6753
1095366	1460713	6711
3699744	1934461	6734
3699744	4553319	6734
1242276	439740	6750
439740	899712	6747
439740	2100992	6747
439740	370391	6747
2455282	439740	6750
3699744	600930	6734
1068548	439740	6750
1095366	2092816	6711
3699744	3429130	6734
1095366	415395	6711
3699744	3129253	6734
1095366	804916	6711
3699744	3842458	6734
1095366	3302838	6711
4421728	2092996	6752
1095366	2434506	6711
3699744	4006689	6734
646410	439740	6750
1095366	448276	6711
1095366	3811308	6711
1095366	1058589	6711
3939687	3421672	6753
3699744	3126932	6734
4160359	1933051	6747
439740	4215745	6728
3847082	774684	6748
1095366	3800122	6711
1095366	1577624	6711
439740	883503	6747
4162373	685663	6736
1095366	538940	6711
1095366	268590	6711
1095366	4225547	6711
4514417	2366798	6682
2143921	439740	6750
4600192	439740	6750
1095366	3464958	6722
1095366	2239655	6711
2218330	3883802	6756
3050276	1979298	6693
1095366	2014945	6711
1095366	1182277	6722
3699744	869272	6734
3699744	2011577	6734
1095366	1272846	6711
3699744	1954922	6734
1346614	439740	6750
3223970	3146816	6753
2318664	2366400	6750
2450207	108247	6756
4564297	2366400	6750
439740	3031826	6747
478005	1027510	6748
4514417	2952181	6682
1095366	4007856	6711
131097	439740	6750
1095366	1923272	6711
3699744	2736267	6734
3699744	789811	6734
439740	3423703	6728
3699744	2660702	6734
3699744	4130044	6734
2311489	595517	6756
565420	439740	6750
3699744	4652981	6734
2859029	1024629	6757
4514417	3034594	6682
1095366	2715186	6711
3699744	1519774	6734
4514417	2825464	6682
4514417	356778	6682
1960073	1095366	6739
4514417	4523276	6682
4515467	9942	6752
3699744	2339973	6734
3050276	4205668	6693
3699744	3123219	6734
3699744	1347103	6734
3699744	2568492	6734
3592153	4172779	7179
4514417	426056	6682
4514417	2837669	6682
3699744	3122455	6734
3699744	3791612	6734
439740	4374185	6747
3603649	2397747	6853
1986720	439740	6750
3699744	2967136	6734
1244902	1095366	6739
439740	712978	6751
1095366	140971	6711
3699744	2235368	6734
1095366	4651262	6711
4514417	3594533	6682
3699744	2362913	6734
439740	2684947	6747
1095366	1545681	6711
4012752	439740	6750
3699744	3026964	6734
4514417	3798808	6682
3549899	1718671	6755
3699744	4492355	6734
3798808	301288	6714
3699744	1894007	6734
1095366	53972	6711
3050276	4450064	6693
3699744	3762521	6734
3050276	1978767	6693
4514417	3824689	6682
1095366	2873400	6711
3699744	2714276	6734
3699744	1455265	6734
4514417	3287899	6682
1095366	1773172	6711
1095366	1285602	6711
3699744	4242837	6734
2539768	1275829	6714
3699744	1091309	6734
2366400	1245995	6747
3699744	163212	6734
2536419	963818	6756
1095366	401322	6711
4541624	1095366	6739
4514417	3828375	6682
684722	2519970	6714
4514417	4081762	6682
1095366	3224303	6711
1095366	621712	6711
4514417	700555	6682
2729052	2996013	6753
1526619	114545	6752
4413527	2366400	6750
4160359	2357768	6747
3939687	439740	6750
3320467	1303046	6752
2882215	2574764	6750
3515944	2598236	6747
3699744	1744765	6734
1095366	3370610	6711
1095366	3278501	6711
1095366	3959499	6711
4514417	3781463	6682
4171481	646410	6752
2911543	2366400	6750
4514417	4413799	6682
3699744	2136465	6734
2401720	4162373	6846
1095366	1645163	6711
3050276	4010913	6693
2089031	538726	7195
301288	3520917	6693
4514417	4164890	6682
3699744	3552998	6734
3699744	1440826	6734
1095366	1414564	6711
3699744	4370843	6734
439740	3044006	6747
2574764	874777	6747
1088329	1141366	6820
1095366	548684	6711
439740	4330760	6728
439740	1960647	6747
3699744	980408	6734
108247	2450207	6748
1095366	4410533	6711
1095366	198076	6711
1095366	781827	6711
3699744	3281589	6734
3448374	2848388	6714
304569	2366400	6750
1095366	320844	6711
439740	1245995	6747
3699744	3912338	6734
1095366	2827228	6711
3699744	4385401	6734
1095366	3803294	6711
3699744	2402554	6734
1095366	432546	6711
3699744	587231	6734
3699744	3413338	6734
1095366	2006571	6711
3699744	3603949	6734
4514417	1689407	6682
1095366	3454311	6711
3050276	187605	6693
3699744	209509	6734
1095366	3294650	6711
3601564	439740	6750
1095366	4534544	6711
892322	439740	6750
3699744	1532266	6734
282362	439740	6750
3699744	1997491	6734
2366400	759457	6747
3699744	2734472	6734
1095366	2778739	6693
3699744	1743621	6734
1095366	4580322	6711
4514417	3289502	6682
2366400	2825464	6747
1095366	1476834	6711
2859450	62411	6756
3699744	2868912	6734
3699744	4625774	6734
1095366	2214036	6711
439740	2943674	6747
3050276	4582000	6693
1801401	2574764	6750
439740	674069	6747
3699744	110218	6734
1095366	581555	6711
1095366	600694	6693
2919220	2017762	6735
3699744	3386683	6734
3699744	530865	6734
439740	3938862	6747
3442308	1275829	6714
1095366	1785350	6722
445723	2258534	6756
2366798	2574764	6750
439740	4644474	6747
439740	4465228	6747
3516958	4160359	6750
614498	439740	6750
2011871	615276	6753
1095366	1299890	6711
1095366	3879753	6711
4514417	2542300	6682
439740	3325627	6747
34384	2574764	6750
1095366	1471586	6711
3374625	439740	6750
1095366	4320620	6711
3515944	1477775	6747
3699744	2328440	6734
418565	2775637	6707
4514417	905538	6682
1726195	439740	6750
1095366	717544	6711
3699744	1053193	6734
1095366	3305320	6711
1095366	3470585	6711
1095366	1457576	6711
1095366	2979536	6722
3050276	4428298	6693
3699744	3083153	6734
3699744	1981353	6734
4514417	1850305	6682
3699744	7919	6734
1095366	3068517	6711
3699744	4268929	6734
1979298	3050276	6714
1095366	3975157	6711
3699744	492582	6734
3889574	439740	6750
3050276	905538	6693
3883802	439740	6750
4514417	1093470	6682
3699744	1878725	6734
1275829	3158340	6708
2320505	2092996	6756
1095366	3537637	6711
3699744	4133837	6734
4514417	2702722	6682
1095366	800517	6711
3050276	4202428	6693
439740	1902605	6747
1095366	4636295	6711
439740	4172779	6779
1095366	2721276	6711
3699744	1502723	6734
4514417	3829625	6682
3515944	2397154	6747
2072981	1095366	6739
3699744	3288126	6734
3050276	3986301	6693
3393227	2574764	6750
4514417	1354033	6682
1095366	2015068	6711
4514417	764661	6682
3699744	2465364	6734
3050276	1068548	6693
2366400	4187443	6747
2149031	439740	6750
1095366	2862652	6711
439740	1242276	6747
3699744	2038216	6734
1095366	2077341	6711
1095366	766508	6711
1095366	1351250	6711
4514417	1803579	6682
439740	1420835	6747
2705023	3515944	6750
1095366	993261	6711
4514417	2594734	6682
3136221	2574764	6750
3505647	4454486	6708
1095366	2125053	6711
3699744	2244503	6734
439740	3549899	6747
2775637	1275829	6714
1850305	2574764	6750
3699744	2806760	6734
439740	2074071	6747
1095366	1241127	6711
3699744	1627213	6734
3699744	733501	6734
1095366	3174003	6711
3280858	439740	6750
1095366	1568245	6711
9942	439740	6750
2574764	4221570	6747
3699744	4633194	6734
3171416	2574764	6750
4160359	4114873	6747
3050276	565420	6693
439740	774842	6751
2922379	3960205	6784
439740	1933051	6747
1095366	123088	6711
4514417	723403	6682
3699744	1757345	6734
4514417	2938581	6682
3050276	1933051	6693
3699744	4467205	6734
439740	3226746	6747
3415889	439740	6750
439740	1705559	6747
1095366	2665598	6711
4514417	2580431	6682
3350629	439740	6750
439740	3540647	6751
1095366	2999190	6711
1328530	439740	6750
2366400	4298230	6747
837647	1650806	6748
1095366	2495541	6711
439740	1068548	6747
1095366	2786419	6711
3699744	315411	6734
439740	3442308	6747
3699744	1036104	6734
1095366	4107326	6711
3699744	2332836	6734
439740	2224334	6728
3699744	2488415	6734
2366400	2629564	6747
1095366	1182873	6711
1598029	439740	6750
439740	2240780	6747
3699744	3762499	6734
3515944	4611145	6747
3699744	1369357	6734
3969307	1068248	6756
1095366	2074561	6711
3699744	1212627	6734
3699744	2767495	6734
2574764	1070926	6747
439740	1831176	6751
3699744	4629129	6734
3699744	2456633	6734
2574764	356778	6747
4514417	70544	6682
632894	670165	6750
1095366	1275786	6711
1095366	3615687	6711
439740	3985805	6747
1095366	2605531	6711
1095366	1116084	6711
3699744	1601975	6734
1095366	1432305	6722
3699744	1713283	6734
3106348	2810331	8285
1275829	1068548	6708
308305	439740	6750
4514417	2622185	6682
3699744	2333822	6734
3699744	2878658	6734
3521408	439740	6750
1095366	1993382	6711
1988839	627531	6714
3699744	3416474	6734
439740	1477775	6747
3699744	2571173	6734
1095366	3842142	6711
3699744	299908	6734
2638030	439740	6750
3699744	4183220	6734
1095366	1400861	6711
3108666	2865921	6819
1095366	3070724	7248
3699744	544763	6734
3219811	3515944	6750
4514417	3298825	6682
1095366	3660715	6711
2775637	439740	6750
1088670	2317748	6693
1095366	4246566	6711
1128382	439740	6750
3223970	3964641	6753
3951038	187605	6748
4099444	2574764	6750
1095366	1799523	6711
3699744	3498536	6734
4514417	1264222	6682
3699744	2839749	6734
3035357	2366400	6750
4514417	3480022	6682
1095366	20162	6711
4155917	1095366	6827
3939687	4190407	6753
4222100	439740	6750
439740	2030108	6747
3699744	4005738	6734
4514417	4611145	6682
3310617	397652	6753
3699744	2810627	6734
3699744	4090907	6734
4041410	3599444	6755
3699744	97672	6734
1095366	2562692	6711
1493329	439740	6750
1095366	1212030	6711
4514417	3171416	6682
3699744	4280958	6734
4514417	2359882	6682
1095366	3537920	6711
439740	1447221	6747
1095366	3679474	6711
4450064	2366400	6750
439740	3805459	6728
3699744	2855151	6734
3699744	4445261	6734
3699744	1420587	6734
1095366	620516	6711
1596879	4573726	7195
2256442	439740	6750
2638030	3515944	6750
1095366	3057068	6711
3699744	3779027	6734
3699744	713138	6734
1095366	2577780	6711
1101956	2366400	6750
439740	1769319	6747
3699744	266895	6734
1221787	3821095	6756
3158214	439740	6750
3699744	3209658	6734
1095366	4560882	6711
1095366	3116952	6711
439740	1267475	6747
3050276	308305	6693
3310617	2353944	6714
3699744	319202	6734
4514417	1065859	6682
1095366	2104914	6711
439740	2309235	6747
1095366	3912338	6711
439740	2324647	6728
3699744	1231425	6734
848632	2574764	6750
439740	1598029	6747
3699744	2511530	6734
1095366	2679023	6711
439740	894722	6747
1844794	61746	6748
3699744	2121357	6734
3699744	3333701	6734
301288	2074071	6693
4514417	1581658	6682
4514417	1025422	6682
1095366	4269620	6711
2176763	3699744	7248
1095366	341329	6711
1095366	2770096	6711
3699744	2828181	6767
245295	1095366	6739
1095366	4646630	6711
1095366	4190431	6711
4207629	2323763	6752
1095366	3118957	6711
2292905	439740	6750
3699744	2887056	6734
4514417	1877833	6682
3699744	1957761	6734
1095366	3555207	6711
2574764	284103	6747
4514417	2879462	6682
3699744	4486944	6734
1095366	2335877	6711
1095366	2555416	6711
2531393	818192	6747
2574764	3785986	6747
1095366	3828669	6711
1095366	2849615	6711
1095366	4654906	6711
3503116	439740	6750
3699744	2428081	6734
1095366	738054	6711
3699744	4484273	6734
284029	3223970	6753
4514417	4127712	6682
1095366	480450	6711
439740	1865312	7446
3699744	4491697	6734
439740	1418926	6747
3699744	2023550	6734
1095366	4495959	6711
1476525	439740	6750
1095366	1934461	6711
3359586	90979	6714
1095366	1927855	6711
439740	1455829	6747
1221787	4155917	6714
1095366	4266153	6711
4514417	4450064	6682
1095366	2281931	6711
3699744	2436737	6734
1282386	2574764	6750
4514417	2845854	6682
3879986	1275829	6714
3699744	2246634	6734
2082599	2366400	6750
1095366	2821047	6711
1095366	3821095	6693
1432700	4611145	6748
4069833	439740	6750
1095366	3399751	6711
1095366	383757	6711
3699744	3594640	6734
3699744	4095095	6734
1095366	664821	6711
3699744	21845	6734
3699744	2612223	6734
1594319	439740	6750
3699744	1946033	6734
3699744	27212	6734
4514417	157232	6682
2104295	439740	6750
1095366	181630	6723
4019471	439740	6750
4514417	4079408	6682
3050276	3861646	6693
1095366	4358820	6711
2366400	305445	6747
439740	475435	6747
3699744	988189	6734
3699744	3739825	6734
3699744	2426984	6734
3699744	2933151	6734
1095366	1062968	6711
1095366	4653791	6711
1598029	913105	6756
3699744	3252018	6734
1095366	2617424	6722
3699744	2215347	6734
2318664	439740	6750
3699744	4320222	6734
1095366	882705	6711
3699744	2051514	6734
1631165	2366400	6750
301288	2140305	6693
3699744	3479145	6734
3723234	1275829	6714
2366400	1991965	6747
1095366	3455454	6711
3699744	1780212	6734
3687797	439740	6750
1095366	2348565	6711
4514417	1890105	6682
3050276	1182689	6693
3699744	1709080	6734
439740	3651518	6747
3699744	1364464	6734
1095366	2891531	6711
2700130	1095366	6739
763141	1275829	6714
127793	2574764	6750
439740	446465	6747
439740	4582000	6747
1135536	439740	6750
3261391	439740	6750
1328530	500835	6748
1095366	3982249	6711
4514417	1649017	6682
3699744	2005565	6734
4514417	3282892	6682
3699744	3774585	6734
111322	2241901	6752
1095366	1636785	6711
670165	3617430	6747
3699744	4617734	6734
4514417	1343154	6682
307598	4559835	6748
3699744	376512	6734
1095366	1010110	6711
2982991	1385086	6708
1024629	2859029	6961
3699744	2310181	6734
3699744	1275786	6734
1095366	1254957	6711
3699744	4156167	6734
3699744	4315135	6734
42899	1095366	6739
1095366	4125304	6711
4514417	4067930	6682
1095366	45419	6711
8186	1581658	6756
930106	439740	6750
4514417	397652	6682
4435729	3295664	6758
301288	2895265	6693
1095366	2363689	6711
1095366	1190874	6711
1095366	2887056	6711
4514417	2145016	6682
1095366	4531455	6711
3480022	2366400	6750
4428950	2574764	6750
1095366	1663596	6711
4514417	2853685	6682
1095366	77289	6693
1095366	1238569	6711
3699744	333415	6734
3699744	1119086	6734
2289834	450320	6752
1095366	1152121	6711
1095366	1691419	6711
439740	1770166	6747
1803579	3723642	6756
3515944	3442308	6747
1675892	1095366	6777
439740	872648	6747
2729052	4164890	6755
3075619	3280858	6755
4190407	3939687	6755
3050276	614498	6693
1095366	3811244	6711
1095366	3743036	6711
3699744	1762047	6734
1095366	77341	6711
4514417	2760690	6682
3699744	4259375	6734
212674	3104640	7098
3050276	3987835	6693
3219498	2366400	6750
1979298	2366400	6750
3699744	2161686	6734
4514417	3366458	6682
3699744	2536762	6734
3699744	714716	6734
318123	1095366	6694
1095366	2767495	6711
1095366	3118192	6722
1095366	4125755	6711
1095366	3860282	6711
1095366	3049765	6711
1095366	1256378	6711
439740	1509113	6747
1095366	1335460	6711
439740	925381	6747
1095366	3853953	6711
3457283	439740	6750
3699744	3552900	6734
1095366	4050568	6711
1095366	1242141	6711
4514417	1242276	6682
4514417	2063419	6682
3050276	293992	6693
4514417	2919474	6682
3699744	2792130	6734
3050276	763141	6693
3631050	3515944	6750
485633	1027510	6756
3699744	3714027	6734
3699744	4654412	6734
2539768	439740	6750
3699744	1154259	6734
3699744	3224303	6734
1095366	368844	6711
1095366	3843322	6711
1095366	2027839	6711
2763565	3549899	6753
4514417	36255	6682
4514417	700125	6682
1095366	4014868	6711
3699744	339028	6734
853046	1095366	6916
1095366	1859907	6711
439740	3662142	6747
1095366	4120151	6711
3699744	109669	6734
1095366	2191248	6722
1753501	2574764	6750
3549899	3964641	6755
3515944	4541799	6747
4514417	2156770	6682
3699744	451535	6734
1095366	602458	6711
4304354	525649	6714
2366400	1942	6747
1095366	1562578	6711
3699744	2503586	6734
3699744	3793511	6734
1095366	4182691	6711
439740	2480212	6747
4514417	2260276	6682
1095366	4618451	6711
4514417	2867953	6682
3699744	1014641	6734
3699744	4471233	6734
3699744	1079126	6734
3699744	3047052	6734
439740	3700985	6747
3699744	2102021	6734
3050276	1569110	6693
1501136	439740	6750
3699744	3846806	6734
2613377	2492936	6747
4514417	4654661	6682
3374625	298279	6749
439740	1348161	6751
3599444	439740	6750
4514417	1619509	6682
4514417	1395874	6682
2574764	1346591	6747
2574764	2594734	6747
3699744	2429650	6734
1555039	4595851	6749
2174725	1778248	6756
3699744	2479557	6734
3897627	1596879	7116
1095366	1567079	6711
4010913	439740	6750
3121559	439740	6750
1084810	3939687	6755
3699744	4049879	6734
1095366	2544673	6711
3699744	564776	6734
3699744	1192785	6734
3699744	4120834	6734
1095366	996009	6711
4514417	87602	6682
1095366	3901269	6711
4249059	3939687	6755
3050276	3186219	6693
3699744	1210804	6734
4514417	4205668	6682
3699744	2700099	6734
2519970	4151352	6708
439740	1936586	6747
1095366	2610428	6711
2104295	1469409	6753
1095366	4625774	6711
1095366	2875814	6711
1095366	4376296	6711
1095366	4077617	6711
3699744	1719119	6734
2308956	1025422	6748
19318	439740	6750
3699744	1113339	6734
2366400	949480	6747
1095366	4469601	6711
1095366	2119148	6711
439740	3342352	6747
633247	4537793	6748
3050276	2357768	6693
3699744	3426020	6734
3515944	2705023	6747
4514417	3430199	6682
3699744	2327736	6734
4645705	2574764	6750
117875	2506307	6714
4514417	3414705	6682
3699744	2104914	6734
1095366	2793711	6711
439740	2171373	6747
3699744	979170	6734
1095366	2465364	6711
2366400	3480022	6747
3699744	2034482	6734
1095366	258785	6722
4476651	439740	6750
3699744	1193874	6734
2366400	1182689	6747
2848388	3040754	6707
3515944	3549899	6747
2308056	1688262	6756
4445398	439740	6750
1095366	4133681	6711
4514417	3092523	6682
2366400	3448374	6747
1095366	594989	6711
4514417	2379988	6682
3699744	2458324	6734
4514417	3402304	6682
1095366	3353998	6711
853046	1095366	6739
1095366	1235485	6711
3699744	131879	6734
4514417	3706419	6682
4514417	1150817	6682
3361261	3515944	6750
1095366	3425346	6711
3939687	3828375	6753
439740	4213913	6747
1095366	3304918	6711
1095366	2576515	6711
3699744	317597	6734
478478	2948885	6756
1095366	4212037	6711
1095366	4449518	6711
3699744	471000	6734
1095366	907661	6711
439740	1536907	6747
3699744	1359990	6734
2848388	3448374	6708
3699744	233251	6734
2832092	3373654	6748
2366400	3762635	6747
1095366	1578345	6711
3699744	4352014	6734
1095366	1960073	6711
3964641	3639499	6755
301288	4476651	6693
3273097	1088329	6824
1095366	562171	6711
3699744	3529538	6734
1095366	78459	6711
3050276	4445398	6693
1095366	2967136	6711
3342352	439740	6750
1095366	2336690	6711
1095366	3461406	6711
3699744	4327290	6734
1095366	620337	6711
1095366	2339973	6711
3050276	437158	6693
4514417	1214480	6682
3699744	3152801	6734
492689	3409388	6750
3699744	2979536	6734
1095366	4635182	6711
3699744	1679883	6734
1095366	705707	6711
3699744	3679474	6734
4514417	935713	6682
1095366	4567759	6711
774656	1320273	6748
2087487	4614556	6714
1745636	2574764	6750
1095366	1192785	6711
3798808	2366400	6750
3050276	1681921	6693
3699744	936569	6734
3699744	1633722	6734
4514417	1650806	6682
3699744	4525717	6734
2574764	3432683	6747
1095366	2436737	6711
4595851	1336609	6819
3969985	1594319	6752
3699744	1391750	6734
4514417	656570	6682
4514417	1060803	6682
1095366	4419102	6711
3699744	4007856	6734
1095366	1486606	6711
1095366	91332	6711
543102	2574764	6750
439740	3911963	6751
4514417	2221249	6682
2850627	308305	6756
933260	4160359	6750
1095366	226013	6711
3701712	2119988	6714
1095366	3255789	6722
1095366	95930	6711
3699744	396929	6734
1095366	2269625	6711
2366400	2140305	6747
1044241	439740	6750
4514417	635957	6682
4514417	308305	6682
2574764	3165535	6747
4010913	2149412	6748
439740	3631006	6747
4514417	4476651	6682
3699744	2032935	6734
1095366	2327957	6711
1095366	2933151	6711
1095366	2714417	6711
3699744	4391898	6734
3699744	579951	6734
1095366	1152858	6711
1095366	672096	6711
3699744	3999998	6734
2574764	2580431	6747
2574764	2952107	6747
3699744	1060404	6734
902505	1095366	6739
3107200	439740	6750
2712745	2594414	6748
2585051	2531393	6750
2865921	439740	6750
4514417	4065985	6682
1095366	1750476	6711
3699744	3615631	6734
3699744	3860282	6734
2473071	4595851	6749
439740	3805459	6751
4217064	439740	6750
2240857	439740	6750
4263649	439740	6750
1060803	439740	6750
1028727	439740	6750
1095366	2740659	6711
12600	1095366	6932
1095366	909290	6711
3699744	914879	6734
3699744	1219496	6734
667483	3701712	6748
1095366	443761	6711
3699744	4258048	6734
4514417	3617430	6682
3699744	3113325	6734
1596879	2795552	7195
2366400	680665	6747
4514417	458376	6682
913105	1598029	6748
3699744	4497782	6734
1294703	439740	6750
670165	1242276	6747
1800981	3092523	7132
4514417	535181	6682
4514417	3023131	6682
2366400	1561547	6747
1095366	3841014	6711
3699744	1803269	6734
1095366	867920	6711
4514417	84652	6682
3699744	596825	6734
2574764	3403690	6747
4514417	1399286	6682
1095366	644606	6711
1095366	1091309	6711
2730434	1068548	6752
439740	3320467	6751
3050276	8186	6693
1095366	2935642	6711
3699744	4249707	6734
1095366	3150866	6711
3699744	643458	6734
3699744	3761690	6734
3699744	4581893	6734
1095366	3966331	6722
3699744	1316030	6734
1095366	4525717	6711
413310	523275	6714
1095366	3790154	6711
439740	3655728	6747
2269625	1095366	6739
348409	2366400	6750
3699744	3992194	6734
495577	4360296	6756
483341	3515944	6750
1095366	3350218	6711
1095366	3402771	6711
4468499	1095366	6739
3050276	2104295	6693
3699744	762566	6734
1095366	3137931	6711
1095366	133052	6711
2867599	3249323	6748
680665	2366400	6750
3699744	2478994	6734
3482528	2604769	6752
3770071	3347592	6750
1095366	3052727	6711
1095366	2003949	6711
2928237	4413527	6756
3699744	4007992	6734
3699744	3283926	6734
3699744	2185094	6734
370391	439740	6750
3050276	549816	6693
3699744	293121	6734
2366400	793911	6747
3261391	2366400	6750
3699744	3642448	6734
1095366	3525013	6711
3699744	1691419	6734
3699744	621712	6734
1095366	626564	6711
4514417	1378311	6682
4514417	2684947	6682
1095366	902505	6722
3699744	662052	6734
1095366	3217693	6711
439740	2978005	6747
1095366	1286100	6711
549816	3970798	6756
4590758	2865921	6747
2647045	2574764	6750
1095366	3922167	6711
3699744	207986	6734
1095366	4387795	6711
1095366	4008014	6711
1095366	3956442	6711
2092996	1099427	6804
3995000	3158340	6748
3699744	4345826	6734
3699744	1772211	6734
3699744	1986797	6734
4514417	437778	6682
1095366	988189	6711
3699744	3453259	6734
2519970	4280580	6708
1095366	4155917	6700
1095366	3196540	6711
3699744	3764099	6734
3409388	774656	6747
1095366	1764097	6711
4514417	71417	6682
3505647	3630428	6693
1385086	2982991	6714
3699744	1719971	6734
3699744	145556	6734
3699744	1708916	6734
3050276	824950	6693
1095366	2403464	6711
876817	439740	6750
3699744	4269620	6734
3289502	439740	6750
1469409	2104295	6755
1095366	1896940	6711
4514417	4016391	6682
1095366	3404999	6711
3699744	2308249	6734
439740	1999236	6728
1095366	3956615	6711
1088670	1060803	6693
4136771	2859029	6842
3699744	2289294	6734
3295664	439740	6750
3699744	1978594	6734
3699744	725331	6734
3699744	1138418	6734
439740	2784082	6747
4514417	4259812	6682
1095366	3428833	6693
3040754	720573	6889
2366400	4564297	6747
1095366	2355133	6711
883512	439740	6750
3050276	4472101	6693
674069	3893158	6756
3699744	386358	6734
3515944	2907641	6747
1095366	2074202	6711
439740	1877622	6747
3118192	1095366	6739
3091492	2441589	6756
627531	1095366	8389
1095366	306670	6711
3699744	4380150	6734
3699744	1241127	6734
1095366	4271490	6711
439740	4427838	6747
3699744	4204410	6734
1095366	3252018	6711
3699744	3930627	6734
1095366	211669	6711
3630428	3347592	6750
3699744	2211521	6734
3340319	3599444	6755
2952295	4068253	7458
3699744	959976	6734
1095366	2843030	6711
3903410	439740	6750
1095366	2115203	6722
3699744	4083603	6734
2366400	3652528	6747
3699744	412345	6734
3699744	4567759	6734
2366400	611777	6747
3699744	2909509	6734
883503	439740	6750
3699744	1774563	6734
3050276	1886062	6693
1095366	426076	6711
3699744	930541	6734
3699744	2538484	6734
3699744	484791	6734
439740	2085385	6747
4217064	3515944	6750
3699744	2209647	6734
4514417	3039408	6682
2366400	1877622	6747
4514417	4514673	6682
3699744	4368880	6734
439740	2344017	6747
4514417	1268412	6682
3515944	481604	6747
3699744	156862	6734
439740	3770071	6747
1095366	1340538	6711
4514417	2563479	6682
3699744	3965433	6734
1095366	1401353	6711
439740	4502843	6747
3699744	2069413	6734
538726	1923689	7728
3699744	3273671	6734
2092996	318123	6714
1095366	1458969	6711
439740	307598	6747
1095366	318621	6711
2875370	774684	7014
1095366	3577709	6711
4599547	3569455	11315
572326	248692	6753
439740	1889269	6747
439740	2907641	6747
1506835	439740	6750
3699744	2502200	6734
4595851	77289	6819
3699744	2909363	6734
1095366	2215143	6711
3699744	576794	6734
3050276	2975115	6693
3699149	1275829	6714
439740	450320	6747
3699744	540140	6734
3824689	704667	6756
3518704	2574764	6750
358638	2366400	6750
550695	2574764	6750
4514417	774684	6682
3699744	2277754	6734
4514417	2795520	6682
3699744	882705	6734
1095366	637370	6711
2422449	272662	6794
2574764	2194289	6747
1095366	1528907	6711
773326	2574764	6750
1095366	2085783	6711
439740	2802542	6728
4514417	4221570	6682
4514417	4549088	6682
3040754	3515944	6750
3050276	892322	6693
3699744	3212548	6734
4514417	4201626	6682
2366400	3699149	6747
439740	4171481	6751
1095366	296980	6693
4514417	1267475	6682
439740	4016391	6747
439740	911762	6751
1095366	586626	6711
1095366	1335926	6711
58886	1095366	6739
1095366	3599432	6711
3699744	3704494	6734
1095366	3559	6711
774684	3273097	6820
1095366	2033230	6711
2308863	2574764	7997
3699744	4022987	6734
3699744	1982852	6734
3699744	4371113	6734
4079408	3715801	6756
1095366	1754923	6722
1095366	2821502	6711
439740	1825300	6747
3699744	2054708	6734
707890	439740	6750
1095366	2279189	6711
4514417	1902605	6682
3599444	4041410	6753
1095366	698017	6711
3699744	2881662	6734
1095366	2157048	6711
4514417	2328171	6682
1095366	1502819	6711
3699744	2566869	6734
4514417	1536907	6682
1095366	1538191	6711
3089381	2281093	6752
1095366	1106410	6711
3699744	4133681	6734
2982991	3938862	6708
1095366	3327711	6711
1095366	4187849	6711
1095366	359949	6711
439740	4022275	6751
1095366	2847525	6711
4514417	597172	6682
3699744	3068517	6734
3699744	2894546	6734
1095366	513030	6711
1095366	2708943	6693
4150955	2574764	6750
1095366	1493292	6711
1095366	2159155	6711
1095366	1347103	6711
3699744	2666484	6734
1095366	1821924	6711
1095366	3619458	6711
1095366	1505009	6711
1095366	57770	6734
3699744	3296992	6734
3699744	2199017	6734
3699744	2466064	6734
1095366	2689984	6711
1582730	439740	6750
2848388	2911543	6708
1705852	2881715	6756
1095366	627978	6711
2366400	3040754	6747
3699744	2276948	6734
1095366	1800811	6711
3699744	731421	6734
1582730	2366400	6750
2506307	117875	6708
3699744	1833034	6734
3699744	4134530	6734
4514417	2291391	6682
2366400	3814059	6747
1095366	3519817	6711
1095366	57770	6711
1773172	1095366	6739
3699744	444764	6734
1095366	1078551	6711
4514417	1384700	6682
4514417	1135588	6682
1303046	439740	6750
3824689	439740	6750
1095366	1001649	6711
1095366	1521289	6711
3416021	439740	6750
3699744	1482717	6734
1405429	2574764	6750
1095366	61103	6711
1095366	2810627	6711
4514417	2492936	6682
2397747	3603649	6995
3699744	1911639	6734
1095366	1599285	6711
1095366	2489388	6711
3699744	4125304	6734
4514417	3266399	6682
1095366	4470020	6711
1095366	2839749	6711
2366400	456022	6747
3699744	4333265	6734
3699744	1579726	6734
3699744	2444260	6734
2397747	1596879	7116
3699744	2336932	6734
3699744	2631489	6734
633247	439740	6750
2455282	2366400	6750
3699744	427923	6734
4514417	1928428	6682
3050276	3005958	6693
3464958	1095366	6739
3699744	1517642	6734
301288	4386656	6693
439740	4445398	6747
3699744	452614	6734
3699744	2714417	6734
2191248	1095366	6739
1095366	2617424	6711
4514417	2100992	6682
4527408	3334677	6842
670165	3964641	6747
4514417	471981	6682
1095366	2641974	6722
3699744	3486181	6734
3699744	2947533	6734
3699744	2166700	6734
4117698	439740	6750
1095366	3405419	6711
4514417	1252678	6682
4327463	3939687	6755
2011871	173147	6753
3595716	439740	6750
1095366	1841705	6711
4644474	1275829	6714
1095366	1633722	6711
3699744	1005606	6734
1095366	2192895	6711
1095366	2332836	6711
4215745	3646870	6752
1095366	3477822	6712
3699744	2843030	6734
3050276	759457	6693
4514417	759457	6682
1095366	2325673	6711
439740	4423099	6728
3699744	1039729	6734
2556761	1800981	6755
1095366	2210736	6711
3699744	2201292	6734
3515944	2186450	6747
1095366	4623224	6711
439740	3334677	6747
439740	2911543	6747
3699744	92956	6734
1095366	536683	6711
4514417	3865382	6682
2323199	439740	6750
3584719	439740	6750
1095366	2893445	6722
3699744	3598655	6734
1044241	1570329	6756
1095366	43343	6711
3031826	2366400	6750
2227200	4595851	6749
3699744	1486606	6734
1095366	840523	6711
1890105	2257763	6748
3699744	4212037	6734
3050276	744244	6693
1095366	2803445	6711
1095366	2678362	6711
1095366	1490548	6711
1095366	1167912	6711
3699744	3272395	6734
1095366	1901109	6686
3549899	670165	6750
439740	3035357	6747
499375	439740	6750
439740	2629564	6747
4081762	2366400	6750
3711029	1095366	6739
1095366	2059506	6711
3699744	979330	6734
3699744	1310485	6734
1095366	4385401	6711
3699744	434006	6734
4514417	3893158	6682
454969	1311732	6756
3699744	224230	6734
1095366	3637007	6711
1095366	2135844	6711
1095366	3212548	6711
2171373	439740	6750
720573	1182689	6842
1095366	283367	6711
3699744	2192895	6734
1095366	3769863	6723
3699744	3719364	6734
439740	3926181	6747
439740	3161773	6728
1095366	3940721	6711
3984490	4595851	6749
4514417	4600192	6682
2366400	3381563	6747
1095366	2645887	6711
2809173	623846	6819
1095366	2408344	6711
1095366	4188257	6722
1465621	1088670	6714
3699744	2210736	6734
2598236	439740	6750
4514417	2629564	6682
2574764	2045760	6747
4514417	538900	6682
3699744	3555207	6734
3699744	2832363	6734
1095366	2616274	6711
4514417	2149412	6682
1095366	714026	6711
1095366	2209647	6711
1095366	2990217	6711
970449	439740	6750
4514417	3107200	6682
3699744	1812962	6734
3699744	3587385	6734
1968020	439740	6750
1095366	4125543	6711
4514417	3584719	6682
1095366	1053875	6711
1095366	3018124	6711
4024311	4600293	6756
3699744	3095997	6734
2366400	1593563	6747
1095366	339056	6711
3699744	2776949	6734
1095366	3635720	6711
1095366	627418	6711
4127712	194472	6748
4514417	4597295	6682
3310617	1252678	6753
3515944	3480022	6747
2366400	1420835	6747
4514417	3945162	6682
1197710	3310617	6755
3699744	2072981	6734
439740	3631050	6747
1095366	4511693	6711
439740	3963672	6747
2260276	1150817	6753
1095366	673998	6711
3699744	77341	6734
4514417	3442897	6682
4514417	1800981	6682
3699744	3221093	6734
439740	1853755	6747
4514417	3926181	6682
1705609	439740	6750
1095366	2153747	6711
841764	439740	6750
3699744	1250120	6734
1846617	4445398	6756
4514417	1552068	6682
837647	2366400	6750
1095366	2327853	6711
1095366	2639182	6711
4514417	2626063	6682
744244	439740	6750
3939687	2221249	6753
3050276	3814059	6693
1095366	985454	6711
3035357	3347592	6750
3699744	2847360	6734
3699744	988513	6734
3699744	3009092	6734
3699744	2391234	6734
1095366	800533	6711
3699744	1725064	6734
439740	3063274	6747
3515944	3879986	6747
235918	439740	6750
1095366	2269625	6722
1095366	1232667	6711
439740	3893086	6751
3699744	465832	6734
439740	3121559	6747
3050276	2536419	6693
1552068	478478	6756
4514417	4365683	6682
1095366	2397413	6711
3699744	3461047	6734
4514417	4454486	6682
346848	439740	6750
3050276	61746	6693
1095366	2015905	6711
4514417	3871720	6682
4514417	1157240	6682
3699744	1182873	6734
1095366	1526284	6711
3699744	3419345	6734
3699744	249630	6734
3699744	828032	6734
1483048	2574764	6750
3699744	476716	6734
3699744	3765143	6734
3699744	351695	6734
3699744	133571	6734
4514417	500835	6682
4023279	2574764	6750
1095366	1725064	6711
1095366	956700	6711
1095366	4277782	6711
3699744	2750759	6734
4514417	2533795	6682
331735	1853755	6752
2919220	894722	6735
1518041	4595851	6749
2366400	3735965	6747
3699744	4450695	6734
1095366	4095231	6711
3699744	1206380	6734
4654661	2574764	6750
439740	3114198	6747
3515944	3720045	6747
1095366	34324	6711
3699744	1527713	6734
1095366	3682056	6711
4514417	3325627	6682
72854	3824689	6756
3699744	538940	6734
4514417	1561547	6682
439740	629838	6747
3699744	2846012	6734
3699744	1118440	6734
3699744	43343	6734
1095366	2291152	6711
1275829	495577	6708
1877622	3092523	7132
2149412	4010913	6756
3699744	4586962	6734
4514417	4645705	6682
3700985	3823267	6753
1095366	945726	6711
3699744	457528	6734
3699744	876570	6734
3699744	2015068	6734
439740	1638411	6747
2982991	213470	6708
3699744	1732094	6734
3699744	2380659	6734
1924356	439740	6750
3505647	3935909	6693
4374185	3515944	6750
4514417	456022	6682
4514417	2767515	6682
1095366	3121109	6711
2063419	2366400	6750
1095366	4376951	6711
1095366	3461047	6711
439740	2890013	6747
3720045	3515944	6750
4514417	3347222	6682
439740	3798808	6747
3699744	4410533	6734
3515944	622951	6747
1275829	1840691	6708
3699744	3659996	6734
1095366	227556	6711
1095366	952633	6711
3699744	2784298	6734
4514417	3560916	6682
3699744	2176763	6767
1515610	1095366	6694
4514417	282362	6682
3664887	2366400	6750
3699744	584608	6734
1095366	2858208	6711
3363943	1095366	6739
4514417	4264793	6682
444454	3549899	6755
4595851	1488024	6819
413310	439740	6750
439740	3507997	6728
1095366	4518690	6711
439740	1991965	6747
3050276	2358197	6693
3219811	4160359	6750
1596879	1690735	7195
439740	3482528	6751
910820	439740	6750
3050276	702605	6693
301288	1284507	6693
4514417	2867194	6682
4514417	3399843	6682
1275829	4599547	6708
3699744	1072910	6734
3699744	1817158	6734
3699744	4155322	6734
3699744	1181485	6734
3699744	2977477	6734
1095366	3158520	6711
3699744	3247542	6734
1095366	1367582	6711
439740	481604	6747
4514417	431994	6682
3505647	186054	6693
4514417	2722317	6682
1095366	47266	6711
3699744	2700130	6734
635957	2574764	6750
439740	145938	6747
2538954	2344017	6756
3699744	3711512	6734
3699744	2650165	6734
1267475	439740	6750
439740	543548	6747
1073236	1095366	6739
1956033	102970	6748
3050276	145938	6693
3699744	2284272	6734
3515944	3617430	6747
3699744	2871962	6734
2174725	2366400	6750
4514417	4158563	6682
3699744	2712059	6734
3699744	198076	6734
4514417	3903410	6682
4514417	1076910	6682
3223970	3421150	6755
4514417	61746	6682
439740	2421710	6747
439740	360369	6747
4514417	3235309	6682
1095366	566816	6722
2497057	3409388	6750
439740	305576	6747
4514417	446465	6682
4514417	887652	6682
1095366	876570	6711
1420835	2366400	6750
3374625	3437999	7635
3699744	3482832	6734
1095366	2238256	6711
498779	439740	6750
3699744	1439771	6734
131553	2982991	6714
2366400	3617430	6747
4002267	2598236	6747
3088096	4002267	6750
2848388	3601564	6708
4514417	2081438	6682
4514417	19318	6682
4427838	2366400	6750
3699744	516878	6734
1095366	2927071	6711
3652528	439740	6750
3926181	3515944	6750
3699744	952633	6734
4514417	4175768	6682
1095366	3993249	6711
3699744	2685909	6734
301288	883503	6693
3050276	2784082	6693
4514417	4006187	6682
3699744	692812	6734
3699744	1418059	6734
2539768	2366400	6750
4514417	443435	6682
3664887	439740	6750
3699744	2312389	6734
3700985	439740	6750
1095366	3444099	6711
3939687	4057927	6753
1095366	3216655	6711
1095366	534246	6693
3699744	1285602	6734
4514417	1897293	6682
516255	1923689	7662
3699744	4376296	6734
1095366	2857149	6711
3050276	1712571	6693
1095366	3863834	6711
3699744	62687	6734
4514417	2702018	6682
3699744	2462039	6734
4514417	2994701	6682
4514417	3442308	6682
1095366	3530596	6711
3699744	4061395	6734
301288	3275303	6693
3699744	3726204	6734
1095366	4333265	6711
1095366	823852	6711
2431197	439740	6750
2895265	439740	6750
1095366	1719901	6711
1447221	3515944	6750
3699744	3310184	6734
1095366	869272	6711
439740	2368981	6747
1095366	1330949	6711
3050276	983306	6693
4514417	3362772	6682
1095366	2291177	6711
4590758	2921692	6747
1095366	1946245	6711
3699744	2114032	6734
2017762	3515944	6750
3699744	2015905	6734
3699744	799442	6734
3699744	4100920	6734
3381563	439740	6750
3699744	1616678	6734
3699744	3365181	6734
1095366	2193783	6711
744244	1275829	6714
4514417	2583026	6682
4205668	2262683	7132
495577	439740	6750
4514417	1688262	6682
3601564	3515944	6750
2919220	3964641	6735
2848388	1178416	6708
1095366	2906183	6723
1095366	747775	6711
1978743	1877622	6748
4514417	1469409	6682
2675890	499375	6693
2366400	2506146	6747
3314207	700125	6756
1095366	1861331	6711
3830259	2574764	6750
670165	4162373	6747
3699744	3764703	6734
2828993	2536419	6756
4280580	2519970	6714
2500415	3939687	6755
774684	439740	6750
3699744	1969771	6734
1244154	439740	6750
4514417	1455829	6682
2408920	2574764	6750
439740	735122	6747
2978005	439740	6750
2574764	773326	6747
2865921	3788176	6818
3699744	4111515	6734
3314207	3515944	6750
1095366	1461890	6711
3699744	2005488	6734
1095366	2414683	6711
4514417	707890	6682
1095366	4042906	6711
1221787	439740	6750
2291391	3515944	6750
3699744	4077473	6734
1088670	2943674	6693
3699744	2935642	6734
3699744	2862894	6734
839229	2574764	6750
3342352	2366400	6750
3699744	1730510	6734
1273900	674069	6747
439740	3693803	6747
1095366	1616678	6711
4514417	3847082	6682
3699744	4237562	6734
3699744	1822009	6734
3521545	439740	6750
3699744	2893445	6734
1095366	4457709	6693
1095366	2512270	6711
1095366	2773877	6711
3699744	4410949	6734
439740	4135636	6747
4514417	4202428	6682
1095366	3791612	6711
3701712	439740	6750
1095366	902505	6711
3699744	2988964	6734
3699744	4191835	6734
3158340	2366400	6750
1095366	3788176	6711
3549899	248692	6753
442542	2574764	6750
3021527	1095366	6739
4514417	4443135	6682
3699744	656373	6734
439740	959589	6728
3699744	1628927	6734
439740	3554056	6747
3699744	3769863	6734
3050276	3889574	6693
3699744	2555416	6734
1095366	1291952	6711
1095366	656373	6711
3699744	978319	6734
4514417	4066290	6682
3699744	4106038	6734
1781003	1627248	6752
1095366	2700099	6711
1095366	1892065	6711
1095366	3930627	6711
4514417	1735956	6682
3699744	2721276	6734
1095366	540140	6711
1099427	3104640	6791
3050276	1027510	6693
3699744	2088568	6734
3699744	32836	6734
4514417	2308056	6682
674069	1273900	6750
4573726	1596879	7116
3699744	52901	6734
1095366	4399693	6711
4514417	4582000	6682
1095366	1219496	6711
2221335	2531393	6750
3699744	1569801	6734
1095366	1635088	6711
3050276	3979806	6693
1095366	1005606	6711
439740	3480022	6747
2988965	3964641	6753
1095366	3081401	6711
4514417	1952797	6682
3699744	307910	6734
1095366	3636600	6711
1095366	2217492	6711
3699744	4623391	6734
3612535	2104295	6755
4245727	538726	6838
1095366	4358068	6711
3699744	1927636	6734
318123	2092996	6708
4514417	4445398	6682
3699744	1877447	6734
2775637	2366400	6750
3699744	4496384	6734
3699744	3900037	6734
439740	4052763	6747
3699744	864887	6734
3699744	1107398	6734
439740	646410	6747
3050276	3261391	6693
1095366	4182169	6712
439740	1800981	6747
1459370	3699744	7248
3699744	426076	6734
1095366	2634430	6711
3699744	1052782	6734
3733096	4595851	6749
4514417	1845451	6682
3699744	3600855	6734
4514417	1931493	6682
2784082	439740	6750
3699744	3655955	6734
4514417	2913158	6682
1095366	1001833	6722
3651518	2366400	6750
3050276	876048	6693
1095366	392955	6711
3699744	1902663	6734
1095366	632677	6711
3699744	2403464	6734
3699744	2713700	6734
439740	2775637	6747
1931493	750512	6756
439740	930106	6747
3699744	2238354	6734
3865382	439740	6750
3699744	3443080	6734
3186219	439740	6750
1095366	3277473	6711
1095366	2734472	6711
3699744	1889130	6734
1095366	756901	6711
301288	4582000	6693
4514417	2017762	6682
3966331	1095366	6916
1095366	4512086	6715
3699744	594989	6734
3699744	2160188	6734
4514417	1070926	6682
1561547	439740	6750
2621428	1095366	7685
3699744	1750444	6734
2574764	2230748	6747
439740	759457	6747
3699744	3278501	6734
1368498	1478775	6748
4514417	3221141	6682
1095366	2005565	6722
4022275	3599444	6752
1095366	979330	6711
4514417	2638109	6682
3699744	3601811	6734
1095366	4491792	6711
4183795	1596879	7116
1095366	3119764	6711
4514417	717368	6682
1095366	2597321	6711
1095366	2072981	6711
3699744	3871036	6734
1095366	2766361	6711
1877622	439740	6750
1735956	2441589	6748
284103	2574764	6750
4603435	4595851	6749
1095366	3827974	6711
1095366	1022032	6711
439740	4611145	6747
1095366	3659280	6711
1095366	2282436	6711
439740	3158214	6747
4514417	51277	6682
1095366	154127	6711
4514417	127793	6682
3699744	2851677	6734
376290	1865312	6750
3699744	1764645	6734
2574764	1745636	6747
2832092	3515944	6750
4514417	4367475	6682
1095366	2196006	6722
2140305	439740	6750
1095366	1111512	6711
1095366	4253535	6711
348595	4454486	6752
1865312	187058	6747
3699744	1525145	6734
4514417	1618466	6682
3699744	448276	6734
3409388	595517	6747
4514417	704667	6682
4514417	1346591	6682
1095366	2880743	6711
1095366	2941089	6711
1095366	148034	6711
3866469	439740	6750
3347592	3723642	6747
3699744	2457834	6734
3699744	2605233	6734
2574764	2540122	6747
3699744	875364	6734
1924356	4002267	6750
2408344	1095366	6739
3699744	3950124	6734
949115	439740	6750
3050276	774656	6693
2533795	2613377	6750
4514417	213470	6682
4514417	1877622	6682
3699744	1896652	6775
3699744	1901942	6734
1095366	3504178	6711
3699744	4247748	6734
481604	439740	6750
3699744	3860949	6734
1095366	433529	6711
1095366	1200332	6711
2309235	4222556	6748
439740	3040754	6747
1095366	2605275	6711
3699744	391359	6734
633247	3409388	6750
1311732	439740	6750
1095366	250309	6711
1095366	4629129	6711
3699744	1334752	6734
439740	4454486	6747
3699744	2796264	6734
3515944	2357768	6747
3515944	145938	6747
2257763	1275829	6714
3699744	2517965	6734
2541581	439740	6750
1095366	1457861	6722
1901109	1561547	6881
3363181	439740	6750
255793	292430	7852
670165	4599547	6747
439740	4304354	6747
439740	3582107	6747
1095366	2435913	6711
971695	1095366	6739
4514417	722009	6682
2366400	1667680	6747
3699744	3263660	6734
1095366	3602455	6711
1095366	945726	6722
1095366	147183	6711
3699744	907661	6734
4514417	1770166	6682
1095366	3194191	6711
3964641	1275829	6714
1095366	2557440	6711
1095366	536616	6711
3477822	2161114	6754
1095366	1884352	6711
1095366	4405861	6711
301288	4284454	6693
3347592	4010913	6747
1095366	936569	6711
3699744	2645887	6734
4514417	236011	6682
1095366	1621138	6711
949480	2366400	6750
2574764	1483048	6747
4413527	3515944	6750
1095366	4155322	6711
2366400	764661	6747
1095366	3131128	6711
3699744	4065552	6734
3699744	3158520	6734
4514417	4202103	6682
3699744	390232	6734
720573	1902605	6842
306655	439740	6750
2879462	2574764	6750
1095366	1521289	6722
3699744	4471005	6734
1900299	1095366	6739
1095366	580929	6711
3699744	1707693	6734
711141	2574764	6750
4165087	2366400	6750
3699744	2557440	6734
1095366	1614542	6711
1095366	1719971	6711
3699744	3811244	6734
3699744	2270119	6734
3699744	4655825	6734
3735965	439740	6750
2051812	3515944	6750
3699744	2782109	6734
1095366	3810442	6711
3699744	2671743	6734
4514417	209801	6682
1095366	3486399	6711
3699744	4635182	6734
3361261	439740	6750
3699744	1769748	6734
2801540	2823828	6900
4514417	3065405	6682
4514417	2459838	6682
3515944	3334998	6747
4514417	1244154	6682
1095366	544763	6711
4160359	3723642	6747
3699744	996009	6734
4514417	2556761	6682
3699744	1058589	6734
3699744	2331362	6734
1095366	3335898	6711
1095366	914879	6711
1095366	3751162	6711
1095366	471000	6711
2480212	2366400	6750
1095366	3793511	6711
439740	4215745	6751
439740	3363181	6747
439740	87602	6747
3699744	3893566	6734
2366400	2539768	6747
1095366	1688985	6722
3699744	3932652	6734
3065546	2011871	6755
1095366	662074	6711
439740	2557326	6728
1095366	3254926	6711
439740	3720045	6747
1095366	502238	6711
439740	4070086	6747
3050276	305576	6693
439740	2839106	6747
3699744	2056701	6734
3515944	2045760	6747
3699744	383757	6734
3699744	698017	6734
1095366	3439270	6711
1095366	1331816	6711
1095366	4603435	6693
1095366	3429130	6711
4514417	1742414	6682
4081540	3515944	6750
3699744	2857149	6734
3515944	1598029	6747
1095366	2402280	6711
1598029	2366400	6750
3699744	29511	6734
1095366	4235508	6711
426056	3515944	6750
3699744	2864542	6734
3334998	439740	6750
1275829	4413527	6708
1095366	476716	6711
4514417	187058	6682
2574764	1426651	6747
3699744	1284922	6734
3699744	1645163	6734
1095366	3279628	6711
1095366	3262161	6711
3699744	3980132	6734
3662142	439740	6750
1095366	1577624	6722
3699744	3245386	6734
3699744	4616978	6734
1095366	1332505	6711
2574764	2970102	6747
614498	2056529	6748
1095366	3852139	6711
1095366	2287752	6711
512516	4425336	6756
1718671	3549899	6753
3699744	1993382	6734
3699744	2725009	6734
3699744	1887896	6734
2357768	4160359	6750
1095366	1866976	6711
3699744	2744265	6734
627531	1095366	6932
4514417	4213913	6682
1095366	2721474	6711
4114873	2879603	6756
1483429	439740	6750
3050276	2857200	6693
1095366	4199015	6711
1095366	1750649	6711
1095366	2959403	6711
3699744	2678425	6734
4514417	3294694	6682
3699744	3740743	6734
1593563	2366400	6750
3699744	685663	6734
4518842	2762664	6752
1095366	4111515	6711
4514417	2508872	6682
3699744	2446448	6734
439740	3970599	6747
1368498	439740	6750
3699744	3002573	6734
1095366	4120834	6711
1095366	1193874	6711
3050276	3448374	6693
1095366	2704371	6711
1095366	1222714	6722
439740	1681921	6747
1095366	2701766	6693
1800981	2366400	6750
1088670	3884348	6693
2675890	1311732	6693
2617424	1095366	6739
45555	2729052	6753
3699744	857537	6734
1095366	35165	6711
439740	774842	6728
3050276	480860	6693
1095366	1233534	6711
3347592	2186450	6747
1095366	1431804	6711
3699744	2307919	6734
439740	792883	6747
3699744	3870220	6734
3699744	433542	6734
2919474	1151442	6756
1095366	1621400	6711
1095366	4032373	6711
4537793	633247	6756
3699744	2131919	6734
2594414	1965724	6748
1095366	1254526	6711
3699744	564938	6734
4067930	439740	6750
3699744	4643386	6734
478478	4051592	6748
1150817	2260276	6755
1095366	861483	6711
4514417	3174013	6682
2778739	4595851	6749
1095366	287889	6711
3515944	700555	6747
4514417	1764918	6682
4514417	4044001	6682
1095366	141958	6711
4160359	899712	6747
3235309	2911543	6748
3699744	4474118	6734
2574764	3518704	6747
3699744	3828669	6734
1095366	1593511	6711
1095366	499866	6711
1095366	3293719	6711
439740	1170966	6747
439740	437158	6747
1095366	3980132	6711
3699744	3470585	6734
3699744	2941164	6734
1095366	1773172	6722
4514417	49197	6682
4514417	4116421	6682
4557664	439740	6750
4514417	1197710	6682
1095366	1769748	6711
439740	1493329	6747
4514417	2594414	6682
439740	2174725	6747
3699744	3281831	6734
1095366	1731835	6711
3699744	649880	6734
3699744	3563779	6734
2289798	439740	6750
2114032	1095366	6916
3699744	2858208	6734
4514417	633822	6682
1095366	2477255	6722
3050276	413310	6693
1384700	4160359	6750
3699744	907940	6734
4514417	1282386	6682
670165	495577	6747
443435	2366400	6750
4514417	2558012	6682
1593563	1275829	6714
3699744	4213579	6734
1095366	1963928	6711
439740	2506146	6747
439740	4171481	6728
3699744	139772	6734
1095366	1133846	6711
4514417	3373654	6682
1095366	986869	6711
1095366	2477255	6711
1095366	3134446	6711
1095366	4100920	6711
1095366	2545085	6711
3092523	1877622	7133
1095366	2631489	6711
2828181	1128382	6693
1095366	2727182	6711
4514417	3549555	6682
3050276	1420835	6693
1088670	3871720	6693
1992484	439740	6750
1095366	1669587	6711
1095366	3784254	6711
1095366	3965433	6711
3939687	1218767	6755
1095366	1488024	6693
1095366	1894616	6711
4202103	439740	6750
876048	3515944	6750
3699744	142760	6734
1095366	4094589	6711
4413527	439740	6750
1095366	108328	6711
3699744	4330916	6734
1095366	2069413	6711
3699744	2516447	6734
1095366	533654	6711
4423099	1506835	6752
1120486	439740	6750
1095366	3479762	6711
439740	1582730	6747
4514417	2408920	6682
3699744	268590	6734
3699744	1948804	6734
3699744	3143898	6734
1095366	559473	6711
4514417	1182689	6682
3699744	167128	6734
3699744	289488	6734
1095366	299282	6711
4514417	590200	6682
3699744	4447066	6734
3699744	45419	6734
439740	1465621	6747
3699744	3634880	6734
3699744	2365029	6734
1196493	1404696	6763
439740	3414414	6751
1275829	899712	6708
934670	2455282	6752
1095366	1556138	6711
3050276	3158214	6693
4514417	2104295	6682
2045760	3515944	6750
2366400	3416021	6747
301288	2762664	6693
1095366	107075	6711
641336	1095366	6739
3347592	1770166	6747
3699744	1695825	6734
3699744	3660715	6734
3699744	4322389	6734
1095366	2335624	6711
3699744	2675909	6734
1095366	3705990	6711
3050276	303670	6693
1095366	1957761	6711
3699744	1899004	6734
4514417	4068253	6682
1095366	1899004	6711
4249031	2574764	6750
3050276	3576851	6708
3673482	3970599	6752
439740	3389144	6747
439740	2318664	6747
3699744	370124	6734
3050276	3582107	6693
3420118	439740	6750
439740	1385086	6747
4514417	2403624	6682
1095366	3221157	6711
1095366	1347694	6711
1095366	3133954	6711
1095366	625173	6711
1151442	2366400	6750
1095366	1842940	6711
3378409	1095366	6739
8186	439740	6750
1095366	3021504	6711
4595851	2854907	6819
3050276	4213913	6693
1095366	1441799	6711
439740	4089121	6747
2235368	1095366	6739
3699744	2402280	6734
1095366	3493361	6711
439740	1325880	6747
1003724	439740	6750
3699744	1533780	6734
2092099	2574764	6750
3699744	3525013	6734
1493329	3515944	6750
439740	2627953	6751
3699744	3050669	6734
3699744	2470930	6734
3883802	2218330	6748
3699744	3291929	6734
3515944	1933051	6747
4650184	4595851	6749
445723	439740	6750
4514417	4069846	6682
1095366	3472440	6711
1095366	2935749	6711
1095366	971695	6711
1095366	3734130	6711
3699744	3049765	6734
1095366	1674035	6711
1095366	3503405	6711
3515944	3223970	6747
439740	2536974	6747
3699744	2459130	6734
1095366	766765	6711
439740	1060803	6747
4514417	3495860	6682
2366400	4343882	6747
4514417	2431197	6682
4514417	4304354	6682
439740	2431197	6747
3699744	2873400	6734
2308956	439740	6750
3050276	2308956	6693
495577	670165	6750
1095366	140200	6693
4514417	2874196	6682
4416082	3515944	6750
3699744	2545624	6734
2390322	2366400	6750
1095366	2034482	6711
1095366	224230	6711
1095366	1219568	6711
1095366	3992376	6711
4187443	439740	6750
4514417	128582	6682
1095366	1803269	6711
1825300	439740	6750
1095366	1130994	6711
672988	1095366	6739
2323763	439740	6750
3282892	439740	6750
1095366	3096465	6711
1095366	1258332	6711
2011871	3065546	6753
4514417	4392316	6682
439740	2224334	6751
4556430	439740	6750
1095366	2319450	6711
3223970	670165	6750
3699744	2295498	6734
3699744	4259168	6734
4514417	4153103	6682
3883802	523275	6714
1095366	1565299	6711
3699744	589453	6734
1095366	282153	6711
4514417	72854	6682
3050276	194472	6693
2257763	3515944	6750
4514417	2639452	6682
499375	2366400	6750
1095366	2047621	6711
1095366	258785	6711
3785986	2574764	6750
4514417	1467498	6682
2536419	4160359	6750
3050276	131097	6693
829467	1095366	6739
4514417	2982693	6682
3699744	4547338	6734
1281820	1936586	6752
3515944	157232	6747
1095366	3400084	6711
3699744	1290291	6734
2787432	3461982	6756
212674	439740	6750
1095366	1159624	6711
3699744	4019270	6734
1093470	439740	6750
1095366	4021723	6711
3249323	2867599	6756
2366400	837647	6747
3699744	57899	6734
439740	2620367	6747
4595851	531939	6819
3699744	1106410	6734
4514417	2509839	6682
1095366	1688112	6711
1095366	2474096	6711
439740	549816	6747
4514417	3987835	6682
2574764	2480714	6747
3699744	1593529	6734
3699744	2860982	6734
2574764	3835	6747
1095366	4655825	6711
2519970	4123584	6708
439740	3424043	6747
2512270	1095366	6739
4317500	1095366	6739
3050276	157232	6693
3699744	4563288	6734
1095366	653500	6711
3699744	2540401	6734
3699744	152613	6734
1095366	1154433	6711
1095366	4132274	6711
301288	2839106	6693
4514417	3721860	6682
3699744	2414000	6734
1095366	4131822	6711
4514417	2400172	6682
3699744	1842940	6734
4514417	4280923	6682
3050276	3219811	6693
1095366	489701	6711
1095366	1660439	6711
3050276	2082599	6693
4595851	3024369	6819
685663	4162373	6738
1095366	4242837	6711
1095366	4436185	6711
1095366	2630640	6711
4514417	3228324	6682
1095366	2886840	6711
2632731	2104295	6907
3310617	3515944	6750
1095366	2233242	6711
1095366	564938	6711
1095366	1426330	6711
1095366	3229252	6711
1095366	1945269	6711
1770166	3347592	6750
3699744	580929	6734
439740	1048105	6751
3699744	3863834	6734
3699744	3018124	6734
2450207	439740	6750
2574764	466099	6747
4514417	1964930	6682
4514417	3208196	6682
1095366	314680	6711
2366400	1978767	6747
4413527	2928237	6748
439740	3458187	6747
1095366	708761	6711
1095366	579086	6711
2947489	1095366	6694
3699744	2279189	6734
1095366	3186232	6711
1694160	2574764	6750
1275829	4222100	6708
2366400	1889269	6747
4514417	4354551	6682
1095366	4549331	6711
4514417	3892116	6682
1095366	2005565	7025
3699744	308985	6734
1095366	3988463	6711
1095366	720281	6711
3699744	1549539	6734
1095366	3562936	6711
3699744	2787437	6734
4003702	439740	6750
3699744	4618451	6734
3050276	4081540	6693
3515464	439740	6750
439740	1779427	6728
1095366	3515167	6711
3699744	2049336	6734
1290551	1596879	7116
3699744	3148940	6734
1095366	4471233	6711
1095366	1688985	6711
3699744	844310	6734
2497057	3101500	6748
4172779	439740	6744
3699744	2561468	6734
439740	1764918	6747
1095366	4315135	6711
3699744	4626175	6734
439740	2585232	6747
215691	3515944	6750
1779427	2397154	6752
439740	1182689	6747
4514417	2357768	6682
3651518	439740	6750
2574764	992301	6747
1095366	1518041	6693
3050276	3735965	6693
4137027	131097	6708
3699744	2877950	6734
255793	292430	6842
3699744	2562692	6734
4514417	410932	6682
2558012	439740	6750
4514417	4518409	6682
1095366	402388	6711
1027510	485633	6748
3582107	439740	6750
1095366	3929910	6711
3505647	1506835	6693
1095366	2156796	6711
3723234	4521137	6889
1095366	2536160	6711
3699744	1095366	6767
1095366	4275309	6711
4514417	2082599	6682
4514417	2104870	6682
1095366	828032	6711
3699744	2762035	6734
2366400	3597635	6747
1386466	439740	6750
4514417	1353274	6682
4514417	109621	6682
1800981	556523	6889
2865921	2366400	6750
1095366	2495910	6711
439740	1928428	6747
1095366	2380659	6711
439740	2241901	6747
656570	2736895	6756
2802542	3938862	6752
4461506	3515944	6750
3050276	2397154	6693
439740	4298230	6747
1095366	89640	6711
1095366	4056796	6711
4445398	1846617	6748
1095366	4615939	6711
1095366	4308032	6711
1840691	439740	6750
439740	868296	6747
1095366	92956	6711
157926	439740	6750
3699744	1036924	6734
2186450	3515944	6750
3699744	550552	6734
4514417	3938862	6682
3699744	2175088	6734
439740	3310617	6747
1095366	1460426	6711
3361261	523275	6714
3699744	432546	6734
3050276	623518	6693
3939687	3438698	6753
439740	1593563	6747
720573	3442308	6842
1095366	1221787	6693
2610428	1095366	6739
4564297	3515944	6750
3023131	2366400	6750
4514417	2917258	6682
1095366	2894546	6711
439740	3357699	6747
1095366	2502200	6711
4369819	439740	6750
2005565	1095366	6916
1095366	1715385	6711
3699744	527822	6734
439740	1124718	6747
1095366	4383616	6711
1095366	4584629	6711
3699744	2902721	6734
3699744	4277782	6734
3699744	2319178	6734
3515944	213470	6747
4514417	2770725	6682
3699744	3778138	6734
1095366	3992194	6711
301288	4461506	6693
1095366	2806114	6711
1745558	1095366	6739
2982991	3294694	6708
4245765	4595851	6749
1268412	2450207	6756
4514417	3024234	6682
2952107	2574764	6750
439740	4581818	6747
2574764	2867194	6747
3699744	267636	6734
1095366	1949171	6711
4514417	2970102	6682
1095366	4643386	6711
1095366	1079126	6711
3699744	2179898	6734
267288	439740	6750
3699744	3547380	6734
3461982	2787432	6748
1095366	1725064	6722
2574764	1262605	6747
633822	3700985	6748
4514417	3004399	6682
1095366	2181861	6711
4325316	1095366	6739
2308056	439740	6750
2911543	2848388	6714
1082401	976924	6756
4514417	4387874	6682
4514417	956223	6682
1095366	4519541	6711
555898	1095366	6739
3699744	3302052	6734
3699744	918939	6734
4514417	2707209	6682
439740	3282892	6747
445723	4169319	6748
4514417	3969415	6682
3699744	298196	6734
1095366	2277754	6711
4358750	1095366	6765
3699744	3059431	6734
1095366	3966547	6711
1095366	1947627	6711
3294694	2982991	6714
3699744	3602455	6734
4514417	445723	6682
4514417	1616622	6682
439740	1737329	6751
3699744	1322187	6734
1095366	4505714	6711
3699744	283367	6734
372068	4595851	6749
3699744	4307849	6734
3050276	3963672	6693
3699744	664821	6734
4298230	439740	6750
1095366	1780212	6711
3699744	4131822	6734
4514417	4639855	6682
1095366	286093	6711
1095366	2159706	6711
1284507	2366400	6750
3699744	3008631	6734
3699744	2325210	6734
3699744	2616274	6734
439740	3893086	6728
1866976	1095366	6739
3050276	217245	6693
3699744	318104	6734
3699744	2405072	6734
3050276	456022	6693
1095366	1427236	6711
1095366	1014641	6711
3699744	4430177	6734
439740	3503116	6747
831497	1095366	6739
3699744	2806114	6734
3318249	3939687	6755
1095366	4568590	6711
3699744	2254287	6734
1095366	4507	6711
3699744	499866	6734
1095366	1946033	6711
1095366	1908976	6711
3699744	942470	6734
4160359	3516958	6747
2924236	4595851	6749
4137027	680665	6708
1095366	968538	6711
1624322	4595851	6749
1095366	3363943	6711
2613377	3393227	6747
1095366	1894876	6711
1095366	2159983	6711
4514417	475435	6682
3699744	3635720	6734
1095366	2879189	6722
439740	56945	6747
4160359	4171543	6747
3655728	439740	6750
3699744	488464	6734
3050276	1068248	6693
1928428	439740	6750
3699744	480358	6734
4514417	8186	6682
1095366	627531	6700
3699744	2023765	6734
4306187	2240857	6756
3699744	2043405	6734
86964	439740	6750
4514417	3526286	6682
411386	2574764	6750
1095366	612869	6711
3699744	2929457	6734
3699744	1710592	6734
3050276	2871700	6693
3939687	1477593	6748
4068253	2952295	6870
4514417	56945	6682
2366400	3035357	6747
1095366	2285255	6711
3050276	518447	6693
2617800	2459838	6747
3699744	1238569	6734
1095366	3634880	6711
1095366	72648	6711
4514417	3318249	6682
3987835	439740	6750
3699744	761845	6734
3699744	1538191	6734
680665	439740	6750
1095366	2540401	6711
3515944	3883802	6747
1095366	3619026	6711
1095366	4259375	6711
3223970	572326	6753
1095366	95896	6711
1853755	439740	6750
3964641	3515944	6750
1095366	3509498	6711
3699744	2843033	6734
3050276	2030108	6693
1095366	762059	6711
876817	2366400	6750
3158340	1275829	6714
4514417	1135688	6682
1095366	1523792	6711
4514417	2183029	6682
439740	1705609	6747
4514417	2230155	6682
2366400	2368981	6747
4514417	3254885	6682
385457	439740	6750
1222714	1095366	6739
3699744	3554069	6734
1095366	227181	6711
439740	3280858	6747
1683244	4038898	6756
1095366	4571138	6711
3050276	894722	6693
3699744	132526	6734
3699744	1130994	6734
1095366	3021527	6711
4052763	3515944	6750
439740	1689407	6747
1095366	4556164	6711
1095366	937538	6711
439740	443435	6747
4514417	3486740	6682
1095366	2094678	6711
595517	3409388	6750
4514417	4189961	6682
4137511	1095366	6739
452033	1095366	6739
1095366	630725	6711
3699744	1821924	6734
301288	2048275	6693
1044241	2366400	6750
3699744	2410350	6734
4233442	439740	6750
1667680	937444	6756
1095366	4145143	6722
192613	2366400	6750
3699744	4054669	6734
2281093	439740	6750
301288	2318664	6693
4027406	2366400	6750
2366400	1093470	6747
1095366	754009	6711
1095366	1968905	6711
4514417	3720045	6682
439740	1346614	6747
3476129	1095366	6739
4514417	3520917	6682
2684947	439740	6750
3782758	1095366	7419
538726	4245727	7043
1027510	439740	6750
2574764	1845451	6747
3515944	4052763	6747
1182689	720573	6889
1095366	1284922	6711
3699744	176057	6734
3699744	4169907	6734
3699744	357812	6734
1426651	2574764	6750
4514417	3699149	6682
1589572	3549899	6753
1719971	1095366	6916
2874196	439740	6750
2085385	2366400	6750
1095366	298196	6711
4514417	2832092	6682
1095366	68060	6711
1275829	4343882	6708
439740	4205668	6747
3928025	1095366	6916
3050276	443435	6693
4162373	439740	6750
3515944	2144394	6747
3050276	3330110	6693
88105	439740	6750
4514417	3249323	6682
1095366	1877447	6711
3699744	2932406	6734
4514417	3687797	6682
4514417	3009395	6682
439740	1627248	6747
2574764	2535083	6747
3700985	2366400	6750
3699744	3800122	6734
1218767	3939687	6753
1095366	2941522	6711
498546	3939687	6755
3699744	1609564	6734
3699744	3711029	6734
4160359	933260	6747
1095366	1538254	6711
662074	1095366	6739
3515944	620800	6747
3699744	1315816	6734
4514417	2882215	6682
3699744	1604430	6734
1095366	3021527	6722
1095366	4006689	6711
3699744	2793709	6734
1095366	3630733	6711
3699744	1432305	6734
3699744	1859596	6734
4595851	878481	6819
3699744	1435907	6734
3050276	1325880	6693
439740	2730434	6751
3699744	4231555	6734
1095366	1532266	6711
3699744	4449511	6734
1095366	32603	6711
3699744	1698240	6734
3699744	395013	6734
3699744	1390799	6734
1095366	2270119	6711
2574764	711141	6747
439740	4202103	6747
1095366	1569801	6711
3699744	3658295	6734
2186450	2366400	6750
1044241	2848388	6714
3824689	3515944	6750
1196493	1631165	6763
1095366	2268193	6711
3699744	4580322	6734
3515944	3310617	6747
3699744	945726	6734
1095366	1877447	6722
86964	2366400	6750
1476525	2366400	6750
3699744	1769926	6734
2574764	2734476	6747
4514417	1593563	6682
1095366	740242	6711
3699744	53972	6734
4514417	3357699	6682
2366400	2050212	6747
3699744	4017295	6734
1278588	439740	6750
2366400	348409	6747
2865921	4590758	6750
2230155	4089763	6748
439740	66713	6747
90979	707890	6707
439740	3515464	6747
3938862	439740	6750
1942	2366400	6750
1095366	2429960	6711
3699744	4094488	6734
1095366	2223581	6711
2574764	4249031	6747
3699744	123088	6734
3699744	752554	6734
894722	439740	6750
3699744	2236351	6734
1095366	1835685	6711
3699744	3342373	6734
3699744	3882129	6734
3699744	166057	6734
3699744	2074561	6734
2574764	1963792	6747
4514417	499375	6682
2144394	439740	6750
3610823	1095366	6739
1095366	2022947	6711
2729052	439740	6750
3699744	3509498	6734
78569	3223970	6753
1095366	1485620	6711
1095366	192344	6711
3699744	4063696	6734
3699744	1182277	6734
1095366	1491204	6711
439740	4122522	6747
2366400	3986301	6747
3699744	3763563	6734
3699744	1211415	6734
3699744	3637007	6734
3699744	1473598	6734
2531393	439740	7206
3515944	3631050	6747
3699744	1879117	6734
1095366	3733096	6693
3050276	442445	6693
1095366	3593894	6711
4514417	1311732	6682
4514417	3355290	6682
2366400	443435	6747
3699744	34324	6734
439740	2557326	6751
3699744	4469601	6734
3104640	1099427	6963
2366400	4280580	6747
1095366	498595	6711
3699744	4587765	6734
507811	3457283	6756
439740	1304540	6747
4514417	4237255	6682
1060803	1088670	6714
3699744	4100051	6734
1095366	1189270	6711
1095366	1141358	6711
1095366	3390459	6711
1095366	4094488	6722
3223970	3515944	6750
3515944	4010913	6747
3050276	4122522	6693
2857200	439740	6750
3699744	487817	6734
4514417	2085385	6682
4263649	886525	6756
3699744	155019	6734
3146816	3310617	6755
4514417	292902	6682
4514417	2911543	6682
3699744	2793711	6734
4595851	3733096	6819
4514417	1403678	6682
3699744	1610228	6734
1095366	3658295	6711
2366400	876817	6747
1095366	3068759	6711
1095366	1774563	6722
3699744	2721474	6734
4514417	2310045	6682
2477255	1095366	6739
3699744	2727182	6734
439740	2143921	6747
3699744	2576184	6734
3699744	781827	6734
3515944	1385086	6747
4514417	1702049	6682
439740	1506835	6747
2574764	1094080	6747
4514417	1476525	6682
2845854	2366400	6750
1095366	2043475	6711
3699744	3253734	6734
4514417	2535083	6682
3699744	2862645	6734
3699744	3246857	6734
3699744	1060917	6734
439740	1404696	6747
2557326	4117698	6752
4514417	231740	6682
3699744	2941089	6734
2104295	1461274	6753
1596879	3897627	7195
3699744	4390877	6734
439740	1979298	6747
1095366	2049336	6711
3699744	305845	6734
4291627	439740	6750
1095366	2429650	6711
1095366	3693015	6711
3699744	3772624	6734
4514417	4114873	6682
735122	2366400	6750
4514417	413310	6682
1141366	1088329	6824
3050276	2421710	6693
3781463	2859029	6748
4514417	45555	6682
4514417	1461274	6682
4514417	818192	6682
2400172	2366400	6750
4514417	3688522	6682
3699744	3671484	6734
1095366	2652364	6711
1095366	4581893	6711
1189665	439740	6750
3699744	4464442	6734
2366400	4024311	6747
3699744	1517892	6734
3699744	679179	6734
3699744	2560241	6734
3699744	2294429	6734
4514417	229922	6682
2810331	3106348	7825
1095366	318104	6711
3699744	880521	6734
1778248	2174725	6748
3699744	413373	6734
4514417	78569	6682
3050276	3314207	6693
1088670	1465621	6708
614379	439740	6750
292430	255793	7066
1095366	4188782	6711
3699744	2689984	6734
1095366	1866976	7025
3699744	3093590	6734
759457	2366400	6750
4514417	3193090	6682
3699744	460593	6734
1095366	2199017	6711
4514417	211567	6682
4514417	872648	6682
1095366	3561313	6711
3699744	4549331	6734
1095366	3886337	6711
4514417	4122522	6682
1904828	3584719	6752
3515944	4413527	6747
1095366	2023550	6711
3699744	4584131	6734
3365181	1095366	6739
3699744	129947	6734
3699744	1349130	6734
2613377	1219013	6747
478478	1552068	6748
1933051	1750626	6756
3117131	2104295	6755
1095366	1709080	6711
4514417	1594319	6682
4514417	548312	6682
2574764	110870	6747
1095366	299908	6711
4514417	1509113	6682
820875	3310617	6755
3699744	4505062	6734
3699744	1351250	6734
4514417	2009005	6682
1095366	3552998	6723
1095366	4060102	6711
1095366	210410	6711
4514417	1861724	6682
1095366	1439473	6711
3050276	87602	6708
1095366	1184399	6711
1095366	2459130	6711
4330055	439740	6750
439740	4053550	6747
3050276	3703133	6693
1095366	21845	6711
439740	164103	6747
1095366	2617332	6711
2574764	4264793	6747
1095366	2639139	6711
1744508	700555	6708
1095366	2566869	6711
1095366	4492355	6722
442445	439740	6750
1095366	2333274	6711
4595851	492762	6819
1095366	287377	6711
439740	4461506	6747
4514417	815635	6682
1095366	1035315	6711
4644474	439740	6750
2357768	3515944	6750
3090848	1095366	6739
1095366	875602	6711
3699744	4452865	6734
1095366	2863996	6711
3699744	4528292	6734
3699744	1400861	6734
714856	145938	6748
2257763	1890105	6756
1095366	3999498	6711
1095366	720959	6711
1095366	1158977	6711
2526788	439740	6750
3699744	3224019	6734
1095366	1052782	6711
2770725	2574764	6750
439740	824950	6747
2978005	2366400	6750
1095366	1804004	6711
1095366	4076661	6711
3699744	4535481	6734
61746	439740	6750
1095366	437009	6711
439740	3701712	6747
3699744	3975157	6734
3699744	279866	6734
3699744	2327957	6734
439740	4572658	6747
3699744	2267223	6734
3050276	3549555	6708
1712842	439740	6750
1095366	2784298	6711
1095366	4654412	6711
23640	1095366	6739
1095366	1589054	6711
4595851	4650184	6819
3699744	1961715	6734
2574764	275678	6747
1095366	2236684	6711
3699744	4246046	6734
1095366	3879588	6711
3699744	4014868	6734
1227692	439740	6750
439740	3088096	6747
4595851	2924236	6819
1095366	3930465	6711
3359586	439740	6750
1095366	3294240	6711
4514417	2859450	6682
3699744	1824651	6734
2391149	439740	6750
2617444	1455829	6846
4514417	2143921	6682
3699744	2036922	6734
4514417	2863935	6682
1275829	166302	6708
3699744	2550363	6734
3699744	3026782	6734
4554073	106747	7460
1068248	3969307	6748
1095366	2166700	6711
3515944	2741022	6747
3699744	2649623	6734
4514417	1178416	6682
439740	4476651	6747
2574764	3313531	6747
1095366	3980408	6711
1275829	145938	6708
1095366	3204433	6711
1095366	1154259	6711
1095366	4373526	6711
4514417	2391149	6682
1095366	662052	6711
3699744	4461893	6734
2912643	2574764	6750
1095366	3798532	6711
439740	261538	6751
3034594	439740	6750
1095366	2235368	6711
3699744	4488308	6734
3050276	841764	6693
2472241	439740	6750
4162373	4590758	6750
1095366	2885887	6711
1095366	4061443	6711
4514417	3299626	6682
3699744	717544	6734
2632898	2531393	6750
1095366	2860982	6711
3699744	1873680	6734
1095366	2941710	6711
3161773	1536907	6752
301288	86964	6693
4358068	1095366	6739
1095366	1476913	6711
3699744	4541321	6734
3699744	3123543	6734
2604769	439740	6750
439740	4632709	6747
3699744	128087	6734
1095366	298279	7176
439740	2840539	6751
3699744	390289	6734
1095366	2686731	6711
3699744	2933955	6734
2366400	478478	6747
1095366	166057	6711
439740	4515467	6728
2952181	3409388	6750
439740	4162373	6747
1095366	1061032	6711
3023131	3515944	6750
439740	4487592	6728
1095366	4471005	6711
1095366	3132885	6711
4595851	3919525	6819
4514417	3963672	6682
2366400	2558012	6747
4514417	411386	6682
3699744	1589054	6734
1095366	2005716	6711
439740	3423703	6751
439740	3829625	6747
3031826	439740	6750
4514417	192613	6682
3515944	4461506	6747
1095366	320671	6711
2366400	1800981	6747
439740	1368498	6747
2104295	2366400	6750
3699744	2820479	6734
3699744	603034	6734
1095366	433953	6711
1095366	4488308	6722
439740	3961813	6747
1095366	4467205	6711
3699744	99944	6734
4514417	2875370	6682
1088670	2604769	6693
4514417	2071623	6682
4160359	2536419	6747
3221141	439740	6750
456022	439740	6750
3699744	4485196	6734
3699744	1460426	6734
1095366	3564845	6711
2859029	4136771	6889
2431197	2366400	6750
523275	3883802	6708
1095366	4485196	6711
1095366	1231425	6711
1095366	317597	6711
4514417	1577777	6682
1095366	2221488	6711
2852839	439740	6750
4514417	223966	6682
3651518	287725	6748
4514417	184116	6682
763141	2366400	6750
3699744	738054	6734
3295664	4636312	6748
4151352	2519970	6714
1095366	2644813	6711
1095366	4022987	6711
3699744	2828264	6734
4514417	852105	6682
1095366	3444099	6722
2530132	2583026	6756
1095366	1872848	6711
3939687	3486740	6753
3515944	2017762	6747
439740	2240857	6747
3699744	3081401	6734
4514417	3972536	6682
3939687	3442897	6755
1095366	4500223	6711
523647	3515944	6750
3699744	4156072	6734
3456888	2092996	6681
439740	1886062	6747
3699744	4118724	6734
4514417	3602546	6682
2574764	635957	6747
1095366	620633	6711
1095366	2169887	6711
2366400	445723	6747
3699744	4515406	6734
952633	1095366	6916
3699744	2341153	6734
3050276	3829625	6693
4221570	2574764	6750
2255228	2397747	7016
1095366	250309	6722
1095366	1719119	6711
145938	439740	6750
3050276	3458187	6693
1095366	1616699	6711
1095366	245162	6711
3699744	861483	6734
4245727	538726	7014
1095366	4402233	6711
1923689	3990121	6779
4514417	2561150	6682
4514417	2629049	6682
1095366	3281831	6711
3617430	4160359	6750
3835	2574764	6750
1095366	3104218	6711
4514417	2162655	6682
1095366	3757528	6711
1095366	1819003	6711
67192	3219811	6837
3228324	2775637	6748
3699744	936390	6734
4514417	3145381	6682
1095366	1494193	6711
3964641	3847082	6753
3699744	1688985	6734
301288	621616	6693
3699744	2021410	6734
1093470	3409388	6750
1095366	2368052	6711
439740	3381563	6747
439740	2666704	6728
4162373	1820299	6748
1095366	480358	6711
3699744	212274	6734
4514417	458576	6682
3699744	3074230	6734
3050276	1455829	6693
3699744	1764097	6734
4514417	3088096	6682
84652	3770071	6748
1095366	1298112	6711
1095366	3090848	6722
1095366	701872	6711
4514417	2476305	6682
1095366	3972084	6711
2536974	439740	6750
3699744	3970614	6734
3699744	3956615	6734
1095366	942470	6711
3515944	674069	6747
3699744	402388	6734
3699744	3108666	6774
3699744	3967169	6734
3699744	3599432	6734
2366400	4428298	6747
3387724	4445398	6756
4514417	3316226	6682
2982991	443435	6707
632894	2848388	6714
4514417	110870	6682
3699744	3707582	6734
4636312	3295664	6756
145938	1275829	6714
3699744	2935749	6734
4514417	3866469	6682
1095366	4599379	6711
1095366	3651182	6711
4514417	3223970	6682
4514417	3211339	6682
2050212	2366400	6750
3699744	2577780	6734
3223970	284029	6755
2366400	629838	6747
1095366	579951	6711
1095366	156205	6711
4514417	3310617	6682
1095366	1185186	6711
1095366	481138	6711
3699744	1567673	6734
1095366	2799314	6722
439740	2051812	6747
1095366	3635399	6711
3699744	1817791	6734
1095366	1900299	6722
1095366	1101051	6711
2308956	3039358	6756
601172	2574764	6750
4514417	3995000	6682
1819890	3762672	6757
1095366	4280958	6711
3699744	4535800	6734
3871720	439740	6750
3699744	286093	6734
2366400	1902605	6747
1956033	439740	6750
2030108	3515944	6750
3699744	2715186	6734
2743779	2574764	6750
439740	4556430	6747
3515944	2051812	6747
534246	439740	6750
899712	1275829	6714
3699744	1688112	6734
4434854	2366400	6750
2848388	1044241	6708
301288	2537346	6693
1095366	2590233	6711
439740	3824689	6747
3699744	2990217	6734
1095366	492061	6711
1095366	346482	6711
3700985	1275829	6714
3699744	3810442	6734
2345987	2531393	6750
3926181	439740	6750
3699744	599264	6734
1095366	824838	6711
3419393	3515944	6750
3699744	3216655	6734
306655	3409388	6750
2574764	1850305	6747
3699744	91819	6734
4514417	1840691	6682
3699744	2440602	6734
1095366	4358068	6722
439740	157926	6747
2397154	670165	6750
145938	3515944	6750
1095366	1675892	6686
3699744	816864	6734
3699744	140278	6734
1095366	390232	6711
3050276	1509113	6693
1895948	439740	6750
3699744	1343842	6734
1095366	1960073	6722
2056529	614498	6756
4124529	2092996	6681
4595851	140200	6819
2922379	439740	6750
1095366	643430	6711
439740	789657	6751
2574764	4023279	6747
3699744	4405861	6734
1095366	3197750	6711
3050276	4114873	6693
1095366	2957611	6711
2366400	1769319	6747
3699744	4581117	6734
3631050	439740	6750
1095366	231845	6711
4514417	3428833	6682
3050276	1170966	6693
1095366	2782109	6711
3699744	133052	6734
2574764	3830259	6747
3699744	35165	6734
1095366	3426741	6711
1095366	595273	6711
3699744	2488960	6734
1242276	4590758	6750
1095366	1708916	6711
1095366	1338295	6711
439740	327474	6747
439740	4068253	6747
1800981	3651924	7166
3699744	1363125	6734
3699744	1238685	6734
534246	670165	6750
2531393	1353616	6747
3409388	970449	6747
4514417	3031826	6682
4514417	1726195	6682
439740	2526788	6747
1095366	2263044	6711
820414	4081540	6756
3050276	3389144	6693
439740	2323199	6747
276073	267288	6748
1095366	4090919	6711
1095366	2446448	6711
4562211	2344017	6756
3294694	4160359	6750
1095366	3630733	6723
439740	304569	6747
8186	3515944	6750
1095366	170214	6711
1095366	3601811	6711
3273097	3687797	6824
3699744	2786419	6734
1275829	3723234	6708
2574764	4266994	6747
3699744	3979953	6734
3699744	2803308	6734
2848388	1931493	6707
3699744	3891891	6734
2366400	4299219	6747
2183575	3515944	6750
1095366	3782758	7480
572326	1197710	6753
1084043	62411	6756
1095366	1887896	6711
187605	439740	6750
4581818	439740	6750
3699744	3354716	6734
3699744	488922	6734
1095366	3566321	6711
3699744	3620572	6734
2011871	3070529	6753
439740	565420	6747
3699744	2635232	6734
1095366	419545	6711
3830689	439740	6750
3699744	393718	6734
3699744	2477255	6734
3930433	3939687	6755
1095366	2305292	6711
1095366	3726204	6711
1095366	3763563	6711
2867194	2574764	6750
3600145	2574764	6750
996827	1095366	6694
3050276	656570	6693
2852839	2366400	6750
3699744	2590233	6734
1095366	1250120	6711
439740	1999236	6751
4514417	618739	6682
3699744	1977345	6734
3699744	3778397	6734
1095366	3247542	6711
1095366	3651813	6711
1095366	1235648	6711
1095366	2215347	6711
439740	1353751	6751
4514417	2045760	6682
1095366	4245765	6693
3050276	2775637	6693
3699744	1712196	6734
4514417	1325880	6682
1095366	3153328	6711
1095366	1079299	6711
3699744	258785	6734
3024369	4595851	6749
3118957	1095366	6739
1095366	1320866	6711
12600	4595851	7176
397652	3310617	6755
1095366	4557507	6711
3830689	2366400	6750
1095366	2346075	6711
1095366	2175088	6711
443435	439740	6750
3699744	3940342	6734
1095366	62687	6711
2574764	4551036	6747
1275829	3158214	6707
674069	90979	6714
3699744	2401506	6734
2366400	1931493	6747
3699744	184302	6734
3699744	2957611	6734
3699744	3350228	6734
3249323	2366400	6750
439740	2317748	6747
4514417	4099444	6682
1095366	2714276	6711
4514417	2032120	6682
3050276	1093470	6693
4514417	187605	6682
3699744	2590605	6734
3699744	3939003	6734
670165	534246	6747
3699744	3383133	6734
2366400	2455282	6747
3699744	1892065	6734
3050276	3631050	6693
3699744	2043926	6734
3699744	481138	6734
4492355	1095366	6739
3699744	3151089	6734
1001833	1095366	6739
4260227	3939687	6755
439740	910820	6747
439740	62411	6747
439740	2825464	6747
1095366	306370	6711
3699744	2685856	6734
629838	2366400	6750
4514417	4299219	6682
3652528	2366400	6750
1678169	1095366	6739
3699744	3619458	6734
3699744	2704745	6734
2707209	2574764	6750
3699744	1332893	6734
3699744	1022032	6734
439740	1044241	6747
3699744	2414683	6734
439740	976903	6747
1095366	2851683	6711
3699744	148034	6734
4514417	2221335	6682
3050276	3521408	6693
4514417	3612535	6682
1095366	4204410	6711
3699744	1244058	6734
4514417	1331634	6682
4514417	4012752	6682
3699744	4642319	6734
3703133	439740	6750
4514417	1933051	6682
3699744	4310837	6734
4514417	615276	6682
3050276	211567	6693
4514417	4434854	6682
1840691	1275829	6714
1457861	1095366	6739
3050276	2881715	6693
2366400	2291391	6747
1095366	4412423	6711
4514417	1106808	6682
3699744	2385443	6734
2366400	358638	6747
4514417	3350629	6682
3699744	2348565	6734
3699744	875602	6734
1095366	1676820	6711
3699744	1292133	6734
3699744	817812	6734
3699744	4184152	6734
3699744	1093100	6734
4514417	1963792	6682
3699744	2627382	6734
1627248	4160359	6750
1095366	584836	6711
3699744	869893	6734
1095366	4421997	6711
4514417	800791	6682
1700987	2574764	6750
3699744	718312	6734
3505647	2171373	6693
4514417	2311489	6682
439740	837647	6747
2574764	154527	6747
1095366	3235503	6711
3050276	935713	6693
2397747	2255228	7230
3515944	495577	6747
3699744	495857	6734
572326	670165	6750
3515944	905538	6747
3699744	1286100	6734
1095366	1399419	6711
3699744	708039	6734
3699744	979506	6734
4514417	437158	6682
3631006	3515944	6750
1095366	655294	6711
3699744	1652073	6734
3699744	4381720	6734
439740	3414705	6747
3939687	2366400	6750
3699744	1803313	6734
3699744	3330284	6734
106747	1923689	6853
4514417	1978767	6682
1094080	2574764	6750
3699744	2092816	6734
1095366	2857495	6723
4514417	4158251	6682
1095366	1417113	6711
1095366	3619458	6722
3699744	399978	6734
1095366	3471814	6711
439740	2620047	6747
439740	2990598	6747
3699744	1147772	6734
4595851	2449450	6819
4519541	1095366	6916
439740	876817	6747
4514417	2075379	6682
623846	2809173	6749
1095366	3354716	6711
1095366	4447066	6711
3699744	2743192	6734
1095366	1948804	6711
1095366	1628927	6711
3699744	1485620	6734
3699744	3385444	6734
3699744	3452685	6734
3515944	4081540	6747
1095366	2127345	6711
1095366	2348861	6711
1095366	1148457	6711
523275	413310	6708
301288	304569	6693
3699744	2605275	6734
4416082	3253295	6756
1095366	1642431	6711
301288	1252235	6693
3699744	3512492	6734
1797212	1877622	6756
1095366	4546447	7025
1095366	2368117	6711
1095366	3936875	6711
3938862	2366400	6750
1095366	4652733	6711
1095366	3453259	6711
2574764	1801401	6747
439740	1636078	6728
1095366	2440602	6711
439740	3560916	6747
3671916	3361261	6756
1933051	3515944	6750
1061653	439740	6750
3699744	1560685	6734
1095366	1730510	6711
2632731	2104295	6755
3699744	3252125	6734
3639499	3964641	6753
3699744	1426556	6734
1253560	2574764	6750
3515944	3723642	6747
4514417	4472101	6682
3050276	2183575	6693
1095366	2641370	6711
1095366	4270270	6711
1095366	386358	6711
3421672	3939687	6755
1095366	3244084	6711
3050276	3419393	6693
1095366	3554069	6711
614379	301288	6714
1095366	2974458	6711
4514417	3063274	6682
538726	614572	7728
3699744	2603867	6734
3050276	1483429	6693
439740	1284507	6747
1095366	1358359	6711
3437999	1596879	6777
1095366	696058	7114
694941	439740	6750
3699744	2357647	6734
1095366	3310184	6711
3050276	1028727	6693
3050276	572326	6693
1619408	2366400	6750
4514417	3288967	6682
1088670	1385319	6693
4514417	4330055	6682
3964641	4252288	6850
1095366	484791	6711
3050276	3866469	6693
3699744	1052378	6734
1095366	1359990	6711
4514417	2351698	6682
3013856	3549899	6753
1095366	4330916	6711
1933051	3347592	6750
301288	543548	6693
1095366	328212	6711
1095366	2744265	6711
3050276	2865921	6693
3699744	1368945	6734
1095366	1159369	6711
4514417	662458	6682
1095366	293121	6711
3734393	2574764	6750
3699744	140971	6734
3699744	2885887	6734
4514417	3701712	6682
3699744	3990069	6734
3699744	1882135	6734
1095366	2792130	6711
3515944	2217217	6747
1275829	4081762	6708
4514417	166302	6682
3699744	2206424	6734
3050276	2017762	6693
4514417	792883	6682
3701712	4590758	6750
3325195	1095366	6739
1095366	4144077	6711
3699744	91332	6734
3699744	453437	6734
3699744	244096	6734
1095366	564247	6711
4548425	1095366	6739
1095366	1616980	6711
4514417	3516958	6682
3699744	564247	6734
1095366	789811	6711
3699744	1963928	6734
3050276	534246	6693
2574764	442542	6747
1095366	90324	6711
439740	1819890	6747
627531	1668283	7017
869893	1095366	6739
4514417	500322	6682
1095366	2545624	6711
56945	439740	6750
1095366	878481	6693
1095366	4307194	6711
1095366	3029062	6711
3806892	2857200	6748
1095366	2641974	6711
1095366	2264161	6711
102970	1956033	6756
3699744	1957783	6734
1095366	1757345	6711
3699744	1053875	6734
3699744	3194191	6734
3723642	439740	6750
3050276	481604	6693
439740	3034594	6747
1095366	874697	6711
3699744	1750649	6734
3699744	583777	6734
1095366	2244503	6711
2580431	2574764	6750
1726195	90979	6714
4514417	1094080	6682
3699744	1078551	6734
4514417	2743020	6682
3549899	444454	6753
3699744	4417829	6734
1095366	2456633	6711
1095366	1679883	6711
4546447	1095366	6916
1095366	1079291	6711
2366400	2201271	6747
457753	1095366	6739
3549899	3515944	6750
3699744	582807	6734
4514417	1984604	6682
4514417	516204	6682
3699744	2516475	6734
4280580	2366400	6750
2366400	1619408	6747
318103	2574764	6750
1536907	439740	6750
3050276	622951	6693
1095366	3076643	6711
4158563	267288	6756
1095366	3272345	6711
3409388	633247	6747
443435	3515944	6750
1095366	87649	6711
4611145	439740	6750
4514417	1449978	6682
439740	1633717	6728
1275829	3699149	6708
3990121	1923689	6744
1095366	3824263	6711
3035357	439740	6750
3960205	2922379	6792
1095366	671679	6711
301288	3334677	6693
3381563	2366400	6750
670165	2183575	6747
3223970	3288967	6753
439740	483341	6747
1095366	2362913	6711
4128753	2379988	6748
3699744	1301400	6734
1095366	2855151	6711
3608133	4369819	6752
1095366	3832729	6711
1368498	3409388	6750
2368981	3409388	6750
3092523	1800981	7133
439740	1269224	6747
1095366	3296992	6711
2366400	3662142	6747
1095366	2092996	6693
2262683	4205668	7133
1095366	4018757	6711
3346799	523647	6756
3699744	2605531	6734
1095366	614572	7114
1095366	2358202	6711
4514417	2629764	6682
4514417	4330902	6682
1095366	1653847	6711
3699744	2532931	6734
3515944	595517	6747
2996013	2729052	6755
627531	1095366	6694
1095366	2617444	6711
1095366	132526	6711
3699744	2019478	6734
2574764	2882215	6747
3699744	3866397	6734
1095366	4430656	6711
3347592	2318664	6747
2982991	2634964	6708
531939	4595851	6749
1095366	3426020	6711
2675890	2668632	6693
4514417	23326	6682
4514417	1705852	6682
1095366	3835954	6711
3699744	3523876	6734
3699744	1440782	6734
2366400	3280858	6747
3347592	2217217	6747
1095366	401414	6711
1095366	4526796	6722
2045760	439740	6750
3699744	2223339	6734
4019270	1095366	6739
3699744	1494193	6734
3699744	1590639	6734
3699744	1938448	6734
3699744	347899	6734
3699744	804916	6734
4514417	3884348	6682
4514417	2541581	6682
1095366	810884	6711
700555	3515944	6750
4514417	4117698	6682
1095366	488464	6711
3050276	2890013	6693
3699744	227556	6734
4514417	2500359	6682
4514417	3669795	6682
2574764	237000	6747
3699744	3029062	6734
3699744	1349617	6734
439740	2357768	6747
3699744	1135925	6734
439740	1028727	6747
1095366	2603867	6711
3699744	4307280	6734
1095366	1538388	6711
3699744	1935089	6734
618739	2323199	6756
500322	2574764	6750
1896652	3961813	6693
4514417	2839106	6682
4514417	600694	6682
1095366	624901	6711
1095366	315411	6711
2853685	4450064	6756
439740	213470	6747
3050276	3158340	6693
4514417	3366142	6682
3699744	2872478	6734
3699744	1439473	6734
3050276	483341	6693
3050276	4316230	6693
4266994	2574764	6750
3699744	3832729	6734
3699744	3626139	6734
1095366	2836361	6711
3699744	4088802	6734
3699744	863734	6734
2740884	439740	6750
3699744	2704371	6734
1095366	4535481	7025
3699744	3718781	6734
1095366	3220318	6711
4514417	614498	6682
4514417	3209611	6682
1095366	2523116	6711
3325627	2366400	6750
439740	2541581	6747
3699744	1923272	6734
1095366	1668283	6715
1095366	4386581	6711
2536419	2828993	6748
3699744	25314	6734
1095366	207386	6722
1095366	2660702	6711
4514417	4425336	6682
3699744	191449	6734
3699744	3630733	6734
3699744	1750476	6734
3505647	2144394	6693
4263649	2366400	6750
3699744	359949	6734
1095366	2043926	6711
1095366	2713700	6711
4514417	1189665	6682
3960205	4421728	6728
1095366	724346	6711
439740	3219811	6747
1095366	4216884	6722
3699744	4333666	6734
3699744	1401353	6734
293992	439740	6750
614572	538726	8724
4160359	117875	6747
4514417	4408748	6682
3699744	3404999	6734
1095366	930541	6711
3699744	3497070	6734
2366400	3523780	6747
1095366	4013760	8557
3699744	3221157	6734
1095366	4501150	6711
4514417	4041410	6682
1095366	2757628	6711
4614556	4556430	6707
3699744	473930	6734
3699744	978816	6734
1197710	3549899	6755
2366400	117875	6747
3699744	2879189	6734
976924	1082401	6748
3050276	3566207	6693
3699744	1154433	6734
2799314	1095366	6739
3699744	4652733	6734
1095366	3071336	6711
4514417	108247	6682
1095366	3865452	6711
3699744	3426741	6734
3699744	20162	6734
439740	1526619	6751
3699744	845713	6734
3699744	3947312	6734
3389144	439740	6750
213470	439740	6750
3034223	2574764	6750
1124718	439740	6750
2574764	4485711	6747
439740	1053964	6728
1095366	2703475	6711
3699744	456822	6734
4514417	4387811	6682
1095366	2930397	6711
4514417	1653210	6682
956223	2574764	6750
308305	2366400	6750
3515944	426056	6747
439740	466974	6747
4160359	872648	6747
3699744	3461406	6734
3050276	3063274	6693
2366400	4012752	6747
1095366	249630	6711
1455829	3361261	6756
3088096	439740	6750
2366400	2988888	6747
3699744	1660439	6734
1095366	3711512	6711
3699744	1880865	6734
3699744	205650	6734
4514417	1386466	6682
4514417	933670	6682
3050276	3114198	6693
4160359	1384700	6747
1095366	1123236	6711
4514417	4586575	6682
3699744	3305320	6734
3699744	547067	6734
4514417	2323199	6682
4514417	120721	6682
2366400	3521408	6747
1095366	181630	6711
1095366	3779027	6711
1095366	1403608	6711
1178104	3219811	6748
3223970	4498985	6756
1095366	3636325	6711
4644474	2366400	6750
1923689	106747	6995
1095366	2302022	6711
3699744	3692311	6734
3699744	2239655	6734
3699744	1095366	6775
2689812	3282892	6756
3699744	1970078	6734
1095366	3457898	6711
439740	4207629	6751
3050276	1769319	6693
1182277	1095366	6739
439740	4286047	6728
1095366	973660	6711
4514417	1521407	6682
4514417	4222556	6682
1095366	2728113	6711
4514417	2909204	6682
3699744	599798	6734
3699744	4234470	6734
2366400	3830689	6747
3699744	6482	6734
1095366	29511	6711
4595851	1757768	6819
4514417	481604	6682
2458324	1095366	6739
1095366	1316030	6711
4514417	990843	6682
1095366	2385443	6711
439740	2309915	6747
3325627	439740	6750
1095366	828876	6711
1095366	1392744	6711
439740	818455	6751
1275829	443435	6708
439740	456022	6747
3699744	1493292	6734
4514417	327474	6682
1095366	3642448	6711
3699744	513030	6734
1095366	4122241	6711
2104295	4592959	6753
2366400	3325627	6747
1095366	1642482	6711
1095366	4634348	6711
2675890	3617430	6693
3762635	2366400	6750
3699744	2592604	6734
1095366	2175979	6711
4514417	1346614	6682
4514417	1591694	6682
1877622	3389359	6756
3699744	2886840	6734
4514417	4010913	6682
3219811	1178104	6756
1095366	1095238	6711
1095366	996827	6700
439740	1311732	6747
3050276	2594414	6693
2583026	439740	6750
3699744	41990	6734
3699744	536616	6734
4472101	439740	6750
3050276	2663848	6693
3699744	19344	6734
623846	439740	6750
1095366	4020008	6711
3699744	33121	6734
3515944	3361261	6747
439740	883512	6747
3457187	439740	6750
4514417	774656	6682
1095366	3918778	6711
3699744	42899	6734
3699744	911871	6734
1095366	1822009	6711
1095366	2774039	6711
2629564	439740	6750
3515944	4465228	6747
2060436	439740	6750
4514417	2740884	6682
3050276	632894	6693
4514417	248692	6682
3699744	4254599	6734
1095366	2149774	6711
2598236	4002267	6750
4514417	1563702	6682
1095366	1713283	6711
3699744	1960073	6734
1095366	4631934	6711
294327	3699744	7248
1095366	3626139	6711
431994	439740	6750
4514417	2060436	6682
3699744	401064	6734
1095366	1911639	6711
3699744	3229526	6734
3699744	1026447	6734
3829625	1549910	6749
1095366	3031623	6711
3699744	3174003	6734
3515944	3334677	6747
446465	2366400	6750
439740	2871700	6747
3699744	1051642	6734
1095366	245295	6711
1095366	2610428	6722
1095366	3500977	6711
439740	3576851	6747
4160359	2968093	6747
2100992	439740	6750
1095366	4194863	6711
3050276	1476525	6693
439740	2740884	6747
1095366	963113	6711
3963672	439740	6750
1095366	4510527	6711
538726	2089031	7116
301288	674069	6693
2358197	439740	6750
3699744	503183	6734
4233442	2366400	6750
3699744	3688775	6734
1095366	2543883	6711
2244810	3515944	6750
2441589	1735956	6756
3409388	306655	6747
3699744	1921297	6734
2085385	255793	7066
4514417	4587970	6682
3699744	430924	6734
3699744	4636295	6734
4514417	102970	6682
3699744	1838479	6734
1095366	110218	6711
1095366	1332893	6711
1284507	439740	6750
2722317	439740	6750
3515944	1705559	6747
4291627	1275829	6714
3515944	656570	6747
3699744	1505009	6734
1095366	4031029	6711
4514417	3226746	6682
4514417	2538954	6682
2145848	439740	6750
1095366	1356686	6711
1088670	1712842	6693
1095366	4541624	6711
3699744	2941522	6734
1095366	183445	6711
1095366	1257729	6711
4590758	1242276	6747
2224334	1060803	6752
1095366	845713	6711
4514417	2345987	6682
3699744	3620392	6734
1095366	2259793	6711
1095366	3625765	6711
4514417	3280858	6682
439740	1353751	6728
1933051	439740	6750
2574764	2707209	6747
1095366	820944	6711
1095366	2947489	6700
4514417	820414	6682
3699744	830141	6734
1275829	3186219	6708
3699744	2974325	6734
1596879	3106493	7195
1095366	641336	6722
1095366	3438266	6711
2366400	2839042	6747
1095366	4499517	6711
3050276	3554056	6693
3699744	2268193	6734
3699744	4018757	6734
3699744	1951107	6734
3699744	1978553	6734
1095366	4358750	6827
2366400	3824689	6747
3699744	4421997	6734
4514417	2196958	6682
1095366	1981353	6711
4514417	1582730	6682
1095366	457753	6722
4514417	480860	6682
439740	3374625	6747
3515944	443435	6747
3515944	3065405	6747
3699744	2553544	6734
1095366	25314	6711
1865312	439740	7206
3699744	287889	6734
2626063	439740	6750
1088670	1269224	6693
439740	261538	6728
1095366	1740626	6711
439740	265363	6747
4514417	4135636	6682
1095366	2341153	6711
3699744	1453497	6734
1095366	4317500	6722
1095366	315761	6711
905538	2769987	6748
4360296	495577	6748
3699744	1175300	6734
4514417	1128382	6682
4187443	2366400	6750
3004399	1549910	6749
1095366	4380150	6711
1095366	897078	6711
3964641	439740	6750
1095366	142760	6711
3699744	1207261	6734
1095366	3228042	6711
3651924	1800981	7927
3456503	1095366	6739
4614556	2087487	6708
2532429	3715801	6756
4514417	3879986	6682
4514417	3253295	6682
3699744	4376951	6734
3699744	409768	6734
439740	1386466	6747
3699744	56582	6734
1095366	2190853	6711
1256571	3903410	6752
1095366	2503586	6711
3699744	1358359	6734
2366400	3631050	6747
4514417	2741022	6682
3699744	1528447	6734
1095366	999399	6711
1095366	4449511	6711
1095366	3923343	6711
3699744	1335926	6734
3699744	2445788	6734
1095366	1873680	6711
3515944	4217064	6747
1095366	3947312	6711
1189665	4160359	6750
1095366	12600	7155
1095366	3733997	6711
4514417	3152650	6682
3652528	3515944	6750
3699744	1347694	6734
3050276	1278588	6693
1095366	3603949	6711
4514417	212674	6682
3515944	3964641	6747
1418926	439740	6750
3699744	746104	6734
184116	2574764	6750
3699744	2085783	6734
3699744	2714734	6734
2441589	439740	6750
4514417	3715801	6682
1095366	603034	6711
439740	1594319	6747
4595851	2787983	6819
3699744	874697	6734
4514417	1151442	6682
4027406	439740	6750
1095366	3764099	6711
4246488	439740	6750
2571358	1095366	6739
2366400	2845854	6747
4514417	483341	6682
1095366	4065552	6711
1095366	1343842	6711
439740	3942461	6747
2574764	458376	6747
1095366	3866878	6693
1095366	1769050	6711
1095366	3178554	6711
2574764	2912643	6747
439740	3320467	6728
3699744	461910	6734
3699744	3262161	6734
3699744	1330413	6734
3699744	51322	6734
3662142	2366400	6750
439740	2741022	6747
3456888	3275816	6900
3050276	157926	6693
3699744	1399419	6734
212674	3409388	6750
4514417	3218063	6682
3699744	1543827	6734
3699744	2065562	6734
4514417	1807875	6682
3699744	4082116	6734
3699744	3734130	6734
1095366	981676	6711
2421710	3892116	6756
4514417	837647	6682
3173243	439740	6750
4514417	4562211	6682
4514417	4138392	6682
4135636	439740	6750
516255	3140566	7664
3699744	3098902	6734
876048	439740	6750
1095366	1160745	6711
4632709	439740	6750
3699744	47266	6734
1095366	4069151	6711
1095366	3246857	6711
3699744	3578177	6734
3699744	315761	6734
439740	1256571	6728
4514417	442542	6682
1923689	2810331	7689
187605	3951038	6756
4514417	1124718	6682
4514417	1991612	6682
1095366	2493284	6711
3699744	2770096	6734
4514417	1278588	6682
4514417	2169818	6682
4514417	2022802	6682
3699744	2880743	6734
3050276	1705609	6693
2145848	670165	6750
1095366	1954922	6711
1095366	2372369	6711
1865312	1076910	6747
3699744	4548425	6734
4514417	2540122	6682
62411	2366400	6750
439740	523647	6747
439740	8186	6747
4514417	845239	6682
4514417	2689812	6682
3699744	1906837	6734
2943674	439740	6750
4266636	3357699	6748
2366400	1865312	7446
4514417	4503361	6682
1095366	1678469	6711
2497057	109621	6748
3050276	3986301	6708
3334677	4527408	6889
3699744	1784576	6734
4514417	3868069	6682
3687797	2366400	6750
1095366	383627	6711
439740	1264222	6747
3699744	3625765	6734
3699744	1219568	6734
4514417	492689	6682
3549899	3013856	6755
1095366	400182	6711
1095366	2356529	6711
4514417	2185990	6682
3699744	1184399	6734
680665	539917	6748
1095366	863734	6711
3699744	1095238	6734
3050276	3035357	6693
3050276	3560916	6693
1095366	672988	6722
3699744	555898	6734
1095366	3221093	6711
3658005	1931493	6756
1095366	4022358	6711
1275829	2526788	6708
1095366	1201259	6722
1095366	2933955	6711
3699744	579086	6734
301288	1264222	6693
1095366	2552162	6711
3699744	4152533	6734
3699744	4557507	6734
3280858	2366400	6750
4514417	3173243	6682
3699744	4225547	6734
439740	3972536	6747
2762664	439740	6750
3699744	2215143	6734
3699744	1936510	6734
3050276	1931493	6693
1095366	3801771	6711
3699744	3523709	6734
4514417	543102	6682
1095366	2650165	6711
1311732	2366400	6750
3687797	3273097	6820
1702049	774656	6756
4514417	2647045	6682
3515944	3158214	6747
1095366	2806760	6711
4514417	915321	6682
