1510232	2083390	192
3136827	4514417	6
2499408	3115929	149
4077278	301288	17
1887004	4514417	6
4410796	301288	17
2916586	1555979	163
1694778	301288	35
2413322	3050276	17
1833938	301288	17
1880052	2603052	145
1911319	301288	35
1598176	3050276	17
2873790	301288	35
4068192	3050276	17
52727	2349624	487
301288	4284051	63
2588703	3050276	17
4156318	301288	35
2874405	3050276	35
1892434	301288	35
1670127	1510232	2
1510232	3053468	190
1528869	1510232	191
2624999	4514417	6
2246610	301288	17
1510232	4095630	190
2117913	301288	35
3775622	3050276	35
1772916	301288	35
2860031	3050276	17
723422	301288	35
1510232	4572954	190
3149312	1510232	2
2712424	1510232	191
1510232	65029	190
4614481	3050276	35
1862567	3050276	35
4509720	301288	35
446981	1621967	441
360113	3050276	17
1951295	3050276	35
4154687	301288	17
4603866	301288	35
3342869	1510232	2
2965331	301288	17
4549302	3050276	17
3119408	3050276	17
1510232	2721243	192
27125	1510232	2
4179838	301288	35
2901941	4514417	6
4577431	3050276	35
2492298	2548400	170
1510232	4180302	197
86227	3050276	17
1626061	301288	35
1693678	3050276	35
1134257	301288	35
1510232	1717027	190
4138142	3050276	17
205759	301288	35
4252288	3050276	47
1103550	301288	17
4179372	301288	17
301288	1611775	63
301288	18023	63
1510232	3409266	190
1621967	2916586	190
2906500	1967580	170
1510232	180422	192
2493123	301288	35
1015766	4514417	6
52727	3050276	35
2734997	3050276	17
3577083	4514417	6
3026361	1935765	66
1194433	301288	17
3839985	3050276	35
1510232	3367504	192
1802405	301288	17
1017574	3050276	17
977923	1510232	2
640912	3050276	35
3416797	3050276	35
237504	301288	35
1510232	1209971	190
3008330	3050276	35
3154537	301288	35
388732	3050276	17
4500575	4514417	6
1693555	2521241	66
4451861	3050276	17
1621967	3723245	404
2448811	3050276	17
3606961	301288	35
2932370	301288	35
3836498	301288	35
2762121	301288	35
4336392	3050276	35
1621967	291002	101
4564075	301288	35
2270550	3050276	17
52727	3726519	155
2583352	1510232	2
2080950	3050276	17
4265072	3050276	17
3944775	301288	17
4080344	4095630	170
529084	4514417	6
3306688	301288	17
1033268	3050276	35
3115929	1471538	135
301288	2767	63
3709462	301288	35
3487672	301288	17
1510232	2317643	190
1341050	301288	35
227409	3050276	35
2147219	3050276	17
2162537	301288	35
3594530	301288	17
1059030	2618063	193
653484	1510232	191
2302543	3050276	17
1656714	2962986	142
2951141	1510232	191
301288	428289	63
3508315	3050276	17
642271	301288	35
1144772	3050276	35
4557131	301288	35
1221810	301288	17
467800	3050276	17
1510232	1655792	190
2297132	2528090	135
124015	301288	17
2251111	4514417	6
2174261	4514417	6
3485050	301288	35
4285609	1510232	2
3682922	301288	17
2632611	301288	17
3407047	107297	448
2106163	903962	135
326436	3050276	35
473296	301288	17
2592539	3050276	35
301288	2358141	63
1510232	4304505	192
4180302	301288	511
275264	3050276	35
3848843	3050276	35
219076	4514417	6
995189	301288	17
1504614	3050276	17
301288	3237674	63
2019115	301288	35
2775635	624030	157
698687	3050276	35
4338080	3336616	2456
1510232	1450037	190
2748212	3050276	17
2583352	3050276	35
1510232	2206146	190
1510232	2670675	192
1510232	4146617	190
4245281	3275396	62
2255518	4514417	6
4104445	1510232	2
3001684	3050276	17
914663	3050276	35
256796	4514417	6
3233795	3050276	35
2696847	3050276	35
8224	1510232	2
1643102	301288	17
444570	3050276	17
565151	1968211	210
301288	1728694	63
1396676	301288	35
932260	3050276	17
1322192	624030	145
80643	301288	35
3474167	3050276	35
504038	3050276	35
2280354	301288	17
2342212	301288	35
1510232	202259	190
4648349	1510232	2
2108014	301288	35
3538312	3050276	17
2892012	301288	17
1916299	353700	168
3706878	3050276	17
156085	290192	163
1827242	3050276	35
2013248	3195760	157
2326649	1510232	191
381973	1510232	2
2040857	1510232	191
962882	301288	35
3721958	3050276	17
3978430	301288	46
2425389	3050276	35
301288	1680441	38
3932237	3050276	35
1321398	301288	17
1769445	301288	35
895447	3050276	17
4095630	820175	66
4366570	3050276	47
286443	2919220	58
3742783	301288	35
4601074	301288	35
3683550	1510232	2
4123607	3050276	35
108735	3050276	35
1039557	3050276	35
2762047	1510232	191
1384418	1426595	280
4587448	301288	17
1515141	3050276	35
2378382	3050276	35
2892668	301288	35
2112974	301288	35
3901374	4338080	2500
2207114	1510232	2
234787	3050276	17
1728694	3050276	35
846113	301288	35
1825233	3050276	17
3131910	3050276	17
4508351	2919220	58
301288	3099007	63
1245122	3050276	35
1263392	3050276	47
4040078	4179372	276
876086	3050276	35
1510232	3641094	192
4183037	301288	17
3710733	4522874	145
2646593	3050276	35
974462	3050276	35
3141277	301288	35
1091097	301288	17
1943992	3050276	17
2712062	3050276	17
1510232	4537151	207
1865157	3050276	35
3912765	3050276	35
3981703	301288	35
2589333	3050276	17
4332283	3050276	17
2762047	301288	47
3626574	301288	35
2106163	1885185	135
1638588	301288	17
881165	3272752	168
2641877	3050276	47
1621967	3211988	860
3723245	1621967	2680
1943992	301288	17
3961502	301288	17
1234803	301288	35
4334788	301288	17
109332	3050276	17
1234428	3050276	17
1072735	301288	17
898531	3050276	35
2861611	3050276	17
3350338	301288	17
652485	195000	280
615227	301288	32
1510232	2603052	190
3336616	970948	3876
2625559	3050276	35
3083473	3907095	333
823362	301288	17
3513990	4514417	6
661215	3050276	17
3519594	301288	35
4037329	3050276	17
2015566	3050276	35
1917936	3109045	205
3082430	301288	35
866413	3050276	35
1686790	1510232	191
797866	301288	35
719905	1510232	191
2860031	301288	17
3940401	4514417	6
1510232	1827335	192
451419	3050276	17
3264900	1510232	2
2917230	3050276	35
1913168	3050276	35
2901674	301288	17
2891488	3050276	17
4598775	301288	35
4190407	301288	17
2129882	301288	17
939923	3050276	35
2561019	3050276	35
1855559	3050276	17
775304	301288	17
2917230	301288	46
1848207	3050276	35
428289	301288	46
824838	3050276	35
3981086	3050276	17
4411017	301288	47
4147822	3050276	17
3112459	1621967	2
1346075	1510232	2
301288	2320153	63
1070516	3050276	35
2985516	286169	280
2919220	301288	683
1007144	3050276	17
4598928	301288	35
4288811	3050276	35
3532213	3050276	17
1300896	1547892	66
4220901	3050276	35
2644267	301288	35
269056	301288	17
936136	1448805	145
1542368	1510232	2
725175	301288	35
301288	4321305	63
3282806	301288	35
1273258	301288	17
3888116	3050276	35
2041619	301288	35
2757782	3050276	35
348391	4514417	6
1072735	3050276	17
2133325	301288	46
1621967	286443	190
1510232	1498488	190
2601447	3050276	17
499876	301288	46
1100370	3050276	17
2422966	577507	62
996739	3050276	17
1886256	3050276	17
782698	3050276	17
1911248	1510232	191
1578360	301288	17
3100256	3050276	47
301288	2192198	63
1078356	3050276	35
1620033	301288	35
1510232	2633171	192
4359757	1510232	2
96902	3050276	35
1510232	357836	190
3993925	301288	35
3115929	3513990	66
2423992	3050276	35
3496629	3050276	35
1510232	2207114	190
3090089	301288	32
3363311	301288	17
3400847	3050276	35
1621967	4508351	190
1510232	3537802	190
301288	4049742	63
4095630	701822	276
2038648	3115929	193
2538450	4514417	6
782698	1710371	145
1510232	199184	192
761845	3050276	35
3140281	301288	46
1646455	3050276	35
2618063	2609416	153
4057360	301288	17
2359336	1825969	142
1315612	3050276	35
2478256	301288	46
4417506	1510232	4
4155137	3050276	17
2480059	301288	17
301288	1635878	38
1510232	383914	190
2744001	3050276	35
4019143	3050276	35
1510232	3752441	190
3603944	301288	17
3266647	301288	17
301288	2147403	63
1510232	3239044	190
4383595	4514417	6
34494	3050276	35
1510232	215528	190
239327	3050276	17
425501	2540450	153
3545221	3050276	17
2935463	301288	35
1510232	83756	192
3115929	2981520	142
1396208	301288	35
2528090	2297132	161
1894580	3050276	17
313236	301288	17
3129045	1621967	2
3204368	301288	35
3516058	3050276	17
657758	2919220	58
1744318	1372854	142
2359336	1510232	2
2866276	301288	17
932015	3050276	35
1864542	301288	32
4506819	301288	47
3976627	301288	35
1510232	4010831	190
1710371	61888	155
4173355	4040078	168
252556	3050276	17
3719327	1621967	2923
500821	301288	17
4077912	1510232	191
4640877	3050276	35
1510232	572326	2168
4217127	3050276	35
2712424	3050276	47
1967580	1621967	2
3030658	1510232	2
56366	3050276	17
1611775	301288	35
1766089	301288	35
1510232	4567096	192
2853114	1510232	2
301288	1441891	63
1321935	301288	17
2298267	4514417	6
1510232	624030	190
1894580	301288	17
3351263	3050276	17
1977157	3050276	17
1621967	741681	190
4010452	1510232	2
4024233	4514417	6
388507	301288	35
760292	4514417	6
3459179	3050276	35
620516	301288	35
2857664	3050276	17
285159	4514417	6
946307	301288	17
2050257	301288	46
3578348	1402111	276
1527012	301288	17
3642786	301288	35
2911409	301288	35
4341630	436952	142
2159270	1510232	191
2960586	301288	17
349748	301288	35
4541630	301288	17
242373	3050276	17
4574748	3050276	17
390690	3050276	17
1510232	2758722	190
3561563	3050276	17
1510232	4378390	190
80643	3050276	35
4095630	820175	142
2563009	301288	35
3953762	3050276	17
4019833	301288	17
1510232	2856503	190
1022373	4079820	155
1212880	1621967	2
1908214	3050276	35
1680441	3050276	17
3439964	301288	17
1865157	301288	46
4481202	301288	35
4518490	3050276	17
1228999	4514417	6
3601860	301288	35
4086014	4081925	193
2741991	3050276	17
760292	306639	208
625359	1510232	2
1846434	3050276	35
607967	301288	17
663697	3050276	35
2388997	301288	35
4080342	301288	35
3282710	4514417	6
3870772	3050276	17
2657343	320416	170
52727	1621967	2
1510232	330336	192
1790881	301288	35
3649702	3050276	17
363242	3050276	17
716437	3050276	17
1510232	3608100	190
3723245	3336616	2456
2155509	301288	35
1510232	3692016	190
1576942	3050276	17
3733730	3050276	35
2846774	301288	46
714395	1510232	191
2894887	3050276	35
1029741	301288	35
2626607	3050276	17
2803143	4514417	6
301288	3775640	63
1483220	301288	46
1825233	4514417	6
1510232	271398	192
3075698	301288	17
4411017	3050276	35
1257531	3050276	17
4610342	301288	17
1706473	3050276	35
4627208	3050276	35
1436184	301288	17
1510232	314903	190
1510232	3340186	190
1818326	301288	17
3595165	1510232	191
830648	3050276	17
370411	3050276	17
4549187	301288	35
741681	3027956	155
1926276	3050276	35
3723245	3050276	2507
4124747	301288	35
999165	301288	47
3059293	3050276	35
3750064	2653518	170
3492414	301288	35
2603052	3050276	35
4311101	3050276	17
2430621	1510232	2
3591371	301288	35
1517889	301288	35
4222724	3050276	17
885468	4514417	6
2866276	1656714	161
3115929	3050276	35
2483661	301288	17
1510232	2561019	190
3109045	1621967	206
324071	3050276	17
3875849	3050276	17
1734100	1621967	52
1080368	3050276	17
2656302	3050276	35
4614481	301288	46
1442308	301288	17
3193838	3050276	17
4389221	1510232	2
2134067	301288	35
1113402	3050276	17
478447	301288	35
975994	301288	17
168091	2489985	62
573769	1510232	191
1510232	2236897	190
2066943	1510232	2
4453121	301288	17
1510232	2159270	192
2418679	301288	32
1510232	3196230	190
2147184	301288	17
2097582	301288	35
2251111	3050276	17
1008509	301288	47
3004938	301288	17
1510232	4530712	190
301288	2329131	63
389097	301288	35
1459667	1510232	2
1828885	301288	47
3340611	301288	17
323766	301288	35
976745	1510232	2
3619590	301288	17
3631054	301288	35
3128992	301288	17
4091105	301288	17
3527849	301288	35
1510232	3062399	190
1694778	3050276	35
3960475	3050276	17
278621	301288	17
3909202	3050276	35
4284051	301288	35
4540471	3050276	17
4377771	301288	35
3275396	2919220	58
4410796	3050276	17
246982	301288	17
455078	3050276	35
3235549	301288	35
4014491	3050276	35
1807245	4514417	6
3829697	301288	35
2302190	301288	35
4508351	2956864	174
2372072	301288	46
3282806	301288	46
1510232	234285	190
237994	3050276	17
3353156	301288	35
3193838	301288	17
3789004	3050276	35
4338080	3336616	2206
1284157	301288	46
3022218	3050276	17
521297	301288	35
616967	3050276	17
2911907	301288	17
145482	3050276	17
1102843	301288	35
3535853	301288	17
1510232	3958600	190
4515317	4162718	161
602150	1510232	191
908495	3050276	35
2487254	3115520	155
162264	301288	17
1911319	3050276	35
3995749	301288	35
1510232	3654898	190
301288	4603866	63
2329928	301288	35
4312295	4514417	6
3353337	301288	46
2404923	301288	35
3026361	1816624	142
827464	301288	35
2895878	301288	35
3204633	3050276	47
2573105	301288	35
992423	3050276	35
796203	3050276	35
590548	301288	35
3645273	3050276	35
1510232	1424177	192
1621967	2102138	190
4250115	1510232	2
1225238	3050276	17
1620704	301288	17
2592539	301288	35
4269705	1510232	2
3870772	301288	17
4486123	301288	17
172809	1510232	2
1621967	1744318	190
301288	2162537	63
2435042	301288	35
4406092	1510232	191
3317657	3050276	17
3875914	301288	35
2612861	3050276	35
3547966	3050276	17
301288	3618386	63
1552401	301288	35
477746	3050276	35
2856124	301288	17
4162051	4514417	6
4040078	301288	35
1968211	3050276	17
1340278	3050276	17
4341630	436952	138
1088282	3050276	35
1510232	1914983	190
1230959	3050276	17
1510232	1516330	190
3516688	3050276	17
618819	4522874	157
2478256	301288	35
659218	3050276	35
640912	301288	35
3986453	353700	152
2941110	3050276	35
4065163	3050276	35
1693555	2521241	60
646934	1510232	2
1510232	752896	190
3841049	3050276	35
1621967	2985516	190
709742	4514417	6
1832821	3050276	17
2294747	3050276	35
3557336	3050276	35
1510232	4099957	192
1586259	301288	35
3953619	1510232	2
3103725	301288	17
3901374	4514417	6
1598418	1510232	191
227409	301288	35
1510232	972128	190
3931030	301288	35
741559	3050276	35
4408501	301288	35
537220	3050276	35
1209377	3050276	35
1510232	1703263	190
1450037	3050276	35
1723979	3050276	17
4141315	301288	35
1510232	2485699	190
3708023	3050276	35
8224	3050276	35
2364572	3050276	47
4111826	301288	17
2761547	1510232	191
3493003	4265869	66
404874	3050276	35
52727	3144114	142
3195760	3410166	276
3497732	1022373	193
1510232	27125	190
1795464	652485	735
2492298	4514417	6
4338375	3050276	17
3501654	301288	17
4058540	301288	35
1390654	301288	17
1302051	3050276	35
4122089	301288	17
52488	301288	17
1263392	1510232	191
1226649	3050276	17
1510232	376935	192
624030	4323868	66
1439052	301288	35
1510232	3874658	192
301288	3848843	63
301288	3739611	63
1510232	2661931	192
3725668	3050276	17
619772	1510232	2
180422	3050276	47
1510232	743724	190
1198357	3050276	17
4383595	3050276	17
1039557	1510232	2
3488883	301288	1172
1209377	301288	35
1510232	610845	190
1324473	301288	17
3549899	3050276	17
4378271	1656714	161
427990	301288	35
4306598	3050276	35
443707	301288	17
902652	301288	17
602173	1510232	2
378238	3050276	35
2170931	3050276	17
4530712	1510232	2
615227	3050276	17
1510232	375634	190
2741991	301288	17
2884634	3050276	17
2358028	3050276	35
1267753	3050276	17
390326	3050276	35
1510232	1214414	190
90595	301288	32
96902	301288	47
3759370	3195760	168
3128992	3050276	17
1889033	3050276	17
1461395	301288	17
2297127	3050276	47
1066676	2232894	280
2712976	301288	35
4522300	3050276	47
465665	301288	35
297416	3050276	35
1510232	1165784	190
3023543	301288	32
4400968	4514417	6
52727	1880052	135
2297132	529084	155
1510232	3700849	190
4403654	301288	35
554587	301288	479
4638844	3050276	17
642526	301288	17
4549302	4382507	149
3151737	3050276	35
4235266	3050276	35
755080	301288	35
301288	2207114	63
658761	301288	17
1029741	3050276	35
2911409	3050276	35
2839732	4514417	6
2408496	3050276	17
496936	301288	35
474768	3050276	35
2677422	3050276	17
1656714	2919220	58
1546769	301288	17
4294428	301288	35
3195760	367981	66
3000518	4514417	6
2297132	2919438	135
2354494	3050276	17
2559672	2359336	145
4157892	301288	35
2915270	301288	35
1586259	301288	46
534598	301288	32
4453121	3050276	17
3081204	301288	17
3336616	218108	2695
4125325	301288	47
4095630	3050276	35
1378018	2067722	145
301288	1180672	63
1825969	301288	17
2192203	301288	35
872100	3050276	35
2242328	3050276	17
3863726	301288	17
1516330	3050276	35
4238766	4514417	6
509574	3050276	35
264438	3050276	35
1322192	4514417	6
2096831	1510232	191
764569	3050276	35
154687	3050276	17
1510232	2008396	192
3099007	301288	35
1510232	977923	190
2594632	301288	17
1384418	377291	142
1219265	3050276	35
1254062	3050276	35
2548400	2505767	155
2931798	301288	35
792048	3050276	35
3792525	3050276	35
1510232	1542368	190
1082376	301288	35
1816624	3026361	145
1873089	3050276	17
2446373	1621967	441
1510232	4366806	190
1510232	4138792	190
1510232	3008330	190
2478464	1510232	2
3415783	301288	46
1828885	1510232	191
940922	3050276	35
1946507	301288	35
403229	3050276	35
2139510	1621967	1065
1510232	602173	190
1376482	3050276	47
1510232	462223	192
2654213	301288	17
1510232	2381053	190
52511	3026361	170
955123	4514417	6
4441694	3050276	35
1051251	301288	17
1295170	3050276	35
2919438	4514417	6
863225	320416	735
1103189	301288	35
301288	3677261	38
3416323	4514417	6
3661353	4514417	6
1590897	1510232	191
2658593	301288	35
3059293	301288	35
616915	3050276	17
3130429	4514417	6
4366806	301288	35
1329323	3050276	17
3232839	1510232	191
741681	4104882	333
3909202	301288	46
1744318	1510232	2
746633	3050276	35
885263	3050276	17
3195760	2441296	60
3626957	301288	35
1851930	4514417	6
197429	3050276	17
3748146	3050276	47
1848207	301288	35
654755	301288	17
3115929	441986	138
3034822	3050276	35
1424177	3050276	47
3545221	301288	17
897243	2067722	161
1703263	3050276	35
4427344	3050276	47
3115929	2919220	58
3696128	301288	17
1022843	3050276	35
708513	3050276	17
3454993	301288	17
1833938	3050276	17
1510232	3115929	190
993602	3050276	17
3200804	301288	35
3083473	147060	66
301288	3999205	63
1105505	301288	35
963792	3050276	17
3687832	3050276	35
3537802	1448805	329
3578348	1897959	333
1510232	2806147	190
2779428	2890175	76
1224001	3050276	17
1105505	3050276	35
3400847	1510232	2
2611719	3050276	35
1384418	2163737	66
4153594	3050276	17
550028	301288	35
3508315	301288	17
2981520	3050276	17
2958967	3050276	35
1401447	3050276	47
2656577	1510232	2
1510232	2868332	190
1752303	3050276	35
848835	4218192	66
2015566	1510232	2
2618461	301288	35
1831792	301288	35
3874658	3050276	47
2675756	301288	35
3435506	301288	35
2000195	3050276	17
1660241	3050276	17
3027691	301288	17
3272752	955123	487
4643385	1510232	2
66378	301288	35
4249629	3050276	35
1928479	3129045	170
614669	3050276	35
4496422	301288	35
439507	301288	35
145482	301288	17
2725059	3050276	35
4112029	3050276	35
3364365	3050276	35
1687826	3050276	35
395845	1741843	145
3971392	4514417	6
1096728	3115929	170
2968918	3050276	17
2703837	301288	35
1510232	2725059	190
2233334	301288	17
2932370	3050276	35
1282736	301288	17
100836	1510232	2
2396912	222865	404
223091	301288	17
1611426	3050276	35
4378945	1510232	2
842377	3050276	35
4480175	1510232	2
3551043	3050276	35
3407047	1621967	1065
154804	3050276	35
1081305	301288	35
2548400	475640	135
592778	301288	35
4173023	301288	35
3130429	3026361	193
4262736	301288	17
2994132	3050276	35
1996142	4514417	6
1720239	301288	35
2602434	1621967	2
3291559	301288	35
1350054	1967580	62
700765	301288	35
530935	3050276	35
2222435	3050276	35
1168248	3050276	35
2045316	3050276	17
3605704	3050276	17
1967580	2906500	66
3581780	3050276	35
3981662	3050276	35
2578808	3050276	35
160192	301288	35
515242	301288	35
4480175	3050276	35
2806570	3050276	35
518979	3050276	17
1809509	3050276	17
2147000	3050276	17
3564008	301288	35
1222138	301288	35
301288	3909202	63
4091105	3050276	17
1311750	1510232	191
1074350	301288	17
887905	301288	17
534549	301288	17
4570234	3050276	35
4095630	4080344	142
2629373	3050276	17
1809710	3050276	17
4091267	301288	17
2853486	3050276	17
1018540	4265072	155
3993706	3050276	35
1587560	3050276	35
3012097	3050276	35
2612861	301288	35
1510232	23425	192
301288	1344394	63
366088	3050276	35
2585140	1510232	191
1027546	3050276	17
3549717	3050276	35
383914	3050276	35
1510232	3494045	190
2862291	301288	17
2657343	4514417	6
2565025	3050276	17
4323868	624030	170
218108	1621967	2680
908210	301288	35
2133325	3050276	35
404245	3050276	17
2106163	3694281	90
1510232	95641	192
1510232	2499608	192
301288	554587	70
202259	3050276	35
687740	3050276	35
4378390	3050276	35
4232883	301288	46
1612380	657758	152
3546613	3050276	17
4353044	301288	35
3836985	1510232	2
3888116	301288	35
4081427	301288	17
3383187	301288	35
664038	3050276	47
3831954	3050276	35
641416	301288	17
1510232	2461873	190
2779401	3050276	35
1510232	1513499	190
2442421	3050276	17
200833	3050276	35
4314808	3050276	35
1267753	301288	32
1052260	301288	17
3487672	3050276	17
1522885	301288	35
2647068	3050276	35
4256083	1425160	60
388653	301288	35
301288	1029604	63
1278022	301288	35
2129427	652485	161
634678	3050276	35
2376686	301288	35
2149902	301288	17
1714944	1510232	2
2106163	1249360	135
4338080	3336616	3621
2487254	1510232	2
2684710	301288	17
1373444	301288	35
1510232	4077912	192
3336616	4338080	2500
1510232	2594696	190
1448805	1621967	2
3210305	301288	35
3495499	301288	35
958743	3050276	35
2365065	1764656	76
1621967	2446373	197
1510232	3793908	192
3738971	3050276	17
2863408	3050276	17
3932136	301288	35
3154537	3050276	35
4162718	2919220	58
436952	3050276	17
690659	3050276	17
3347439	1510232	2
577042	3050276	35
1022373	2823028	138
1595655	301288	17
782224	3050276	17
4251498	3050276	35
4463120	301288	35
4279109	3050276	35
4397334	3050276	35
18875	1018540	152
2147403	301288	46
2420017	3050276	17
2587358	3050276	35
4617242	3050276	17
2184882	1510232	2
2082058	3050276	17
545677	301288	17
1809710	301288	17
4116421	3050276	17
680269	3050276	17
2037039	3050276	17
4102858	301288	17
374848	3050276	17
4092495	3050276	17
611969	301288	47
2824035	301288	35
3557650	301288	17
3753758	301288	17
199872	301288	35
4457926	3050276	17
3271301	3050276	35
3900869	301288	17
4027510	301288	17
3514104	301288	17
1150148	1510232	191
3612092	3050276	35
301568	301288	17
4360257	3050276	35
3081722	1510232	2
984582	3050276	35
1534947	3050276	17
3970699	4514417	6
3001684	4514417	6
3798810	4514417	6
4325121	3050276	17
3947168	4514417	6
2593119	3050276	35
2548400	3439964	66
3483342	301288	35
305497	301288	17
187487	2446373	205
4297960	301288	17
1082376	3050276	35
3692016	1510232	2
1510232	819270	190
2158740	301288	17
1510232	3011459	190
2706925	301288	35
2000195	301288	17
739253	301288	35
978495	301288	17
253319	301288	17
4084668	301288	35
927162	3050276	35
301288	1219265	63
3439964	4514417	6
2855049	3050276	17
2135110	301288	35
1269341	4514417	6
372732	3050276	17
3231933	301288	35
1880052	52727	161
3654898	3050276	35
2097582	3050276	35
4627185	3050276	17
552249	3050276	35
301288	2548400	63
243140	1510232	2
504038	301288	35
3210378	1448805	157
1381336	301288	35
2961391	3050276	35
2828955	1510232	191
3259362	3050276	35
2129597	3050276	35
1336458	301288	35
570361	301288	35
486684	301288	35
2251111	652485	145
3535832	3050276	35
2274097	4514417	6
4284051	3050276	35
1510232	4038651	192
4606320	301288	17
1621967	2653518	190
2602434	2556761	333
3115203	3050276	35
3578348	996739	142
1306443	107297	448
1628368	301288	35
1510232	1552109	190
3846765	306639	149
2249299	4514417	6
3586663	301288	17
1510232	2997412	190
1886335	3050276	17
1510232	2976067	190
3438119	2548400	157
1659225	301288	35
4279109	1510232	2
1250432	3050276	35
441986	4514417	6
4311101	1510232	1229
484690	3050276	17
3262940	1510232	2
3519210	3050276	17
1741843	144335	66
1510232	939923	190
3489318	301288	35
719905	3050276	47
301288	2388997	63
618132	3050276	17
598068	3050276	35
1867758	1510232	2
3243593	3050276	35
1383236	306639	161
4043153	3050276	17
1448805	2919220	58
397839	3050276	35
733520	3050276	35
1426595	1384418	193
1916299	4514417	6
3336616	2500860	2207
4034245	3050276	17
343899	301288	17
4424260	1510232	191
1949577	301288	46
1510232	3159368	190
1953046	3050276	17
3504029	1510232	2
3867752	3050276	35
2857664	301288	17
935376	3050276	35
1510232	1222600	190
3432731	3050276	17
1744318	1652391	155
301288	2485699	63
814517	301288	35
4490837	3050276	47
1886256	652485	170
411126	3050276	35
144335	3050276	17
1451361	301288	32
4597813	301288	32
4119626	301288	35
1510232	708851	192
4559950	3050276	35
1621967	3115929	190
65857	16832	142
2145261	4490566	205
752896	301288	35
1645769	1510232	191
4484002	3050276	17
281535	3050276	35
3975904	301288	35
4314437	301288	35
2693270	3050276	35
1039986	301288	32
746633	301288	35
2840729	3050276	35
624030	3050276	35
4215322	301288	35
1033597	301288	35
1510232	3754361	190
4216305	4514417	6
3149114	301288	35
1451006	425501	170
3443387	3050276	17
2316175	301288	35
71846	3050276	17
2365065	1621967	2
1286701	3050276	35
4493668	3050276	17
359059	3050276	35
1750195	1510232	2
2775717	3050276	17
4498208	301288	35
1129190	301288	32
321587	301288	17
1510232	858699	190
464324	301288	17
3032764	301288	17
1453779	3050276	17
4382863	3050276	17
1510232	4442383	190
1510232	714395	192
3053468	1510232	2
2087648	301288	17
2678883	3050276	17
2038648	4514417	6
1009226	301288	35
467025	4514417	6
383914	1510232	2
3311124	3050276	35
478713	3050276	35
372332	301288	17
2985516	1621967	2
2518568	3050276	35
1510232	4351926	190
3223970	3050276	17
4063040	301288	35
1510232	1341050	190
1006407	3050276	17
798552	301288	17
324358	301288	17
1510232	2510144	192
107297	3407047	444
4505145	1510232	2
1671754	301288	35
1621967	4162718	190
1733926	3050276	17
4306513	4514417	6
301288	4091267	38
1447815	301288	35
787443	301288	17
523275	2603052	240
3993706	1510232	2
4120164	301288	17
3891287	3050276	35
243140	3050276	35
474547	301288	35
1083099	301288	17
3350338	3050276	17
701847	3050276	17
3293262	301288	35
2345576	301288	35
4156318	3050276	35
301288	1555564	63
1034633	301288	35
4408213	301288	35
1508663	3050276	17
3931800	301288	35
2103039	3050276	35
2822912	301288	35
940922	1510232	2
4304505	1510232	191
4334788	3050276	17
1294169	1510232	2
3578348	2255518	66
301288	1100370	38
4009739	301288	17
342428	3050276	35
1513060	301288	35
1504484	3050276	17
3829576	301288	17
4214446	3050276	35
3619590	2106163	193
234408	3050276	35
1510232	649865	190
1947377	301288	35
3708023	301288	47
1555979	2916586	735
4337975	2297132	145
572326	4514417	6
12502	3050276	35
590548	301288	46
4382002	301288	47
4154612	3050276	35
730574	1207081	74
259189	301288	17
1967580	1350054	60
2747547	301288	17
2010713	3050276	35
305497	3050276	17
523145	1510232	191
1865907	3050276	17
1895774	3050276	17
1510232	1663727	190
4162718	1621967	2
3418855	301288	35
1137433	301288	17
301288	4014491	63
2906353	301288	35
1862567	301288	35
2304960	301288	35
798552	3050276	17
3096679	301288	35
1510051	301288	35
3758475	1510232	2
1517803	301288	17
1510232	540128	190
4271490	3050276	35
4082700	3050276	35
301288	4509720	63
708513	301288	17
2575670	2483451	161
2652634	3050276	35
1510232	3549899	2168
2891488	1448805	170
4214446	301288	35
4314437	3050276	35
2968918	301288	17
4117031	3050276	17
48846	3050276	17
3001684	1510232	4
1250432	1510232	2
2927642	3050276	35
885772	3129045	168
301288	2632611	38
246788	301288	17
3414314	301288	17
2828955	301288	47
2297132	2848388	349
1510232	3319071	192
1510232	2625559	190
1555501	301288	35
1510232	2337135	190
1510232	4153122	190
4148419	3050276	17
2171317	301288	35
436952	4514417	6
2656302	301288	35
2185462	3050276	17
1510232	1621967	1379
2828390	301288	17
353700	1916299	155
820175	4095630	170
1098064	3050276	35
1352794	3050276	17
3058631	3050276	35
1378018	2067722	62
51486	3050276	35
219264	301288	35
716678	301288	17
1390926	301288	35
463341	301288	17
1575187	1510232	191
4428157	301288	35
3721958	4514417	6
1689762	301288	17
3661353	1020811	168
4014276	301288	35
1510232	2884791	192
1621967	1448805	190
1559078	2106163	137
1543441	301288	17
329194	3050276	35
543062	3050276	17
4163531	301288	35
409646	3050276	17
2647268	3050276	17
1628368	3050276	35
3726519	52727	168
872359	301288	35
2873214	3050276	35
185079	3050276	17
1694864	3050276	17
4432770	301288	35
3011459	3050276	35
3913884	3050276	35
2681888	3050276	17
301288	4146617	63
1816624	3026361	152
2389108	3050276	17
1111317	3050276	17
301288	2269252	63
4268698	1328178	329
4520899	3050276	35
1656714	2962986	60
4247350	301288	17
4641257	301288	17
3605704	4514417	6
1787780	624030	168
279540	301288	46
1510232	2076189	190
1553031	301288	35
652485	2251111	135
2926398	301288	17
610845	3050276	35
16832	4514417	6
3210378	4514417	6
2174667	301288	32
3350153	3050276	35
2767	3050276	35
1935765	3050276	17
789825	301288	17
4525945	4514417	6
1886335	301288	17
123937	3050276	17
301288	1102805	63
3311943	1510232	191
301288	592778	63
1018540	4312295	333
2230667	301288	35
721342	3050276	17
1596253	3050276	35
2775717	301288	17
1873089	301288	32
2359336	4395445	60
1513499	3050276	35
4328648	3050276	17
1985460	301288	35
4209264	301288	35
3606961	3050276	35
1022373	2624999	333
646934	301288	35
1378018	3050276	17
2814736	3050276	35
2653518	3050276	35
485929	3050276	47
1744318	3050276	35
144335	1741843	170
3418855	1510232	2
838715	3050276	47
1510232	499876	190
1797022	3050276	17
2556761	3050276	17
1706438	3050276	17
935376	301288	35
90604	3050276	17
4329260	301288	35
4222724	301288	17
2916586	1010343	60
2809353	301288	17
315705	301288	35
4362737	3050276	35
939923	1510232	2
4654868	301288	17
3823870	3050276	17
3344261	1510232	2
2187759	301288	17
234285	1510232	2
4605577	3050276	35
1338675	3050276	17
143751	301288	47
3076746	3050276	17
3293262	3050276	35
444570	301288	17
2624113	3050276	35
2487254	1994062	66
1510232	1989593	192
3893725	301288	17
791028	3050276	17
1587560	301288	46
3548207	301288	17
2037039	301288	17
4227334	3050276	17
3764437	301288	17
4378945	3050276	35
3090660	2602434	161
3495181	1510232	191
2747547	3050276	17
3489318	3050276	35
4163755	301288	17
4217127	1510232	2
2937061	301288	35
3471649	4514417	6
1460537	3050276	35
3677261	301288	32
4442560	301288	17
1510232	1346075	190
107948	301288	17
3308737	301288	35
1598963	301288	17
2510093	3050276	17
2013248	301288	17
2080950	301288	17
2487285	301288	35
1510232	3702899	190
1510232	37599	197
218108	1621967	1476
3396316	301288	17
1094992	3050276	47
3494584	1510232	2
3404730	3050276	35
1171321	3050276	17
3225761	301288	17
2483954	3050276	35
545677	3050276	17
2504811	301288	35
1741843	2309344	142
3901374	2396912	2500
1510232	3275649	190
2916586	606606	142
2500860	3336616	2456
1392744	301288	35
1524951	3050276	35
1914983	3050276	35
4205815	301288	511
259189	3050276	17
1962574	3050276	17
1408418	301288	17
2402583	3050276	17
1441069	301288	35
4353378	3050276	35
154687	301288	17
661215	4514417	6
3332563	1020811	193
1314002	3050276	17
1451006	425501	62
4209987	301288	35
824838	301288	35
2359336	2744666	329
2559574	301288	17
1510232	1776183	190
1065938	3050276	17
2379897	3050276	35
1275829	3606260	240
1621967	2489985	190
172992	2080866	101
397839	1510232	2
3632363	301288	17
4530712	3050276	35
3733944	3050276	35
827464	3050276	35
83756	301288	47
3026361	3626731	331
2729386	301288	17
2455202	1510232	2
2647011	3050276	35
3505755	3050276	35
1513499	1510232	2
3340186	1510232	2
4428157	3050276	35
1372854	3050276	17
464610	301288	35
2685775	301288	17
4451861	301288	17
1510232	2197413	190
3719327	1621967	404
1994062	4514417	6
2586681	301288	17
4040078	2919220	58
3618386	301288	35
1838364	3050276	17
4031743	301288	35
1583184	301288	47
634765	301288	35
517152	1510232	2
1471538	3115929	161
1510232	3264900	190
2435952	3050276	35
1656714	1734100	76
2483817	3050276	35
1621967	1510232	910
2678883	301288	17
4130191	301288	35
1510232	761219	192
1396676	3050276	35
2735506	3050276	35
1819592	3050276	35
3350153	301288	35
1510232	2147403	190
1468392	301288	32
4256083	3050276	35
2106163	680822	195
2889762	3050276	17
301288	2072870	38
3129045	885772	155
1355947	1693555	208
3947168	4382507	157
4024596	3050276	17
3115929	2389052	135
3001086	3050276	35
1134724	3050276	17
755863	3050276	17
1947377	3050276	35
4232261	3050276	35
1338708	301288	35
2602434	3090660	135
3120179	3050276	35
2243094	3050276	17
1002804	3050276	17
1212880	4236899	280
4320690	301288	35
4279768	3050276	17
920688	3050276	17
2017093	301288	35
501409	3050276	35
825565	3050276	35
3090089	301288	17
1474248	301288	35
355274	4514417	6
597620	3050276	35
3573390	3050276	35
2429497	425501	168
4507075	4162718	145
2271059	4514417	6
1956745	301288	17
1492954	3050276	35
2474741	3050276	17
440425	3050276	17
1437553	301288	17
1807245	3050276	17
2163681	1510232	2
1510232	3595165	192
505080	301288	17
1057468	301288	17
2483451	1825233	280
1807245	2483451	161
337184	301288	17
4338375	301288	17
3293285	301288	35
2605429	301288	35
1378018	2067722	170
3581780	1510232	2
2735099	301288	35
2057070	3050276	35
3272752	2127284	60
2435952	301288	35
831180	301288	35
3670909	301288	35
1968770	301288	47
1453376	301288	35
297472	3050276	35
3444081	301288	17
1908970	3050276	17
1300126	301288	35
1510232	956626	190
2884791	3050276	47
1404508	3050276	35
83784	301288	47
3726519	4514417	6
4052217	301288	35
2565615	3050276	35
3083473	1851930	142
301288	2538450	38
2881087	301288	35
4621063	3050276	35
3893194	301288	17
725175	3050276	35
187487	4514417	6
1621967	4382507	190
2994132	301288	35
301288	2873214	63
354380	3050276	35
1510232	3562474	190
240630	3050276	17
1459667	3050276	35
819270	1510232	2
1876763	4514417	6
2510055	301288	17
4546426	301288	35
1510232	1250432	190
885263	652485	145
164055	3050276	17
2962986	3050276	17
2862088	3050276	17
3263131	3050276	35
1877622	301288	17
1693555	2746887	280
2294747	1838364	60
1510232	3261252	190
2779428	3515944	71
4280022	301288	35
1637963	3050276	17
4422356	3050276	35
301288	2725660	63
1621967	2342803	3
810374	301288	35
4487670	3050276	35
2718442	3050276	17
3243593	301288	35
1510232	1596299	192
4353740	301288	35
4508482	301288	17
1396820	3050276	35
652485	2129427	135
1621967	3723245	825
353700	3579882	195
3351263	301288	32
3412751	1621967	1065
1065938	301288	17
6124	3050276	35
3083473	2919220	58
4471780	301288	17
3440824	301288	46
1851930	301288	17
3702057	301288	46
412862	4514417	6
154171	301288	35
397857	3050276	35
4421793	4514417	6
1875221	3050276	17
2106163	2157284	333
3879779	156085	157
4654868	3050276	17
699253	3050276	47
4441694	301288	35
2483451	2919220	58
3347439	3050276	35
324071	301288	17
3282806	3050276	35
3153020	3050276	35
3202772	301288	47
3164959	301288	17
1711090	3050276	47
803128	657758	170
791028	301288	17
4491865	301288	35
2373625	301288	35
1510232	3026361	190
301288	3412959	63
4006456	301288	35
1471538	4514417	6
1432332	301288	35
3562474	1510232	2
3606260	3847082	60
2559539	301288	35
2208253	3050276	17
2293598	3050276	35
3640857	301288	17
4293532	301288	35
3975137	301288	32
1926474	3050276	17
1984041	3050276	17
3839606	156085	208
3340186	3050276	35
537301	3050276	17
2831319	3050276	17
1083030	3050276	35
3900869	3050276	17
4162718	3606439	333
3972587	3050276	17
449543	3050276	17
3932187	3050276	35
1294169	301288	35
1360245	3050276	17
3610596	301288	47
3139885	3050276	17
301288	4161215	63
1510232	133889	190
3363968	4514417	6
301288	1921091	38
1621967	52727	190
1714339	301288	35
306639	2919220	58
4069448	301288	35
4380148	301288	35
3963862	1510232	191
190503	1510232	191
2534232	2067722	168
2631052	3050276	35
1510232	1263392	192
1214414	3050276	35
3181788	3050276	35
2590668	301288	35
1729262	3050276	17
4162718	3050276	35
4481402	301288	17
4531850	3050276	35
3829576	3050276	17
1081181	3050276	17
3518054	301288	35
1621967	3412751	860
4162718	4515317	135
2106163	1559078	487
4588024	3050276	35
3624765	1510232	2
595533	3050276	35
1390654	3050276	17
2772363	4514417	6
1151465	3050276	35
4514679	3050276	17
2559574	3050276	17
4422085	301288	35
2003415	3050276	17
180422	1510232	191
2603052	2919220	58
1621967	4605438	190
4143186	1621967	2
3145908	301288	35
1131797	3050276	35
3981199	3050276	17
1639459	301288	35
2633171	3050276	47
1017574	301288	17
2157965	3050276	35
88775	301288	35
3159368	1510232	2
1545289	301288	17
2528090	3050276	17
2657810	3115929	208
3318892	301288	35
597620	301288	35
1327606	301288	35
1448805	3537802	330
301288	608010	63
1596253	301288	35
2537314	4514417	6
100836	3050276	35
2659201	301288	17
648605	3050276	47
3204633	1510232	191
956626	301288	46
2067722	3050276	35
3216195	3050276	24
641416	3050276	17
3642089	1510232	2
1007615	301288	35
3231931	4514417	6
2589496	3050276	35
3939687	301288	17
3443152	3050276	17
1219265	301288	46
4295892	3018707	155
1741843	1892259	280
4040078	4173355	155
1103427	3050276	17
4265072	1018540	168
2179491	301288	17
4169380	3050276	35
3035990	3050276	35
2650389	3050276	17
4014740	301288	17
2965331	3050276	17
1621967	353700	190
301288	4311849	63
1510232	3347439	190
3310090	301288	46
1704217	3050276	35
809823	3050276	35
4321305	3050276	35
654020	301288	35
1510232	4006545	190
2080866	2919220	104
397685	301288	17
4150293	4278937	149
840073	301288	17
2073048	3050276	17
4471978	3050276	35
3353337	3050276	35
1524951	301288	35
436318	3050276	17
301288	1456054	63
219264	3050276	35
3456052	3050276	35
904070	3050276	17
2607648	1102805	193
312990	301288	17
1510232	4643385	190
3149829	3050276	17
249532	2297132	161
4323268	4514417	6
4358666	301288	17
3336616	4338080	2695
2269887	301288	32
1510232	838715	192
1744318	2919220	58
2872622	3050276	35
2632611	3050276	17
362888	301288	17
3889556	301288	35
4256083	3282710	155
4232883	301288	47
3566689	3050276	35
301288	4366806	63
4420692	3050276	35
1510232	2106163	190
4525847	4514417	6
1050004	3050276	17
1643687	301288	17
1876763	1022373	208
269056	4514417	6
1510232	4271490	190
4153594	301288	17
1384418	2919220	58
2894887	301288	35
4501090	3050276	17
511499	301288	46
2633989	1510232	2
2534232	4514417	6
830233	3050276	35
746769	3050276	35
2359336	2559672	142
3422138	3050276	17
3919379	3050276	17
2879351	3050276	35
2549389	301288	17
3129045	2727899	138
3260013	3050276	35
1676427	3050276	17
1692661	301288	17
1587560	301288	35
3953619	3050276	35
3953762	301288	17
412862	3050276	17
3900551	3050276	17
3289046	1510232	2
3353337	301288	35
3812339	3050276	17
3455590	4256083	157
1039986	3050276	17
1049540	3050276	35
145334	301288	17
2106163	1510232	2
2010713	301288	35
2057070	1510232	2
3995749	301288	46
2916586	209792	138
2469806	3050276	35
52511	3050276	17
840079	3050276	35
3083473	1851930	135
3847082	3606260	170
2985516	4288920	280
2951876	301288	35
652485	3297350	276
541472	3050276	17
4571234	301288	17
1341050	3050276	35
1968211	4514417	6
1638588	3050276	17
156085	112691	142
2885121	4514417	6
2521241	1693555	170
1772167	3050276	17
3574259	301288	17
3114084	2919220	104
577507	396755	66
301288	180419	38
3828007	3050276	35
1145183	301288	35
3847082	3050276	17
2106163	1996142	135
1082502	3050276	17
2232894	1066676	193
2803143	1018540	145
2008396	1510232	191
634921	3050276	17
1510232	609875	190
3630847	3050276	35
1005054	301288	35
3438119	4514417	6
3662580	301288	35
4231111	301288	17
1152501	3050276	35
4651891	1510232	2
1643102	3050276	17
1892434	301288	46
2625912	301288	17
15608	301288	35
409677	4514417	6
112726	3050276	35
4155818	301288	47
714113	3050276	17
2038648	3050276	17
463341	1656714	735
101560	3050276	35
2625559	1510232	2
2163737	3050276	17
1384418	4191228	135
1772639	3050276	17
2901941	2618063	62
30277	3050276	35
1900040	3050276	17
3231265	3050276	17
4515317	4514417	6
1510232	202717	190
3871781	1510232	2
2347954	3050276	17
721342	301288	17
1534014	301288	35
3600343	301288	17
301288	2372072	63
478341	1510232	191
4639462	3050276	35
2249299	52727	168
2487254	2919220	58
4466546	301288	35
2549389	3050276	17
1772708	301288	17
1642908	3050276	35
1661554	301288	35
1557076	3050276	17
2374151	301288	17
1671754	3050276	35
2650459	301288	35
4375973	301288	35
3566841	3050276	17
3704337	301288	17
343488	1744318	149
1022373	2919220	58
4177505	3050276	17
4600423	3050276	17
2349624	52727	137
3219153	3050276	35
3592386	3050276	35
755863	301288	17
2134787	301288	35
199872	3050276	35
318395	3050276	35
4395445	3050276	17
492115	3050276	17
3762019	301288	35
2603052	1880052	142
4362027	3050276	35
3848843	301288	46
2548400	623245	276
1542368	3050276	35
3893821	301288	35
4635882	3050276	17
3386220	301288	35
3531967	301288	35
4381709	1741843	208
1592021	3050276	35
3537802	1510232	2
3401467	3050276	35
2968678	3050276	17
1510232	2717982	190
1510232	4651891	190
3779264	3050276	17
301288	554587	256
2171317	3050276	35
3754361	3050276	35
3574709	1102805	62
1510232	8224	190
1194114	3050276	17
1510232	619772	190
79905	301288	17
4595600	1510232	2
1052260	3050276	17
3031509	301288	17
2246583	3050276	17
4487670	301288	35
12502	301288	35
21221	301288	35
1953046	301288	17
2762047	301288	1172
1510232	1578556	190
2026923	301288	17
4045320	3050276	35
286169	2985516	145
1510232	3081722	190
4408501	3050276	35
1088282	301288	35
696610	1510232	2
3402791	1303164	205
510642	3050276	17
752647	3050276	17
2672814	1510232	2
79905	3050276	17
4488013	301288	17
3614287	3050276	35
3575522	301288	17
1022843	1510232	2
2810151	1510232	2
4405745	3050276	35
1626263	301288	35
340702	301288	35
2585140	301288	47
2706554	301288	17
4525945	2602434	145
1161566	301288	17
2192198	301288	35
377291	4514417	6
929752	3050276	35
3557934	4514417	6
3083473	2850700	138
634765	3050276	35
301288	2647068	63
3428213	301288	35
156180	107297	448
1510232	517152	190
3206252	301288	35
4655400	425501	208
613212	301288	349
3782217	301288	32
3537369	301288	35
2960586	3050276	17
3416797	1510232	2
1510232	3141277	190
3727274	3050276	35
301288	3474167	63
3553863	3050276	17
2157284	2106163	152
1510232	427437	190
330336	3050276	47
1510232	1021413	190
2365065	3960798	125
3417294	4514417	6
965478	3050276	35
892177	301288	35
992423	301288	35
4418880	301288	35
848835	2271059	142
5820	3050276	17
3275396	301288	46
3547966	1018540	145
2168682	301288	17
3502852	3050276	17
709618	3050276	35
3839404	3050276	17
1635176	3050276	35
1409638	301288	46
1943673	3050276	35
306639	1383236	135
3772448	3050276	35
1103189	3050276	35
2045079	301288	17
778843	301288	35
874734	301288	35
1394057	3050276	35
2396912	3901374	3621
1510232	4269705	190
87	1018540	330
1294522	3050276	17
4353740	3050276	35
215528	3050276	35
4421793	3050276	17
4004923	4514417	6
4640877	1510232	2
3444235	1510232	2
3661095	301288	35
3940401	3050276	17
4049742	301288	35
634888	301288	35
534549	3050276	17
1510232	2150065	190
397513	3050276	35
4642867	3050276	35
1940782	3050276	17
3964641	3050276	17
1510232	3383187	190
1307436	3050276	35
797866	3050276	35
1949577	3050276	35
1510232	4522300	192
279540	3050276	35
1626263	301288	47
3981703	3050276	35
4488013	3050276	17
61829	3050276	35
4095041	3050276	35
2157392	301288	35
1510232	3445038	190
2302190	301288	46
2489985	1621967	2
2685775	3050276	17
1339354	3050276	17
4490566	1621967	206
214218	301288	35
4323268	65857	62
3694281	2106163	67
2118368	301288	17
4557131	3050276	35
2917313	4143186	62
375929	301288	17
3454088	301288	17
2404459	1510232	2
545914	301288	35
3003865	3050276	17
1143687	3050276	17
3560818	3050276	35
2732274	3050276	17
2580139	3050276	17
2269252	3050276	35
204817	3050276	17
3582326	301288	17
2281647	301288	35
2132368	3050276	35
301288	1348891	63
1741843	2274097	60
3235549	3050276	35
788829	301288	17
2680491	1510232	2
205801	3050276	35
2682320	301288	17
301288	4229350	63
2080780	301288	17
3216229	3050276	35
1441891	301288	46
3479482	3050276	17
2840729	301288	35
1816624	3050276	17
1633816	301288	17
4415694	3050276	35
2087648	3050276	17
2165567	301288	35
2082058	301288	17
4638844	301288	17
3690433	3050276	35
1756493	301288	17
1524036	301288	35
1510232	1366068	190
4250115	301288	35
3976627	3050276	35
3318892	3050276	35
1510232	3953619	190
1510232	2057070	190
3147438	301288	17
1621967	652485	190
1510232	100836	190
3114084	107297	210
1510232	1580239	192
1498467	3050276	17
3977363	301288	17
814517	301288	46
939923	301288	35
2420570	3050276	35
1225140	3050276	17
4218192	848835	170
3674767	301288	17
108735	1510232	2
1510232	1465513	192
301288	1409638	63
1510232	935988	197
820175	4514417	6
1322192	624030	170
3181788	301288	35
1651948	3050276	17
2873790	1510232	2
1253043	3050276	35
1212445	3050276	35
3645558	301288	17
3205168	301288	17
2785134	1510232	2
2430621	3050276	35
1903775	3050276	47
4279768	301288	31
4095475	3050276	17
2349624	4514417	6
1081181	301288	17
1790942	301288	35
3495246	301288	17
255697	301288	17
1441891	301288	35
4288811	1510232	2
278909	301288	35
76070	301288	35
634888	301288	47
2381491	3050276	35
3075980	301288	35
1942020	4514417	6
3336616	2500860	2500
48005	3050276	17
4483340	301288	17
116186	1510232	191
2156902	3050276	35
3946076	1510232	2
3415454	3050276	17
3854133	1510232	191
3153558	3050276	35
1256722	3050276	35
4216305	2294747	170
2246583	301288	17
301288	4573663	63
1510232	1773303	192
3359829	301288	46
1510232	3495181	192
1510232	2953249	190
1621967	218108	346
3177687	301288	17
161723	301288	17
1148544	1510232	2
2745752	301288	17
4095630	1621967	2
3578348	616967	280
4610342	3050276	17
708851	1510232	191
1208815	4514417	6
1021902	3050276	35
1994062	2487254	170
3195760	2044280	195
301288	2099078	63
4514076	301288	17
4155818	301288	35
1510232	3671665	190
3478481	301288	35
2534232	3050276	17
3762322	4514417	6
396790	301288	17
1524036	3050276	35
247115	301288	35
1172486	3050276	35
1355947	4514417	6
4014998	4514417	6
4055000	3050276	35
1770053	1510232	782
3427867	3050276	35
1420036	3050276	35
370411	301288	17
1322657	3050276	35
4359357	301288	35
2593119	301288	35
3640857	3050276	17
1029953	3050276	17
4481202	3050276	35
2012962	3050276	35
1621967	4143186	190
324358	3050276	17
427990	3050276	35
624082	3050276	35
3031757	3050276	17
3192629	3050276	17
173238	3050276	35
672577	3050276	35
1885185	3050276	17
1510232	3610596	192
3081864	3050276	17
2688353	301288	17
970561	301288	35
1766089	3050276	35
659421	4514417	6
991025	301288	35
1574307	301288	17
1510232	4336392	190
2404923	3050276	35
3972928	301288	17
2283009	3050276	17
3175810	3050276	35
1710371	1621967	2
1726805	3050276	35
4500389	301288	35
2534249	301288	35
1564510	301288	47
37841	3050276	17
2483817	301288	35
3702057	3050276	35
4467872	3050276	35
3297350	652485	149
307186	4514417	6
4183379	301288	35
4143531	3050276	35
2228255	301288	47
2957039	1744318	193
2654727	3050276	47
2798399	1656714	157
678703	1510232	2
4196600	3050276	35
2133522	3050276	47
1961780	1510232	2
2779428	301288	17
617047	3050276	17
2614109	301288	17
3662675	3050276	17
2085385	301288	17
3206252	3050276	35
543739	3050276	17
1621967	2297132	190
3729053	3050276	17
3753380	3050276	17
4641200	1018540	157
950996	301288	35
436221	3050276	35
3962900	3050276	35
1580857	3050276	47
1096714	301288	17
2387303	301288	46
1510232	3886722	190
1754658	3050276	47
2855368	301288	35
778682	3050276	35
2127284	3272752	62
507630	3050276	35
4175001	3050276	35
894727	301288	35
405605	1510232	191
1510232	1968770	192
3973827	3050276	35
4366806	1510232	2
3026361	1935765	333
1384418	1269341	276
4605438	4563146	280
866413	1510232	2
1510232	1528869	192
1207081	3515944	71
4306598	301288	35
3557336	301288	35
2713219	3050276	17
1300896	3140518	153
3606439	4162718	145
2926398	3050276	17
3836985	301288	35
885772	3050276	17
2297132	2484605	66
222865	2396912	346
1510232	3204633	192
3964641	4514417	6
164928	1510232	2
2102138	2507398	60
1976609	3050276	35
4095630	1510232	2
121327	3050276	17
2493123	3050276	35
1300751	3050276	35
3195760	1510232	2
3269	301288	35
4635882	301288	17
305031	301288	17
4158923	301288	35
305031	3050276	17
33350	1510232	2
652485	4500575	155
1053203	301288	17
1661881	3050276	35
3088505	301288	35
3378388	353700	208
1384848	3050276	35
3910514	301288	17
3506637	301288	35
3495499	3050276	35
4008392	301288	35
2761807	1510232	2
3521002	3050276	35
107449	3050276	35
4242838	301288	35
1426102	301288	17
1510232	3030658	190
3560818	301288	35
2486422	301288	17
4130311	3050276	35
56296	3050276	17
1656714	633364	276
803128	4514417	6
2394936	3050276	17
3759368	301288	17
2297132	3196585	135
342428	301288	35
4506819	3050276	35
1680441	301288	32
2919438	2297132	161
4522874	2919220	58
1510232	2161925	190
589623	3050276	17
4288920	306639	193
1510232	378238	190
2070758	301288	35
447557	4514417	6
4625886	3050276	17
2174667	3050276	17
1396896	3050276	35
1621967	2080866	207
3064504	301288	17
1260470	301288	17
4081925	1973521	60
1611775	3050276	35
675265	301288	17
2599589	3050276	35
4628067	301288	17
107297	2666149	444
2378586	301288	35
2639305	3050276	35
1621967	4522874	190
3964604	301288	47
3753103	3050276	35
1441069	3050276	35
213199	2603052	170
2338484	2106163	157
1639534	3050276	35
2916586	3050276	35
1897959	3050276	17
1886256	652485	145
1808614	3050276	17
1510232	3385047	190
211964	301288	35
3564220	3050276	17
609875	1510232	2
460233	3050276	17
1892259	4514417	6
4209071	3050276	17
2818018	3050276	17
2774452	3050276	35
4033819	301288	17
15608	3050276	35
606606	4514417	6
3253596	301288	35
4263266	3050276	17
1510232	678703	190
2294747	4218557	138
2483451	2537314	195
602683	301288	35
1384418	3050276	35
2550671	3050276	35
4537151	301288	511
4516541	3050276	35
2789844	301288	35
1818326	3050276	17
4229350	301288	35
2142925	301288	17
3550580	301288	35
2707263	3050276	35
1510232	1867758	190
1643687	3050276	17
3179587	4514417	6
4325121	301288	17
2359336	1275829	349
4500575	652485	168
301288	3733944	63
3762019	3050276	35
4522874	618819	138
1510232	428289	190
3364365	301288	35
427437	1510232	2
1510232	761219	194
2487254	2118700	60
3196585	4514417	6
2885774	3050276	35
1370118	3050276	17
3313531	1510232	4
161698	2359336	149
2548400	2919220	58
1809509	301288	17
4358666	3050276	17
3935686	301288	35
4642867	301288	35
2178348	301288	35
2848388	1018540	240
2479424	3050276	35
3501654	3050276	17
1946983	3050276	35
2885774	301288	35
504627	301288	17
4463120	3050276	35
1595655	3050276	17
1510232	1711090	192
2697990	3050276	17
3754112	3050276	35
1828199	3050276	17
2727606	301288	17
3881304	3050276	17
3643767	301288	17
1402111	4514417	6
202717	1510232	2
2446373	187487	1267
1453253	301288	35
1029604	301288	35
3026361	1621967	2
1307534	301288	35
2720654	301288	17
1825969	2359336	145
723422	3050276	35
387670	3050276	17
2108014	3050276	35
2694505	3050276	17
589623	301288	17
1576942	156085	62
602173	3050276	35
3275396	4245281	60
823401	3050276	17
38817	301288	35
362888	3050276	17
4498143	1510232	191
3279494	1510232	2
475640	301288	17
3973243	3050276	17
1066676	3075627	138
4603334	3050276	35
602683	3050276	35
2067722	2919220	58
611969	1510232	191
1000078	1741843	735
4357261	3050276	35
301288	1740841	63
2780462	3050276	17
3951316	3050276	17
4014491	301288	35
3606260	1910256	142
1887004	3050276	17
577042	301288	35
1485135	301288	35
2748212	301288	17
934464	4514417	6
2799149	3050276	17
1230890	301288	511
577507	2422966	60
3026361	162490	135
633364	4514417	6
2985081	301288	35
3308737	3050276	35
1308253	3050276	17
3907095	4514417	6
1510232	3602780	190
3126060	301288	47
301288	614591	63
425501	2474311	153
1923459	301288	17
652485	1795464	163
1462576	301288	35
2960344	301288	17
3336109	3050276	35
2483451	212483	487
1288725	301288	17
1435264	301288	35
4007591	301288	46
52727	2919220	58
3195760	3980007	163
1624760	1018540	62
3790418	3050276	17
755080	3050276	35
1471538	3050276	17
1510232	4010452	190
2953249	3050276	35
1872770	301288	35
1656714	301288	35
1425160	3050276	17
1656714	1082502	155
923322	301288	17
95641	3050276	47
3497732	4514417	6
3897327	3050276	17
3805873	3050276	35
465414	3050276	35
1510232	2294747	190
4450032	1510232	191
884654	3050276	17
3112459	2919220	58
1598910	301288	35
3822789	301288	17
1510232	646934	190
1530111	3050276	17
3115988	3050276	35
1358540	3050276	35
2215955	301288	46
2418080	3050276	17
3999205	301288	46
3932237	301288	35
3459179	1510232	2
1134724	301288	17
1510232	1022843	190
3865557	3050276	17
1510232	4424260	192
1510232	1358540	190
1448805	1397025	155
4095630	523275	349
4395044	3050276	17
301288	404245	38
4356945	301288	35
1610588	1510232	2
2058964	3050276	17
2957039	3050276	17
1449331	3050276	35
1384418	3552359	135
357836	1510232	2
4521104	3050276	35
4256083	4437888	163
3402791	3050276	17
2144079	301288	17
209792	3050276	17
1510232	4168634	192
4034973	3050276	17
1969796	3050276	17
4589722	3336616	2206
3164115	1510232	2
2772363	3050276	17
359059	301288	35
1510232	2642415	192
3868420	3050276	35
4625886	2916586	170
537921	301288	35
4122089	3050276	17
1400586	3050276	35
1683802	301288	35
4450032	3050276	47
811269	3050276	35
2080866	1621967	206
423715	3050276	17
3026361	1816624	333
3552359	1384418	161
2493787	4514417	6
3319462	1510232	2
278689	301288	17
3435135	3050276	47
179787	301288	17
2808012	301288	17
1555501	3050276	35
3469069	301288	35
825230	3050276	35
3050276	2080866	101
197429	301288	17
3227259	1510232	2
297315	301288	32
2500860	3336616	2206
1510232	2261713	3
4014998	2603052	161
3363311	3050276	17
1618104	301288	17
1510232	3407446	192
196058	3050276	17
3488883	1510232	15
3783933	301288	46
1510232	2089814	192
1510232	3407845	190
301288	1587560	63
3409266	301288	46
2540924	3050276	35
1598418	301288	47
3404949	1510232	2
1510232	3334967	190
3518054	3050276	35
2540450	425501	208
4583526	3050276	17
3724703	301288	35
2911907	3050276	17
2329131	301288	35
109332	301288	17
4648349	3050276	35
2129882	2548400	145
2719898	3050276	35
2688353	3050276	17
3492414	3050276	35
340702	3050276	35
1510232	1174629	190
3154537	301288	47
2659201	3050276	17
4212244	3050276	17
57008	301288	35
1645769	3050276	47
3385305	301288	35
3435135	1510232	191
820175	4095630	62
920425	3050276	35
180419	3050276	17
3501922	3050276	35
4509720	1510232	2
981901	3050276	17
4573663	301288	46
4537151	1510232	206
1510232	1720950	192
2653518	1621967	2
103259	3050276	35
728345	3050276	17
301288	1230959	38
1553031	3050276	35
3149440	3050276	35
2487254	2403257	66
1510232	3683526	192
2257247	3050276	35
122348	2916586	168
3237674	3050276	35
2008396	3050276	47
2698131	3050276	35
1399939	301288	17
1579863	301288	35
458604	301288	35
2213709	3050276	35
4084668	3050276	35
1689762	3050276	17
2963550	3050276	17
657758	803128	66
517152	3050276	35
3964604	3050276	35
4634414	4514417	6
3771317	301288	35
301288	3568613	63
4641867	3050276	17
1702056	1510232	191
205884	301288	17
3472867	301288	46
1510232	1230890	197
394241	301288	17
1510232	2879351	190
3901374	1275681	2500
2213709	1510232	2
3299127	301288	35
3983576	301288	17
3497262	301288	35
4364753	301288	17
592778	301288	46
301288	3759673	63
2562805	3050276	17
3690433	301288	35
634888	3050276	35
2861755	301288	17
1095929	3050276	17
1704217	301288	35
1483220	3050276	35
2441296	3195760	170
1018451	3050276	35
1307534	3050276	35
374306	301288	17
4462339	3050276	17
257330	3050276	35
205759	3050276	35
4442383	1510232	2
648605	1510232	191
4334916	301288	843
2618063	1622059	66
1659917	301288	17
2855587	1510232	191
1148174	3050276	35
1437553	3050276	17
2418080	301288	17
2881087	3050276	35
4036375	301288	47
3167161	1510232	2
1642908	301288	35
2583198	301288	17
2020515	3050276	35
665223	301288	35
606606	2916586	145
2226977	301288	46
349223	301288	35
760695	2603052	62
301288	637463	63
3034822	301288	35
3188592	4514417	6
1335045	301288	35
2489985	168091	60
4522874	301288	35
1510232	3223970	2168
1401447	1510232	191
4547502	4514417	6
3377084	301288	17
3083473	301288	35
301288	465918	63
1982756	3050276	17
301288	1797022	38
162490	3026361	161
1651948	301288	17
2985516	2919220	58
4375973	1510232	2
2770751	301288	46
156180	1621967	1065
3568613	301288	35
3341960	301288	35
2487254	3050276	35
1816162	3050276	17
3251524	3050276	35
2483954	301288	35
1240382	301288	17
301288	1720239	63
1510232	3726988	190
3974842	3050276	17
3513990	3115929	170
3407446	301288	47
1552109	1510232	2
3615306	3050276	17
2850700	4514417	6
3375589	3050276	17
4395445	2359336	62
2859531	3050276	35
486684	3050276	35
2855587	3050276	47
1510232	3416797	190
3951316	301288	17
1510232	2382954	192
4256083	1621967	2
1396820	301288	35
2070758	1510232	2
1599387	3050276	35
82442	301288	46
2400662	301288	17
511499	1510232	2
150781	301288	32
1000078	3050276	17
3841474	3050276	35
523275	1741843	240
1827142	3050276	35
752647	301288	17
2898963	301288	17
2329131	3050276	35
1510232	1970063	190
3251524	301288	35
144335	1741843	145
2249299	3050276	17
1426621	3050276	35
1070287	3050276	35
730031	301288	35
2237777	4514417	6
2187759	3050276	17
1721308	3050276	35
3119408	301288	17
4623098	301288	35
4573663	301288	35
1316922	1510232	2
2659279	1510232	191
306639	4288920	280
3264800	3050276	35
3609979	301288	35
362119	301288	35
377840	1510232	2
3583313	301288	35
3469069	3050276	35
3531243	2067722	193
2106163	2837906	135
2060065	301288	17
1510232	4353378	190
2824035	3050276	35
1107857	3050276	17
3705891	2548400	328
3674767	3275396	62
2849764	3050276	35
848835	4218192	60
2795596	3050276	35
2126682	301288	35
4259643	301288	17
4483649	301288	35
4523396	3050276	17
301288	3401467	63
680822	3050276	17
895447	4295892	62
3606439	4162718	152
4295892	2599677	66
286443	412862	66
2500860	3336616	3621
2400031	3050276	17
1053203	3050276	17
684827	301288	17
3603944	3050276	17
999165	301288	35
2700711	3050276	17
119864	1510232	2
1510232	2778277	190
2657343	320416	62
1510232	4406092	192
1388893	3050276	35
1621967	4278937	190
1394057	1510232	2
1720950	1510232	191
3889218	3050276	17
2396912	3336616	2206
2618063	2901941	60
1626061	3050276	35
4095630	4017195	135
3855849	301288	17
150132	3050276	35
3743662	3050276	35
932420	301288	35
2765492	1510232	2
3008330	1510232	2
4044068	301288	17
2020872	3050276	35
101560	301288	35
1280207	3050276	17
301288	4614481	63
112691	4514417	6
3289046	301288	35
1018540	3547966	142
4082700	301288	35
4062644	3050276	35
301288	3140281	63
2372398	301288	17
1384418	3798810	155
3467197	3050276	35
1300896	1621967	2
1510232	4513177	192
3764342	301288	35
1982756	301288	17
2761807	3050276	35
2828928	1510232	2
2317643	1510232	2
1510232	3854133	192
2811337	3050276	35
3253225	652485	137
1816624	4514417	6
1868271	3050276	17
578383	3606260	145
689241	3050276	17
1510232	264438	190
100992	3050276	17
3529257	3050276	17
3304611	4514417	6
1055748	3050276	35
1744318	407493	60
2388997	3050276	35
1339354	301288	17
2583970	2067722	157
3723245	3336616	3621
600372	2483451	62
3406961	301288	46
3797868	3050276	35
4153122	1510232	2
3902943	1018540	161
1352794	301288	17
4265869	3493003	170
1449159	301288	35
3566689	301288	35
2618063	2919220	58
820175	4095630	145
1036837	3050276	17
1069258	1510232	2
3151737	1510232	2
1510232	57008	190
1881790	301288	35
763159	2897262	375
255594	3050276	35
301288	2744666	63
1592021	1510232	2
3614287	301288	35
306639	467025	135
967684	3050276	17
1102805	2607648	280
4567096	301288	47
3175810	301288	35
3711885	301288	17
3204587	3050276	17
2354406	301288	35
4475575	1510232	2
1510232	2593889	190
1547892	1300896	145
3195760	2441296	66
675999	301288	35
286443	3050276	35
150781	3050276	17
1510232	4205815	197
3317657	301288	17
4599547	3050276	17
4382507	4549302	276
4269012	4514417	6
1207081	4514417	6
752597	3050276	17
3862484	3050276	17
1510232	4382507	190
1621967	970948	194
3914248	301288	35
1059637	301288	35
3424506	3050276	35
4557945	3050276	17
1082502	1656714	168
2045889	1510232	2
1510232	485929	192
2067722	2583970	138
2599677	4295892	170
2832465	3050276	17
1340278	306639	170
4218557	2294747	157
2570993	1510232	2
3336616	218108	2207
2170931	301288	17
1710371	2919220	58
301288	3312942	38
2871444	301288	511
2779439	3050276	17
2748131	301288	35
1510232	2878046	190
1510232	3764844	190
1710371	782698	142
3964604	301288	35
4264793	3050276	17
301288	1267768	63
2603052	1510232	2
3195760	3577083	135
3078773	4514417	6
1621967	4095630	190
443707	301288	32
301288	2048690	63
1397025	4514417	6
1510232	4522874	190
3516058	301288	17
3319462	3050276	35
2144850	301288	35
3460771	3050276	35
895447	4514417	6
301288	3351263	38
301288	791687	38
2848388	2916586	240
1186856	4081925	170
1562259	3050276	17
1036837	301288	32
3467197	301288	35
3478883	301288	17
4255265	301288	35
3129045	1928479	66
2053441	301288	35
2699991	301288	17
1967580	4525847	138
1621967	2618063	190
539783	3050276	35
27125	3050276	35
986976	3050276	35
301288	3406961	63
4153122	3050276	35
2449621	301288	35
4191440	3275396	62
4197785	301288	46
173238	301288	35
3775667	1510232	2
4321305	301288	46
133953	3050276	17
3130429	3050276	17
4162718	3606439	60
3115929	4255941	90
1962574	301288	17
4153660	3050276	35
1189298	3050276	17
1510232	1397875	190
2668099	3050276	35
80454	2297132	157
1877622	3050276	17
1510232	3099007	190
306051	3050276	35
2548400	307186	66
2420017	4514417	6
1634361	301288	17
4092495	301288	17
4064552	301288	35
1510232	3235665	190
4111680	301288	46
1450037	1510232	2
2165567	3050276	35
4295892	2885121	280
4148919	301288	35
795904	301288	17
3457493	3050276	35
39364	301288	17
870768	3050276	35
2985516	286169	66
3538312	301288	17
578383	4514417	6
1628112	3050276	17
1634446	3050276	35
1622059	3050276	17
2985347	3050276	17
3233529	3050276	35
3478883	3050276	17
4311874	301288	35
4018274	1510232	2
1510232	2020872	190
2476090	3050276	35
2376686	3050276	35
701822	4095630	149
791687	301288	17
281514	301288	17
1510232	4505145	190
2123505	301288	35
4351926	3050276	35
3410166	3195760	149
3619590	1018540	193
1510232	3488883	228
3178458	3050276	35
4378271	4514417	6
2884791	1510232	191
1448805	1275829	349
1510232	1828885	192
1887004	4382507	145
1359643	1510232	2
2653518	1510232	2
1510232	4026908	190
3140281	3050276	35
1451006	4514417	6
2647068	301288	35
1712431	1510232	2
447557	2779428	80
1456054	301288	46
1100754	3050276	35
931915	3050276	35
4162598	3050276	35
2602027	3050276	17
2618063	1621967	2
1851930	3083473	161
2700711	301288	17
2381053	3050276	35
3963270	301288	35
1051237	301288	17
1881862	3050276	17
4353044	3050276	35
1007615	1510232	2
1510232	2570892	192
185075	4514417	6
2568884	3050276	35
2538450	1022373	161
4423847	301288	17
1838364	4514417	6
4236899	4514417	6
4081925	1621967	2
3609979	3050276	35
10398	3050276	35
2510144	3050276	47
57008	1510232	2
1741843	2919220	58
4052217	3050276	35
2187403	3050276	17
3618445	3050276	17
4537151	1510232	441
1558765	4514417	6
1100415	301288	17
1857581	301288	17
257243	3050276	17
3359829	3050276	35
3606260	1808614	280
678142	1510232	2
2026924	301288	17
3111336	301288	35
3130168	3050276	35
610845	1510232	2
1453779	301288	17
4263266	1744318	157
3772059	1510232	2
205801	301288	35
1986016	3050276	17
2618063	2848388	349
3792525	301288	35
3958600	1510232	2
2779428	4514417	6
1956522	3050276	35
602150	3050276	47
3663941	3050276	17
156085	2919220	58
2145261	3050276	17
3459001	3050276	35
2297132	3512939	135
4644147	301288	35
2306086	3050276	35
1510232	648605	192
301288	4153594	38
130546	3050276	17
1510232	3033125	190
1510232	2611719	190
2712062	301288	17
3232839	301288	47
3983262	301288	17
1439968	301288	46
2434055	2548400	170
3537802	3050276	35
4025475	3050276	35
1744318	343488	276
2072870	3050276	17
52727	835826	142
836091	3050276	17
2157284	3050276	17
2449621	3050276	35
2611719	1510232	2
301288	440324	38
3808721	3050276	35
854827	3050276	35
211964	3050276	35
98941	301288	17
1161566	3050276	17
1621967	4380260	860
1510232	3839985	190
1945111	3050276	17
1752303	1510232	2
2848587	3050276	17
3962684	3050276	35
2355239	301288	35
3305405	301288	35
3429933	301288	17
2082642	3050276	17
1889191	1510232	2
492115	301288	17
2145261	4514417	6
4606213	3050276	35
2179491	3050276	17
1021902	301288	46
3752441	1510232	2
3989505	301288	35
3077605	3050276	17
1510232	1754658	192
3231110	301288	35
624030	4323868	135
2003415	3050276	32
301288	511499	63
1621967	3719327	346
301288	4232883	63
4634414	2548400	170
836091	301288	17
23425	1510232	191
2163681	3050276	35
2259703	4514417	6
3682922	3050276	17
1695565	1510232	191
4211083	301288	35
2638783	3050276	17
2487254	1621967	2
3032764	3050276	17
761993	301288	17
3630466	4514417	6
2846364	3050276	35
1621967	3083473	190
120355	3050276	35
4222421	301288	17
2780462	301288	17
1976609	301288	35
179787	3050276	17
929752	301288	35
3649702	301288	17
2130644	301288	35
3104195	3050276	35
61829	301288	35
678703	3050276	35
1192109	301288	35
1267768	301288	35
499876	1510232	2
2878046	1510232	2
4406138	301288	35
2207114	301288	35
1258117	3050276	35
3715529	3050276	35
1621967	2666149	860
1510232	2828928	190
1510232	2213709	190
301288	1320178	38
3759673	301288	35
4497714	301288	35
1281747	301288	47
4487046	301288	17
1621967	3112459	190
3401467	301288	46
3100256	1510232	191
842377	301288	35
2396912	3336616	2456
1474248	301288	46
1491909	3050276	35
1985404	301288	17
3549899	1510232	1229
196058	301288	17
2093297	3050276	35
1714339	3050276	35
1510232	2132368	190
2004135	301288	17
264438	1510232	2
301288	2919220	99
4590758	2779428	74
1621967	2396912	825
951423	3050276	17
1555564	1510232	2
3520054	301288	17
1510232	3702057	190
2624999	1022373	152
1510232	4513929	190
3147438	3050276	17
2602434	4525945	142
3415783	1510232	2
107297	3050276	17
1510232	2291812	190
3445261	3050276	35
3926183	3050276	17
1720064	301288	17
1420036	301288	35
215528	301288	35
1510232	2096831	192
2474311	425501	208
4437888	4256083	735
1717027	301288	35
4549302	4514417	6
1262420	301288	17
1803756	301288	17
2548400	4100234	142
290666	301288	35
4104882	4514417	6
2947886	301288	35
2017093	301288	46
2897262	2779428	102
3472867	301288	35
3899835	3050276	35
970948	4578317	4987
838715	1510232	191
211514	1020811	168
1510232	552249	190
1510232	2089308	190
3663941	301288	17
4249629	301288	35
893826	741681	62
38817	3050276	35
1586259	3050276	35
1510232	397839	190
2138803	3050276	17
2212804	301288	35
4330328	301288	17
4304597	301288	35
4255941	3115929	67
999165	3050276	35
3961502	3050276	17
323766	3050276	35
4251498	301288	46
510382	3050276	17
3191290	301288	35
3204633	1510232	782
3972793	3050276	35
2359336	885468	66
1510232	1069258	190
3683526	1510232	191
1510232	798826	190
4017195	3050276	17
573769	301288	47
1707573	301288	46
301288	659218	63
1510232	4238766	2168
1911633	1510232	2
4105351	3050276	17
4038651	301288	47
1372862	4306513	280
970561	3050276	35
3753606	1372862	62
2863408	301288	17
3974842	301288	17
3340611	3050276	17
608010	301288	35
1400586	301288	35
652485	2798399	138
1621967	1372862	190
1069107	3050276	17
1510232	4488458	192
4332283	301288	17
4288920	2985516	193
4081925	4086014	280
858699	1510232	2
1510232	124	190
4285609	3050276	35
1502980	3050276	35
286169	4514417	6
2400031	301288	17
1296844	3050276	35
2719348	301288	35
1621967	657758	190
4420692	301288	35
1510232	377840	190
107449	301288	35
2478256	3050276	35
2821506	3050276	35
3035302	3050276	17
4479701	2618063	157
850991	301288	35
2922841	3050276	17
3478893	3050276	17
1756493	3050276	17
1029901	301288	35
979613	301288	17
972128	3050276	35
4514076	4514417	6
3936019	301288	17
4146617	301288	35
2637977	301288	17
107297	2139510	444
554587	301288	741
642271	3050276	35
1729505	3050276	35
4255959	301288	17
1510232	3891434	190
1504898	301288	35
1528869	2779428	174
2727606	4514417	6
2080780	3050276	17
1510232	3557934	2168
2675756	301288	47
699563	301288	35
3548207	3050276	17
1877823	3050276	17
2161925	1510232	2
2744666	301288	35
2719045	3050276	17
2861755	3050276	17
4247758	1510232	2
1531950	1510232	2
2435042	3050276	35
3311124	301288	35
301288	4079820	38
1090998	3050276	17
1773303	1510232	191
716437	301288	17
1897371	306639	329
1510232	3331545	190
1510232	991025	190
805286	3050276	17
630385	3050276	35
3719327	3336616	3045
3178222	3050276	35
2661931	3050276	47
219129	301288	17
791687	301288	31
3459001	301288	35
1510232	119864	190
3742613	3050276	35
2019115	3050276	35
1510232	3200804	190
518979	301288	17
4070794	301288	35
112385	3050276	35
3200804	1510232	2
1058954	3050276	35
2708779	301288	35
1162580	301288	17
1857154	52727	193
1194433	3050276	17
1510232	2871444	197
2175854	3050276	17
2786854	301288	17
3468060	3050276	17
3401467	301288	35
1553758	301288	35
2297132	2919220	58
1621967	65857	190
1275829	1448805	240
1621967	2549191	860
3683526	3050276	47
2716392	301288	17
3104195	301288	35
768022	3050276	17
2150065	1510232	2
4573663	3050276	35
2840247	3050276	17
1946881	3050276	17
1510232	866413	190
3144114	52727	152
4009839	3050276	35
4135149	3050276	17
321587	3050276	17
2639305	301288	35
2323200	301288	47
2559672	4514417	6
2473887	301288	17
190002	301288	17
3311587	301288	35
4512654	1510232	191
3547337	301288	35
1510232	3758475	190
3753606	4514417	6
2908783	3050276	17
3557934	1510232	1229
1510232	4235266	190
788829	3050276	17
1683721	3050276	35
678142	3050276	35
4244854	301288	35
1510232	2571271	192
2603052	3891705	138
1741900	1510232	191
3361064	301288	17
190002	3050276	17
591577	301288	17
3493003	1621967	2
2599589	301288	46
429481	3050276	17
2990953	3050276	35
178111	3050276	35
4295892	2919220	58
843034	301288	32
3098212	301288	17
3979555	301288	35
3832299	301288	35
2226977	3050276	35
1117531	3050276	17
2771858	3050276	35
4652897	3050276	35
1399939	3050276	17
256796	2106163	161
3656454	3050276	17
403229	301288	35
1387210	3050276	35
3602780	1510232	2
1510232	2583352	190
1156308	3050276	17
2646593	301288	35
353700	2086881	138
3115929	3231931	276
301288	1707573	63
2713481	301288	35
743724	1510232	2
3540928	3050276	35
3583313	3050276	35
1209971	1510232	2
4368881	301288	17
1510232	1725069	190
1462576	3050276	35
325529	3050276	17
3671665	1510232	2
4144394	3050276	35
3960967	301288	35
3715529	301288	35
150781	301288	17
3629220	301288	35
1144772	301288	35
857537	301288	35
1230890	1510232	441
4483233	3050276	17
618819	4514417	6
1578556	1510232	2
4461255	3050276	35
4252601	3050276	17
902911	1510232	2
1921030	301288	35
234285	3050276	35
931915	301288	35
1336253	301288	17
4621063	301288	46
1510232	2252071	190
514955	301288	17
3902943	3050276	17
3233933	3050276	17
684315	3050276	17
325176	3050276	35
2871732	3050276	17
4295892	1510232	2
3344261	3050276	35
4202080	301288	17
2294221	1510232	2
2950585	3050276	35
1652391	1744318	168
4305023	301288	46
2476307	1510232	2
1970063	3050276	35
1510232	3690364	192
1096728	3115929	152
2359336	3416323	155
3723245	1621967	1476
1510232	307108	190
3494045	3050276	35
1148698	3050276	17
204392	3050276	35
1510232	3151737	190
4081925	591322	163
3115929	2499408	276
1510232	1491909	190
3981086	4278937	149
1656714	4378271	135
4258595	301288	35
1738826	3050276	17
1117531	301288	17
1031771	3050276	17
1279425	3050276	35
301288	4070794	63
2134535	3050276	35
1047259	3050276	35
1612380	3050276	17
1552109	3050276	35
96902	301288	35
1953712	1510232	2
2661931	1510232	191
4338080	1621967	2680
1510051	3050276	35
330336	1510232	191
4111826	3050276	17
2999290	301288	17
2045889	3050276	35
1419978	301288	17
2645592	301288	35
1619786	1510232	2
3606140	301288	35
301288	1599387	63
4252288	1510232	191
1510232	1712431	190
1051237	3050276	17
1234428	301288	17
315705	3050276	35
411126	301288	35
2397198	3050276	17
727411	4514417	6
1102843	3050276	35
1579863	3050276	35
573978	4514417	6
297472	301288	35
2520016	3050276	17
2050257	3050276	35
1728694	301288	46
4294428	3050276	35
3973243	301288	17
1712431	301288	46
84077	3050276	17
1197335	301288	17
1510232	1961780	190
1510232	405605	192
1018540	3619590	280
4040078	1510232	2
3831954	301288	35
2609416	3050276	17
2297132	1621967	2
1510232	3836985	190
2483451	1228999	153
3899835	301288	35
2387303	301288	35
2465432	3050276	17
1006407	301288	17
554587	301288	22
2408496	301288	17
2894677	2483451	149
1328178	3050276	35
4528859	3195760	170
3253619	3050276	35
2562805	301288	17
1212880	3050276	35
1102805	709742	138
2489985	1375327	155
1961780	301288	35
2489985	2919220	58
3054251	301288	46
3922666	3050276	17
3109045	1917936	210
4295892	1617311	138
634665	1018540	196
1059637	3050276	35
2067247	301288	17
1102805	2919220	58
1621967	3493003	190
2778379	3050276	35
1703263	1510232	2
2409425	301288	35
4508351	301288	35
4138142	301288	17
3932415	301288	17
3062399	3050276	35
4507075	3050276	17
4438396	3050276	17
2693270	301288	35
301288	2134067	63
3215995	1510232	191
3552359	4514417	6
441986	3115929	157
4617737	3606260	145
1329352	301288	17
2758608	3050276	35
2758608	301288	35
3662675	301288	17
1264743	3050276	17
3140518	4514417	6
1621967	886661	207
2102392	301288	35
1091363	301288	17
1510232	1938396	192
698687	301288	35
18023	3050276	35
535333	3050276	47
23872	301288	35
2420017	1212880	170
1979880	3050276	17
1510232	2656577	190
572326	1510232	1229
359816	3050276	17
3191935	301288	35
854827	301288	35
185079	301288	17
301288	1947495	63
1510232	1007615	190
3231931	3115929	149
1510232	3216229	190
1923980	301288	35
540128	1510232	2
499876	301288	35
1396953	3050276	35
2556256	301288	35
412219	3050276	35
2718442	301288	17
2243094	301288	17
2455202	3050276	35
301288	1088282	63
979613	3050276	17
112385	301288	35
1621967	1022373	190
4607557	301288	35
3963862	301288	47
770685	3050276	47
3762322	2487254	149
2344581	3050276	35
380515	3050276	35
2778520	3050276	35
316679	301288	17
893826	3050276	17
1414030	4599547	210
1360449	3050276	17
1621967	1414030	207
1744318	591577	280
1510232	3624765	190
2263933	301288	35
376935	1510232	191
2269252	301288	35
952770	1510232	191
267346	301288	35
3435506	3050276	35
2096831	3050276	47
3425661	3050276	35
2883182	301288	35
2359336	4020943	66
3690364	301288	47
3934526	301288	17
2238291	1510232	4
1045813	301288	35
1510232	3475262	190
133889	3050276	35
3647980	301288	17
3782936	301288	17
2082642	301288	17
2588703	301288	17
1695565	3050276	47
4095475	301288	17
1397875	3050276	35
1436776	301288	17
3670909	3050276	35
1819532	301288	35
728468	3050276	17
4525847	1967580	157
3893725	3050276	17
219282	301288	17
3979237	3050276	35
1118423	301288	17
3075627	4514417	6
2493787	3050276	17
1020811	573978	138
440425	301288	17
1742781	301288	35
3120179	301288	35
3642089	3050276	35
301288	2478256	63
4426548	301288	17
3795571	301288	17
4095630	617047	155
2570892	301288	47
1088282	301288	46
1621967	1300896	190
3483342	3050276	35
3115520	2487254	168
634678	301288	35
2133522	1510232	191
2703979	3050276	35
1926727	3050276	35
3716094	3050276	35
1300896	1547892	142
1741890	301288	46
1580239	3050276	35
1997204	301288	17
2808012	3050276	17
313236	3050276	17
3733944	301288	46
1510232	160920	192
275236	3050276	17
1057531	301288	35
3053821	301288	17
204604	3050276	47
2128220	3050276	47
237994	301288	17
4628067	3050276	17
637463	301288	46
2909409	3050276	35
4593939	301288	17
671492	301288	47
1651098	3050276	35
1599216	3050276	35
1022373	2277249	60
463864	3050276	17
199184	301288	47
4250469	3050276	17
3304611	3112459	62
3032144	1510232	2
1656714	2798399	138
3293285	3050276	35
465665	3050276	35
1398249	4514417	6
2115238	3050276	17
3412959	301288	46
1656714	2283009	142
4336392	1510232	2
2571271	3050276	47
83756	1510232	191
3753779	3050276	17
3340746	3050276	35
3764844	301288	35
1148981	3050276	17
4424130	301288	17
2590265	301288	35
3001086	301288	35
90595	301288	17
2156902	301288	35
3031792	301288	35
2246610	3050276	17
1692996	301288	35
2044681	301288	32
4552545	3050276	35
4338080	3901374	3621
3284859	301288	17
2450682	301288	17
145334	3050276	17
4628902	301288	17
3568613	3050276	35
2245128	3050276	17
4500389	3050276	35
4447691	3050276	35
1744318	4263266	138
2176598	3050276	35
1510232	4375718	190
1510232	3581780	190
1621967	446981	197
3042021	301288	17
1717987	3050276	17
4516541	301288	35
1510232	190503	192
301288	281514	38
3272752	301288	35
306639	760292	153
3042021	3050276	17
3880512	301288	17
1297853	301288	35
2906919	1510232	2
306763	1510232	2
1634361	3050276	17
293169	301288	1123
1605291	301288	17
2779428	730574	71
2067722	2534232	155
1621967	2396912	346
1904609	3050276	17
83784	3050276	35
2719348	3050276	35
4045320	301288	35
831180	3050276	35
2150065	3050276	35
290672	1510232	2
914663	1510232	2
4599547	1414030	205
4095630	3078773	280
3733944	301288	35
1510232	4311101	2168
3327508	3050276	35
4538133	3050276	35
1750195	3050276	35
2642415	3050276	47
4490566	371133	210
301288	3311124	63
4573400	1510232	2
301288	2246583	38
87	3050276	35
3115520	3050276	17
1322192	624030	62
1993050	3050276	35
95641	1510232	191
1734100	1621967	75
4422704	3050276	35
3710733	4514417	6
3852620	3050276	17
4018274	3050276	35
2147184	3050276	17
2210233	3050276	35
4627185	301288	17
301288	1831792	63
301288	1534014	63
4625698	3050276	17
901373	3050276	35
2684710	3050276	17
1295170	301288	35
2082955	1510232	191
951423	301288	17
2289072	3050276	17
1686790	3050276	47
2864384	301288	17
301288	4048387	38
2184882	3050276	35
2296894	301288	35
1612380	4514417	6
3606260	578383	142
1004659	301288	35
2112727	301288	17
4123142	3050276	35
4386872	3050276	35
1316922	3050276	35
2916586	2493787	142
2447077	301288	17
1522885	3050276	35
301288	1262495	63
1510232	4018287	190
353700	3986453	333
2063653	301288	17
958743	301288	35
2956864	4508351	260
950996	3050276	35
3216195	3606260	240
2061985	301288	17
4403654	3050276	35
3910514	3050276	17
3211988	107297	448
4587448	3050276	17
2736139	3050276	35
3472867	3050276	35
132797	301288	17
652485	1886256	142
624030	1787780	155
1790881	3050276	35
3336616	2396912	2695
1267753	301288	17
1777344	301288	35
429481	301288	17
1510232	1714543	190
1320178	3050276	17
30277	301288	35
1510232	675999	190
106635	3050276	17
2338373	3050276	35
680269	301288	17
3272752	3298825	66
3759673	301288	46
2988167	3050276	35
4123142	1510232	2
3705536	3050276	35
2972530	3050276	35
1193899	301288	35
1074350	3050276	17
4226033	3050276	17
4566280	3050276	17
475640	2548400	161
172809	3050276	35
4123607	301288	35
681058	3195760	145
657758	3050276	35
4462030	301288	17
199184	1510232	191
1510232	4342678	190
1892259	1741843	193
1510232	2828955	192
1953790	3050276	17
2771858	301288	35
2298491	301288	17
4302673	3050276	17
2414232	3050276	35
4582806	3050276	35
218108	3336616	2206
2066291	301288	17
4177505	3115929	161
124	3050276	35
1510232	1889191	190
4641200	3050276	17
1022373	2538450	135
1366068	1510232	2
2565187	301288	35
3283033	301288	35
2309344	1741843	145
1973483	3050276	35
4639462	301288	35
3960967	301288	47
1383473	3050276	35
301288	1553031	63
2821506	301288	35
1294522	301288	32
3248608	3050276	47
3618386	3050276	35
3283033	3050276	35
2326649	3050276	47
4589424	301288	35
3488833	301288	46
1510232	4490837	192
1106808	3050276	17
2565025	301288	17
123937	301288	17
4359757	3050276	35
1611775	301288	47
3730379	301288	17
4640352	3050276	17
2645592	3050276	35
2297132	249532	135
2905557	1510232	2
1996142	3050276	17
301288	1125669	38
2563410	3050276	35
396755	4514417	6
2563410	301288	35
3962900	301288	35
1510232	1784062	190
246788	3050276	17
2981520	3115929	145
301288	1413329	63
4095041	301288	35
1670127	3050276	35
1295587	3050276	17
1461395	3050276	17
4598775	3050276	35
859698	3050276	35
2487254	2478851	138
4205815	1510232	441
3377084	3050276	17
2631052	301288	35
585998	3050276	35
572103	3050276	17
3291210	301288	46
3514104	3050276	17
4127835	3050276	35
1870823	3050276	35
4020943	2359336	170
2379616	301288	35
301288	1712431	63
422284	3050276	35
598068	301288	35
1510232	1848644	190
4655400	4514417	6
3083473	185075	153
2175854	301288	17
4329260	3050276	35
1510232	3344261	190
2924805	301288	35
1510232	1812839	192
2906500	3050276	17
3901374	3050276	17
691771	3050276	17
4040078	2250941	142
301288	150781	38
4342678	1510232	2
1059030	3050276	17
4257161	3050276	35
4196600	301288	35
1118423	3050276	17
56732	301288	46
3226859	301288	17
375929	3050276	17
329194	301288	35
4191228	4514417	6
1021182	301288	35
1510232	950444	190
1831792	1510232	2
474547	3050276	35
2178348	3050276	35
2701988	301288	35
9448	301288	35
3932136	3050276	35
1050004	4514417	6
1628112	301288	17
1621967	2139510	860
2474096	3050276	35
3536166	301288	35
301288	2418679	38
301568	3050276	17
1510232	3368458	190
1510232	2045889	190
3955658	1510232	191
3402391	301288	35
1451361	3050276	17
3114822	301288	17
301288	2248737	63
1020811	211514	155
3153220	3050276	35
395584	3050276	17
3772448	301288	35
301288	3956262	63
2174261	425501	196
9448	3050276	35
3282806	301288	47
1621967	3606260	190
1550408	3050276	35
1772167	301288	17
4572954	1510232	2
4366570	1510232	191
1546352	301288	35
2085385	3050276	17
3698724	301288	17
1510232	3444235	190
3076749	3050276	17
3956262	301288	46
1510232	3789004	190
24128	301288	46
1510232	1575187	192
440921	301288	511
71846	301288	17
4129682	3050276	35
1639459	3050276	35
1275681	1621967	404
1903775	1510232	191
1510232	2512164	190
3248642	3050276	17
2034921	3050276	17
301288	1029953	38
4438396	301288	17
2720654	3050276	17
2372072	3050276	35
2483451	2575670	135
1510232	747390	197
2345576	3050276	35
2810151	3050276	35
291002	2919220	104
4081925	2919220	58
3033125	1510232	2
984582	301288	35
23425	301288	47
1650257	3050276	17
994470	301288	35
730031	3050276	35
2359336	2919220	58
3617222	4514417	6
1510232	2665112	190
2566545	3050276	35
1510232	4154612	190
4232883	1510232	191
1596299	301288	47
4390979	3050276	35
1219265	301288	35
301288	3090089	38
3075980	3050276	35
354380	301288	35
1018540	4641200	138
1929160	3050276	17
2632510	3050276	35
4423782	3050276	17
1515796	301288	35
1020293	1510232	191
659421	52727	149
1510232	1233091	192
2185462	301288	17
1928479	3129045	161
3139885	301288	17
107297	156180	444
2431215	301288	17
3480095	301288	35
1510232	2951141	192
3031792	3050276	35
3353156	3050276	35
3606260	1275829	349
1510232	1221512	192
835826	52727	145
4229096	3050276	17
4471780	3050276	17
1896319	301288	35
691771	301288	17
846113	1510232	2
4010831	3050276	35
3196705	301288	35
1330358	301288	17
4138792	1510232	2
994470	1510232	2
795904	3050276	17
1377937	3050276	35
1392744	3050276	35
1639966	3050276	35
2245128	301288	17
1656714	463341	163
451419	301288	32
3326158	301288	17
3123751	3050276	35
1510232	3727274	190
986976	301288	35
747390	1510232	441
2049314	3050276	17
1676952	301288	35
3730004	3050276	17
3875849	301288	17
1307694	3050276	35
1655792	3050276	35
205642	3050276	17
281535	301288	35
306639	1897371	330
1510232	523145	192
2807653	3050276	17
3474167	301288	35
3078773	4095630	193
2570993	301288	35
2435830	4514417	6
2660254	3050276	35
2765492	3050276	35
4014491	301288	46
3780091	301288	47
1510232	2082955	192
1510232	3435135	192
1129190	301288	17
3646023	3050276	35
714875	3050276	35
4322763	301288	17
1510232	3955658	192
143751	301288	35
4603866	3050276	35
3900551	301288	17
4256083	2919220	58
2703979	301288	35
2080866	204817	10
257330	301288	35
2281647	3050276	35
4341630	436952	155
2693098	301288	35
3841049	301288	35
301288	3782217	38
1609280	301288	35
2297132	295533	153
637128	301288	17
404245	301288	32
2487254	2403257	142
613212	3050276	35
3245447	3050276	17
1078385	301288	35
431004	3050276	17
3120139	3050276	35
1510232	3100256	192
724783	3050276	17
4465157	301288	17
301288	1773276	63
1761229	3050276	35
2441296	3195760	62
1562259	301288	17
3216229	1510232	2
1510232	2993529	190
2953249	1510232	2
4037329	301288	17
1510232	3909935	190
2358028	301288	35
1281747	3050276	35
2550428	301288	35
3145650	4514417	6
3456567	301288	17
3043888	3050276	17
3730379	3050276	17
3549717	1510232	2
689241	301288	17
2653518	3081864	142
3249376	301288	35
3851487	4514417	6
2309344	4514417	6
2990953	1510232	2
1711090	1510232	191
4631968	301288	35
295533	2297132	208
4397334	301288	35
3250804	301288	17
3600343	3050276	17
4573400	3050276	35
3173797	2603052	161
2017514	4162718	168
2675756	3050276	35
4515880	301288	35
2434055	301288	17
4496422	3050276	35
4058540	3050276	35
523145	3050276	47
2166921	301288	47
2746887	4514417	6
2727899	3129045	157
4116421	1510232	1229
457564	1212880	62
1275054	301288	35
2758722	1510232	2
285159	4278937	157
3707847	3050276	17
800225	301288	47
510601	301288	17
3775640	3050276	35
3725668	301288	17
1165784	3050276	35
2637599	301288	47
301288	1451361	38
460233	4514417	6
856996	3050276	35
4104882	741681	152
3010995	301288	35
4625698	301288	17
1330358	3050276	17
2872622	301288	35
1621967	2483451	190
107948	3050276	17
553243	301288	17
2414232	301288	35
2770751	3050276	35
1103427	301288	17
301288	160192	63
2021364	301288	17
1020293	3050276	47
1113402	301288	17
3618097	3050276	35
2908922	301288	35
4651891	3050276	35
1510232	3342869	190
3471649	3050276	17
1073778	306639	157
2441296	4514417	6
2666149	1621967	1065
2066943	3050276	35
2359521	3050276	35
653484	301288	47
4493668	301288	17
1886256	652485	62
1229140	3050276	17
2579474	301288	46
3253596	3050276	35
3753507	301288	35
3436805	301288	17
2252660	301288	17
637463	301288	35
1510232	3616430	192
2985516	286169	142
2238291	4514417	6
3702057	301288	35
2603052	760695	60
4155137	301288	17
556438	3050276	35
873567	1510232	2
2633171	1510232	191
2725660	301288	35
3129045	2563388	142
2598470	301288	35
2779428	670165	71
3119187	3050276	35
3742613	301288	35
1102930	301288	35
2233334	3050276	17
3754112	301288	35
4215322	3050276	35
2985347	3578348	168
4129682	301288	35
3606260	1360981	66
4306206	1693555	157
1388893	1510232	2
1442650	301288	17
3275649	3050276	35
1510232	1744318	190
699286	301288	17
779814	3050276	17
1311020	301288	35
708851	3050276	47
2650459	3050276	35
1120172	4514417	6
3244322	3050276	35
805605	301288	17
395845	4514417	6
809823	301288	35
2510144	1510232	191
2625912	3050276	17
301288	1284157	63
4510592	3050276	17
2563265	301288	35
800225	1510232	191
301288	4002731	63
4505024	301288	17
1752917	301288	35
2615827	3050276	35
3932187	301288	35
2378586	3050276	35
798826	3050276	35
3438013	301288	35
4364753	3050276	17
301288	2917230	63
2072870	301288	32
1100754	301288	35
301288	2269887	38
1063623	301288	35
1971085	301288	35
336166	3050276	17
3901374	3723245	2500
279540	301288	35
4093956	301288	35
4571234	3050276	17
1545473	301288	17
1073920	1510232	191
3817128	3050276	17
362254	301288	35
3975496	301288	46
570154	4514417	6
1070516	301288	35
3764844	1510232	2
1267768	301288	46
4177922	3050276	17
2429497	4514417	6
4599547	4514417	6
1786631	301288	17
2747292	301288	35
761234	301288	17
903962	4514417	6
4578317	970948	3126
3495181	3050276	47
4278937	2839732	487
4311849	301288	35
1510232	2133522	192
1510232	3313531	3
2373625	3050276	35
3577083	301288	17
1303164	3402791	210
2717982	3050276	35
972128	1510232	2
4637497	301288	17
3415454	4514417	6
570154	320416	168
2584585	3050276	17
4153594	301288	32
4512654	3050276	47
751016	301288	17
1626263	3050276	35
600372	4514417	6
460233	657758	193
3076749	301288	17
3282710	4256083	168
3979555	3050276	35
4025475	301288	35
596794	52727	193
1436184	3050276	17
1770053	3050276	47
1139050	3050276	35
1322657	301288	35
3913884	301288	35
2548400	4634414	66
617047	4514417	6
168091	4514417	6
1546344	3050276	17
1496698	3050276	17
4590758	2342803	74
3934526	3050276	17
2548400	1621967	2
2298491	3050276	17
3705536	1510232	2
2618063	3050276	35
4147425	301288	35
3429933	3050276	17
2989698	1300896	137
33774	301288	35
3030658	3050276	35
1278022	3050276	35
2873790	3050276	35
1122453	301288	35
114045	301288	35
1510232	2761807	190
5820	301288	17
3903776	3050276	47
2957506	3050276	35
1621967	1212880	190
3297788	301288	47
2561498	1510232	191
2905557	3050276	35
2338373	1510232	2
3275649	1510232	2
997441	301288	17
2302543	3129045	161
1510232	661215	3
4561590	301288	35
3012441	3050276	17
3455590	3050276	17
2549611	301288	17
3043888	301288	17
1805167	301288	17
764569	301288	35
3022218	301288	17
2736902	3050276	35
4478635	3050276	17
1510232	2163681	190
903962	2106163	161
2144079	3050276	17
2832465	301288	17
2879351	1510232	2
3440824	301288	35
2603052	760695	142
3919379	301288	17
2918670	3050276	17
808595	3050276	17
3901374	4589722	2500
1793282	3050276	35
2594732	301288	17
2594732	3050276	17
2837906	4514417	6
3112459	3304611	60
1692661	3050276	17
2651180	3050276	35
2706554	3050276	17
932420	3050276	35
3118581	301288	35
1728694	301288	35
4009667	3050276	35
3738971	301288	17
3568800	3050276	17
2255518	3050276	17
293169	1022373	983
3496629	301288	47
1439052	3050276	35
1384418	1621967	2
1624369	301288	35
18023	301288	35
1906653	301288	35
301288	3783933	63
436952	4341630	62
1530145	4605438	157
3272752	1621967	2
1254062	301288	35
286048	3050276	35
716678	3050276	17
3445038	3050276	35
4377771	301288	46
1125669	301288	32
4002731	3050276	35
3733730	301288	35
407493	1744318	62
2520016	301288	17
521297	3050276	35
3144114	3050276	17
2823028	4514417	6
751016	3050276	17
3279494	301288	35
1581712	301288	17
1018540	1621967	2
967684	301288	17
3808721	301288	35
532773	3050276	35
2959793	3050276	17
4532263	301288	17
2572808	3050276	17
1510232	800225	192
61888	1710371	168
1663727	3050276	35
3334967	1510232	2
301288	624082	63
285534	3050276	17
2061985	3050276	17
1323617	3050276	17
1510232	4175001	190
44009	301288	35
1165784	1510232	2
1510232	104508	190
1534947	301288	17
2785134	3050276	35
1510232	1634446	190
4499528	301288	35
2048690	301288	46
3829697	3050276	35
1510232	3549717	190
1510232	112726	190
3211422	3050276	35
4157892	3050276	35
4192946	3050276	17
1051251	3050276	17
3651732	3050276	17
40719	301288	32
1402111	3578348	149
3579882	353700	196
3909935	3050276	35
2323200	301288	35
1510232	3232839	192
3537369	3050276	35
2132368	1510232	2
4622721	3050276	35
1128497	3050276	17
2483292	301288	17
839604	3050276	35
1529126	301288	17
2744666	2359336	330
1510232	4295892	190
1031771	301288	17
3515944	1207081	74
2691221	3050276	35
23743	1510232	2
1510232	2582577	190
1510232	994470	190
1544019	3050276	35
3336616	2396912	2500
1346075	3050276	35
4256083	3455590	138
81475	3050276	17
1328178	2919220	58
4453784	301288	17
3730753	301288	17
1744318	1621967	2
3702899	3050276	35
1510232	2236535	190
1282736	3050276	17
503613	301288	35
2028796	301288	17
2112096	3050276	35
455078	301288	35
1502980	1510232	2
1908214	301288	35
3002000	301288	35
1510232	2166921	192
4465157	3050276	17
4031743	3050276	35
1348891	3050276	35
2201980	3050276	35
1306285	301288	17
3558191	301288	17
4069448	3050276	35
4104882	301288	17
1502091	3050276	17
301288	4247666	63
170757	301288	35
1510232	4512654	192
2712681	301288	17
3862484	301288	17
1684743	301288	35
3702057	1510232	2
3159368	3050276	35
3558191	3050276	17
353208	301288	35
698963	301288	17
2548400	234107	280
3136186	301288	35
2859531	301288	35
3520054	3050276	17
215528	1510232	2
1121732	301288	17
779814	301288	17
331044	3050276	35
1192109	3050276	35
2478851	3050276	17
3886722	1510232	2
669355	301288	35
1510232	2570993	190
3336616	3723245	2207
1510232	3259599	192
318395	1510232	2
304321	301288	17
2628381	301288	17
1946983	301288	35
4253453	3050276	35
4141288	3050276	17
2608527	3050276	17
1848644	1510232	2
81475	301288	17
301288	1864542	38
1510232	1311750	192
3909935	1510232	2
962756	1510232	191
1510232	427604	192
80085	301288	1172
3955832	1510232	2
698687	301288	46
1510232	4389221	190
904070	301288	17
1030332	3050276	35
1182921	301288	35
2499736	3050276	17
4574935	301288	35
1510232	2397682	192
2045079	3050276	17
4094673	3050276	17
3235665	1510232	2
202717	3050276	35
2102593	3050276	35
3443152	301288	17
2632611	301288	32
4572480	301288	35
1510232	2103039	190
2342803	3515944	71
2795596	301288	46
4225491	3050276	17
614591	301288	46
3964641	1510232	1229
1510232	4007591	192
3226859	3050276	17
1510232	940922	190
741681	2919220	58
286169	3050276	17
1510232	1687826	190
1510232	4648349	190
1510232	1502980	190
4162718	1881862	195
257243	301288	17
1498467	301288	17
1250689	3050276	35
2230667	3050276	35
4067970	3050276	35
306639	3846765	276
344583	3050276	17
3945031	301288	17
3336616	4514417	6
301288	2215955	63
2666751	1510232	2
3971392	3493003	170
427437	3050276	35
1226649	301288	17
2985081	3050276	35
4270300	301288	35
202259	1510232	2
2270550	301288	17
3026370	3050276	17
1448805	2891488	60
3532213	301288	17
1007144	301288	17
3196230	3050276	35
4232261	301288	35
1510232	52727	190
3195760	4528859	66
1121821	301288	17
3626731	3026361	328
4306206	4514417	6
2425069	301288	17
2686794	3050276	35
3266647	3050276	17
1741843	395845	142
1327606	3050276	35
1174629	3050276	35
3667443	3050276	17
170700	3050276	35
778682	301288	35
306639	3050276	35
2118700	2487254	62
4605438	1530145	138
42853	301288	17
1414375	301288	17
3618526	3050276	35
1039986	301288	17
1510232	2458343	192
1080368	301288	17
3979237	301288	35
591322	3050276	17
1578556	3050276	35
741681	893826	60
2958967	301288	46
423284	301288	35
698963	3050276	17
4339888	301288	35
743724	3050276	35
1788424	3050276	17
3772059	3050276	35
1621967	1656714	190
2451861	3050276	35
4235266	1510232	2
2498220	301288	17
3310090	3050276	35
3099007	301288	46
1543441	3050276	17
2483451	3050276	47
1510232	465414	190
3237867	301288	35
3754361	1510232	2
2862291	3050276	17
3882194	3050276	17
4619898	301288	17
1122453	3050276	35
1419967	301288	35
52488	3050276	17
2165293	301288	17
1510232	1029604	190
3368458	3050276	35
4598928	301288	46
2666397	3050276	35
3200476	301288	35
2476090	301288	35
616915	306639	62
4503880	3050276	17
1921091	301288	32
965478	301288	35
156085	1621967	2
1510232	4382002	192
301288	1949577	63
2106163	3619590	280
1510232	4250115	190
2681888	301288	17
130546	301288	17
1510232	1610588	190
3771317	3050276	35
172992	4514417	6
1510232	4563192	190
1148698	301288	17
1842867	1510232	2
1621967	1018540	190
334687	3050276	17
458604	301288	46
3912765	301288	35
3993925	3050276	35
2294747	1838364	142
3418346	301288	17
4139895	3050276	35
2500860	1621967	404
3234537	3050276	47
1927544	3050276	35
609875	3050276	35
1735938	301288	35
798826	1510232	2
2716392	3050276	17
1621967	3275396	190
1609502	3050276	35
4490837	1510232	191
4162718	2017514	155
2117393	301288	17
1904609	301288	17
301288	2133325	63
407493	1744318	170
2067722	1378018	142
4405745	301288	35
2127284	3272752	170
457903	3050276	17
2294747	4382863	66
2357462	3050276	17
306639	2534232	155
972081	301288	35
2977104	3050276	35
928028	3050276	35
3233529	301288	35
2549611	3050276	17
820175	3050276	17
997441	3050276	17
2778379	301288	35
2703837	3050276	35
3456567	3050276	17
1228999	2483451	208
4251498	301288	35
2725059	1510232	2
3291210	301288	35
4337975	4514417	6
1595413	3050276	35
416365	3050276	35
2728031	301288	35
3692016	3050276	35
1581712	3050276	17
2329131	301288	46
3261604	306639	145
1803306	3050276	17
727411	3115929	168
1510232	2990953	190
3437231	301288	35
2106163	3050276	35
1621967	2365065	190
1510232	550028	190
782274	301288	46
4212244	301288	17
1656714	3050276	35
1510232	2449835	192
4255265	3050276	35
1182667	301288	17
200833	301288	35
1979816	301288	35
553070	3050276	17
1215749	3050276	17
4513929	1510232	2
4143531	1510232	2
1510232	1590897	192
3618445	2067722	168
2188950	3050276	17
2192203	3050276	35
2274097	301288	17
4269705	3050276	35
869858	301288	17
1510232	3424506	190
2917955	1510232	2
3925097	3050276	17
3696128	3050276	17
23872	3050276	35
301288	2129882	38
4589722	3336616	3621
2548400	3705891	331
1275681	3336616	2206
1660241	301288	17
301288	3973827	63
3914248	3050276	35
1100370	301288	32
4079820	301288	32
311217	301288	17
4603334	301288	35
301288	2579474	63
3972587	301288	17
2896609	3050276	17
1303164	2919220	104
3101594	301288	17
2603052	1621967	2
3321017	3050276	35
1110445	3050276	35
1262495	3050276	35
4087542	3050276	35
242373	301288	17
157244	301288	511
2316175	3050276	35
904540	301288	17
2571271	1510232	191
523275	3050276	24
4245281	301288	17
760695	4514417	6
2236897	3050276	35
702171	301288	35
1970063	1510232	2
2599979	301288	17
1377471	301288	17
4539525	3050276	35
3064504	3050276	17
3335974	301288	35
3248642	301288	17
1609280	3050276	35
301288	3702057	63
4202080	3050276	17
150132	301288	35
3626731	3050276	47
3115929	1621967	2
301288	3092563	63
1145183	3050276	35
4547386	301288	35
2035220	301288	17
1527012	3050276	17
1659225	3050276	35
1553758	3050276	35
4278937	1510232	2
1510232	377977	190
4043153	301288	17
701822	4514417	6
1180672	1510232	2
4366806	301288	46
2479424	301288	35
325529	301288	17
1228999	3050276	17
3931800	3050276	35
1029604	1510232	2
322694	3050276	17
3989897	3050276	35
1162580	3050276	17
3092563	301288	46
3491564	3050276	17
2474311	4514417	6
4490566	3851487	210
2106163	694433	155
80454	4514417	6
1838364	2294747	145
3053821	3050276	17
3981662	301288	35
3516688	301288	17
1143687	301288	17
1069258	3050276	35
2528938	301288	17
4161215	3050276	35
3347103	3050276	35
4429518	3050276	35
1786909	3050276	35
2605429	3050276	35
3269	3050276	35
1510232	4498143	192
3336616	4338080	2207
4019143	301288	35
1061084	301288	35
997693	301288	35
2197413	1510232	2
1199585	3050276	17
1816162	2603052	735
2192198	301288	46
1564510	1510232	191
585998	301288	46
69756	3050276	35
1510232	3618097	190
2608527	2106163	161
1002829	301288	35
1641571	3050276	35
1947495	3050276	35
2050617	3050276	17
3582326	3050276	17
2868332	1510232	2
1510232	2040857	192
4295892	895447	60
1021182	3050276	35
684398	3050276	35
1300504	301288	35
1734372	301288	47
1510232	3578348	190
1022201	3050276	35
2464560	4514417	6
2238291	301288	17
2426999	3050276	35
1253616	3050276	35
2118700	4514417	6
3144114	52727	145
3263131	301288	35
2018500	301288	17
3902554	3050276	17
306051	301288	35
2400837	3050276	17
301288	2761128	63
1555564	301288	46
1546352	3050276	35
301288	1865157	63
2452755	301288	17
1212880	970317	66
298826	3050276	35
301288	1468392	38
3638603	301288	46
2106163	1621967	2
2003415	4514417	6
4574935	3050276	35
505080	3050276	17
1212880	2420017	66
623245	2548400	149
4153220	3050276	17
3115929	2003415	60
3983262	3050276	17
1387210	301288	35
2993529	3050276	35
2534249	3050276	35
3615306	301288	17
4583526	301288	17
4559950	301288	35
363242	301288	17
1917936	4514417	6
56068	301288	35
974462	301288	35
3338891	3050276	35
1510232	2822912	190
3753779	301288	17
312990	3050276	17
2392507	301288	17
1131797	301288	35
4232328	301288	35
2080866	172992	10
1953712	3050276	35
4330328	3050276	17
4360257	301288	35
3535853	3050276	17
1510232	1750195	190
3418855	3050276	35
301288	3353156	63
681058	4514417	6
4026908	1510232	2
550028	1510232	2
493180	3050276	17
741681	2237777	138
2898963	3050276	17
1825969	4514417	6
2735099	3050276	35
578383	3050276	17
4479701	3050276	17
4430879	3050276	17
1515796	3050276	35
1723979	301288	17
4280022	3050276	35
48846	301288	17
119864	3050276	35
878592	3050276	17
873567	3050276	35
2796054	3050276	47
680822	2106163	196
1448805	2891488	142
1896319	3050276	35
1510232	2758843	2168
396687	301288	35
1510232	381973	190
1510232	699253	192
253319	3050276	17
2791834	3050276	17
4567096	1510232	191
3062399	1510232	2
3626574	3050276	35
2609416	2618063	208
301288	4345913	38
1656714	4334916	575
1989593	3050276	47
690659	301288	17
2016464	301288	17
25828	3050276	17
180419	301288	32
301288	1077040	63
3521002	301288	35
301288	1300504	63
431677	1510232	2
3744950	3050276	17
1877823	301288	17
3083473	269056	60
301288	554587	18
3901374	2500860	2500
2140318	3050276	17
2129427	3050276	17
1022373	293169	1124
1510232	2762047	192
4372144	301288	35
4295892	2959793	155
1510232	1296844	190
2652634	301288	35
489980	3050276	17
1510232	2157965	190
3422780	3050276	17
3059842	301288	17
3050276	3114084	101
4476173	301288	17
2696312	3050276	17
4570234	301288	35
2848388	2297132	240
1857154	3050276	17
652485	1886256	66
3939687	3050276	17
3667443	301288	17
4509720	301288	46
2291812	1510232	2
1851930	3083473	145
2403257	3050276	17
3978430	3050276	35
1090517	301288	17
1199585	301288	17
529121	301288	17
3211422	301288	35
2578808	301288	35
80085	1510232	15
2375964	301288	35
2806147	3050276	35
3579031	301288	17
1510232	1441891	190
2075740	301288	47
3069448	3050276	35
4095630	2804738	138
301288	1474248	63
4547502	2603052	149
187487	2446373	1033
1621967	3272752	190
885468	301288	17
4220901	301288	35
2261713	1510232	4
2337135	1510232	2
4418880	3050276	35
4024596	301288	17
699563	3050276	35
218108	1621967	404
1779957	3050276	17
2909409	301288	35
618132	301288	17
3022350	3050276	35
3723245	1621967	346
4247150	3050276	35
2486962	301288	17
1621967	1328178	190
1021413	1510232	2
1018540	634665	195
893900	3050276	35
1621967	3195760	190
247772	301288	17
1656714	4154687	333
539338	3050276	17
1797022	301288	17
3275396	3674767	60
1599387	301288	46
4162051	3050276	17
1510232	3262940	190
2102138	2919220	58
2120155	301288	35
537301	301288	32
2581468	3050276	35
3462968	3050276	35
275264	301288	35
2296894	3050276	35
1275681	3050276	2507
1233091	1510232	191
3557650	3050276	17
3755080	3050276	17
255594	301288	46
1510232	143751	190
2647268	301288	17
3776105	3050276	35
2686794	301288	35
2665526	3050276	35
1741890	3050276	35
107297	4380260	444
1061084	3050276	35
1921030	3050276	35
2226977	301288	35
1621967	425501	190
1510232	2487254	190
3478893	301288	17
4423782	301288	17
689637	301288	17
878592	301288	17
1021902	301288	35
3011459	1510232	2
1360245	301288	17
2393901	301288	35
3575522	3050276	17
3551043	301288	35
657758	460233	280
658111	301288	17
1008448	3050276	35
3026361	1510232	2
2020452	301288	35
3879779	4514417	6
1621967	1275681	825
2413322	1967580	145
2382954	301288	47
1621967	3114084	101
184048	3050276	17
1261098	3050276	17
1316500	3050276	35
552249	1510232	2
314903	3050276	35
281514	3050276	17
3642786	3050276	35
477746	301288	35
1510232	670564	190
2488565	3050276	35
3360011	3050276	35
501409	301288	35
3191935	3050276	35
1510232	894727	190
1102805	301288	46
4146617	1510232	2
1057531	3050276	35
619772	3050276	35
2328610	3050276	17
1331453	3050276	35
1186856	3050276	17
2397682	1510232	191
4125325	3050276	35
1935765	3026361	170
2020452	3050276	35
825230	301288	35
3886722	3050276	35
4513177	1510232	191
2171599	3050276	35
3578348	3050276	35
1221512	1510232	191
1624760	3050276	17
405143	301288	17
2505767	4514417	6
3195760	1621967	2
301288	3459001	63
1321398	3050276	17
2706925	3050276	35
2480059	3050276	17
203090	301288	17
4317851	3050276	17
1297853	3050276	35
970317	3050276	17
3018707	4295892	168
1090998	301288	17
1995531	1510232	2
3989897	301288	35
3130168	301288	35
3336616	1275681	2207
1962253	3050276	17
1190732	3050276	35
1404508	301288	35
2149902	3050276	17
1262495	301288	46
1510232	3705536	190
301288	3836985	63
433741	3050276	35
301288	2126682	63
3440824	3050276	35
2175245	3050276	17
1510232	573769	192
3975496	301288	35
425022	301288	35
2696312	301288	17
1510232	1695695	190
3780091	1510232	191
1962253	301288	17
4161215	301288	35
1441891	1510232	2
2758722	3050276	35
4380148	3050276	35
2040857	3050276	47
2392507	3050276	17
295533	4514417	6
3336616	4589722	2500
1510232	2855587	192
3347103	301288	35
1091097	3050276	17
545914	3050276	35
1102805	3574709	60
2941110	301288	35
2521241	4514417	6
301288	1892434	63
2354406	301288	47
1921091	3050276	17
1510232	1401447	192
1609502	301288	35
2293598	301288	35
3468060	301288	17
4505024	3050276	17
1148174	301288	35
4563146	4605438	193
3851487	4490566	205
3439964	2548400	170
728345	301288	17
3753507	3050276	35
2635326	301288	35
1510232	872259	190
1914983	1510232	2
3329997	3050276	35
4416324	301288	17
1945111	301288	17
3210305	3050276	35
157244	1510232	441
2688727	301288	17
1504614	301288	17
4225676	3050276	35
1892434	3050276	35
1510232	1555564	190
1442308	3050276	17
355274	3050276	17
1510232	3642089	190
301288	2174667	38
2774628	3050276	35
741681	1621967	2
316679	2359336	193
2707263	301288	35
4501090	301288	17
3704337	3050276	17
301288	3359829	63
1212880	2919220	58
1754479	3050276	35
1510232	2075740	192
1714944	3050276	35
3724790	301288	17
2761128	301288	35
1510232	1827142	190
2727899	4514417	6
675999	1510232	2
118867	1510232	2
1542238	301288	35
301288	24128	63
449543	301288	17
1034633	3050276	35
1517803	3050276	17
2538997	301288	35
1510232	3427867	190
100992	301288	17
1510232	3400847	190
2483451	3050276	35
1849011	3050276	35
702171	3050276	35
1530111	1744318	735
1413329	301288	46
297416	301288	35
728468	301288	17
1985404	3050276	17
4081925	1510232	2
2758843	1510232	1229
2447077	3050276	17
2761128	301288	46
2163737	1384418	62
2890175	670165	75
2956864	4514417	6
2012962	1510232	2
4117031	301288	32
2383035	301288	17
722519	3050276	35
935988	301288	511
776362	301288	17
928028	301288	35
1610588	301288	35
1510232	1366672	190
616967	4514417	6
2446373	187487	517
301288	3995749	63
3794817	2483451	157
301288	814517	63
3360011	1510232	2
2972530	301288	35
2950585	301288	35
2579369	3050276	17
687740	301288	35
4006456	3050276	35
2594696	3050276	35
2772363	657758	62
2464560	2603052	196
4153660	301288	35
221751	425501	157
1260470	3050276	17
4466546	3050276	35
2512164	1510232	2
2968678	301288	17
3576842	3050276	35
4158923	3050276	35
2633989	3050276	35
2538997	3050276	35
337184	3050276	17
4540161	3050276	35
2518568	1510232	2
1174629	1510232	2
4099957	3050276	47
2359336	1408418	163
3445261	301288	35
2118368	3050276	17
1008448	301288	35
616967	3578348	193
1510232	304467	190
1510232	3871781	190
3025955	3050276	17
709742	1102805	157
2947886	3050276	35
3412959	3050276	35
4295892	878581	142
652485	3253225	487
290192	301288	17
163387	301288	35
1911369	3050276	17
1510232	2455202	190
4434648	301288	17
1510232	4366570	192
1314002	301288	17
1720570	3050276	35
4488458	1510232	191
301288	2193400	63
4139807	3050276	35
4059435	3050276	35
4022279	301288	17
2844126	301288	17
2896609	301288	17
1510232	4450032	192
4422704	301288	35
2371098	1510232	2
4415694	301288	35
2112974	3050276	35
3776106	301288	35
1867538	301288	17
2586681	3050276	17
2862088	301288	17
1598785	3050276	35
1033051	301288	17
1240382	3050276	17
1510232	2873790	190
4334916	1656714	576
1900040	301288	32
367981	3195760	170
2524404	3050276	35
1510232	2430621	190
4009739	3050276	17
1589743	301288	35
290192	156085	735
374848	301288	17
3337832	301288	17
2618461	3050276	35
4597813	3050276	17
400185	3050276	17
165356	3050276	35
3356346	3050276	17
977923	3050276	35
3645273	301288	35
870768	301288	35
1065893	3050276	17
1510232	243140	190
301288	1103427	38
1396352	3050276	17
114045	3050276	35
2034921	301288	17
2929918	301288	17
2565187	3050276	35
1919144	3050276	35
3750064	4514417	6
3719327	1621967	782
3223970	1510232	1229
3244322	301288	35
864306	3050276	17
1492954	301288	35
1598785	301288	35
301288	3333466	63
1111317	301288	17
365241	3050276	17
1831792	301288	46
898531	301288	35
3054251	3050276	35
3798810	1384418	168
1741843	523275	349
362254	3050276	35
3195760	301288	35
4342678	3050276	35
3707847	301288	17
2455760	301288	47
301288	1352794	38
1202574	301288	17
3846740	3050276	17
1252729	3050276	35
1360981	3050276	17
1510232	2306086	190
1454735	3050276	35
2774452	301288	35
2106163	3931333	66
4233227	3050276	35
3336616	2500860	2695
3336616	3723245	2500
1047259	301288	35
1049540	301288	35
3515944	2779428	74
3574709	4514417	6
3863726	3050276	17
4269012	2297132	161
2016641	3050276	35
1744318	407493	66
2593889	3050276	35
3748461	301288	17
1120172	3050276	17
2814663	4198953	375
1459961	301288	35
2757782	301288	35
640626	301288	35
2133325	301288	35
4468576	3050276	35
624030	301288	35
65029	3050276	35
37599	301288	511
778843	3050276	35
2351657	301288	17
1010343	3050276	17
1621967	156085	190
2389108	301288	17
1684743	3050276	35
3641094	3050276	47
3272752	881165	155
2215955	301288	35
2556761	2602434	152
1169432	301288	17
4641200	4514417	6
1803452	301288	35
1212880	3049982	142
3311943	3050276	47
652485	1015766	153
4115813	301288	35
650229	301288	35
4304597	3050276	35
1510232	1564510	192
4382863	2294747	170
2837906	2106163	161
301288	4598928	63
1510232	1580857	192
1465513	1510232	191
1096966	3050276	17
1303164	1621967	206
2982994	3050276	35
2657810	4514417	6
1510232	4018274	190
1496698	301288	17
3617222	3050276	17
301288	1129190	38
2747612	3050276	17
800684	301288	35
624030	1322192	66
4263266	4514417	6
3321017	301288	35
1737077	301288	35
11063	301288	17
4258595	3050276	35
380962	301288	32
3178222	301288	35
4130311	301288	35
4522874	3710733	142
4015015	3050276	17
4229350	301288	46
634665	652485	196
204817	4514417	6
3129045	1928479	135
2500860	3050276	2507
2848388	1741843	240
1516783	3050276	35
3059842	3050276	17
4007591	301288	47
4483649	3050276	35
894727	1510232	2
3145650	2067722	145
3196230	1510232	2
1828199	301288	17
1528618	301288	17
4095630	2848388	349
301288	3655028	63
1510232	4362737	190
1510232	2672814	190
962756	3050276	47
1510232	23743	190
2256029	301288	17
291002	3605704	210
1510232	3903776	192
465918	301288	46
4467872	1510232	2
1986016	301288	17
3136827	4040078	62
172992	3050276	17
1805167	3050276	17
3648516	3050276	17
1374159	3050276	17
1510232	1831792	190
334687	301288	17
3316070	301288	35
301288	1741890	63
3945031	3050276	17
3297788	3050276	35
3524737	301288	17
1855559	301288	17
538927	3050276	35
2608527	4514417	6
534655	301288	35
3762322	3050276	17
37599	1510232	441
218108	3336616	3621
301288	2560151	38
331044	301288	35
1510232	3964641	2168
147060	4514417	6
4422085	3050276	35
301288	2712976	63
2297132	4269012	135
3602780	3050276	35
1969826	301288	35
4007591	1510232	191
3239044	1510232	2
1690425	301288	35
3960475	301288	17
162264	3050276	17
4091267	3050276	17
120355	301288	35
1510232	2012962	190
4162718	3606439	142
3826671	301288	35
2892668	3050276	35
1306285	3050276	17
936136	4514417	6
4434648	3050276	17
233008	3050276	35
3396251	301288	17
1650257	301288	17
724783	301288	17
1510232	2561498	192
2406523	3050276	17
2060065	3050276	17
4341630	3050276	35
1396208	3050276	35
3592386	1510232	2
4295892	1621967	2
2320153	3050276	35
396790	3050276	17
2690813	3050276	35
1510232	1598418	192
3114084	3050276	10
2890175	670165	52
4522874	3004938	66
4040078	3136827	60
4442383	3050276	35
965695	3050276	35
2727606	2548400	161
4406138	3050276	35
4589722	1621967	2680
4139895	301288	35
2402583	301288	17
2387303	3050276	35
2487254	4421793	155
1057468	3050276	17
86227	301288	17
2568884	1510232	2
2184365	3050276	17
880249	301288	35
4204675	301288	35
2563388	3129045	145
1812839	1510232	191
1018540	18875	66
3724790	3050276	17
537921	3050276	35
3531243	4514417	6
1694864	301288	17
1827242	301288	35
301288	1435748	63
1571847	3050276	17
4513929	3050276	35
670165	2779428	74
307108	301288	35
52727	659421	276
1372854	1744318	145
1224001	301288	17
3225761	3050276	17
2323200	3050276	35
2883182	1510232	2
4415387	301288	35
3823870	301288	17
1609912	1300896	157
2681345	301288	17
3224561	301288	35
4204675	3050276	35
2848388	2618063	240
1979816	3050276	35
2359336	1621967	2
1123932	3050276	35
2269887	3050276	17
3433586	3050276	17
48005	301288	17
1802440	3050276	17
984698	301288	35
3960798	2365065	41
3032144	3050276	35
885772	4514417	6
568401	3050276	35
1510232	1180672	190
1510232	2094398	190
3889218	301288	17
1510232	1212880	190
2823028	1022373	157
1510232	4375973	190
3261604	4514417	6
3568800	301288	17
3891287	301288	35
4070794	301288	46
1261098	301288	17
240630	4490566	205
1510232	2770545	190
2848388	3050276	24
573978	1020811	157
1018540	18875	333
4086014	3050276	17
3050276	886661	101
874734	3050276	35
1741900	3050276	47
752896	1510232	2
3564008	3050276	35
2256029	3050276	17
3931030	3050276	35
1764656	1621967	52
2381491	301288	35
3149114	3050276	35
1911633	3050276	35
2384796	3050276	17
1917936	3050276	17
485929	1510232	191
4111680	3050276	35
2053441	3050276	35
2538450	301288	17
956626	1510232	2
4094673	301288	17
3054251	301288	35
1510232	4443325	190
1363855	3050276	35
3422598	3050276	35
2337135	3050276	35
137000	3050276	17
286443	1621967	2
3549899	4514417	6
3962550	301288	17
3702899	1510232	2
1015263	301288	17
1510232	1286701	190
3259599	3050276	47
3934652	3050276	17
371133	4490566	205
1005695	301288	35
1269341	1384418	149
1510232	507630	190
301288	2856503	63
1370118	301288	17
1510232	4288811	190
4278937	3981086	276
3373259	301288	35
1510232	976745	190
221751	4514417	6
2770545	1510232	2
3795571	3050276	17
4256083	2922841	276
2291812	3050276	35
1510232	2329131	190
3083473	554587	35
3594530	4514417	6
2561498	3050276	47
1720603	3050276	17
2409425	3050276	35
1218903	1510232	191
751882	3050276	17
4605577	301288	35
1865907	301288	17
2492262	3050276	35
2626310	301288	17
18875	1018540	170
2897262	763159	105
3264900	3050276	35
1656699	3050276	35
1008509	1510232	191
696128	3050276	17
4051630	301288	35
3573262	3050276	35
2879317	301288	35
2344370	301288	46
3758059	301288	35
496936	3050276	35
1143194	301288	17
996739	3578348	62
1792238	301288	35
450102	3050276	17
3709207	301288	35
2644267	3050276	35
3334967	301288	35
1513060	3050276	35
1096966	301288	17
1510232	1592021	190
1827335	1510232	191
1222138	3050276	35
1510232	3195760	190
2359521	1510232	2
2548400	307186	60
3443387	301288	17
2397198	301288	17
2465432	301288	17
1397025	3050276	17
4557430	3050276	17
3882605	301288	17
4162718	4507075	142
3734563	3050276	17
2988167	301288	35
3522067	3050276	35
65029	1510232	2
4119626	3050276	35
3373468	1510232	2
4607557	3050276	35
3512939	4514417	6
52727	1510232	2
3546613	301288	17
4306399	3050276	35
1510232	318395	190
464324	3050276	17
2855368	3050276	35
2269252	301288	46
1575187	301288	47
301288	3210305	63
3139682	3050276	35
3798810	3050276	32
2076189	3050276	35
4141315	3050276	35
1419978	3050276	17
1718607	301288	17
1542238	3050276	35
2320153	301288	35
2934305	301288	17
4312295	1018540	152
2584585	301288	17
1546360	3050276	35
1609912	4514417	6
1275681	1621967	2680
3716094	301288	35
301288	2599589	63
2126045	301288	35
1002829	3050276	35
1741843	3050276	35
306639	510642	66
2620721	1510232	191
1020811	3332563	280
3576842	301288	35
1624760	3050276	32
746769	301288	35
3118581	3050276	35
219282	3050276	17
1510232	1695565	192
1979880	301288	17
2563388	4514417	6
4104882	3050276	17
1574540	301288	46
2359336	316679	280
1832821	301288	17
529084	2297132	168
3832299	3050276	35
1018540	87	329
4174691	301288	35
2263933	3050276	35
1050004	2603052	193
4320690	3050276	35
2981520	4514417	6
1281747	301288	35
2103039	1510232	2
349748	3050276	35
3004938	4522874	170
467025	306639	161
2284200	3050276	35
1338675	301288	17
2355239	3050276	35
3359829	301288	35
1435748	301288	46
2275030	3050276	35
2767	301288	35
2713481	3050276	35
504627	3050276	17
843316	3050276	17
3195760	2013248	138
355274	2487254	193
1510232	3775667	190
301288	3975137	38
2230667	301288	46
3654080	301288	35
2003415	3115929	62
2048690	3050276	35
4563146	4514417	6
1510232	2125317	192
2342803	4590758	71
478341	3050276	47
2550671	301288	35
3415783	301288	35
624030	4323868	333
922275	3050276	17
2833745	301288	17
1718607	3050276	17
3822789	3050276	17
3272752	3050276	35
4382507	1621967	2
3090089	3050276	17
1717027	3050276	35
121327	301288	17
2885121	4295892	193
4070675	301288	17
353208	3050276	35
2833745	3050276	17
3501922	301288	35
1510232	2666751	190
4148919	3050276	35
409646	301288	17
2067722	3618445	155
3378388	4514417	6
3661095	3050276	35
4138792	301288	35
427604	1510232	191
2483451	2919220	64
2302190	3050276	35
3114822	3050276	17
4034973	301288	17
3655028	301288	35
4390979	1510232	2
649865	3050276	35
3103725	3050276	17
3527849	3050276	35
2469806	301288	35
3033203	3050276	35
1510232	3859642	190
2871444	1510232	441
377291	1384418	145
537220	301288	35
1942020	3050276	17
532773	301288	35
997926	3050276	35
1169468	301288	35
1911248	301288	47
3313531	4514417	6
3730004	301288	17
3782633	301288	17
4363568	4514417	6
1587109	301288	35
4508351	1891998	90
684827	3050276	17
4278937	2919220	58
863225	4514417	6
3999205	3050276	35
2259703	657758	157
2483451	600372	60
3424506	1510232	2
1070663	3050276	35
1162036	3050276	17
607736	301288	17
892177	3050276	35
1621967	1275681	346
3129045	2919220	58
3305405	3050276	35
1929065	3050276	35
3794817	4514417	6
3724703	3050276	35
301288	3415783	63
3568699	301288	35
2540450	4514417	6
1731876	301288	17
4235433	2106163	161
42853	3050276	17
634921	301288	17
1728534	301288	17
1510232	3033203	190
2383157	301288	35
3485050	3050276	35
610268	301288	35
610268	3050276	35
1558765	3050276	17
1655746	3050276	17
2489985	348391	142
3026361	2919220	58
1458299	1510232	191
1194114	301288	17
3379724	3050276	35
4341630	1510232	2
3409266	301288	35
233008	301288	35
2342803	670165	71
4246775	3050276	17
2603052	1050004	280
4198953	2814663	105
3893194	3050276	17
786576	3050276	35
1510232	2066943	190
2698399	3050276	17
4416970	301288	35
2089308	3050276	35
4578317	3050276	35
530935	301288	35
3438013	3050276	35
2479345	3050276	35
1392855	301288	17
3444004	3050276	17
2102392	3050276	35
1675031	301288	17
346942	301288	17
3000518	301288	17
1202574	3050276	17
1967580	1208815	66
1846434	301288	35
3631054	3050276	35
306639	1340278	142
3385047	1510232	2
357836	3050276	35
1546769	3050276	17
1996142	2106163	161
1819532	3050276	35
2619179	301288	35
1510232	4573400	190
1018451	301288	35
2677750	3050276	35
2025333	3050276	35
23743	301288	35
1721308	301288	35
4588024	301288	35
1634446	1510232	2
3386220	3050276	35
2167113	3050276	35
1222600	3050276	35
1300896	1547892	60
4476173	3050276	17
2603052	2464560	195
671492	1510232	191
1360981	3606260	170
40170	3050276	35
2775635	4514417	6
120174	3050276	35
2728031	3050276	35
4351926	1510232	2
1621967	1693555	190
1712260	301288	35
3271301	301288	35
301288	1294522	38
4619898	3050276	17
2570892	1510232	191
212483	2483451	137
1510232	1236754	190
106635	301288	17
301288	1973483	63
872100	301288	35
1073920	3050276	47
1510232	4278937	190
301288	534598	38
301288	3425661	63
3144114	52727	62
2193400	301288	35
2319033	3050276	17
872259	1510232	2
4247350	3050276	17
1510232	3573390	190
379773	301288	511
3739611	301288	35
301288	4305023	63
2377587	301288	35
301288	843034	38
2579474	3050276	35
3433586	4278937	735
1510232	2654727	192
2638783	301288	17
2372568	3050276	17
1510232	232854	190
2747292	3050276	35
425501	221751	138
3045422	3050276	35
3192629	301288	17
4487422	301288	35
4475025	3050276	17
2632510	301288	35
3069448	301288	35
3753103	1510232	2
3638603	301288	35
1510232	2326649	192
1510232	4116421	2168
1225238	301288	17
2252071	1510232	2
425501	2429497	155
4082459	3050276	35
480706	301288	17
1906653	301288	46
1729417	3050276	35
3921369	3050276	35
234107	2548400	193
301288	2707263	63
776362	3050276	17
267346	3050276	35
3787708	301288	35
56732	301288	35
4510592	301288	17
249532	4514417	6
1721892	301288	32
2294747	2919220	58
2809353	3050276	17
3123751	301288	35
1338782	3050276	17
1621967	3026361	190
1621967	4081925	190
1456054	301288	35
3466207	301288	17
1090517	3050276	17
670165	2342803	74
4009839	301288	35
1754479	301288	35
1398249	1384418	161
1867538	3050276	17
301288	3759368	38
3612092	301288	35
1510232	1911248	192
652485	2251111	142
52470	3050276	17
1510232	3167161	190
1189298	301288	17
4244854	3050276	35
1557076	301288	17
652485	3050276	35
4049742	301288	46
3888123	3050276	35
733520	301288	35
104508	1510232	2
1510232	2906919	190
1752917	3050276	35
52727	3144114	60
2044280	4514417	6
523275	4095630	240
219076	2483451	735
1620033	3050276	35
3313764	301288	17
4029235	3050276	35
2985516	1510232	2
1275681	1621967	1476
2861611	301288	17
3331545	1510232	2
160920	3050276	47
1598910	3050276	35
2155509	3050276	35
741681	3050276	35
3519594	3050276	35
3975904	3050276	35
4353993	301288	17
684315	156085	193
4163755	3050276	17
240630	4514417	6
3235665	3050276	35
1712431	301288	35
2732274	301288	17
3975137	3050276	17
1742781	3050276	35
3120139	301288	35
3471780	1510232	2
3931333	2106163	62
1787780	4514417	6
2093198	301288	17
1510232	4252288	192
301288	4624287	38
1375327	2489985	168
1307436	301288	35
1510232	719905	192
2580139	301288	17
696128	301288	17
325176	301288	35
2618063	1719898	135
3940401	3606260	168
1498488	1510232	2
163387	3050276	35
3092563	301288	35
3496468	3050276	17
2499736	301288	17
2603052	3824999	153
1621967	2548400	190
993602	301288	17
1495211	301288	17
301288	1906653	63
258987	3050276	35
2889762	301288	17
132797	3050276	17
3002000	3050276	35
1341050	1510232	2
362119	3050276	35
1005695	3050276	35
1735938	3050276	35
2193400	3050276	35
3099007	1510232	2
768022	4256083	149
3428213	3050276	35
4614481	301288	35
13065	301288	35
465918	3050276	35
3375589	301288	17
44009	3050276	35
301288	1267753	38
2374151	3050276	17
1510232	516254	192
4236899	1212880	193
1510232	4640877	190
4582806	301288	35
301288	467800	38
1960482	3050276	35
1510232	2238291	3
2250941	301288	17
1022373	1054470	142
1409638	3050276	35
4516384	301288	17
1510232	3592386	190
4589722	3901374	3621
3782217	3050276	17
663697	301288	35
3775640	301288	35
4582000	3050276	17
156085	3879779	138
1849011	301288	35
301288	1900040	38
4259643	3050276	17
2333982	3050276	17
442592	3050276	35
3415454	4095630	193
4317851	301288	17
620516	3050276	35
1323617	301288	17
3608100	3050276	35
2624113	1510232	2
3759370	301288	17
2474096	301288	35
464610	3050276	35
3336616	1275681	2695
155268	3050276	35
2707010	301288	35
2159605	301288	17
178111	301288	35
3759370	4514417	6
1693555	1355947	153
4417506	301288	17
570361	3050276	35
920134	301288	35
1203674	3050276	35
1747804	3050276	17
2856503	1510232	2
1022373	1876763	153
1169432	3050276	17
301288	3978430	63
1995531	301288	46
1676427	301288	17
1868271	301288	17
4198953	2779428	102
2548400	3438119	138
3981086	4514417	6
1510232	1256722	190
1621967	1306443	860
3179587	2548400	168
4622721	301288	35
4238384	1510232	4
1375327	4514417	6
3021210	3050276	35
1510232	2067722	190
652485	2919220	58
2479345	1018540	329
4382507	2919220	58
3115929	2038648	280
2678190	301288	35
2448811	301288	17
439507	301288	46
2372398	3050276	17
301288	1295587	38
1550408	301288	35
1676952	3050276	35
1827142	1510232	2
3826091	3050276	35
4131370	3050276	17
3242538	301288	17
2474741	4514417	6
1284157	301288	35
1136536	301288	17
1772639	301288	17
1510232	3126060	192
1973521	4514417	6
2521241	1693555	62
2268547	3050276	17
1598963	3050276	17
4278937	1621967	2
1300504	301288	46
1249360	4514417	6
2067722	3471649	280
3312942	301288	32
3551043	301288	46
2476307	3050276	35
3824999	2603052	208
624030	1510232	2
3282710	3050276	17
128025	301288	35
3956262	3050276	35
2886031	3050276	35
3033125	301288	35
739093	301288	17
443707	3050276	17
1510232	3248608	192
4382507	2904878	60
3479482	301288	17
390326	1510232	2
3378754	3050276	17
1707573	301288	35
1655746	301288	17
2058964	301288	17
3275396	4191440	60
3651732	301288	17
478447	3050276	35
286443	412862	60
4238384	3050276	17
3336616	4589722	2207
2603052	4014998	135
2528378	301288	17
25828	301288	17
2099078	301288	46
823401	301288	17
301288	3310090	63
608010	3050276	35
3373468	3050276	35
1465513	3050276	47
1510232	3946076	190
761219	1510232	782
336261	3050276	35
1788424	301288	17
4381709	4514417	6
1008766	301288	17
2393901	3050276	35
1621967	1102805	190
3272752	3909802	163
3022350	301288	35
45746	3050276	17
3027956	3050276	17
395584	301288	17
1510232	2620721	192
160920	1510232	191
2390407	3050276	35
2686794	301288	46
3655028	3050276	35
936136	1448805	170
822096	301288	35
1618104	3050276	17
608375	3050276	17
1030549	3050276	35
4389221	3050276	35
1929065	301288	35
2029902	3050276	35
4247666	3050276	35
2347954	301288	17
4400968	4295892	145
2483292	3050276	17
1468392	3050276	17
3934652	301288	17
614591	301288	35
2446373	187487	210
1222600	1510232	2
1935765	3026361	145
537220	301288	46
1779957	301288	17
301288	2185462	38
1621967	1020811	190
380962	3050276	17
3337832	3050276	17
1236754	1510232	2
792048	301288	35
534598	3050276	17
2125317	301288	47
306639	3261604	142
2425389	301288	35
4155818	3050276	35
1134792	3050276	17
218108	3901374	3621
3298825	4514417	6
3065781	301288	35
2127284	3050276	17
1510232	4509720	190
657758	2772363	60
4153220	301288	17
1659917	3050276	17
901373	301288	35
1381336	3050276	35
1872770	3050276	35
4486321	3050276	17
541472	301288	17
1203674	301288	35
10250	3050276	17
4031828	3050276	35
3200002	3050276	17
1209971	3050276	35
3839985	1510232	2
4192946	301288	17
1102930	3050276	35
4589722	3336616	2456
1864542	3050276	17
4359357	3050276	35
3327508	301288	47
2020872	1510232	2
1545473	3050276	17
301288	1078385	63
3026361	3050276	35
281514	301288	32
2294747	4216305	66
4401890	1510232	191
3471780	3050276	35
353700	3378388	153
3986453	4514417	6
2814663	3050276	35
3149829	301288	17
301288	3580263	63
4563192	1510232	2
2431215	3050276	17
1020811	3661353	155
1719898	2618063	161
2904878	4382507	62
2707010	301288	46
2175575	3050276	35
375634	3050276	35
4205601	3050276	17
3606260	1621967	2
2814736	301288	35
1510232	1726805	190
1197335	3050276	17
1510232	3121298	190
3195760	681058	142
624030	1322192	142
2583970	3050276	17
539783	301288	35
3859246	3050276	35
324560	3050276	35
301288	1036837	38
412862	286443	170
1169468	3050276	35
624082	301288	46
4295892	3050276	35
3297259	301288	35
4247666	301288	35
1816162	4514417	6
10750	301288	17
2615827	301288	35
3493003	4265869	60
3897846	301288	17
2758843	4514417	6
1359643	3050276	35
997693	3050276	35
1993050	301288	35
4294792	3050276	35
301288	3275396	63
1646455	301288	35
307186	301288	17
3033203	1510232	2
3478785	301288	17
2207114	301288	46
4112029	301288	35
2707010	3050276	35
2906353	3050276	35
1029953	301288	17
301288	82442	63
2099078	301288	35
3474167	301288	46
1734372	3050276	35
1249360	2106163	161
2029902	301288	35
4621063	301288	35
4079820	1022373	168
2592782	301288	35
1005054	3050276	35
214218	3050276	35
1215749	301288	17
1510232	172809	190
39364	3050276	17
2428027	301288	35
1623853	301288	17
822096	3050276	35
1311020	3050276	35
543739	301288	17
484690	301288	17
118867	3050276	35
714875	301288	35
3313764	3050276	17
840079	301288	35
4656730	1510232	2
2721991	3050276	35
2112704	301288	17
2694467	3050276	35
4577431	301288	47
130948	3050276	17
1968770	1510232	191
2338484	4514417	6
2469559	3050276	35
162490	3050276	17
3996162	3050276	17
1510232	2835497	190
2307307	301288	35
2891488	1448805	62
385431	301288	17
2006571	301288	35
1005555	425501	196
782274	3050276	35
1967580	2413322	142
4631968	3050276	35
2206146	3050276	35
2891488	1448805	145
2383157	3050276	35
1139050	301288	35
301288	2230667	63
920688	301288	17
1510232	1394057	190
1510232	402899	190
160192	3050276	35
7488	301288	35
2400662	3050276	17
2425069	3050276	17
4294792	301288	35
1233091	301288	47
1510232	4552545	190
378238	1510232	2
436952	4341630	168
425501	1451006	60
2891488	4514417	6
2102593	1510232	2
4375718	3050276	35
2736139	1510232	2
1275054	3050276	35
2094457	301288	35
624030	934464	280
1510232	3373468	190
3955658	3050276	47
1728534	3050276	17
1213528	3050276	35
927162	301288	35
1358540	1510232	2
1747804	2916586	193
1510232	1670127	190
3700849	1510232	2
2614109	3050276	17
3654898	1510232	2
2404459	3050276	35
2147219	301288	17
446981	4459600	210
3461858	3050276	17
2041619	3050276	35
1510232	1741900	192
3995749	1510232	2
4528859	4514417	6
290666	3050276	35
4190407	3050276	17
3378754	301288	17
4644147	3050276	35
3944775	3050276	17
1854600	3050276	17
90595	3050276	17
4061951	301288	17
543062	301288	17
1180672	301288	46
1312300	301288	35
428289	301288	35
2298267	2297132	149
4552545	1510232	2
591322	4081925	735
1328178	1621967	2
1374159	301288	17
897243	4514417	6
2106163	2919220	58
278621	3050276	17
3759368	3050276	17
2242328	301288	17
1198357	301288	17
3115988	301288	35
1741843	1000078	163
4247150	1510232	2
4255941	301288	173
4431718	3050276	35
1083099	3050276	17
2653518	2919220	58
1208815	3050276	17
3851487	1510232	1229
301288	894727	63
2559539	3050276	35
2492262	301288	35
2799149	301288	17
82442	301288	35
4427344	1510232	191
4599547	2080866	205
2280354	3050276	17
1761229	1510232	2
2474741	2653518	193
4640352	301288	17
1640930	3050276	35
516254	3050276	47
896647	301288	17
3327508	301288	35
367699	3050276	17
1510232	2128220	192
3739611	3050276	35
3889556	3050276	35
1510232	2476307	190
2377587	3050276	35
3782633	3050276	17
1396896	301288	35
3012441	301288	17
4362737	1510232	2
1510232	4104445	190
972157	3050276	35
1510232	2455760	192
4380306	301288	17
3220915	3050276	47
154516	301288	17
2895878	3050276	35
869858	3050276	17
608010	301288	46
2954270	741681	193
1510232	1583184	192
3590343	301288	17
1510232	1686790	192
714395	301288	47
244801	3050276	17
770685	1510232	191
3759368	301288	32
1295058	301288	17
2139510	107297	448
40170	301288	35
4377771	3050276	35
3493003	3971392	66
301288	2284200	63
2307307	3050276	35
3641094	1510232	191
1510232	3504029	190
4048387	301288	32
1510232	118867	190
165356	301288	35
1510232	3695844	190
2025351	301288	35
798120	301288	17
307163	301288	17
3519210	301288	17
3233795	301288	35
2018500	3050276	17
1022373	301288	35
2358141	301288	46
1510232	3319462	190
2396912	1621967	2680
4019833	3050276	17
2026923	3050276	17
4576479	301288	35
933155	3050276	17
3129045	1928479	60
4443692	301288	35
4070794	3050276	35
3977124	3050276	35
4416835	301288	35
203090	3050276	17
741681	2954270	280
1020811	1621967	2
4383595	2359336	152
1937103	3050276	35
1018540	2848388	349
1110445	301288	35
624030	3141501	66
3210305	301288	46
4091267	301288	32
1510232	2371098	190
1510232	13316	190
2449835	1510232	191
2725660	3050276	35
4081925	1186856	66
239327	301288	17
1120172	4256083	137
3306688	3050276	17
1734372	301288	35
4243102	301288	35
3121298	1510232	2
1336253	3050276	17
301288	1721892	38
3897327	301288	17
885263	4514417	6
2935463	3050276	35
3891705	4514417	6
1635878	3050276	17
2268979	301288	35
1565826	3050276	17
234408	301288	35
1621967	1967580	190
2157852	301288	17
1207081	3050276	17
1947495	301288	35
2864561	301288	17
4478635	301288	17
2548400	1510232	2
1940782	301288	17
2561019	1510232	2
1255658	301288	35
1123932	301288	35
2257247	301288	35
1033597	3050276	35
2134535	1510232	2
1426595	3050276	17
1207081	730574	71
1392577	301288	17
4523396	301288	17
2665112	1510232	2
713666	301288	17
3606260	2919220	58
2949872	301288	35
4197785	301288	35
1510232	1459667	190
1510232	2518568	190
1125669	3050276	17
3413667	3050276	35
3926183	301288	17
336261	301288	35
2067722	1378018	66
763159	3050276	35
592778	3050276	35
4353378	1510232	2
202313	301288	17
4397334	301288	46
1085921	3050276	17
3198055	3050276	35
1621967	1066676	190
521103	3050276	17
1866779	3050276	35
1621967	1384418	190
3888123	301288	35
1224798	3050276	35
301288	222865	86
4655856	3050276	17
1242141	3050276	35
1707573	3050276	35
579554	1510232	191
1772916	3050276	35
2835497	1510232	2
4124747	3050276	35
4081427	3050276	17
857537	3050276	35
301288	173238	63
4077912	3050276	47
1510232	3415783	190
3700849	3050276	35
3111336	3050276	35
1889640	1510232	2
2118700	3050276	17
2349624	3050276	17
3606260	1510232	2
4068192	301288	17
1510232	1376482	192
2142925	3050276	17
3298825	3272752	170
1030549	301288	35
2342212	3050276	35
1295587	301288	17
3353034	3050276	35
1033268	301288	35
304467	3050276	35
1897959	4514417	6
2670675	1510232	191
2922841	4256083	149
2067722	3145650	142
1510232	1316500	190
3248608	1510232	191
1510232	4378945	190
2721243	3050276	47
2602027	301288	17
301288	297315	38
397857	301288	35
885468	2359336	170
301288	255594	63
3759673	3050276	35
859698	1510232	2
4500587	3050276	17
1510232	3153220	190
1903760	301288	35
2681345	3050276	17
2804738	4514417	6
4356945	3050276	35
1621967	4341630	190
3026361	1935765	60
1029953	301288	32
901160	301288	17
482748	3050276	35
3960967	3050276	35
2163737	1384418	170
2550233	301288	17
972157	301288	35
4055000	301288	35
2069563	301288	35
3195760	2919220	58
1442705	301288	35
902911	3050276	35
3497732	301288	17
2985516	301288	35
670564	301288	35
2067722	897243	135
2297132	80454	138
2976067	3050276	35
2271059	848835	145
3141501	624030	170
4487046	3050276	17
1448805	1510232	2
2719045	301288	17
231921	3050276	17
2297132	1803306	60
1623853	3050276	17
2666149	107297	448
2934305	3050276	17
2488565	301288	35
848835	1621967	2
4648633	301288	35
1680459	301288	35
2691221	301288	35
3983576	3050276	17
2962986	1656714	62
3353034	301288	35
1425160	4256083	62
2850700	3083473	157
2384796	301288	17
1729417	301288	35
3674767	4514417	6
1812839	3050276	47
3341544	3050276	35
3624765	3050276	47
1022826	3050276	17
2770751	301288	35
1321935	3050276	17
1816624	3026361	170
3709462	3050276	35
3101594	3050276	17
573356	301288	17
4523396	301288	32
1419967	3050276	35
1510232	3032144	190
2795596	301288	35
4062644	301288	35
4500587	301288	17
2904878	4514417	6
2304960	3050276	35
2569311	3050276	35
247772	3050276	17
4484002	301288	17
2342803	4514417	6
2157852	3050276	17
625359	301288	35
4163531	3050276	35
1211360	3050276	35
2197413	3050276	35
970948	2919220	1890
4415387	3050276	35
3569032	3050276	17
416365	301288	35
1510232	1344394	190
4617242	301288	17
4497714	3050276	35
1510232	1359643	190
474768	1510232	2
3461858	301288	17
1690425	3050276	35
4429518	301288	35
1510232	3215995	192
286169	2985516	170
1510232	1448805	190
1366672	1510232	2
4486321	301288	17
301288	3023543	38
1816422	3050276	35
3875914	3050276	35
4300220	3050276	17
4242838	3050276	35
301288	3488833	63
663223	3050276	35
1245122	301288	35
2093198	3050276	17
2126682	3050276	35
1372862	1621967	2
1960482	301288	35
3727274	1510232	2
4508351	2919220	64
1018540	1624760	60
1510232	4595600	190
1740841	301288	35
3479412	1510232	2
2840247	1744318	149
1045813	3050276	35
348391	2489985	145
996739	4514417	6
3455590	1967580	157
4311849	301288	46
3259599	1510232	191
1717987	301288	84
2317643	3050276	35
3356346	2365065	62
744081	301288	17
1193812	3050276	17
278689	3050276	17
2003445	301288	35
1935765	4514417	6
2401016	301288	46
2609416	4514417	6
991025	1510232	2
4102858	3050276	17
1197997	301288	35
3987042	301288	35
4017195	4095630	161
1510232	1148544	190
2856124	3050276	17
2294841	3050276	17
2025351	3050276	35
2157965	1510232	2
1307694	301288	35
3695844	3050276	35
2123505	3050276	35
307163	3050276	17
56732	3050276	35
4443692	3050276	35
2026924	3050276	17
4588024	301288	47
104508	3050276	35
170700	301288	35
4248496	1510232	2
1741843	2848388	349
1510232	3164115	190
4008392	3050276	35
160243	301288	17
1621967	2500860	346
521103	301288	17
193035	3050276	17
112691	156085	145
1885185	2106163	161
2832465	301288	32
4063040	3050276	35
2671640	3050276	35
316679	4514417	6
336166	301288	17
301288	4652897	63
1350054	3050276	17
4081925	1651682	138
4593939	3050276	17
2618063	1059030	280
1510232	4217127	190
3515944	2342803	74
2599677	4514417	6
2362999	3050276	35
2688727	3050276	17
1510232	2905557	190
1618215	3050276	17
1624760	4514417	6
699286	3050276	17
1589743	3050276	35
3897846	3050276	17
2106163	387670	142
4257161	1510232	2
2086881	353700	157
523154	3050276	35
839604	301288	35
4505145	301288	35
2916586	1747804	280
665223	3050276	35
463864	301288	17
1786909	301288	35
1510232	3683550	190
416796	3050276	17
600548	3050276	17
1773276	301288	46
1102805	301288	35
4362027	301288	35
3454088	3050276	17
887905	3050276	17
2212804	3050276	35
1545289	3050276	17
1171321	301288	17
425501	1005555	195
3925097	301288	17
2962986	1656714	145
2798399	3050276	17
1510232	1008509	192
3574259	3050276	17
2451861	1510232	2
1510232	3459179	190
1495211	3050276	17
4127835	301288	35
1720950	301288	47
2284200	301288	35
1449159	3050276	35
3645558	3050276	17
1066676	1621967	2
219129	3050276	17
1029901	3050276	35
1720239	3050276	35
981901	301288	17
3140281	301288	35
301288	2050257	63
4314808	301288	35
1910256	3050276	17
1816422	301288	35
3711885	3050276	17
585998	301288	35
271398	1510232	191
645957	3050276	35
630385	301288	35
3775640	301288	46
2879317	3050276	35
950444	3050276	35
1510232	2222435	190
761845	301288	35
13316	3050276	35
301288	4197785	63
3412959	301288	35
4247666	301288	46
3750064	2653518	62
3092563	3050276	35
1377471	3050276	17
3234537	1510232	191
1510232	2548400	190
2354406	3050276	35
932015	301288	35
285534	301288	17
13065	3050276	35
34494	301288	35
1328178	4268698	330
3045422	1510232	2
3874658	1510232	191
265824	301288	17
4498208	3050276	35
675265	3050276	17
1435748	3050276	35
2403257	2487254	170
2590265	3050276	35
3311124	301288	46
235001	301288	17
3867752	301288	35
955123	3272752	137
610537	301288	47
301288	3975496	63
390690	301288	17
996739	3578348	145
3859246	301288	35
1077040	301288	46
1100415	3050276	17
2916586	2919220	58
1234803	3050276	35
1529126	3050276	17
4378390	1510232	2
4643385	3050276	35
2456960	301288	17
297315	3050276	17
3368458	1510232	2
2748131	3050276	35
2535747	301288	35
3586663	3050276	17
195000	3050276	17
547551	3050276	35
4010831	1510232	2
3272752	3298825	280
902652	3050276	17
4295892	4400968	142
3227259	3050276	35
1230959	301288	32
2657810	3050276	17
1510232	2853114	190
2507398	2102138	62
3383187	1510232	2
2647011	301288	35
4424130	3050276	17
2796213	3050276	47
2063653	3050276	17
212483	4514417	6
2917313	4514417	6
3479412	3050276	35
1911369	301288	17
1262495	301288	35
3550580	3050276	35
3416323	2359336	168
1224717	301288	35
760309	3050276	17
1413329	3050276	35
195000	652485	193
379773	1510232	441
1744318	2840247	276
4020943	4514417	6
1580239	1510232	191
3049982	1212880	145
2379897	1510232	2
4623098	3050276	35
4475575	3050276	35
1621967	1710371	190
1510232	902911	190
1510232	3783933	192
425501	1451006	66
13316	1510232	2
2206384	3050276	35
1018540	2803143	142
301288	205759	63
3674767	3275396	145
1005555	4514417	6
2025333	301288	35
157216	3050276	17
1695695	1510232	2
4031828	301288	35
2252660	3050276	17
1148544	3050276	35
2570993	301288	46
4057360	3050276	17
1286701	1510232	2
1392577	3050276	17
2666751	3050276	35
3851487	3050276	17
2442820	3050276	35
4488458	3050276	47
1973521	4081925	62
633364	1656714	149
3049982	3050276	17
204817	2080866	101
3261252	1510232	2
2403257	4514417	6
4430879	4162718	145
306639	3363968	135
1329352	3050276	17
1070287	301288	35
4183037	3050276	17
2963958	3050276	17
1949577	301288	35
2548400	301288	35
2394936	301288	17
2957723	3050276	17
4541630	3050276	17
1985321	301288	35
1384418	1398249	135
684398	301288	35
2931798	3050276	35
2372072	301288	35
4115813	3050276	35
2997412	301288	35
1002804	301288	17
52727	1857154	280
3456052	1510232	2
2818018	301288	17
4304505	3050276	47
500821	3050276	17
2016641	301288	35
416796	301288	17
2338484	3050276	17
307186	2548400	62
1250689	301288	35
489980	301288	17
1510232	2712424	192
4652897	301288	35
1300126	3050276	35
549443	301288	17
301288	3291210	63
1926727	1510232	2
365376	3050276	17
2873214	301288	46
4278937	285159	138
1510232	3995749	190
1621967	4256083	190
3748461	3050276	17
511499	301288	35
4589424	3050276	35
4442560	3050276	17
1857581	3050276	17
3053468	3050276	35
1510232	3479412	190
1436776	3050276	17
3882605	3050276	17
1510232	2102593	190
56068	3050276	35
285159	3050276	17
371133	4514417	6
3457493	301288	35
21221	3050276	35
2745752	3050276	17
3616430	301288	47
2175245	301288	17
2658593	3050276	35
1719898	3050276	17
3882194	301288	31
3865557	301288	17
1510232	2653518	190
4161215	301288	46
2537314	2483451	196
3177687	3050276	17
3697368	3050276	35
1621967	3129045	190
2273740	3050276	17
579554	3050276	47
2807653	301288	17
2106163	256796	135
4522874	3710733	60
3382430	4514417	6
1510232	2641877	192
1069107	301288	17
4368881	3050276	17
634665	3050276	17
3460771	301288	35
4302673	301288	17
136993	3050276	17
4518490	301288	17
2297132	4337975	142
3081864	4514417	6
3198055	301288	35
3010995	3050276	35
4499528	3050276	35
301288	2570993	63
372732	301288	17
2504811	3050276	35
1162036	301288	17
2589333	301288	17
1091363	3050276	17
3855849	3050276	17
4139807	301288	35
2461873	1510232	2
3727274	3050276	47
3577083	3195760	161
2624999	1022373	170
1683721	301288	35
4382863	4514417	6
457564	3050276	17
3963270	3050276	35
1258117	301288	35
2458343	3050276	47
3626731	1510232	191
301288	4117031	38
2949872	3050276	35
1510232	2359521	190
791687	3050276	17
516254	1510232	191
1910256	3606260	145
2957723	301288	17
3312942	3050276	17
2767	301288	46
385431	3050276	17
2401896	3050276	17
1942020	4256083	193
1510232	3107578	190
1510232	4248496	190
3494584	3050276	35
2428027	3050276	35
301288	145482	38
2159270	301288	47
458604	3050276	35
1311994	301288	35
1967580	3455590	138
209792	2916586	157
4557945	301288	17
45746	301288	17
557302	3050276	17
301288	613212	240
3605704	291002	205
1009226	3050276	35
3200002	301288	17
3859642	3050276	35
2888700	301288	17
1510232	2378376	190
3425661	301288	35
301288	2846774	63
1651682	3050276	17
2320153	301288	46
218108	3336616	2456
2603052	523275	349
1534014	301288	46
107297	3211988	444
436952	4341630	157
2010713	301288	46
3231110	3050276	35
1790414	1510232	2
596794	4514417	6
2483661	3050276	17
978953	3050276	35
24128	3050276	35
1510232	952770	192
4549187	3050276	35
306639	1510232	2
1510232	204604	192
1617311	3050276	17
4067564	301288	35
3758475	3050276	35
819270	3050276	35
2563009	3050276	35
3973827	301288	35
1366068	3050276	35
157216	301288	17
4382507	1887004	142
3841474	301288	35
2583198	3050276	17
427604	301288	47
4027510	3050276	17
2831319	301288	17
2831252	301288	17
3891434	301288	35
2770545	3050276	35
713666	3050276	17
2004135	3050276	17
301288	279540	63
3580263	3050276	35
301288	585998	63
4424260	3050276	47
4104445	3050276	35
689872	301288	35
2599979	3050276	17
645957	301288	35
3828007	1510232	2
1510232	4081925	190
3606439	4162718	62
1448805	3050276	35
2401016	3050276	35
82442	3050276	35
978953	301288	35
3773675	3050276	17
4459600	446981	205
2185299	301288	35
4310235	301288	17
301288	1595413	63
2650389	301288	17
654755	3050276	17
2050617	301288	17
2671640	301288	35
2449835	3050276	47
952770	3050276	47
4626969	3050276	35
395845	3050276	17
3606439	4514417	6
212233	301288	17
122348	4514417	6
457903	301288	17
2581468	301288	35
3730753	3050276	17
965695	301288	35
4265869	4514417	6
3661095	301288	47
2717982	1510232	2
1510232	4341630	190
4209071	301288	17
2365065	2435830	60
3511523	3050276	17
4323342	301288	17
1510232	4390979	190
1384848	301288	35
3512939	2297132	161
2268979	3050276	35
3606260	4617737	142
670564	1510232	2
2201980	301288	35
4095630	2919220	58
2168682	3050276	17
4370673	3050276	35
2020515	301288	35
2997412	1510232	2
617047	4095630	168
161698	4514417	6
2277249	4514417	6
4133526	301288	35
3316070	3050276	35
90908	301288	17
4416835	3050276	35
365376	301288	17
33350	3050276	35
3876250	1510232	2
433727	3050276	17
301288	3440824	63
1510232	1911633	190
2038929	301288	17
4082459	301288	35
1460537	301288	47
1510232	2070758	190
4432770	3050276	35
2798399	4514417	6
2650715	301288	35
4498143	3050276	47
3793908	1510232	191
2125317	1510232	191
3922666	4514417	6
143751	1510232	2
3921369	301288	35
301288	3282806	63
1510232	3626731	192
3580263	301288	46
1995531	301288	35
301288	1022373	63
2582577	1510232	2
3336616	3719327	3876
2080866	4599547	210
2712976	3050276	35
2779401	301288	35
56296	301288	17
3075180	3050276	35
2499408	3050276	17
388653	3050276	35
1447815	3050276	35
19378	301288	35
156085	684315	280
1134792	301288	17
4191228	1384418	161
51486	301288	35
3758059	3050276	35
1842867	3050276	35
510601	3050276	17
2206384	301288	35
3394584	301288	17
1891998	301288	173
359816	301288	17
4566280	301288	17
156085	1576942	60
1935765	3026361	62
3196705	3050276	35
306639	1621967	2
136993	301288	17
1622059	2618063	170
1510232	3955832	190
2590668	3050276	35
556438	301288	35
4095630	4080344	66
2548400	2492298	66
2487254	3762322	276
1510232	664038	192
2066291	3050276	17
1510232	3622059	190
1279425	301288	35
2406968	3050276	35
1733926	301288	17
2712976	301288	46
286169	2985516	62
653484	301288	46
3824999	3050276	17
4014740	3050276	17
2126682	301288	46
4093318	301288	35
4475025	301288	17
2916586	131824	66
3989505	3050276	35
1256722	1510232	2
1439968	301288	35
431004	2985516	168
4412601	3050276	17
2901941	3050276	17
235001	3050276	17
4080342	3050276	35
1985460	3050276	35
1510232	306639	190
156085	301288	35
297275	3050276	17
4034245	301288	17
2665112	3050276	35
3578348	2985347	155
1574540	3050276	35
1956522	301288	35
3341544	301288	35
2559672	3050276	17
493180	301288	17
3215995	3050276	47
4002731	301288	46
2165293	3050276	17
2746887	1693555	193
2650900	301288	17
3404730	301288	35
3793908	3050276	47
1151465	301288	35
3958600	3050276	35
610537	3050276	35
4503880	301288	17
1257531	301288	17
4328648	301288	17
1510232	579554	192
4173023	3050276	35
1190732	301288	35
3972793	301288	35
1510232	4036375	192
4179838	3050276	35
4480731	3050276	17
1008766	3050276	17
1373444	3050276	35
416163	1510232	2
2917230	301288	35
237504	3050276	35
471560	1510232	191
1440210	3050276	17
1656714	3619590	280
301288	642271	63
1747804	4514417	6
1194914	3050276	17
3396251	3050276	17
3075180	301288	35
1510232	3081415	190
130737	301288	17
3250804	3050276	17
3579031	3050276	17
1186856	3050276	32
1510232	1294169	190
1510232	678142	190
4471978	301288	35
4508351	2956864	66
2567616	301288	35
170757	301288	47
4111680	301288	35
372332	3050276	17
3233933	301288	17
1714543	1510232	2
301288	1453376	63
3026370	301288	17
2848388	4095630	240
808595	4514417	6
409677	320416	145
301288	2401016	63
3353156	301288	46
2778520	301288	35
4010452	3050276	35
2716283	3050276	35
18023	301288	46
1275681	3901374	3621
1897959	3578348	152
878581	3050276	17
1510232	2358141	190
2786854	3050276	17
2701988	3050276	35
4305023	301288	35
1971085	3050276	35
772622	3050276	35
2567616	3050276	35
650229	3050276	35
3783933	1510232	191
1731876	3050276	17
3790418	301288	17
4080344	3050276	17
666703	3050276	17
3272752	2919220	58
3058556	3050276	35
2879080	3050276	35
90908	3050276	17
322694	301288	17
1834800	301288	35
394241	3050276	17
1797022	301288	32
624030	1322192	60
3084322	3050276	35
4481402	3050276	17
1510232	873567	190
301288	1485135	63
1510232	696610	190
4598928	3050276	35
301288	2359336	63
796203	301288	35
856996	301288	35
3076746	301288	17
4225676	301288	35
4168634	301288	47
2483451	2894677	276
1744318	1530111	163
4655856	301288	17
3018707	3050276	17
4459600	4514417	6
1312300	3050276	35
4406092	301288	47
3839404	301288	17
1741843	144335	142
222865	301288	43
3341960	3050276	35
1081305	3050276	35
184048	301288	17
658761	3050276	17
775952	3050276	17
1667557	3115929	137
1663727	301288	35
1510232	1449331	190
2251111	652485	161
1510232	4339888	190
3847082	4514417	6
1621967	2106163	190
1510232	4539525	190
462223	1510232	191
539338	301288	17
301288	499876	63
2761128	3050276	35
1300504	3050276	35
304321	3050276	17
3562474	3050276	35
3885846	3050276	35
2359336	3594530	138
2268547	301288	17
3253225	4514417	6
1211360	301288	35
1929160	301288	17
3115929	727411	155
1784062	1510232	2
3262940	3050276	35
1772708	3050276	17
1737339	301288	35
1968211	565151	205
4124200	3050276	17
301288	4603334	63
2603052	4547502	276
3437231	3050276	35
1213528	301288	35
4576479	3050276	35
1633816	3050276	17
4141288	301288	17
1680459	3050276	35
4306399	301288	35
1652391	4514417	6
2598765	3050276	35
2328610	301288	17
1621967	2602434	190
970317	4514417	6
3885846	301288	35
440921	1510232	441
2888700	3050276	17
4423847	3050276	17
4400968	3050276	17
2297132	1558765	125
1150148	301288	47
2560151	301288	32
1510232	4467872	190
3195760	3759370	155
664038	1510232	191
2839732	4278937	137
1510232	2785134	190
2603052	213199	66
1510232	471560	192
2758843	3050276	17
2250941	4040078	145
1889191	3050276	35
2140318	301288	17
3501256	301288	35
367981	4514417	6
670899	3050276	35
760309	301288	17
3871781	3050276	35
3706878	301288	17
1510232	154804	190
3173797	4514417	6
1667557	3050276	17
970948	1621967	782
1967580	2919220	58
301288	2044681	38
1510232	3456052	190
4625886	4514417	6
1639534	1510232	2
2147403	1510232	2
3748146	1510232	191
2576560	301288	17
1534014	3050276	35
657758	1612380	333
1917336	3050276	35
1464468	3050276	35
2129882	301288	32
2435830	2365065	62
2319033	301288	17
2365065	2919220	58
301288	3200804	63
872359	3050276	35
1618215	301288	17
3402391	3050276	35
2929918	3050276	17
1510232	4123142	190
1152501	301288	35
4656730	3050276	35
4582000	301288	17
1181568	301288	35
1621967	565151	101
2563265	3050276	35
2579369	301288	17
2848587	301288	17
1661554	3050276	35
2070758	1510232	191
388507	3050276	35
1516330	1510232	2
3903776	1510232	191
2126045	3050276	35
290672	3050276	35
2294221	3050276	35
1212880	457564	60
1453253	3050276	35
1510232	2275030	190
1344394	301288	46
2484605	2297132	170
3336616	218108	2500
3311587	3050276	35
3406961	301288	35
1510232	3149312	190
2255518	3578348	170
4416970	3050276	35
3494045	1510232	2
2383035	3050276	17
2576560	3050276	17
2342803	1621967	4
706141	3050276	17
1937103	301288	35
2668099	301288	35
3491564	301288	17
1510232	2796213	192
2916586	3617222	276
4250469	301288	17
2548400	2129882	142
1510232	2796054	192
3058556	301288	35
301288	1873089	38
4577431	301288	35
872259	3050276	35
2252071	3050276	35
4268271	3050276	17
1973483	301288	35
3750064	3050276	17
52727	3922666	153
3084322	301288	35
402899	1510232	2
185075	3083473	208
4175001	1510232	2
2788909	301288	35
2693098	3050276	35
1621967	4490566	207
1510232	962756	192
1439968	3050276	35
301288	1586259	63
1510232	4401890	192
4603866	301288	46
4064552	3050276	35
1621967	3407047	860
2236535	1510232	2
1181568	3050276	35
808595	1741843	170
1510232	1770053	194
4303510	4514417	6
1022826	301288	17
412219	301288	35
286169	2985516	193
2112727	3050276	17
752597	301288	17
4572954	3050276	35
709618	301288	35
1510232	10398	190
2261713	4514417	6
893826	741681	145
1687826	1510232	2
4130191	3050276	35
1769445	3050276	35
810374	3050276	35
1510232	1458299	192
3677261	3050276	17
876086	301288	35
4051630	3050276	35
4386872	301288	35
1510232	2070758	192
154516	3050276	17
4372144	3050276	35
825565	1510232	2
791687	301288	32
1738826	301288	17
1018540	3902943	135
2049314	301288	17
450102	301288	17
402899	3050276	35
3115203	301288	46
751679	2106163	735
1439945	3050276	17
3145908	3050276	35
1510232	306763	190
623245	4514417	6
1128497	301288	17
2458117	3050276	17
4038651	1510232	191
353700	3986453	66
1621967	3719327	194
1651682	4514417	6
88775	3050276	35
2985516	3050276	35
4416324	3050276	17
3136186	3050276	35
3025955	301288	17
1510232	290672	190
365241	301288	17
2603052	3417294	487
1022373	1621967	2
103259	301288	35
2044681	3050276	17
2158740	3050276	17
4490566	2145261	210
2228255	1510232	191
1510232	602150	192
223716	301288	17
3622059	1510232	2
3439467	3050276	35
1063623	3050276	35
1825233	2483451	193
1510232	653484	192
2831252	3050276	17
1997355	301288	17
3439467	301288	35
3578348	1510232	2
3591371	3050276	35
2528378	3050276	17
1510232	1995531	190
2556761	4514417	6
1900040	301288	17
642271	301288	46
3717575	301288	843
4516384	3050276	17
3698724	3050276	17
2358141	301288	511
3901374	970948	3876
3557934	3050276	17
3230687	301288	17
1510232	33350	190
275954	3050276	17
1022373	3497732	280
787443	3050276	17
1510232	1316922	190
2067722	1510232	2
4617737	3050276	17
3618526	301288	35
2093297	301288	35
1866779	301288	35
374306	3050276	17
2958967	301288	35
972081	3050276	35
2579474	301288	35
1078356	301288	35
3836498	3050276	35
798120	3050276	17
1348891	301288	46
4532263	3050276	17
301288	2949872	63
2222435	1510232	2
600372	3050276	17
301288	3353337	63
3629220	3050276	35
1338708	3050276	35
107297	2549191	444
2094398	3050276	35
1510232	3573262	190
4004923	2548400	161
1335045	3050276	35
2176598	301288	35
1510232	1761229	190
1865157	301288	35
66378	3050276	35
1448805	936136	142
3112459	3050276	35
1212880	1510232	2
3744950	301288	17
1706473	301288	35
2351657	3050276	17
4154687	1656714	152
301288	1946983	63
3950123	3050276	17
515242	3050276	35
1510232	2338373	190
2651180	301288	35
3580263	301288	35
3962185	301288	17
4093956	3050276	35
3237674	301288	46
2406523	301288	17
2072870	301288	17
2993529	1510232	2
2919220	301288	572
3516257	301288	35
301288	4621063	63
4079820	301288	17
3075627	1066676	157
3540928	301288	35
185075	301288	17
1340278	306639	145
1656714	1621967	2
1397875	1510232	2
2277249	1022373	62
343899	3050276	17
2035220	3050276	17
4637497	1656714	170
223716	3050276	17
3535832	301288	35
3130788	301288	35
3299127	3050276	35
3589728	301288	35
4338080	3050276	2507
2215955	3050276	35
4288811	301288	35
1328178	457564	60
4486123	3050276	17
3249376	3050276	35
404874	301288	35
2067722	4363568	142
4067564	3050276	35
1552401	3050276	35
2951876	3050276	35
2778277	1510232	2
878581	4514417	6
3035990	1510232	2
3382430	1102805	145
3436805	3050276	17
1717027	1510232	2
2796213	1510232	191
2626607	301288	17
1740841	301288	46
4147425	3050276	35
3726988	1510232	2
2949872	301288	46
4264793	301288	17
3058631	301288	35
1311994	3050276	35
510382	301288	17
4507075	4514417	6
2505767	2548400	168
286443	412862	142
591577	1744318	193
1015263	3050276	17
1737339	3050276	35
2856503	301288	35
301288	1021902	63
1510232	2184882	190
4357261	301288	35
4453784	3050276	17
2487285	3050276	35
858699	3050276	35
3237674	301288	35
652485	1886256	60
1295058	3050276	17
1764656	1621967	75
3720821	3195760	193
3868420	301288	35
4116421	4514417	6
3231265	301288	17
1098064	1510232	2
1102805	3382430	142
3531967	3050276	35
1803306	4514417	6
1448805	936136	66
4601074	3050276	35
1510232	3220915	192
1938396	1510232	191
2138803	301288	17
2999290	3050276	17
4561590	301288	46
1510232	3045422	190
2670675	3050276	47
2147403	301288	35
3336616	3723245	2695
4395044	301288	17
2423992	1510232	2
3568699	3050276	35
805286	301288	17
2166921	1510232	191
2086881	4514417	6
3534633	3050276	35
1510232	999341	190
2452755	3050276	17
835826	4514417	6
2063186	301288	35
1510232	1094992	192
403612	3050276	17
2535747	3050276	35
4040078	3630466	138
1692996	3050276	35
2650900	3050276	17
1435748	301288	35
4605438	1621967	2
934464	624030	193
805605	3050276	17
411787	301288	17
1880052	3050276	17
2378382	301288	35
3776106	3050276	35
3228389	3050276	17
301288	653484	63
2294841	301288	17
4173355	301288	17
3454993	3050276	17
3606260	3050276	35
595533	301288	35
1018540	3050276	35
306639	1073778	138
553243	3050276	17
190503	301288	47
205884	3050276	17
2569311	301288	35
2389052	3115929	161
4514679	301288	17
232854	1510232	2
3275396	301288	35
4162051	1212880	208
2119771	3050276	17
1320178	301288	32
803128	3050276	17
2927642	301288	35
3946076	3050276	35
3291210	3050276	35
1510232	4143531	190
2130644	3050276	35
1510232	2765492	190
1510232	997926	190
1424177	1510232	191
3601860	3050276	35
2779428	1528869	260
1969796	301288	17
3095606	3050276	35
1683802	3050276	35
2624999	301288	17
3753758	3050276	17
3726519	3050276	17
3848843	301288	35
1547892	1300896	62
3478785	3050276	17
2727606	1656714	161
4138792	3050276	35
2333982	301288	17
301288	1039986	38
301288	974462	63
3026361	3130429	280
4080344	4514417	6
306639	436318	135
2548400	4004923	135
2690813	301288	35
1675031	3050276	17
4543551	301288	35
3687832	301288	35
2548400	3717575	575
397685	3050276	17
2789844	3050276	35
1510232	4480175	190
4100234	2548400	145
3219153	301288	35
3739611	301288	46
4179372	4040078	149
4513177	301288	46
255697	3050276	17
2798399	652485	157
2081107	3050276	17
2861647	3050276	35
3501066	301288	35
3536166	3050276	35
3643767	3050276	17
706141	301288	17
1502091	301288	17
4563192	3050276	35
234107	4514417	6
624082	301288	35
1510232	1531950	190
306763	3050276	35
2510093	301288	17
1510232	2478464	190
1605291	3050276	17
722519	1510232	2
214660	301288	17
387670	2106163	145
1510232	3404949	190
2359336	301288	35
2297127	1510232	191
4521104	1510232	2
607736	3050276	17
301288	2387303	63
4380260	1621967	1065
1107857	301288	17
3427867	1510232	2
4211083	3050276	35
694433	3050276	17
2236897	1510232	2
2073048	301288	17
128025	3050276	35
4411017	301288	35
4408213	3050276	35
2840247	4514417	6
3723245	3901374	3621
1329323	301288	17
2708779	3050276	35
1848644	3050276	35
4522874	3004938	333
1510232	80085	228
1510232	2779222	190
1083030	301288	35
3975496	3050276	35
4006545	3050276	35
666703	301288	17
1296844	1510232	2
4468576	301288	35
244801	301288	17
1018540	2919220	58
970948	3901374	3045
3578348	996739	60
2089814	1510232	191
1102805	1621967	2
3981199	301288	17
782224	301288	17
3909802	3272752	735
1448805	2891488	66
2067722	3531243	280
120174	301288	35
1892259	3050276	17
3782936	3050276	17
1510232	3772059	190
523154	301288	35
2089308	1510232	2
3506637	3050276	35
275236	301288	17
2359336	554587	35
133889	1510232	2
154804	1510232	2
3710733	301288	17
4626969	301288	35
1253043	1510232	2
2512164	3050276	35
3115929	2657810	153
2484605	4514417	6
2548399	3050276	35
471560	3050276	47
557302	301288	17
4133526	3050276	35
3865757	301288	35
1510232	1388893	190
3119187	301288	35
1928479	3129045	62
2381053	1510232	2
4443325	3050276	35
301288	56732	63
1448805	3210378	138
1453376	3050276	35
3962185	3050276	17
4235433	3050276	17
3308953	3050276	17
213199	3050276	17
1935765	3026361	152
978495	3050276	17
864306	301288	17
1684743	301288	47
1773276	3050276	35
540128	3050276	35
2283009	4514417	6
232854	3050276	35
425501	4655400	153
1042226	301288	17
2654213	3050276	17
2540924	301288	35
2483451	3794817	138
4033819	3050276	17
1022201	301288	35
3422598	301288	35
3080142	301288	35
4382507	3050276	35
3705891	301288	47
1331660	301288	17
1510232	2562426	192
3573390	1510232	2
3931333	2106163	170
147060	3083473	170
1510232	4521104	190
956626	301288	35
1331453	301288	35
4345913	3050276	17
2853114	3050276	35
950444	1510232	2
4168634	1510232	191
1994062	3050276	17
1693678	301288	35
3338891	301288	35
2008489	301288	17
2961391	301288	35
301288	2017093	63
19378	3050276	35
4380260	107297	448
439507	3050276	35
1510232	722519	190
3090660	4514417	6
4311874	3050276	35
2134067	3050276	35
3081864	2653518	145
657758	3721958	66
4162598	301288	35
1611775	301288	46
2422966	4514417	6
448206	301288	35
1638014	301288	35
3797868	301288	35
654020	3050276	35
880249	3050276	35
663223	301288	35
2698399	301288	17
3618097	1510232	2
751882	301288	17
3606260	3847082	66
271398	3050276	47
1127592	3050276	17
3881304	301288	17
946307	3050276	17
4218192	4514417	6
2498220	3050276	17
1396352	301288	17
2106163	2608527	135
2954270	4514417	6
1558765	2297132	41
3617222	2916586	149
1621967	4338080	346
2524404	301288	35
4421328	3050276	35
3178458	1510232	2
3245447	301288	17
170757	3050276	35
3789004	1510232	2
2654727	1510232	191
2918670	301288	17
1078385	301288	46
2916586	122348	155
301288	4251498	63
301288	4111680	63
1967580	3050276	35
1819532	301288	46
1590897	3050276	47
1073778	4514417	6
4162718	4430879	142
4461723	3050276	35
4401890	3050276	47
2210233	301288	35
2951141	3050276	47
3470151	3050276	35
3708674	3050276	17
2067722	4483233	163
1510232	1619786	190
4247758	3050276	35
1458299	3050276	47
1741890	301288	35
2846364	301288	35
3139682	301288	35
1242099	3050276	17
371133	3050276	17
1021413	3050276	35
301288	3551043	63
4557430	301288	17
1252729	301288	35
4087542	301288	35
1510232	4421328	190
2478851	2487254	157
431677	3050276	35
2067247	3050276	17
1336458	3050276	35
3573262	1510232	2
2791834	301288	17
4572480	3050276	35
3805873	301288	35
1078385	3050276	35
2094457	3050276	35
1510232	4247150	190
2382954	1510232	191
1510232	3279494	190
4363568	3050276	17
1510232	3311943	192
3242538	3050276	17
1054221	3050276	17
4421328	1510232	2
1510232	2344370	190
1365986	301288	17
2607260	3050276	35
1710371	3050276	35
2747612	301288	17
4218192	848835	62
2008489	3050276	17
3594530	2359336	157
1344394	1510232	2
4209987	3050276	35
411787	3050276	17
3876250	3050276	35
1834800	3050276	35
301288	4523396	38
412862	286443	145
4540161	301288	35
2548400	301288	46
307186	2548400	170
4468576	301288	47
2289072	301288	17
2550428	3050276	35
2744666	301288	46
4080344	4095630	145
1510232	1953712	190
2185462	301288	32
4346439	3050276	17
2762121	3050276	35
396687	3050276	35
1377937	301288	35
3336109	301288	35
2420570	301288	35
3616430	1510232	191
3144114	52727	170
3896099	301288	35
3776105	301288	35
4421793	2487254	168
1390926	3050276	35
1442705	3050276	35
3977124	301288	35
4100234	301288	17
4637497	4514417	6
614591	3050276	35
4236899	3050276	17
112726	1510232	2
164055	301288	17
301288	4597813	38
3511523	301288	17
1255658	3050276	35
751679	4514417	6
1127592	301288	17
2365759	301288	35
4218557	4514417	6
3459001	301288	46
775952	301288	17
2574687	301288	35
2879080	301288	35
2904878	301288	17
3126060	1510232	191
3896099	3050276	35
3272752	2127284	66
2458117	301288	17
1510232	859698	190
301288	84077	404
3237867	3050276	35
2049997	3050276	35
1510232	3494584	190
3931333	3050276	17
2886031	1510232	2
1316500	1510232	2
2232894	4514417	6
3648516	301288	17
652485	1621967	2
3026361	1935765	142
568401	301288	35
3195760	3000518	66
2120155	3050276	35
3501066	3050276	35
2050257	301288	35
301288	1995531	63
2656577	3050276	35
4641867	301288	17
7488	3050276	35
2593889	1510232	2
2959793	4295892	168
2418679	3050276	17
3407845	3050276	35
1042226	3050276	17
904540	3050276	17
1510232	3204633	194
4180302	1510232	441
2483451	219076	163
2985516	286169	60
1973483	301288	46
3012097	301288	35
1773303	3050276	47
2864384	3050276	17
4040078	1621967	2
2483451	1807245	135
1331660	3050276	17
1516783	301288	35
2835497	3050276	35
2083390	301288	47
4443325	1510232	2
1311750	3050276	47
1574307	3050276	17
4515880	3050276	35
920134	3050276	35
4222421	3050276	17
397513	301288	35
3149312	3050276	35
2069563	3050276	35
301288	956626	63
3836985	301288	46
3935686	3050276	35
1510232	416163	190
1054221	301288	17
1555564	301288	35
1510232	1913168	190
2538450	301288	32
3404949	3050276	35
3114084	1621967	10
3326158	3050276	17
1510232	3333466	190
4135149	301288	17
4059435	301288	35
1666185	3050276	17
2550233	3050276	17
3987042	301288	46
1641571	301288	35
4624287	301288	32
1510232	4417506	3
301288	451419	38
326436	301288	35
436221	301288	35
4120164	3050276	17
2117913	3050276	35
482748	301288	35
861664	301288	17
1651682	4081925	157
3164115	3050276	35
1182667	3050276	17
1352794	301288	32
4036375	1510232	191
2257588	3050276	17
2306086	1510232	2
4231111	3050276	17
1510232	2015566	190
2650715	3050276	35
1904633	301288	17
344583	301288	17
1712260	3050276	35
1912785	3050276	17
3216977	3050276	17
4148419	301288	17
1107492	3050276	17
1510232	2659279	192
1510232	1645769	192
346942	3050276	17
4293532	3050276	35
1383473	301288	35
4048387	301288	17
4648633	3050276	35
69756	301288	35
1459961	3050276	35
193035	301288	17
2082955	3050276	47
301288	4377771	63
637128	3050276	17
2135110	3050276	35
1058954	301288	35
2434055	4514417	6
657758	1621967	2
3752441	3050276	35
3164959	3050276	17
2106163	4235433	135
2603052	1816162	163
1510232	440921	197
1010343	4514417	6
1442650	3050276	17
4652897	301288	46
2112096	1510232	2
3422138	301288	17
1702056	301288	47
301288	2344370	63
3319071	3050276	47
2161925	301288	35
3742783	3050276	35
4050462	3050276	17
1006014	3050276	17
1510232	2680491	190
1366672	3050276	35
1221512	301288	47
3444004	301288	17
2725660	301288	46
2378376	1510232	2
1528618	3050276	17
124	1510232	2
1218903	3050276	47
3230687	3050276	17
2565615	301288	35
3553863	301288	17
4154687	4514417	6
3077605	301288	17
739253	3050276	35
3891705	3050276	17
4564075	3050276	35
388732	301288	17
1510232	4247758	190
306639	1340278	66
1085921	301288	17
1547892	4514417	6
3533781	301288	35
52470	301288	17
538927	301288	35
2362999	301288	47
1587109	3050276	35
861664	3050276	17
131824	3050276	17
4641257	3050276	17
1449331	1510232	2
2761547	301288	47
3618386	301288	46
1510232	3522067	190
2528938	3050276	17
4238766	3050276	17
4081925	3050276	35
1510232	4475575	190
3516257	3050276	35
3958551	301288	35
3505755	301288	35
4466546	301288	46
1510232	1889640	190
1300751	301288	35
1510232	914663	190
2134787	3050276	35
1055748	301288	35
2894677	3050276	17
3381606	3050276	17
1953790	301288	17
1426621	301288	35
4067970	301288	35
205759	301288	46
4323342	3050276	17
2856503	301288	46
1510232	2423992	190
4538133	301288	35
4093318	3050276	35
360113	301288	17
2081107	301288	17
1544019	301288	35
1510232	3227259	190
2867165	301288	35
2486962	3050276	17
1510232	2297127	192
4029235	301288	35
1989593	1510232	191
2192198	3050276	35
3880512	3050276	17
4603334	301288	46
3922666	52727	208
3200804	301288	46
1121732	3050276	17
2916586	1621967	2
1288725	3050276	17
1737077	301288	46
4262736	3050276	17
2855368	301288	46
412862	286443	62
1510232	108735	190
3220915	1510232	191
1881790	3050276	35
1510232	1039557	190
768022	4514417	6
1729262	301288	17
2548400	3179587	155
1253616	301288	35
2396912	1621967	1476
963792	301288	17
2403257	2487254	145
1897371	3050276	35
761219	1510232	191
658111	3050276	17
3475262	1510232	2
999341	1510232	2
144335	4514417	6
304467	1510232	2
568612	301288	17
1510232	433741	190
1510232	2624113	190
1724678	301288	17
3196585	2297132	161
3622059	3050276	35
301288	615227	38
3202772	3050276	35
367981	301288	17
2294747	1621967	2
107297	3114084	205
2582577	3050276	35
3428213	301288	46
465414	1510232	2
1947495	301288	46
1596299	1510232	191
3695844	1510232	2
3297259	3050276	35
2867165	3050276	35
882843	301288	35
2916586	4625886	66
3987042	3050276	35
2129597	301288	35
1376482	1510232	191
3319316	3050276	17
1172486	1510232	2
2372568	301288	17
301288	2855368	63
37841	301288	17
1741843	1621967	2
3495246	3050276	17
301288	2919220	91
1510232	2917955	190
1103550	3050276	17
3335974	3050276	35
160243	3050276	17
3522067	1510232	2
301288	2795596	63
3726988	301288	35
908210	3050276	35
3534633	301288	35
1599216	301288	35
133953	301288	17
1208815	1967580	170
614669	301288	35
4574748	301288	17
2712681	3050276	17
2846774	3050276	35
3211988	1621967	1065
3107578	1510232	2
1456054	3050276	35
2822912	1510232	2
2309344	3050276	17
267217	301288	35
2976067	1510232	2
462223	3050276	47
145482	301288	32
1275681	3336616	2456
301288	1737077	63
1510232	1903775	192
204392	301288	35
4014276	3050276	35
3329997	301288	35
1397025	1448805	168
2811337	301288	35
1720064	3050276	17
1485135	3050276	35
1510232	4427344	192
2080866	3050276	10
2283009	1656714	145
2721991	301288	35
1414030	1621967	206
1580857	1510232	191
4520899	301288	35
730574	2779428	74
2067722	1378018	60
3846765	4514417	6
1566171	3050276	35
3536393	3050276	35
1510232	3471780	190
975994	3050276	17
1510232	3851487	2168
4278937	3433586	163
1997355	3050276	17
1793282	301288	35
301288	2707010	63
1229140	301288	17
2809469	3050276	17
3630466	4040078	157
4380306	3050276	17
1917336	301288	35
301288	4246775	38
2573105	3050276	35
3200476	3050276	35
1070386	301288	17
3619590	1656714	193
3302832	301288	17
840073	3050276	17
4323868	624030	152
3909802	3050276	17
922275	301288	17
2208253	301288	17
3497262	3050276	35
642526	3050276	17
2461873	3050276	35
1505237	301288	17
234787	301288	17
1504484	301288	17
1725069	1510232	2
3589728	3050276	35
2144850	3050276	35
4525847	3050276	17
343488	4514417	6
1510232	2112096	190
2426999	301288	35
3156072	3050276	17
1422746	3050276	35
4297960	3050276	17
1574540	301288	35
154171	3050276	35
2406968	301288	35
3418346	3050276	17
4447691	301288	35
1795464	3050276	17
3239044	3050276	35
1510232	1842867	190
1621967	2067722	190
3564220	301288	17
3839606	3050276	17
3865757	3050276	35
367699	301288	17
301288	3409266	63
2694467	301288	35
377977	3050276	35
1070386	3050276	17
1510232	3780091	192
457564	1328178	62
1737077	3050276	35
2677750	301288	35
2894677	4514417	6
4431718	301288	35
436952	4341630	170
4422356	301288	35
2185299	3050276	35
1315612	301288	35
1275829	3050276	24
4508482	3050276	17
1621967	577507	190
1510232	511499	190
3188592	2603052	168
4229350	3050276	35
381973	3050276	35
1510232	2761547	192
1365986	3050276	17
1510232	3234537	192
3590343	3050276	17
995189	3050276	17
652485	634665	195
234107	301288	17
301288	90595	38
301288	4397334	63
1180672	301288	35
3394584	3050276	17
1635176	301288	35
1095929	301288	17
1510232	625359	190
2660254	301288	35
1553031	301288	46
3413667	301288	35
3646023	301288	35
2960344	3050276	17
3980007	4514417	6
1383236	4514417	6
2390407	301288	35
1946507	3050276	35
2719898	301288	35
90604	301288	17
549443	3050276	17
2378850	3050276	35
4147822	301288	17
2188950	301288	17
1621967	1741843	190
3444235	301288	35
1498488	3050276	35
349223	3050276	35
1302051	301288	35
4403718	301288	35
1224798	301288	35
3475262	301288	35
3140518	1300896	208
3847082	3606260	62
2989698	4514417	6
3115203	301288	35
1003298	3050276	35
1510232	2294221	190
301288	40719	38
1525969	301288	35
376935	3050276	47
1776183	1510232	2
2049997	301288	35
984698	3050276	35
2117393	3050276	17
3632363	3050276	17
974462	301288	46
699253	1510232	191
4284051	301288	46
301288	3115203	63
848835	3970699	142
607967	3050276	17
843034	3050276	17
301288	2832465	38
1242099	301288	17
640626	3050276	35
4233227	301288	35
3342869	3050276	47
672577	301288	35
301288	4561590	63
1803756	3050276	17
741681	893826	142
40719	3050276	17
2354494	301288	17
1468392	301288	17
1611426	301288	35
1640930	301288	35
3936019	3050276	17
155268	301288	35
4462030	3050276	17
2545764	301288	17
2344581	301288	35
590548	3050276	35
3779264	301288	17
4311849	3050276	35
161723	3050276	17
1530145	4514417	6
1895774	301288	17
4238766	1510232	1229
3261252	3050276	35
1510232	4238384	3
231921	301288	17
3529257	301288	17
2779222	1510232	2
1117677	1510232	2
1275681	3336616	3621
2013248	301288	31
301288	4466546	63
1510232	1926727	190
3608100	1510232	2
3566841	301288	17
1720239	301288	46
425501	1621967	2
923322	3050276	17
2371098	3050276	35
1621967	4040078	190
3379724	301288	35
2095430	301288	35
2906919	3050276	35
1491909	1510232	2
2788909	3050276	35
2659279	3050276	47
1695695	3050276	35
4288920	3050276	17
661215	1510232	4
3115929	4177505	135
2589496	301288	35
782274	301288	35
2106163	2338484	138
3705891	1510232	191
3485397	3050276	35
2607648	301288	17
507630	1510232	2
2458343	1510232	191
2647068	301288	46
970948	3336616	3045
2548400	2727606	135
131824	2916586	170
4191440	4514417	6
298826	301288	35
2603052	3188592	155
4143186	2917313	60
4346439	301288	17
2396912	3050276	2507
1273258	3050276	17
1754658	1510232	191
3956262	301288	35
4321305	301288	35
3617291	3050276	35
1414030	2919220	104
1741843	808595	66
2678190	3050276	35
1485135	301288	46
3624765	3050276	35
2375964	3050276	35
649865	1510232	2
1517889	3050276	35
2545764	3050276	17
1510232	1639534	190
3466207	3050276	17
2344370	1510232	2
2620721	301288	47
4300220	301288	17
1946881	301288	17
4238384	4514417	6
1510232	1702056	192
1943673	1510232	2
1621967	4295892	190
3859642	1510232	2
2796896	3050276	35
3708023	301288	35
3437305	3050276	35
3547337	301288	47
1784062	3050276	35
3013988	3050276	35
10750	3050276	17
3310090	301288	35
761234	3050276	17
1363855	301288	35
1510232	2228255	192
1510232	4257161	190
2828928	3050276	35
2885121	3050276	17
4256083	1942020	280
2592782	3050276	35
2499608	1510232	191
669355	3050276	35
4278937	3050276	35
2297132	2298267	276
1639966	301288	35
269056	3083473	62
726239	301288	17
1721892	3050276	17
1510232	1020293	192
3547337	3050276	35
2003445	3050276	35
1923980	3050276	35
457564	4514417	6
3109045	2919220	104
16832	65857	145
4403718	3050276	35
3234754	301288	35
2112704	3050276	17
962882	3050276	35
2365065	3050276	35
2697990	301288	17
1656714	2727606	135
509574	301288	35
2294747	1510232	2
480706	3050276	17
689872	3050276	35
4513177	301288	47
1617311	4295892	157
1324473	3050276	17
2892012	3050276	17
2629373	301288	17
2716283	301288	35
4174691	3050276	35
3367504	3050276	47
1275829	2359336	240
2089814	3050276	47
1510232	1790414	190
1621967	1303164	207
2400837	301288	17
3444081	3050276	17
18875	3050276	17
4100234	4514417	6
1096714	3050276	17
1182921	3050276	35
1510232	2985516	190
1510232	164928	190
3078773	3050276	17
1030332	301288	35
1721892	301288	17
3081204	3050276	17
301288	1483220	63
3568613	301288	46
2483451	1621967	2
3655028	301288	46
1919144	1510232	2
1454735	301288	35
3204587	301288	17
2250941	4514417	6
204604	1510232	191
3153020	301288	35
811269	301288	35
3978430	301288	35
1889640	3050276	35
1510232	2585140	192
3410166	301288	17
1510232	1253043	190
1547892	1300896	170
1786631	3050276	17
1808614	3606260	193
1510232	3705891	192
465918	301288	35
1510232	431677	190
1510232	2957506	190
1661881	301288	35
2804738	3050276	17
1197997	3050276	35
3437305	301288	35
156085	3050276	35
3275396	1621967	2
10398	1510232	2
52727	3144114	66
2147000	301288	17
366088	301288	35
3723245	3336616	2206
1504898	3050276	35
503613	3050276	35
405605	3050276	47
3023543	3050276	17
306639	616915	60
2637977	3050276	17
3478481	3050276	35
2864561	3050276	17
301288	439507	63
4412601	301288	17
1221810	3050276	17
4628902	3050276	17
301288	554587	151
3204368	3050276	35
4229096	301288	17
2575670	4514417	6
1027546	301288	17
4353993	3050276	17
3697368	301288	35
2359336	161698	276
1413329	301288	35
3406961	3050276	35
1928479	3050276	17
2499608	3050276	47
800684	3050276	35
267217	3050276	35
1903760	3050276	35
572103	301288	17
2396912	3336616	3621
1923459	3050276	17
3606140	3050276	35
2359336	4383595	333
1022373	301288	46
3764342	3050276	35
2796896	301288	35
3031757	301288	17
2839732	3050276	17
3579882	4514417	6
3205168	3050276	17
1663727	1510232	2
4143186	4303510	276
1156308	301288	17
2473887	3050276	17
1621967	2487254	190
4323868	301288	17
2677422	301288	17
1510232	2568884	190
2666397	301288	35
920425	301288	35
3223970	4514417	6
1024914	301288	35
1510232	1073920	192
2982994	301288	35
999341	3050276	35
473296	3050276	17
52727	2249299	155
2908783	301288	17
2626310	3050276	17
4169380	301288	35
4018287	3050276	35
624030	2775635	138
4253453	301288	35
1033051	3050276	17
1510232	474768	190
1583184	1510232	191
1134257	3050276	35
3095606	301288	35
4323868	624030	161
436318	306639	161
606606	3050276	17
3319071	1510232	191
3141501	301288	17
1004659	3050276	35
4462339	301288	17
4561590	3050276	35
3115929	1510232	2
3367504	1510232	191
4543551	3050276	35
2365759	3050276	35
3259362	301288	35
3129045	3050276	35
107297	3412751	444
2806147	1510232	2
4514076	2916586	152
1891998	4508351	67
2075740	1510232	191
1803306	2297132	62
407493	3050276	17
2774628	301288	35
3647980	3050276	17
301288	537220	63
1946983	301288	46
1510232	2364572	192
786576	301288	35
657758	2259703	138
3417294	2603052	137
4270300	3050276	35
932260	301288	17
1926474	301288	17
1693555	4306206	138
1510232	3876250	190
3000518	3195760	170
1168248	1510232	2
2641877	301288	47
1236754	3050276	35
2145773	3050276	35
2016464	3050276	17
3902554	301288	17
3826671	3050276	35
1148981	301288	17
4048387	3050276	17
3253619	301288	35
3004938	4522874	152
2956864	4508351	170
2729386	3050276	17
3028687	301288	35
1003298	301288	35
609658	301288	17
3013988	301288	35
3595165	301288	47
3743662	301288	35
1510232	4359757	190
3455590	4514417	6
3231933	3050276	35
2450682	3050276	17
3195760	3720821	280
2401896	301288	17
4338080	1621967	404
4461723	301288	35
4061951	3050276	17
213199	4514417	6
1422746	301288	35
4547386	3050276	35
2455760	1510232	191
591577	4514417	6
2699991	3050276	17
2248737	301288	35
3826091	301288	35
3081415	1510232	2
2601447	301288	17
1885185	4514417	6
701847	301288	17
3536297	3050276	35
301288	537301	38
1528869	301288	47
3787708	3050276	35
700765	3050276	35
2574687	3050276	35
301288	4226033	38
4009667	301288	35
2487254	355274	280
2696847	301288	35
1621967	2294747	190
1655792	1510232	2
4232328	3050276	35
1819592	301288	35
65857	1621967	2
380962	301288	17
4268698	3050276	35
2878046	3050276	35
3334920	301288	35
3962550	3050276	17
2095430	3050276	35
2456960	3050276	17
2849764	301288	35
2119771	301288	17
3536297	301288	35
2193400	301288	46
1720603	301288	17
4382507	1510232	2
1094992	1510232	191
478713	301288	35
1637963	301288	17
2628381	3050276	17
274846	3050276	17
3462968	301288	35
3775622	301288	35
2603052	3173797	135
3561563	301288	17
1096728	4514417	6
1505237	3050276	17
130948	301288	17
4018287	1510232	2
375634	1510232	2
600548	301288	17
3854133	3050276	47
1984041	301288	17
3909202	301288	35
3363968	306639	161
4183379	3050276	35
3480095	3050276	35
726239	3050276	17
1372854	4514417	6
4205601	301288	17
1295587	301288	32
2846774	301288	35
1510232	1168248	190
1510232	3418855	190
2916586	2848388	349
3145650	3050276	17
624030	2919220	58
2707263	301288	46
4539525	1510232	2
286048	301288	35
4146617	301288	46
1510232	3360011	190
1510232	2451861	190
2379616	3050276	35
2727955	3050276	35
4341630	2919220	58
3027691	3050276	17
3502852	301288	17
3501256	3050276	35
901160	3050276	17
3931333	4514417	6
1214414	1510232	2
1510232	1150148	192
4624287	3050276	17
850991	3050276	35
1938396	301288	47
4150293	4514417	6
2493787	2916586	145
1065893	301288	17
1440210	301288	17
2273740	4514417	6
1741843	4381709	153
1409638	301288	35
3308953	301288	17
3319316	301288	17
301288	3472867	63
377840	3050276	35
4022279	3050276	17
3986453	353700	170
258987	301288	35
3021210	301288	35
436952	4341630	145
843316	301288	17
2017093	3050276	35
4627208	1510232	2
301288	2226977	63
1024914	3050276	35
1186856	4514417	6
275954	301288	17
3302832	3050276	17
547551	301288	35
4370673	301288	35
1510232	3035990	190
1432332	3050276	35
3336616	2396912	2207
4179372	4514417	6
3156072	301288	17
3284859	3050276	17
2115238	301288	17
3334920	3050276	35
3578348	1621967	2
2389052	3050276	17
1510232	3828007	190
2861647	301288	35
1392855	3050276	17
2162537	3050276	35
1719129	3050276	17
3432731	301288	17
1015766	652485	208
751679	3050276	17
1875221	301288	17
1740841	3050276	35
3606260	3216195	349
3950123	301288	17
1106808	4514417	6
433741	1510232	2
3298825	3050276	17
1621967	218108	825
2167113	301288	35
3999205	301288	35
823362	3050276	17
1212445	301288	35
212233	3050276	17
1464468	301288	35
1719129	301288	17
534655	3050276	35
2908922	3050276	35
1396953	301288	35
830233	301288	35
1744318	2957039	280
789825	3050276	17
1510232	2810151	190
3536393	301288	35
1621967	848835	190
2507398	4514417	6
1889033	4278937	62
4341630	436952	60
130737	3050276	17
4197785	3050276	35
3783933	301288	47
1638014	3050276	35
1525969	3050276	35
3708674	301288	17
1720570	301288	35
1117677	3050276	35
2641877	1510232	191
301288	1439968	63
2916586	4514076	333
1510232	1117677	190
3738087	301288	17
4303510	4143186	149
4595600	301288	35
1792238	3050276	35
3096679	3050276	35
2128220	1510232	191
3275649	301288	35
2510055	3050276	17
896647	3050276	17
4252601	301288	17
440324	3050276	17
1621967	3578348	190
4065163	301288	35
1348891	301288	35
744081	3050276	17
2284200	301288	46
4491865	3050276	35
3773675	301288	17
2028796	3050276	17
291002	1621967	10
423715	301288	17
3129045	2302543	135
568612	3050276	17
4490566	240630	210
659218	301288	35
1453376	301288	46
1565826	301288	17
1651098	301288	35
2736902	301288	35
4026908	3050276	35
3619590	4514417	6
4226033	301288	32
2469559	301288	35
3080142	3050276	35
4546426	3050276	35
2483451	2273740	155
3709207	3050276	35
137000	301288	17
608375	301288	17
4024233	2102138	157
301288	3638603	63
2397682	3050276	47
935988	1510232	441
894727	301288	46
884654	301288	17
714113	301288	17
694433	2106163	168
1773276	301288	35
3414314	3050276	17
1435264	3050276	35
2102138	4024233	138
1510232	2633989	190
572326	3050276	17
3332563	4514417	6
761993	3050276	17
2548399	301288	35
3083473	1621967	2
24128	301288	35
2083390	1510232	191
2359336	301288	46
3973827	301288	46
124015	3050276	17
160192	301288	46
1559078	4514417	6
2618063	4479701	138
761219	3050276	47
1724678	3050276	17
4268271	301288	17
2206146	1510232	2
2237777	741681	157
2985516	431004	155
1279707	3050276	35
1242141	301288	35
1726805	1510232	2
2642415	1510232	191
2500860	1621967	2680
1861167	301288	17
896932	3050276	17
301288	2010713	63
3164599	3050276	17
3340746	301288	35
1985321	3050276	35
4095630	820175	60
2485699	301288	35
2695992	301288	17
1510232	3289046	190
1595413	301288	46
301288	782274	63
1912785	301288	17
652485	885263	142
1790414	3050276	35
3654080	3050276	35
1006014	301288	17
1344394	301288	35
3775667	3050276	35
56366	301288	17
3385047	3050276	35
1510232	4285609	190
893826	4514417	6
1997204	3050276	17
396755	577507	170
1009789	3050276	17
609658	3050276	17
830648	301288	17
1621967	320416	190
2721243	1510232	191
782698	3050276	32
1555979	4514417	6
4271490	1510232	2
433727	301288	17
107297	1306443	444
3412751	107297	448
2063186	3050276	35
3504029	3050276	35
3755080	301288	17
3075698	3050276	17
2500860	3901374	3621
1546344	301288	17
2358141	301288	35
1510232	478341	192
4124200	301288	17
2635326	3050276	35
3996162	301288	17
2045316	301288	17
1510232	671492	192
4522874	1621967	2
1913168	1510232	2
2329928	3050276	35
1103427	301288	32
1598176	301288	17
1284157	3050276	35
1515141	301288	35
2682320	3050276	17
3531243	3050276	17
2006571	3050276	35
353700	1621967	2
3955832	3050276	35
2441296	301288	17
1262420	3050276	17
4337341	301288	35
1300896	2989698	487
3638603	3050276	35
3683550	3050276	35
4357261	301288	47
1566171	301288	35
3690364	1510232	191
1571847	301288	17
1193812	301288	17
4144394	301288	35
1510232	535333	192
2653518	3750064	66
4606320	3050276	17
1510232	2134535	190
246982	3050276	17
2442421	301288	17
4322763	3050276	17
2273740	2483451	168
2607260	301288	35
1693555	1621967	2
428289	1510232	2
3115929	1667557	487
1619786	3050276	35
2562426	301288	47
2485699	301288	46
2094398	1510232	2
4256083	1120172	487
4341630	1621967	2
3956391	3050276	35
2963958	301288	17
2157392	3050276	35
1621967	156180	860
3972928	3050276	17
2594632	3050276	17
3617291	301288	35
442592	301288	35
3082430	3050276	35
1729505	301288	35
1510232	2637599	192
1510232	846113	190
1510232	1943673	190
3381606	301288	17
2901674	3050276	17
4227334	301288	17
3149440	301288	35
4522874	1510232	2
301288	443707	38
467800	301288	32
4339888	1510232	2
1510232	3753103	190
4599547	886661	205
301288	590548	63
311217	3050276	17
2977104	301288	35
2478464	3050276	35
6124	301288	35
659218	301288	46
377977	1510232	2
2566545	301288	35
2162537	301288	46
4483340	3050276	17
775304	3050276	17
1054470	1022373	145
301288	4007591	63
689637	3050276	17
2485699	1510232	2
2804738	4095630	157
1510232	4537151	197
3956391	301288	35
61888	4514417	6
3630847	301288	35
2653518	3750064	60
2884634	301288	17
2734997	301288	17
1510232	2886031	190
3852620	301288	17
1439945	301288	17
3136827	301288	17
2599589	301288	35
10250	301288	17
1267768	3050276	35
933155	301288	17
2442820	301288	35
1881862	4162718	196
3824999	4514417	6
4540471	301288	17
301288	3428213	63
4508351	1621967	2
2044280	3195760	196
4306513	1372862	193
1790942	3050276	35
3065781	3050276	35
1070663	301288	35
1510232	3606260	190
2598765	301288	35
970317	1212880	170
2017514	3050276	17
1143194	3050276	17
3297350	3050276	17
1136536	3050276	17
2779439	301288	17
2171599	301288	35
4341630	436952	66
4508351	301288	47
307108	1510232	2
4461255	301288	35
1706438	301288	17
2106163	3931333	60
4256083	768022	276
565151	1621967	10
214660	3050276	17
1510232	3993706	190
247115	3050276	35
2106163	751679	163
3958551	3050276	35
1010343	2916586	62
301288	2302190	63
2587358	301288	35
3977363	3050276	17
3003865	301288	17
4255959	3050276	17
1077040	301288	35
2713219	301288	17
1510232	4279109	190
1620704	3050276	17
3234754	3050276	35
1802440	301288	17
4014998	3050276	17
4070675	3050276	17
2358141	1510232	2
3224561	3050276	35
2365065	3356346	60
2855049	301288	17
1621967	3109045	207
514955	3050276	17
529084	3050276	17
1546360	301288	35
2871732	301288	17
2957506	1510232	2
4265869	3493003	62
4049742	3050276	35
4382507	3947168	138
2447798	3050276	17
1224717	3050276	35
2099078	3050276	35
3027956	741681	168
2275030	1510232	2
3721958	657758	170
893900	301288	35
2248737	301288	46
1510232	1098064	190
4375718	1510232	2
173238	301288	46
1300896	1609912	138
3488833	301288	35
553070	301288	17
52727	3144114	333
2778277	3050276	35
301288	2958967	63
3260013	301288	35
2735506	301288	35
33774	3050276	35
3960798	3050276	17
2102138	1621967	2
1510232	390326	190
2038929	3050276	17
2937061	3050276	35
554587	301288	89
997926	1510232	2
554587	301288	24
2698131	301288	35
223091	3050276	17
4002731	301288	35
1414375	3050276	17
1624369	3050276	35
1870823	301288	35
2594696	1510232	2
896932	301288	17
1714543	3050276	35
1426595	4514417	6
1510232	157244	197
3291559	3050276	35
1531950	3050276	35
2844126	3050276	17
1510232	2883182	190
301288	380962	38
4310235	3050276	17
1861167	3050276	17
670899	301288	35
2619179	3050276	35
3422780	301288	17
3028687	3050276	35
1137433	3050276	17
2021364	3050276	17
314903	1510232	2
2868332	3050276	35
301288	4513177	63
1408418	2359336	735
1621967	306639	190
3141277	1510232	2
1350054	4514417	6
2184365	301288	17
3336616	1275681	2500
3153220	1510232	2
1656714	2866276	135
4177922	301288	17
1656714	4637497	66
3471649	2067722	193
696610	3050276	35
1510232	770685	192
4154612	1510232	2
440324	301288	32
76070	3050276	35
1194914	301288	17
2779428	4590758	71
3738087	3050276	17
2744001	301288	35
4248496	3050276	35
3893821	3050276	35
3167161	3050276	35
3817128	301288	17
448206	3050276	35
4337341	3050276	35
2187403	301288	17
3407446	1510232	191
1510232	4627208	190
510642	306639	170
1510232	1919144	190
3121298	3050276	35
2963550	301288	17
3610596	1510232	191
1018540	2479345	330
1510232	3963862	192
2637599	1510232	191
3891705	2603052	157
1306443	1621967	1065
274846	301288	17
3524737	3050276	17
4095630	3415454	280
423284	3050276	35
1264743	301288	17
573356	3050276	17
3493003	2919220	58
3228389	301288	17
1777344	3050276	35
3074597	3050276	35
464610	301288	47
301288	3054251	63
878581	4295892	145
741559	301288	35
1280207	301288	17
380515	301288	35
2602434	2919220	58
1045639	301288	35
3947168	3050276	17
3485397	301288	35
324560	301288	35
1510232	2359336	190
187487	2446373	1032
4131370	301288	17
4490566	2919220	104
1225140	301288	17
2694505	301288	17
1908970	301288	17
1555979	3050276	17
3846740	301288	17
3164599	301288	17
301288	1819532	63
1508663	301288	17
65857	4323268	60
1510232	1172486	190
1802405	3050276	17
3578348	2919220	58
3980007	3195760	735
4044068	3050276	17
2548400	2434055	66
2067722	1621967	2
2779222	3050276	35
3361064	3050276	17
3901374	218108	2500
1510232	2736139	190
4426548	3050276	17
3710733	4522874	62
1022373	2624999	66
1045639	3050276	35
3336616	3050276	17
2364572	1510232	191
1827335	301288	47
882843	3050276	35
202313	3050276	17
405143	3050276	17
2653518	2474741	280
2048690	301288	35
4437888	3050276	17
3373259	3050276	35
1510232	4232883	192
301288	698687	63
3891434	1510232	2
2175575	301288	35
772622	301288	35
3026361	52511	66
577507	1621967	2
3298825	3272752	193
4606213	301288	35
1951295	301288	35
1867758	3050276	35
4363568	2067722	145
2809469	301288	17
3470151	301288	35
4487422	3050276	35
4382002	1510232	191
4483233	2067722	735
1107492	301288	17
3812339	301288	17
3729053	301288	17
2378376	3050276	35
1656699	301288	35
2917955	3050276	35
2599677	3050276	17
2680491	3050276	35
908495	301288	35
2236535	3050276	35
2076189	1510232	2
1510232	4040078	190
2134067	301288	46
2329131	1510232	2
301288	2770751	63
3626957	3050276	35
2727955	301288	35
976745	3050276	35
3131910	301288	17
1212880	4162051	153
1776183	3050276	35
2357462	301288	17
3753380	301288	17
301288	458604	63
4243102	3050276	35
4006545	1510232	2
3488833	3050276	35
2853486	301288	17
3445038	1510232	2
4345913	301288	32
2274097	1741843	62
4246775	301288	32
3081415	3050276	35
1725069	3050276	35
4209264	3050276	35
400185	301288	17
610537	301288	35
2874405	301288	35
3907095	3083473	152
1338782	301288	17
3694281	301288	173
2562426	1510232	191
760695	2603052	145
4457926	301288	17
1029604	301288	46
3550580	301288	47
3107578	3050276	35
425501	2174261	195
297275	301288	17
616915	4514417	6
881165	3050276	17
1510232	825565	190
425022	3050276	35
1510232	1714944	190
1969826	3050276	35
3191290	3050276	35
2695992	3050276	17
3396316	3050276	17
3720821	301288	17
11063	3050276	17
2572808	301288	17
3074597	301288	35
4278937	1889033	60
4480731	301288	17
3932415	3050276	17
1193899	3050276	35
4600423	301288	17
3081722	3050276	35
1904633	3050276	17
1956745	3050276	17
156085	3839606	153
3385305	3050276	35
2924805	3050276	35
2396912	1621967	404
4305023	3050276	35
2344370	301288	35
4105351	301288	17
2796054	1510232	191
2549191	107297	448
624030	1621967	2
2378850	301288	35
422284	301288	35
4173355	4514417	6
3496468	301288	17
3409266	1510232	2
2665526	301288	35
2556256	3050276	35
2246583	301288	32
3153558	301288	35
4531850	301288	35
2560151	3050276	17
1510232	379773	197
2672814	3050276	35
2549191	1621967	1065
1077040	3050276	35
3656454	301288	17
131824	4514417	6
3533781	3050276	35
1372862	3753606	60
211514	4514417	6
637463	3050276	35
1906653	3050276	35
3671665	3050276	35
3970699	848835	145
1621967	2603052	190
2598470	3050276	35
3264800	301288	35
3764437	3050276	17
1510232	4656730	190
1121821	3050276	17
4225491	301288	17
3407845	1510232	2
4522300	1510232	191
1666185	301288	17
147060	301288	17
4099957	1510232	191
1308253	301288	17
1384418	2163737	60
116186	3050276	47
1621967	2359336	190
1360449	301288	17
2806570	301288	35
1510232	3001684	3
98941	3050276	17
1977157	301288	17
252556	301288	17
2828390	3050276	17
84077	301288	346
205642	301288	17
1426102	3050276	17
3115929	1096728	333
4015015	301288	17
3331545	3050276	35
739093	3050276	17
3026361	1816624	66
1838364	2294747	62
3513990	3050276	17
3962684	301288	35
2159605	3050276	17
1578360	3050276	17
3569032	301288	17
164928	3050276	35
4050462	301288	17
1510232	1218903	192
2388997	301288	46
2401016	301288	35
3115929	1096728	66
1510232	2404459	190
1129190	3050276	17
265824	3050276	17
3606260	3940401	155
3088505	3050276	35
301288	2686794	63
1635878	301288	32
1621967	624030	190
1510232	116186	192
1009789	301288	17
529121	3050276	17
1510232	2379897	190
1510232	611969	192
4617737	4514417	6
389097	3050276	35
3023543	301288	17
1510232	1752303	190
3734563	301288	17
301288	3987042	63
403612	301288	17
3031509	3050276	17
1927544	301288	35
535333	1510232	191
2248737	3050276	35
2257588	301288	17
2145773	301288	35
2915270	3050276	35
814517	3050276	35
1510232	3178458	190
3717575	2548400	576
278909	3050276	35
4077278	3050276	17
3130788	3050276	35
1926276	301288	35
2486422	3050276	17
1854600	301288	17
3098212	3050276	17
3275396	3674767	142
1803452	3050276	35
2447798	301288	17
1510232	3748146	192
747390	301288	511
3216977	301288	17
3662580	3050276	35
3425661	301288	46
3035302	301288	17
1054470	4514417	6
1474248	3050276	35
4278937	4150293	276
416163	301288	35
52727	596794	280
3336616	4589722	2695
301288	1574540	63
2534232	306639	168
2083390	1510232	6868
4514417	3136827	6682
3115929	2499408	6825
301288	4077278	6693
4514417	1887004	6682
301288	4410796	6693
1555979	2916586	6839
301288	1694778	6711
3050276	2413322	6693
301288	1833938	6693
2603052	1880052	6821
301288	1911319	6711
3050276	1598176	6693
301288	2873790	6711
3050276	4068192	6693
2349624	52727	7163
4284051	301288	6739
3050276	2588703	6693
301288	4156318	6711
3050276	2874405	6711
301288	1892434	6711
1510232	1670127	6678
3053468	1510232	6866
1510232	1528869	6867
4514417	2624999	6682
301288	2246610	6693
4095630	1510232	6866
301288	2117913	6711
3050276	3775622	6711
301288	1772916	6711
3050276	2860031	6693
301288	723422	6711
4572954	1510232	6866
1510232	3149312	6678
1510232	2712424	6867
65029	1510232	6866
3050276	4614481	6711
3050276	1862567	6711
301288	4509720	6711
1621967	446981	7117
3050276	360113	6693
3050276	1951295	6711
301288	4154687	6693
301288	4603866	6711
1510232	3342869	6678
301288	2965331	6693
3050276	4549302	6693
3050276	3119408	6693
2721243	1510232	6868
1510232	27125	6678
301288	4179838	6711
4514417	2901941	6682
3050276	4577431	6711
2548400	2492298	6846
4180302	1510232	6873
3050276	86227	6693
301288	1626061	6711
3050276	1693678	6711
301288	1134257	6711
1717027	1510232	6866
3050276	4138142	6693
301288	205759	6711
3050276	4252288	6723
301288	1103550	6693
301288	4179372	6693
1611775	301288	6739
18023	301288	6739
3409266	1510232	6866
2916586	1621967	6866
1967580	2906500	6846
180422	1510232	6868
301288	2493123	6711
4514417	1015766	6682
3050276	52727	6711
3050276	2734997	6693
4514417	3577083	6682
1935765	3026361	6742
301288	1194433	6693
3050276	3839985	6711
3367504	1510232	6868
301288	1802405	6693
3050276	1017574	6693
1510232	977923	6678
3050276	640912	6711
3050276	3416797	6711
301288	237504	6711
1209971	1510232	6866
3050276	3008330	6711
301288	3154537	6711
3050276	388732	6693
4514417	4500575	6682
2521241	1693555	6742
3050276	4451861	6693
3723245	1621967	7080
3050276	2448811	6693
301288	3606961	6711
301288	2932370	6711
301288	3836498	6711
301288	2762121	6711
3050276	4336392	6711
291002	1621967	6777
301288	4564075	6711
3050276	2270550	6693
3726519	52727	6831
1510232	2583352	6678
3050276	2080950	6693
3050276	4265072	6693
301288	3944775	6693
4095630	4080344	6846
4514417	529084	6682
301288	3306688	6693
3050276	1033268	6711
1471538	3115929	6811
2767	301288	6739
301288	3709462	6711
301288	3487672	6693
2317643	1510232	6866
301288	1341050	6711
3050276	227409	6711
3050276	2147219	6693
301288	2162537	6711
301288	3594530	6693
2618063	1059030	6869
1510232	653484	6867
3050276	2302543	6693
2962986	1656714	6818
1510232	2951141	6867
428289	301288	6739
3050276	3508315	6693
301288	642271	6711
3050276	1144772	6711
301288	4557131	6711
301288	1221810	6693
3050276	467800	6693
1655792	1510232	6866
2528090	2297132	6811
301288	124015	6693
4514417	2251111	6682
4514417	2174261	6682
301288	3485050	6711
1510232	4285609	6678
301288	3682922	6693
301288	2632611	6693
107297	3407047	7124
903962	2106163	6811
3050276	326436	6711
301288	473296	6693
3050276	2592539	6711
2358141	301288	6739
4304505	1510232	6868
301288	4180302	7187
3050276	275264	6711
3050276	3848843	6711
4514417	219076	6682
301288	995189	6693
3050276	1504614	6693
3237674	301288	6739
301288	2019115	6711
624030	2775635	6833
3050276	698687	6711
3336616	4338080	9132
1450037	1510232	6866
3050276	2748212	6693
3050276	2583352	6711
2206146	1510232	6866
2670675	1510232	6868
4146617	1510232	6866
3275396	4245281	6738
4514417	2255518	6682
1510232	4104445	6678
3050276	3001684	6693
3050276	914663	6711
4514417	256796	6682
3050276	3233795	6711
3050276	2696847	6711
1510232	8224	6678
301288	1643102	6693
3050276	444570	6693
1968211	565151	6886
1728694	301288	6739
301288	1396676	6711
3050276	932260	6693
624030	1322192	6821
301288	80643	6711
3050276	3474167	6711
3050276	504038	6711
301288	2280354	6693
301288	2342212	6711
202259	1510232	6866
1510232	4648349	6678
301288	2108014	6711
3050276	3538312	6693
301288	2892012	6693
353700	1916299	6844
3050276	3706878	6693
290192	156085	6839
3050276	1827242	6711
3195760	2013248	6833
1510232	2326649	6867
1510232	381973	6678
1510232	2040857	6867
301288	962882	6711
3050276	3721958	6693
301288	3978430	6722
3050276	2425389	6711
1680441	301288	6714
3050276	3932237	6711
301288	1321398	6693
301288	1769445	6711
3050276	895447	6693
820175	4095630	6742
3050276	4366570	6723
2919220	286443	6734
301288	3742783	6711
301288	4601074	6711
1510232	3683550	6678
3050276	4123607	6711
3050276	108735	6711
3050276	1039557	6711
1510232	2762047	6867
1426595	1384418	6956
301288	4587448	6693
3050276	1515141	6711
3050276	2378382	6711
301288	2892668	6711
301288	2112974	6711
4338080	3901374	9176
1510232	2207114	6678
3050276	234787	6693
3050276	1728694	6711
301288	846113	6711
3050276	1825233	6693
3050276	3131910	6693
2919220	4508351	6734
3099007	301288	6739
3050276	1245122	6711
3050276	1263392	6723
4179372	4040078	6952
3050276	876086	6711
3641094	1510232	6868
301288	4183037	6693
4522874	3710733	6821
3050276	2646593	6711
3050276	974462	6711
301288	3141277	6711
301288	1091097	6693
3050276	1943992	6693
3050276	2712062	6693
4537151	1510232	6883
3050276	1865157	6711
3050276	3912765	6711
301288	3981703	6711
3050276	2589333	6693
3050276	4332283	6693
301288	2762047	6723
301288	3626574	6711
1885185	2106163	6811
301288	1638588	6693
3272752	881165	6844
3050276	2641877	6723
3211988	1621967	7536
1621967	3723245	9356
301288	1943992	6693
301288	3961502	6693
301288	1234803	6711
301288	4334788	6693
3050276	109332	6693
3050276	1234428	6693
301288	1072735	6693
3050276	898531	6711
3050276	2861611	6693
301288	3350338	6693
195000	652485	6956
301288	615227	6708
2603052	1510232	6866
970948	3336616	10552
3050276	2625559	6711
3907095	3083473	7009
301288	823362	6693
4514417	3513990	6682
3050276	661215	6693
301288	3519594	6711
3050276	4037329	6693
3050276	2015566	6711
3109045	1917936	6881
301288	3082430	6711
3050276	866413	6711
1510232	1686790	6867
301288	797866	6711
1510232	719905	6867
301288	2860031	6693
4514417	3940401	6682
1827335	1510232	6868
3050276	451419	6693
1510232	3264900	6678
3050276	2917230	6711
3050276	1913168	6711
301288	2901674	6693
3050276	2891488	6693
301288	4598775	6711
301288	4190407	6693
301288	2129882	6693
3050276	939923	6711
3050276	2561019	6711
3050276	1855559	6693
301288	775304	6693
301288	2917230	6722
3050276	1848207	6711
301288	428289	6722
3050276	824838	6711
3050276	3981086	6693
301288	4411017	6723
3050276	4147822	6693
1621967	3112459	6678
1510232	1346075	6678
2320153	301288	6739
3050276	1070516	6711
286169	2985516	6956
301288	2919220	7359
3050276	1007144	6693
301288	4598928	6711
3050276	4288811	6711
3050276	3532213	6693
1547892	1300896	6742
3050276	4220901	6711
301288	2644267	6711
301288	269056	6693
1448805	936136	6821
1510232	1542368	6678
301288	725175	6711
4321305	301288	6739
301288	3282806	6711
301288	1273258	6693
3050276	3888116	6711
301288	2041619	6711
3050276	2757782	6711
4514417	348391	6682
3050276	1072735	6693
301288	2133325	6722
286443	1621967	6866
1498488	1510232	6866
3050276	2601447	6693
301288	499876	6722
3050276	1100370	6693
577507	2422966	6738
3050276	996739	6693
3050276	1886256	6693
3050276	782698	6693
1510232	1911248	6867
301288	1578360	6693
3050276	3100256	6723
2192198	301288	6739
3050276	1078356	6711
301288	1620033	6711
2633171	1510232	6868
1510232	4359757	6678
3050276	96902	6711
357836	1510232	6866
301288	3993925	6711
3513990	3115929	6742
3050276	2423992	6711
3050276	3496629	6711
2207114	1510232	6866
301288	3090089	6708
301288	3363311	6693
3050276	3400847	6711
4508351	1621967	6866
3537802	1510232	6866
4049742	301288	6739
701822	4095630	6952
3115929	2038648	6869
4514417	2538450	6682
1710371	782698	6821
199184	1510232	6868
3050276	761845	6711
301288	3140281	6722
3050276	1646455	6711
2609416	2618063	6829
301288	4057360	6693
1825969	2359336	6818
3050276	1315612	6711
301288	2478256	6722
1510232	4417506	6680
3050276	4155137	6693
301288	2480059	6693
1635878	301288	6714
383914	1510232	6866
3050276	2744001	6711
3050276	4019143	6711
3752441	1510232	6866
301288	3603944	6693
301288	3266647	6693
2147403	301288	6739
3239044	1510232	6866
4514417	4383595	6682
3050276	34494	6711
215528	1510232	6866
3050276	239327	6693
2540450	425501	6829
3050276	3545221	6693
301288	2935463	6711
83756	1510232	6868
2981520	3115929	6818
301288	1396208	6711
2297132	2528090	6837
3050276	1894580	6693
301288	313236	6693
1621967	3129045	6678
301288	3204368	6711
3050276	3516058	6693
2919220	657758	6734
1372854	1744318	6818
1510232	2359336	6678
301288	2866276	6693
3050276	932015	6711
301288	1864542	6708
301288	4506819	6723
301288	3976627	6711
4010831	1510232	6866
61888	1710371	6831
4040078	4173355	6844
3050276	252556	6693
1621967	3719327	9599
301288	500821	6693
1510232	4077912	6867
3050276	4640877	6711
572326	1510232	8844
3050276	4217127	6711
3050276	2712424	6723
1621967	1967580	6678
1510232	3030658	6678
3050276	56366	6693
301288	1611775	6711
301288	1766089	6711
4567096	1510232	6868
1510232	2853114	6678
1441891	301288	6739
301288	1321935	6693
4514417	2298267	6682
624030	1510232	6866
301288	1894580	6693
3050276	3351263	6693
3050276	1977157	6693
741681	1621967	6866
1510232	4010452	6678
4514417	4024233	6682
301288	388507	6711
4514417	760292	6682
3050276	3459179	6711
301288	620516	6711
3050276	2857664	6693
4514417	285159	6682
301288	946307	6693
301288	2050257	6722
1402111	3578348	6952
301288	1527012	6693
301288	3642786	6711
301288	2911409	6711
436952	4341630	6818
1510232	2159270	6867
301288	2960586	6693
301288	349748	6711
301288	4541630	6693
3050276	242373	6693
3050276	4574748	6693
3050276	390690	6693
2758722	1510232	6866
3050276	3561563	6693
4378390	1510232	6866
3050276	80643	6711
820175	4095630	6818
301288	2563009	6711
3050276	3953762	6693
301288	4019833	6693
2856503	1510232	6866
4079820	1022373	6831
1621967	1212880	6678
3050276	1908214	6711
3050276	1680441	6693
301288	3439964	6693
301288	1865157	6722
301288	4481202	6711
3050276	4518490	6693
4514417	1228999	6682
301288	3601860	6711
4081925	4086014	6869
3050276	2741991	6693
306639	760292	6884
1510232	625359	6678
3050276	1846434	6711
301288	607967	6693
3050276	663697	6711
301288	2388997	6711
301288	4080342	6711
4514417	3282710	6682
3050276	3870772	6693
320416	2657343	6846
1621967	52727	6678
330336	1510232	6868
301288	1790881	6711
3050276	3649702	6693
3050276	363242	6693
3050276	716437	6693
3608100	1510232	6866
3336616	3723245	9132
301288	2155509	6711
3692016	1510232	6866
3050276	1576942	6693
3050276	3733730	6711
301288	2846774	6722
1510232	714395	6867
3050276	2894887	6711
301288	1029741	6711
3050276	2626607	6693
4514417	2803143	6682
3775640	301288	6739
301288	1483220	6722
4514417	1825233	6682
271398	1510232	6868
301288	3075698	6693
3050276	4411017	6711
3050276	1257531	6693
301288	4610342	6693
3050276	1706473	6711
3050276	4627208	6711
301288	1436184	6693
314903	1510232	6866
3340186	1510232	6866
301288	1818326	6693
1510232	3595165	6867
3050276	830648	6693
3050276	370411	6693
301288	4549187	6711
3027956	741681	6831
3050276	1926276	6711
3050276	3723245	9183
301288	4124747	6711
301288	999165	6723
3050276	3059293	6711
2653518	3750064	6846
301288	3492414	6711
3050276	2603052	6711
3050276	4311101	6693
1510232	2430621	6678
301288	3591371	6711
301288	1517889	6711
3050276	4222724	6693
4514417	885468	6682
1656714	2866276	6837
3050276	3115929	6711
301288	2483661	6693
2561019	1510232	6866
1621967	3109045	6882
3050276	324071	6693
3050276	3875849	6693
1621967	1734100	6728
3050276	1080368	6693
3050276	2656302	6711
301288	4614481	6722
301288	1442308	6693
3050276	3193838	6693
1510232	4389221	6678
301288	2134067	6711
3050276	1113402	6693
301288	478447	6711
301288	975994	6693
2489985	168091	6738
1510232	573769	6867
2236897	1510232	6866
1510232	2066943	6678
301288	4453121	6693
2159270	1510232	6868
301288	2418679	6708
3196230	1510232	6866
301288	2147184	6693
301288	2097582	6711
3050276	2251111	6693
301288	1008509	6723
301288	3004938	6693
4530712	1510232	6866
2329131	301288	6739
301288	389097	6711
1510232	1459667	6678
301288	1828885	6723
301288	3340611	6693
301288	323766	6711
1510232	976745	6678
301288	3619590	6693
301288	3631054	6711
301288	3128992	6693
301288	4091105	6693
301288	3527849	6711
3062399	1510232	6866
3050276	1694778	6711
3050276	3960475	6693
301288	278621	6693
3050276	3909202	6711
301288	4284051	6711
3050276	4540471	6693
301288	4377771	6711
2919220	3275396	6734
3050276	4410796	6693
301288	246982	6693
3050276	455078	6711
301288	3235549	6711
3050276	4014491	6711
4514417	1807245	6682
301288	3829697	6711
301288	2302190	6711
2956864	4508351	6850
301288	2372072	6722
301288	3282806	6722
234285	1510232	6866
3050276	237994	6693
301288	3353156	6711
301288	3193838	6693
3050276	3789004	6711
3336616	4338080	8882
301288	1284157	6722
3050276	3022218	6693
301288	521297	6711
3050276	616967	6693
301288	2911907	6693
3050276	145482	6693
301288	1102843	6711
301288	3535853	6693
3958600	1510232	6866
4162718	4515317	6837
1510232	602150	6867
3050276	908495	6711
3115520	2487254	6831
301288	162264	6693
3050276	1911319	6711
301288	3995749	6711
3654898	1510232	6866
4603866	301288	6739
301288	2329928	6711
4514417	4312295	6682
301288	3353337	6722
301288	2404923	6711
1816624	3026361	6818
301288	827464	6711
301288	2895878	6711
3050276	3204633	6723
301288	2573105	6711
3050276	992423	6711
3050276	796203	6711
301288	590548	6711
3050276	3645273	6711
1424177	1510232	6868
2102138	1621967	6866
1510232	4250115	6678
3050276	1225238	6693
301288	1620704	6693
301288	2592539	6711
1510232	4269705	6678
301288	3870772	6693
301288	4486123	6693
1510232	172809	6678
1744318	1621967	6866
2162537	301288	6739
301288	2435042	6711
1510232	4406092	6867
3050276	3317657	6693
301288	3875914	6711
3050276	2612861	6711
3050276	3547966	6693
3618386	301288	6739
301288	1552401	6711
3050276	477746	6711
301288	2856124	6693
4514417	4162051	6682
301288	4040078	6711
3050276	1968211	6693
3050276	1340278	6693
436952	4341630	6814
3050276	1088282	6711
1914983	1510232	6866
3050276	1230959	6693
1516330	1510232	6866
3050276	3516688	6693
4522874	618819	6833
301288	2478256	6711
3050276	659218	6711
301288	640912	6711
353700	3986453	6828
3050276	2941110	6711
3050276	4065163	6711
2521241	1693555	6736
1510232	646934	6678
752896	1510232	6866
3050276	3841049	6711
2985516	1621967	6866
4514417	709742	6682
3050276	1832821	6693
3050276	2294747	6711
3050276	3557336	6711
4099957	1510232	6868
301288	1586259	6711
1510232	3953619	6678
301288	3103725	6693
4514417	3901374	6682
1510232	1598418	6867
301288	227409	6711
972128	1510232	6866
301288	3931030	6711
3050276	741559	6711
301288	4408501	6711
3050276	537220	6711
3050276	1209377	6711
1703263	1510232	6866
3050276	1450037	6711
3050276	1723979	6693
301288	4141315	6711
2485699	1510232	6866
3050276	3708023	6711
3050276	8224	6711
3050276	2364572	6723
301288	4111826	6693
1510232	2761547	6867
4265869	3493003	6742
3050276	404874	6711
3144114	52727	6818
3410166	3195760	6952
1022373	3497732	6869
27125	1510232	6866
652485	1795464	7411
4514417	2492298	6682
3050276	4338375	6693
301288	3501654	6693
301288	4058540	6711
301288	1390654	6693
3050276	1302051	6711
301288	4122089	6693
301288	52488	6693
1510232	1263392	6867
3050276	1226649	6693
376935	1510232	6868
4323868	624030	6742
301288	1439052	6711
3874658	1510232	6868
3848843	301288	6739
3739611	301288	6739
2661931	1510232	6868
3050276	3725668	6693
1510232	619772	6678
3050276	180422	6723
743724	1510232	6866
3050276	1198357	6693
3050276	4383595	6693
1510232	1039557	6678
301288	3488883	7848
301288	1209377	6711
610845	1510232	6866
301288	1324473	6693
3050276	3549899	6693
1656714	4378271	6837
301288	427990	6711
3050276	4306598	6711
301288	443707	6693
301288	902652	6693
1510232	602173	6678
3050276	378238	6711
3050276	2170931	6693
1510232	4530712	6678
3050276	615227	6693
375634	1510232	6866
301288	2741991	6693
3050276	2884634	6693
3050276	2358028	6711
3050276	1267753	6693
3050276	390326	6711
1214414	1510232	6866
301288	90595	6708
301288	96902	6723
3195760	3759370	6844
3050276	3128992	6693
3050276	1889033	6693
301288	1461395	6693
3050276	2297127	6723
2232894	1066676	6956
301288	2712976	6711
3050276	4522300	6723
301288	465665	6711
3050276	297416	6711
1165784	1510232	6866
301288	3023543	6708
4514417	4400968	6682
1880052	52727	6811
529084	2297132	6831
3700849	1510232	6866
301288	4403654	6711
301288	554587	7155
3050276	4638844	6693
301288	642526	6693
4382507	4549302	6825
3050276	3151737	6711
3050276	4235266	6711
301288	755080	6711
2207114	301288	6739
301288	658761	6693
3050276	1029741	6711
3050276	2911409	6711
4514417	2839732	6682
3050276	2408496	6693
301288	496936	6711
3050276	474768	6711
3050276	2677422	6693
2919220	1656714	6734
301288	1546769	6693
301288	4294428	6711
367981	3195760	6742
4514417	3000518	6682
2919438	2297132	6811
3050276	2354494	6693
2359336	2559672	6821
301288	4157892	6711
301288	2915270	6711
301288	1586259	6722
301288	534598	6708
3050276	4453121	6693
301288	3081204	6693
218108	3336616	9371
301288	4125325	6723
3050276	4095630	6711
2067722	1378018	6821
1180672	301288	6739
301288	1825969	6693
301288	2192203	6711
3050276	872100	6711
3050276	2242328	6693
301288	3863726	6693
3050276	1516330	6711
4514417	4238766	6682
3050276	509574	6711
3050276	264438	6711
4514417	1322192	6682
1510232	2096831	6867
3050276	764569	6711
3050276	154687	6693
2008396	1510232	6868
301288	3099007	6711
977923	1510232	6866
301288	2594632	6693
377291	1384418	6818
3050276	1219265	6711
3050276	1254062	6711
2505767	2548400	6831
301288	2931798	6711
3050276	792048	6711
3050276	3792525	6711
1542368	1510232	6866
301288	1082376	6711
3026361	1816624	6821
3050276	1873089	6693
1621967	2446373	7117
4366806	1510232	6866
4138792	1510232	6866
3008330	1510232	6866
1510232	2478464	6678
301288	3415783	6722
1510232	1828885	6867
3050276	940922	6711
301288	1946507	6711
3050276	403229	6711
1621967	2139510	7741
602173	1510232	6866
3050276	1376482	6723
462223	1510232	6868
301288	2654213	6693
2381053	1510232	6866
3026361	52511	6846
4514417	955123	6682
3050276	4441694	6711
301288	1051251	6693
3050276	1295170	6711
4514417	2919438	6682
320416	863225	7411
301288	1103189	6711
3677261	301288	6714
4514417	3416323	6682
4514417	3661353	6682
1510232	1590897	6867
301288	2658593	6711
301288	3059293	6711
3050276	616915	6693
4514417	3130429	6682
301288	4366806	6711
3050276	1329323	6693
1510232	3232839	6867
4104882	741681	7009
301288	3909202	6722
1510232	1744318	6678
3050276	746633	6711
3050276	885263	6693
2441296	3195760	6736
301288	3626957	6711
4514417	1851930	6682
3050276	197429	6693
3050276	3748146	6723
301288	1848207	6711
301288	654755	6693
441986	3115929	6814
3050276	3034822	6711
3050276	1424177	6723
301288	3545221	6693
2067722	897243	6837
3050276	1703263	6711
3050276	4427344	6723
2919220	3115929	6734
301288	3696128	6693
3050276	1022843	6711
3050276	708513	6693
301288	3454993	6693
3050276	1833938	6693
3115929	1510232	6866
3050276	993602	6693
301288	3200804	6711
147060	3083473	6742
3999205	301288	6739
301288	1105505	6711
3050276	963792	6693
3050276	3687832	6711
1448805	3537802	7005
1897959	3578348	7009
2806147	1510232	6866
2890175	2779428	6752
3050276	1224001	6693
3050276	1105505	6711
1510232	3400847	6678
3050276	2611719	6711
2163737	1384418	6742
3050276	4153594	6693
301288	550028	6711
301288	3508315	6693
3050276	2981520	6693
3050276	2958967	6711
3050276	1401447	6723
1510232	2656577	6678
2868332	1510232	6866
3050276	1752303	6711
4218192	848835	6742
1510232	2015566	6678
301288	2618461	6711
301288	1831792	6711
3050276	3874658	6723
301288	2675756	6711
301288	3435506	6711
3050276	2000195	6693
3050276	1660241	6693
301288	3027691	6693
955123	3272752	7163
1510232	4643385	6678
301288	66378	6711
3050276	4249629	6711
3129045	1928479	6846
3050276	614669	6711
301288	4496422	6711
301288	439507	6711
301288	145482	6693
3050276	2725059	6711
3050276	4112029	6711
3050276	3364365	6711
3050276	1687826	6711
1741843	395845	6821
4514417	3971392	6682
3115929	1096728	6846
3050276	2968918	6693
301288	2703837	6711
2725059	1510232	6866
301288	2233334	6693
3050276	2932370	6711
301288	1282736	6693
1510232	100836	6678
222865	2396912	7080
301288	223091	6693
3050276	1611426	6711
1510232	4378945	6678
3050276	842377	6711
1510232	4480175	6678
3050276	3551043	6711
1621967	3407047	7741
3050276	154804	6711
301288	1081305	6711
475640	2548400	6811
301288	592778	6711
301288	4173023	6711
3026361	3130429	6869
301288	4262736	6693
3050276	2994132	6711
4514417	1996142	6682
301288	1720239	6711
1621967	2602434	6678
301288	3291559	6711
1967580	1350054	6738
301288	700765	6711
3050276	530935	6711
3050276	2222435	6711
3050276	1168248	6711
3050276	2045316	6693
3050276	3605704	6693
2906500	1967580	6742
3050276	3581780	6711
3050276	3981662	6711
3050276	2578808	6711
301288	160192	6711
301288	515242	6711
3050276	4480175	6711
3050276	2806570	6711
3050276	518979	6693
3050276	1809509	6693
3050276	2147000	6693
301288	3564008	6711
301288	1222138	6711
3909202	301288	6739
3050276	4091105	6693
1510232	1311750	6867
301288	1074350	6693
301288	887905	6693
301288	534549	6693
3050276	4570234	6711
4080344	4095630	6818
3050276	2629373	6693
3050276	1809710	6693
301288	4091267	6693
3050276	2853486	6693
4265072	1018540	6831
3050276	3993706	6711
3050276	1587560	6711
3050276	3012097	6711
301288	2612861	6711
23425	1510232	6868
1344394	301288	6739
3050276	366088	6711
1510232	2585140	6867
3050276	1027546	6693
3050276	3549717	6711
3050276	383914	6711
3494045	1510232	6866
301288	2862291	6693
4514417	2657343	6682
3050276	2565025	6693
624030	4323868	6846
1621967	218108	9356
301288	908210	6711
3050276	2133325	6711
3050276	404245	6693
3694281	2106163	6766
95641	1510232	6868
2499608	1510232	6868
554587	301288	6746
3050276	202259	6711
3050276	687740	6711
3050276	4378390	6711
301288	4232883	6722
657758	1612380	6828
3050276	3546613	6693
301288	4353044	6711
1510232	3836985	6678
301288	3888116	6711
301288	4081427	6693
301288	3383187	6711
3050276	664038	6723
3050276	3831954	6711
301288	641416	6693
2461873	1510232	6866
3050276	2779401	6711
1513499	1510232	6866
3050276	2442421	6693
3050276	200833	6711
3050276	4314808	6711
301288	1267753	6708
301288	1052260	6693
3050276	3487672	6693
301288	1522885	6711
3050276	2647068	6711
1425160	4256083	6736
301288	388653	6711
1029604	301288	6739
301288	1278022	6711
652485	2129427	6837
3050276	634678	6711
301288	2376686	6711
301288	2149902	6693
1510232	1714944	6678
1249360	2106163	6811
3336616	4338080	10297
1510232	2487254	6678
301288	2684710	6693
301288	1373444	6711
4077912	1510232	6868
4338080	3336616	9176
2594696	1510232	6866
1621967	1448805	6678
301288	3210305	6711
301288	3495499	6711
3050276	958743	6711
1764656	2365065	6752
2446373	1621967	6873
3793908	1510232	6868
3050276	3738971	6693
3050276	2863408	6693
301288	3932136	6711
3050276	3154537	6711
2919220	4162718	6734
3050276	436952	6693
3050276	690659	6693
1510232	3347439	6678
3050276	577042	6711
2823028	1022373	6814
301288	1595655	6693
3050276	782224	6693
3050276	4251498	6711
301288	4463120	6711
3050276	4279109	6711
3050276	4397334	6711
1018540	18875	6828
301288	2147403	6722
3050276	2420017	6693
3050276	2587358	6711
3050276	4617242	6693
1510232	2184882	6678
3050276	2082058	6693
301288	545677	6693
301288	1809710	6693
3050276	4116421	6693
3050276	680269	6693
3050276	2037039	6693
301288	4102858	6693
3050276	374848	6693
3050276	4092495	6693
301288	611969	6723
301288	2824035	6711
301288	3557650	6693
301288	3753758	6693
301288	199872	6711
3050276	4457926	6693
3050276	3271301	6711
301288	3900869	6693
301288	4027510	6693
301288	3514104	6693
1510232	1150148	6867
3050276	3612092	6711
301288	301568	6693
3050276	4360257	6711
1510232	3081722	6678
3050276	984582	6711
3050276	1534947	6693
4514417	3970699	6682
4514417	3001684	6682
4514417	3798810	6682
3050276	4325121	6693
4514417	3947168	6682
3050276	2593119	6711
3439964	2548400	6742
301288	3483342	6711
301288	305497	6693
2446373	187487	6881
301288	4297960	6693
3050276	1082376	6711
1510232	3692016	6678
819270	1510232	6866
301288	2158740	6693
3011459	1510232	6866
301288	2706925	6711
301288	2000195	6693
301288	739253	6711
301288	978495	6693
301288	253319	6693
301288	4084668	6711
3050276	927162	6711
1219265	301288	6739
4514417	3439964	6682
3050276	2855049	6693
301288	2135110	6711
4514417	1269341	6682
3050276	372732	6693
301288	3231933	6711
52727	1880052	6837
3050276	3654898	6711
3050276	2097582	6711
3050276	4627185	6693
3050276	552249	6711
2548400	301288	6739
1510232	243140	6678
301288	504038	6711
1448805	3210378	6833
301288	1381336	6711
3050276	2961391	6711
1510232	2828955	6867
3050276	3259362	6711
3050276	2129597	6711
301288	1336458	6711
301288	570361	6711
301288	486684	6711
652485	2251111	6821
3050276	3535832	6711
4514417	2274097	6682
3050276	4284051	6711
4038651	1510232	6868
301288	4606320	6693
2653518	1621967	6866
2556761	2602434	7009
3050276	3115203	6711
996739	3578348	6818
107297	1306443	7124
301288	1628368	6711
1552109	1510232	6866
306639	3846765	6825
4514417	2249299	6682
301288	3586663	6693
2997412	1510232	6866
3050276	1886335	6693
2976067	1510232	6866
2548400	3438119	6833
301288	1659225	6711
1510232	4279109	6678
3050276	1250432	6711
4514417	441986	6682
1510232	4311101	7905
3050276	484690	6693
1510232	3262940	6678
3050276	3519210	6693
144335	1741843	6742
939923	1510232	6866
301288	3489318	6711
3050276	719905	6723
2388997	301288	6739
3050276	618132	6693
3050276	598068	6711
1510232	1867758	6678
3050276	3243593	6711
306639	1383236	6837
3050276	4043153	6693
2919220	1448805	6734
3050276	397839	6711
3050276	733520	6711
1384418	1426595	6869
4514417	1916299	6682
2500860	3336616	8883
3050276	4034245	6693
301288	343899	6693
1510232	4424260	6867
301288	1949577	6722
3159368	1510232	6866
3050276	1953046	6693
1510232	3504029	6678
3050276	3867752	6711
301288	2857664	6693
3050276	935376	6711
1222600	1510232	6866
3050276	3432731	6693
1652391	1744318	6831
2485699	301288	6739
301288	814517	6711
3050276	4490837	6723
652485	1886256	6846
3050276	411126	6711
3050276	144335	6693
301288	1451361	6708
301288	4597813	6708
301288	4119626	6711
708851	1510232	6868
3050276	4559950	6711
3115929	1621967	6866
16832	65857	6818
4490566	2145261	6881
301288	752896	6711
1510232	1645769	6867
3050276	4484002	6693
3050276	281535	6711
301288	3975904	6711
301288	4314437	6711
3050276	2693270	6711
301288	1039986	6708
301288	746633	6711
3050276	2840729	6711
3050276	624030	6711
301288	4215322	6711
301288	1033597	6711
3754361	1510232	6866
4514417	4216305	6682
301288	3149114	6711
425501	1451006	6846
3050276	3443387	6693
301288	2316175	6711
3050276	71846	6693
1621967	2365065	6678
3050276	1286701	6711
3050276	4493668	6693
3050276	359059	6711
1510232	1750195	6678
3050276	2775717	6693
301288	4498208	6711
301288	1129190	6708
301288	321587	6693
858699	1510232	6866
301288	464324	6693
301288	3032764	6693
3050276	1453779	6693
3050276	4382863	6693
4442383	1510232	6866
714395	1510232	6868
1510232	3053468	6678
301288	2087648	6693
3050276	2678883	6693
4514417	2038648	6682
301288	1009226	6711
4514417	467025	6682
1510232	383914	6678
3050276	3311124	6711
3050276	478713	6711
301288	372332	6693
1621967	2985516	6678
3050276	2518568	6711
4351926	1510232	6866
3050276	3223970	6693
301288	4063040	6711
1341050	1510232	6866
3050276	1006407	6693
301288	798552	6693
301288	324358	6693
2510144	1510232	6868
3407047	107297	7120
1510232	4505145	6678
301288	1671754	6711
4162718	1621967	6866
3050276	1733926	6693
4514417	4306513	6682
4091267	301288	6714
301288	1447815	6711
301288	787443	6693
2603052	523275	6916
1510232	3993706	6678
301288	4120164	6693
3050276	3891287	6711
3050276	243140	6711
301288	474547	6711
301288	1083099	6693
3050276	3350338	6693
3050276	701847	6693
301288	3293262	6711
301288	2345576	6711
3050276	4156318	6711
1555564	301288	6739
301288	1034633	6711
301288	4408213	6711
3050276	1508663	6693
301288	3931800	6711
3050276	2103039	6711
301288	2822912	6711
1510232	940922	6678
1510232	4304505	6867
3050276	4334788	6693
1510232	1294169	6678
2255518	3578348	6742
1100370	301288	6714
301288	4009739	6693
3050276	342428	6711
301288	1513060	6711
3050276	1504484	6693
301288	3829576	6693
3050276	4214446	6711
2106163	3619590	6869
3050276	234408	6711
649865	1510232	6866
301288	1947377	6711
301288	3708023	6723
2916586	1555979	7411
2297132	4337975	6821
4514417	572326	6682
3050276	12502	6711
301288	590548	6722
301288	4382002	6723
3050276	4154612	6711
1207081	730574	6750
301288	259189	6693
1350054	1967580	6736
301288	2747547	6693
3050276	2010713	6711
3050276	305497	6693
1510232	523145	6867
3050276	1865907	6693
3050276	1895774	6693
1663727	1510232	6866
1621967	4162718	6678
301288	3418855	6711
301288	1137433	6693
4014491	301288	6739
301288	2906353	6711
301288	1862567	6711
301288	2304960	6711
3050276	798552	6693
301288	3096679	6711
301288	1510051	6711
1510232	3758475	6678
301288	1517803	6693
540128	1510232	6866
3050276	4271490	6711
3050276	4082700	6711
4509720	301288	6739
301288	708513	6693
2483451	2575670	6837
3050276	2652634	6711
3549899	1510232	8844
1448805	2891488	6846
301288	4214446	6711
3050276	4314437	6711
301288	2968918	6693
3050276	4117031	6693
3050276	48846	6693
1510232	3001684	6680
1510232	1250432	6678
3050276	2927642	6711
3129045	885772	6844
2632611	301288	6714
301288	246788	6693
301288	3414314	6693
301288	2828955	6723
2848388	2297132	7025
3319071	1510232	6868
2625559	1510232	6866
301288	1555501	6711
2337135	1510232	6866
4153122	1510232	6866
3050276	4148419	6693
301288	2171317	6711
4514417	436952	6682
301288	2656302	6711
3050276	2185462	6693
1621967	1510232	8055
301288	2828390	6693
1916299	353700	6831
4095630	820175	6846
3050276	1098064	6711
3050276	1352794	6693
3050276	3058631	6711
2067722	1378018	6738
3050276	51486	6711
301288	219264	6711
301288	716678	6693
301288	1390926	6711
301288	463341	6693
1510232	1575187	6867
301288	4428157	6711
4514417	3721958	6682
301288	1689762	6693
1020811	3661353	6844
301288	4014276	6711
2884791	1510232	6868
1448805	1621967	6866
2106163	1559078	6813
301288	1543441	6693
3050276	329194	6711
3050276	543062	6693
301288	4163531	6711
3050276	409646	6693
3050276	2647268	6693
3050276	1628368	6711
52727	3726519	6844
301288	872359	6711
3050276	2873214	6711
3050276	185079	6693
3050276	1694864	6693
301288	4432770	6711
3050276	3011459	6711
3050276	3913884	6711
3050276	2681888	6693
4146617	301288	6739
3026361	1816624	6828
3050276	2389108	6693
3050276	1111317	6693
2269252	301288	6739
1328178	4268698	7005
3050276	4520899	6711
2962986	1656714	6736
301288	4247350	6693
301288	4641257	6693
4514417	3605704	6682
624030	1787780	6844
301288	279540	6722
2076189	1510232	6866
301288	1553031	6711
2251111	652485	6811
301288	2926398	6693
3050276	610845	6711
4514417	16832	6682
4514417	3210378	6682
301288	2174667	6708
3050276	3350153	6711
3050276	2767	6711
3050276	1935765	6693
301288	789825	6693
4514417	4525945	6682
301288	1886335	6693
3050276	123937	6693
1102805	301288	6739
1510232	3311943	6867
592778	301288	6739
4312295	1018540	7009
301288	2230667	6711
3050276	721342	6693
3050276	1596253	6711
301288	2775717	6693
301288	1873089	6708
4395445	2359336	6736
3050276	1513499	6711
3050276	4328648	6693
301288	1985460	6711
301288	4209264	6711
3050276	3606961	6711
2624999	1022373	7009
301288	646934	6711
3050276	1378018	6693
3050276	2814736	6711
3050276	2653518	6711
3050276	485929	6723
3050276	1744318	6711
1741843	144335	6846
1510232	3418855	6678
3050276	838715	6723
499876	1510232	6866
3050276	1797022	6693
3050276	2556761	6693
3050276	1706438	6693
301288	935376	6711
3050276	90604	6693
301288	4329260	6711
301288	4222724	6693
1010343	2916586	6736
301288	2809353	6693
301288	315705	6711
3050276	4362737	6711
1510232	939923	6678
301288	4654868	6693
3050276	3823870	6693
1510232	3344261	6678
301288	2187759	6693
1510232	234285	6678
3050276	4605577	6711
3050276	1338675	6693
301288	143751	6723
3050276	3076746	6693
3050276	3293262	6711
301288	444570	6693
3050276	2624113	6711
1994062	2487254	6742
1989593	1510232	6868
301288	3893725	6693
3050276	791028	6693
301288	1587560	6722
301288	3548207	6693
301288	2037039	6693
3050276	4227334	6693
301288	3764437	6693
3050276	4378945	6711
2602434	3090660	6837
1510232	3495181	6867
3050276	2747547	6693
3050276	3489318	6711
301288	4163755	6693
1510232	4217127	6678
301288	2937061	6711
4514417	3471649	6682
3050276	1460537	6711
301288	3677261	6708
301288	4442560	6693
1346075	1510232	6866
301288	107948	6693
301288	3308737	6711
301288	1598963	6693
3050276	2510093	6693
301288	2013248	6693
301288	2080950	6693
301288	2487285	6711
3702899	1510232	6866
37599	1510232	6873
1621967	218108	8152
301288	3396316	6693
3050276	1094992	6723
1510232	3494584	6678
3050276	3404730	6711
3050276	1171321	6693
301288	3225761	6693
3050276	2483954	6711
3050276	545677	6693
301288	2504811	6711
2309344	1741843	6818
2396912	3901374	9176
3275649	1510232	6866
606606	2916586	6818
3336616	2500860	9132
301288	1392744	6711
3050276	1524951	6711
3050276	1914983	6711
301288	4205815	7187
3050276	259189	6693
3050276	1962574	6693
301288	1408418	6693
3050276	2402583	6693
301288	1441069	6711
3050276	4353378	6711
301288	154687	6693
4514417	661215	6682
1020811	3332563	6869
3050276	1314002	6693
425501	1451006	6738
301288	4209987	6711
301288	824838	6711
2744666	2359336	7005
301288	2559574	6693
1776183	1510232	6866
3050276	1065938	6693
3050276	2379897	6711
3606260	1275829	6916
2489985	1621967	6866
2080866	172992	6777
1510232	397839	6678
301288	3632363	6693
3050276	4530712	6711
3050276	3733944	6711
3050276	827464	6711
301288	83756	6723
3626731	3026361	7007
301288	2729386	6693
1510232	2455202	6678
3050276	2647011	6711
3050276	3505755	6711
1510232	1513499	6678
1510232	3340186	6678
3050276	4428157	6711
3050276	1372854	6693
301288	464610	6711
301288	2685775	6693
301288	4451861	6693
2197413	1510232	6866
1621967	3719327	7080
4514417	1994062	6682
301288	2586681	6693
2919220	4040078	6734
301288	3618386	6711
3050276	1838364	6693
301288	4031743	6711
301288	1583184	6723
301288	634765	6711
1510232	517152	6678
3115929	1471538	6837
3264900	1510232	6866
3050276	2435952	6711
1734100	1656714	6752
3050276	2483817	6711
1510232	1621967	7586
301288	2678883	6693
301288	4130191	6711
761219	1510232	6868
3050276	1396676	6711
3050276	2735506	6711
3050276	1819592	6711
301288	3350153	6711
2147403	1510232	6866
301288	1468392	6708
3050276	4256083	6711
680822	2106163	6871
3050276	2889762	6693
2072870	301288	6714
885772	3129045	6831
1693555	1355947	6884
4382507	3947168	6833
3050276	4024596	6693
2389052	3115929	6811
3050276	3001086	6711
3050276	1134724	6693
3050276	755863	6693
3050276	1947377	6711
3050276	4232261	6711
301288	1338708	6711
3090660	2602434	6811
3050276	3120179	6711
3050276	2243094	6693
3050276	1002804	6693
4236899	1212880	6956
301288	4320690	6711
3050276	4279768	6693
3050276	920688	6693
301288	2017093	6711
3050276	501409	6711
3050276	825565	6711
301288	3090089	6693
301288	1474248	6711
4514417	355274	6682
3050276	597620	6711
3050276	3573390	6711
425501	2429497	6844
4162718	4507075	6821
4514417	2271059	6682
301288	1956745	6693
3050276	1492954	6711
3050276	2474741	6693
3050276	440425	6693
301288	1437553	6693
3050276	1807245	6693
1510232	2163681	6678
3595165	1510232	6868
301288	505080	6693
301288	1057468	6693
1825233	2483451	6956
2483451	1807245	6837
301288	337184	6693
301288	4338375	6693
301288	3293285	6711
301288	2605429	6711
2067722	1378018	6846
1510232	3581780	6678
301288	2735099	6711
3050276	2057070	6711
2127284	3272752	6736
301288	2435952	6711
301288	831180	6711
301288	3670909	6711
301288	1968770	6723
301288	1453376	6711
3050276	297472	6711
301288	3444081	6693
3050276	1908970	6693
301288	1300126	6711
956626	1510232	6866
3050276	2884791	6723
3050276	1404508	6711
301288	83784	6723
4514417	3726519	6682
301288	4052217	6711
3050276	2565615	6711
1851930	3083473	6818
2538450	301288	6714
301288	2881087	6711
3050276	4621063	6711
301288	3893194	6693
3050276	725175	6711
4514417	187487	6682
4382507	1621967	6866
301288	2994132	6711
2873214	301288	6739
3050276	354380	6711
3562474	1510232	6866
3050276	240630	6693
3050276	1459667	6711
1510232	819270	6678
4514417	1876763	6682
301288	2510055	6693
301288	4546426	6711
1250432	1510232	6866
652485	885263	6821
3050276	164055	6693
3050276	2962986	6693
3050276	2862088	6693
3050276	3263131	6711
301288	1877622	6693
2746887	1693555	6956
1838364	2294747	6736
3261252	1510232	6866
3515944	2779428	6747
301288	4280022	6711
3050276	1637963	6693
3050276	4422356	6711
2725660	301288	6739
2342803	1621967	6679
301288	810374	6711
3050276	4487670	6711
3050276	2718442	6693
301288	3243593	6711
1596299	1510232	6868
301288	4353740	6711
301288	4508482	6693
3050276	1396820	6711
2129427	652485	6811
3723245	1621967	7501
3579882	353700	6871
301288	3351263	6708
1621967	3412751	7741
301288	1065938	6693
3050276	6124	6711
2919220	3083473	6734
301288	4471780	6693
301288	3440824	6722
301288	1851930	6693
301288	3702057	6722
4514417	412862	6682
301288	154171	6711
3050276	397857	6711
4514417	4421793	6682
3050276	1875221	6693
2157284	2106163	7009
156085	3879779	6833
3050276	4654868	6693
3050276	699253	6723
301288	4441694	6711
2919220	2483451	6734
3050276	3347439	6711
301288	324071	6693
3050276	3282806	6711
3050276	3153020	6711
301288	3202772	6723
301288	3164959	6693
3050276	1711090	6723
657758	803128	6846
301288	791028	6693
301288	4491865	6711
301288	2373625	6711
3026361	1510232	6866
3412959	301288	6739
301288	4006456	6711
4514417	1471538	6682
301288	1432332	6711
1510232	3562474	6678
3847082	3606260	6736
301288	2559539	6711
3050276	2208253	6693
3050276	2293598	6711
301288	3640857	6693
301288	4293532	6711
301288	3975137	6708
3050276	1926474	6693
3050276	1984041	6693
156085	3839606	6884
3050276	3340186	6711
3050276	537301	6693
3050276	2831319	6693
3050276	1083030	6711
3050276	3900869	6693
3606439	4162718	7009
3050276	3972587	6693
3050276	449543	6693
3050276	3932187	6711
301288	1294169	6711
3050276	1360245	6693
301288	3610596	6723
3050276	3139885	6693
4161215	301288	6739
133889	1510232	6866
4514417	3363968	6682
1921091	301288	6714
52727	1621967	6866
301288	1714339	6711
2919220	306639	6734
301288	4069448	6711
301288	4380148	6711
1510232	3963862	6867
1510232	190503	6867
2067722	2534232	6844
3050276	2631052	6711
1263392	1510232	6868
3050276	1214414	6711
3050276	3181788	6711
301288	2590668	6711
3050276	1729262	6693
3050276	4162718	6711
301288	4481402	6693
3050276	4531850	6711
3050276	3829576	6693
3050276	1081181	6693
301288	3518054	6711
3412751	1621967	7536
4515317	4162718	6811
1559078	2106163	7163
3050276	4588024	6711
1510232	3624765	6678
3050276	595533	6711
3050276	1390654	6693
4514417	2772363	6682
3050276	1151465	6711
3050276	4514679	6693
3050276	2559574	6693
301288	4422085	6711
3050276	2003415	6693
1510232	180422	6867
2919220	2603052	6734
4605438	1621967	6866
1621967	4143186	6678
301288	3145908	6711
3050276	1131797	6711
3050276	3981199	6693
301288	1639459	6711
3050276	2633171	6723
301288	1017574	6693
3050276	2157965	6711
301288	88775	6711
1510232	3159368	6678
301288	1545289	6693
3050276	2528090	6693
3115929	2657810	6884
301288	3318892	6711
301288	597620	6711
301288	1327606	6711
3537802	1448805	7006
608010	301288	6739
301288	1596253	6711
4514417	2537314	6682
3050276	100836	6711
301288	2659201	6693
3050276	648605	6723
1510232	3204633	6867
301288	956626	6722
3050276	2067722	6711
3050276	3216195	6700
3050276	641416	6693
1510232	3642089	6678
301288	1007615	6711
4514417	3231931	6682
3050276	2589496	6711
301288	3939687	6693
3050276	3443152	6693
301288	1219265	6722
3018707	4295892	6831
1892259	1741843	6956
4173355	4040078	6831
3050276	1103427	6693
1018540	4265072	6844
301288	2179491	6693
3050276	4169380	6711
3050276	3035990	6711
3050276	2650389	6693
301288	4014740	6693
3050276	2965331	6693
353700	1621967	6866
4311849	301288	6739
3347439	1510232	6866
301288	3310090	6722
3050276	1704217	6711
3050276	809823	6711
3050276	4321305	6711
301288	654020	6711
4006545	1510232	6866
2919220	2080866	6780
301288	397685	6693
4278937	4150293	6825
301288	840073	6693
3050276	2073048	6693
3050276	4471978	6711
3050276	3353337	6711
301288	1524951	6711
3050276	436318	6693
1456054	301288	6739
3050276	219264	6711
3050276	3456052	6711
3050276	904070	6693
1102805	2607648	6869
301288	312990	6693
4643385	1510232	6866
3050276	3149829	6693
2297132	249532	6837
4514417	4323268	6682
301288	4358666	6693
4338080	3336616	9371
301288	2269887	6708
838715	1510232	6868
2919220	1744318	6734
3050276	2872622	6711
3050276	2632611	6693
301288	362888	6693
301288	3889556	6711
3282710	4256083	6831
301288	4232883	6723
3050276	3566689	6711
4366806	301288	6739
3050276	4420692	6711
2106163	1510232	6866
4514417	4525847	6682
3050276	1050004	6693
301288	1643687	6693
1022373	1876763	6884
4514417	269056	6682
4271490	1510232	6866
301288	4153594	6693
2919220	1384418	6734
301288	2894887	6711
3050276	4501090	6693
301288	511499	6722
1510232	2633989	6678
4514417	2534232	6682
3050276	830233	6711
3050276	746769	6711
2559672	2359336	6818
3050276	3422138	6693
3050276	3919379	6693
3050276	2879351	6711
301288	2549389	6693
2727899	3129045	6814
3050276	3260013	6711
3050276	1676427	6693
301288	1692661	6693
301288	1587560	6711
3050276	3953619	6711
301288	3953762	6693
3050276	412862	6693
3050276	3900551	6693
1510232	3289046	6678
301288	3353337	6711
3050276	3812339	6693
4256083	3455590	6833
3050276	1039986	6693
3050276	1049540	6711
301288	145334	6693
1510232	2106163	6678
301288	2010713	6711
1510232	2057070	6678
301288	3995749	6722
209792	2916586	6814
3050276	2469806	6711
3050276	52511	6693
3050276	840079	6711
1851930	3083473	6811
3606260	3847082	6846
4288920	2985516	6956
301288	2951876	6711
3297350	652485	6952
3050276	541472	6693
301288	4571234	6693
3050276	1341050	6711
4514417	1968211	6682
3050276	1638588	6693
112691	156085	6818
4514417	2885121	6682
1693555	2521241	6846
3050276	1772167	6693
301288	3574259	6693
2919220	3114084	6780
396755	577507	6742
180419	301288	6714
3050276	3828007	6711
301288	1145183	6711
3050276	3847082	6693
1996142	2106163	6811
3050276	1082502	6693
1066676	2232894	6869
1018540	2803143	6821
1510232	2008396	6867
3050276	634921	6693
609875	1510232	6866
3050276	3630847	6711
301288	1005054	6711
4514417	3438119	6682
301288	3662580	6711
301288	4231111	6693
3050276	1152501	6711
1510232	4651891	6678
3050276	1643102	6693
301288	1892434	6722
301288	2625912	6693
301288	15608	6711
4514417	409677	6682
3050276	112726	6711
301288	4155818	6723
3050276	714113	6693
3050276	2038648	6693
1656714	463341	7411
3050276	101560	6711
1510232	2625559	6678
3050276	2163737	6693
4191228	1384418	6811
3050276	1772639	6693
2618063	2901941	6738
3050276	30277	6711
3050276	1900040	6693
3050276	3231265	6693
4514417	4515317	6682
202717	1510232	6866
1510232	3871781	6678
3050276	2347954	6693
301288	721342	6693
301288	1534014	6711
301288	3600343	6693
2372072	301288	6739
1510232	478341	6867
3050276	4639462	6711
52727	2249299	6844
2919220	2487254	6734
301288	4466546	6711
3050276	2549389	6693
301288	1772708	6693
3050276	1642908	6711
301288	1661554	6711
3050276	1557076	6693
301288	2374151	6693
3050276	1671754	6711
301288	2650459	6711
301288	4375973	6711
3050276	3566841	6693
301288	3704337	6693
1744318	343488	6825
2919220	1022373	6734
3050276	4177505	6693
3050276	4600423	6693
52727	2349624	6813
3050276	3219153	6711
3050276	3592386	6711
301288	755863	6693
301288	2134787	6711
3050276	199872	6711
3050276	318395	6711
3050276	4395445	6693
3050276	492115	6693
301288	3762019	6711
1880052	2603052	6818
3050276	4362027	6711
301288	3848843	6722
623245	2548400	6952
3050276	1542368	6711
301288	3893821	6711
3050276	4635882	6693
301288	3386220	6711
301288	3531967	6711
1741843	4381709	6884
3050276	1592021	6711
1510232	3537802	6678
3050276	3401467	6711
3050276	2968678	6693
2717982	1510232	6866
4651891	1510232	6866
3050276	3779264	6693
554587	301288	6932
3050276	2171317	6711
3050276	3754361	6711
1102805	3574709	6738
8224	1510232	6866
3050276	1194114	6693
619772	1510232	6866
301288	79905	6693
1510232	4595600	6678
3050276	1052260	6693
301288	3031509	6693
3050276	2246583	6693
301288	4487670	6711
301288	12502	6711
301288	21221	6711
301288	1953046	6693
301288	2762047	7848
1578556	1510232	6866
301288	2026923	6693
3050276	4045320	6711
2985516	286169	6821
3081722	1510232	6866
3050276	4408501	6711
301288	1088282	6711
1510232	696610	6678
1303164	3402791	6881
3050276	510642	6693
3050276	752647	6693
1510232	2672814	6678
3050276	79905	6693
301288	4488013	6693
3050276	3614287	6711
301288	3575522	6693
1510232	1022843	6678
1510232	2810151	6678
3050276	4405745	6711
301288	1626263	6711
301288	340702	6711
301288	2585140	6723
301288	2706554	6693
2602434	4525945	6821
301288	1161566	6693
301288	2192198	6711
4514417	377291	6682
3050276	929752	6711
4514417	3557934	6682
2850700	3083473	6814
3050276	634765	6711
2647068	301288	6739
301288	3428213	6711
107297	156180	7124
517152	1510232	6866
301288	3206252	6711
425501	4655400	6884
301288	613212	7025
301288	3782217	6708
301288	3537369	6711
3050276	2960586	6693
1510232	3416797	6678
3141277	1510232	6866
3050276	3727274	6711
3474167	301288	6739
3050276	3553863	6693
2106163	2157284	6828
427437	1510232	6866
3050276	330336	6723
1021413	1510232	6866
3960798	2365065	6801
4514417	3417294	6682
3050276	965478	6711
301288	892177	6711
301288	992423	6711
301288	4418880	6711
2271059	848835	6818
3050276	5820	6693
301288	3275396	6722
1018540	3547966	6821
301288	2168682	6693
3050276	3502852	6693
3050276	709618	6711
3050276	3839404	6693
3050276	1635176	6711
301288	1409638	6722
3050276	1943673	6711
1383236	306639	6811
3050276	3772448	6711
3050276	1103189	6711
301288	2045079	6693
301288	778843	6711
301288	874734	6711
3050276	1394057	6711
3901374	2396912	10297
4269705	1510232	6866
1018540	87	7006
3050276	1294522	6693
3050276	4353740	6711
3050276	215528	6711
3050276	4421793	6693
4514417	4004923	6682
1510232	4640877	6678
1510232	3444235	6678
301288	3661095	6711
3050276	3940401	6693
301288	4049742	6711
301288	634888	6711
3050276	534549	6693
2150065	1510232	6866
3050276	397513	6711
3050276	4642867	6711
3050276	1940782	6693
3050276	3964641	6693
3383187	1510232	6866
3050276	1307436	6711
3050276	797866	6711
3050276	1949577	6711
4522300	1510232	6868
3050276	279540	6711
301288	1626263	6723
3050276	3981703	6711
3050276	4488013	6693
3050276	61829	6711
3050276	4095041	6711
301288	2157392	6711
3445038	1510232	6866
301288	2302190	6722
1621967	2489985	6678
3050276	2685775	6693
3050276	1339354	6693
1621967	4490566	6882
301288	214218	6711
65857	4323268	6738
2106163	3694281	6743
301288	2118368	6693
3050276	4557131	6711
4143186	2917313	6738
301288	375929	6693
301288	3454088	6693
1510232	2404459	6678
301288	545914	6711
3050276	3003865	6693
3050276	1143687	6693
3050276	3560818	6711
3050276	2732274	6693
3050276	2580139	6693
3050276	2269252	6711
3050276	204817	6693
301288	3582326	6693
301288	2281647	6711
3050276	2132368	6711
1348891	301288	6739
2274097	1741843	6736
3050276	3235549	6711
301288	788829	6693
1510232	2680491	6678
3050276	205801	6711
301288	2682320	6693
4229350	301288	6739
301288	2080780	6693
3050276	3216229	6711
301288	1441891	6722
3050276	3479482	6693
301288	2840729	6711
3050276	1816624	6693
301288	1633816	6693
3050276	4415694	6711
3050276	2087648	6693
301288	2165567	6711
301288	2082058	6693
301288	4638844	6693
3050276	3690433	6711
301288	1756493	6693
301288	1524036	6711
1366068	1510232	6866
301288	4250115	6711
3050276	3976627	6711
3050276	3318892	6711
3953619	1510232	6866
2057070	1510232	6866
301288	3147438	6693
652485	1621967	6866
100836	1510232	6866
107297	3114084	6886
1580239	1510232	6868
3050276	1498467	6693
301288	3977363	6693
301288	814517	6722
301288	939923	6711
3050276	2420570	6711
3050276	1225140	6693
848835	4218192	6846
301288	3674767	6693
1510232	108735	6678
1465513	1510232	6868
1409638	301288	6739
935988	1510232	6873
4514417	820175	6682
624030	1322192	6846
301288	3181788	6711
3050276	1651948	6693
1510232	2873790	6678
3050276	1253043	6711
3050276	1212445	6711
301288	3645558	6693
301288	3205168	6693
1510232	2785134	6678
3050276	2430621	6711
3050276	1903775	6723
301288	4279768	6707
3050276	4095475	6693
4514417	2349624	6682
301288	1081181	6693
301288	1790942	6711
301288	3495246	6693
301288	255697	6693
301288	1441891	6711
1510232	4288811	6678
301288	278909	6711
301288	76070	6711
301288	634888	6723
3050276	2381491	6711
301288	3075980	6711
4514417	1942020	6682
2500860	3336616	9176
3050276	48005	6693
301288	4483340	6693
1510232	116186	6867
3050276	2156902	6711
1510232	3946076	6678
3050276	3415454	6693
1510232	3854133	6867
3050276	3153558	6711
3050276	1256722	6711
2294747	4216305	6846
301288	2246583	6693
4573663	301288	6739
1773303	1510232	6868
301288	3359829	6722
3495181	1510232	6868
2953249	1510232	6866
218108	1621967	7022
301288	3177687	6693
301288	161723	6693
1510232	1148544	6678
301288	2745752	6693
1621967	4095630	6678
616967	3578348	6956
3050276	4610342	6693
1510232	708851	6867
4514417	1208815	6682
3050276	1021902	6711
2487254	1994062	6846
2044280	3195760	6871
2099078	301288	6739
301288	4514076	6693
301288	4155818	6711
3671665	1510232	6866
301288	3478481	6711
3050276	2534232	6693
4514417	3762322	6682
301288	396790	6693
3050276	1524036	6711
301288	247115	6711
3050276	1172486	6711
4514417	1355947	6682
4514417	4014998	6682
3050276	4055000	6711
1510232	1770053	7458
3050276	3427867	6711
3050276	1420036	6711
301288	370411	6693
3050276	1322657	6711
301288	4359357	6711
301288	2593119	6711
3050276	3640857	6693
3050276	1029953	6693
3050276	4481202	6711
3050276	2012962	6711
4143186	1621967	6866
3050276	324358	6693
3050276	427990	6711
3050276	624082	6711
3050276	3031757	6693
3050276	3192629	6693
3050276	173238	6711
3050276	672577	6711
3050276	1885185	6693
3610596	1510232	6868
3050276	3081864	6693
301288	2688353	6693
301288	970561	6711
3050276	1766089	6711
4514417	659421	6682
301288	991025	6711
301288	1574307	6693
4336392	1510232	6866
3050276	2404923	6711
301288	3972928	6693
3050276	2283009	6693
3050276	3175810	6711
1621967	1710371	6678
3050276	1726805	6711
301288	4500389	6711
301288	2534249	6711
301288	1564510	6723
3050276	37841	6693
301288	2483817	6711
3050276	3702057	6711
3050276	4467872	6711
652485	3297350	6825
4514417	307186	6682
301288	4183379	6711
3050276	4143531	6711
301288	2228255	6723
1744318	2957039	6869
3050276	2654727	6723
1656714	2798399	6833
1510232	678703	6678
3050276	4196600	6711
3050276	2133522	6723
1510232	1961780	6678
301288	2779428	6693
3050276	617047	6693
301288	2614109	6693
3050276	3662675	6693
301288	2085385	6693
3050276	3206252	6711
3050276	543739	6693
2297132	1621967	6866
3050276	3729053	6693
3050276	3753380	6693
1018540	4641200	6833
301288	950996	6711
3050276	436221	6711
3050276	3962900	6711
3050276	1580857	6723
301288	1096714	6693
301288	2387303	6722
3886722	1510232	6866
3050276	1754658	6723
301288	2855368	6711
3050276	778682	6711
3272752	2127284	6738
3050276	507630	6711
3050276	4175001	6711
301288	894727	6711
1510232	405605	6867
1968770	1510232	6868
3050276	3973827	6711
1510232	4366806	6678
1935765	3026361	7009
1269341	1384418	6952
4563146	4605438	6956
1510232	866413	6678
1528869	1510232	6868
3515944	1207081	6747
301288	4306598	6711
301288	3557336	6711
3050276	2713219	6693
3140518	1300896	6829
4162718	3606439	6821
3050276	2926398	6693
301288	3836985	6711
3050276	885772	6693
2484605	2297132	6742
2396912	222865	7022
3204633	1510232	6868
4514417	3964641	6682
1510232	164928	6678
2507398	2102138	6736
3050276	1976609	6711
1510232	4095630	6678
3050276	121327	6693
3050276	2493123	6711
3050276	1300751	6711
1510232	3195760	6678
301288	3269	6711
301288	4635882	6693
301288	305031	6693
301288	4158923	6711
3050276	305031	6693
1510232	33350	6678
4500575	652485	6831
301288	1053203	6693
3050276	1661881	6711
301288	3088505	6711
353700	3378388	6884
3050276	1384848	6711
301288	3910514	6693
301288	3506637	6711
3050276	3495499	6711
301288	4008392	6711
1510232	2761807	6678
3050276	3521002	6711
3050276	107449	6711
301288	4242838	6711
301288	1426102	6693
3030658	1510232	6866
301288	3560818	6711
301288	2486422	6693
3050276	4130311	6711
3050276	56296	6693
633364	1656714	6952
4514417	803128	6682
3050276	2394936	6693
301288	3759368	6693
3196585	2297132	6811
301288	342428	6711
3050276	4506819	6711
301288	1680441	6708
2297132	2919438	6837
2919220	4522874	6734
2161925	1510232	6866
3050276	589623	6693
306639	4288920	6869
378238	1510232	6866
301288	2070758	6711
4514417	447557	6682
3050276	4625886	6693
3050276	2174667	6693
3050276	1396896	6711
2080866	1621967	6883
301288	3064504	6693
301288	1260470	6693
1973521	4081925	6736
3050276	1611775	6711
301288	675265	6693
3050276	2599589	6711
301288	4628067	6693
2666149	107297	7120
301288	2378586	6711
3050276	2639305	6711
4522874	1621967	6866
301288	3964604	6723
3050276	3753103	6711
3050276	1441069	6711
2603052	213199	6846
2106163	2338484	6833
3050276	1639534	6711
3050276	2916586	6711
3050276	1897959	6693
652485	1886256	6821
3050276	1808614	6693
3385047	1510232	6866
301288	211964	6711
3050276	3564220	6693
1510232	609875	6678
3050276	460233	6693
4514417	1892259	6682
3050276	4209071	6693
3050276	2818018	6693
3050276	2774452	6711
301288	4033819	6693
3050276	15608	6711
4514417	606606	6682
301288	3253596	6711
3050276	4263266	6693
678703	1510232	6866
4218557	2294747	6814
2537314	2483451	6871
301288	602683	6711
3050276	1384418	6711
3050276	2550671	6711
301288	4537151	7187
3050276	4516541	6711
301288	2789844	6711
3050276	1818326	6693
301288	4229350	6711
301288	2142925	6693
301288	3550580	6711
3050276	2707263	6711
1867758	1510232	6866
3050276	1643687	6693
4514417	3179587	6682
301288	4325121	6693
1275829	2359336	7025
652485	4500575	6844
3733944	301288	6739
3050276	3762019	6711
618819	4522874	6814
428289	1510232	6866
301288	3364365	6711
1510232	427437	6678
761219	1510232	6870
2118700	2487254	6736
4514417	3196585	6682
3050276	2885774	6711
3050276	1370118	6693
1510232	3313531	6680
2359336	161698	6825
2919220	2548400	6734
301288	1809509	6693
3050276	4358666	6693
301288	3935686	6711
301288	4642867	6711
301288	2178348	6711
1018540	2848388	6916
3050276	2479424	6711
3050276	3501654	6693
3050276	1946983	6711
301288	2885774	6711
301288	504627	6693
3050276	4463120	6711
3050276	1595655	6693
1711090	1510232	6868
3050276	2697990	6693
3050276	3754112	6711
3050276	1828199	6693
301288	2727606	6693
3050276	3881304	6693
301288	3643767	6693
4514417	1402111	6682
1510232	202717	6678
187487	2446373	7943
301288	1453253	6711
301288	1029604	6711
1621967	3026361	6678
301288	1307534	6711
301288	2720654	6693
2359336	1825969	6821
3050276	723422	6711
3050276	387670	6693
3050276	2108014	6711
3050276	2694505	6693
301288	589623	6693
156085	1576942	6738
3050276	602173	6711
4245281	3275396	6736
3050276	823401	6693
301288	38817	6711
3050276	362888	6693
1510232	4498143	6867
1510232	3279494	6678
301288	475640	6693
3050276	3973243	6693
3075627	1066676	6814
3050276	4603334	6711
3050276	602683	6711
2919220	2067722	6734
1510232	611969	6867
1741843	1000078	7411
3050276	4357261	6711
1740841	301288	6739
3050276	2780462	6693
3050276	3951316	6693
301288	4014491	6711
1910256	3606260	6818
3050276	1887004	6693
301288	577042	6711
301288	1485135	6711
301288	2748212	6693
4514417	934464	6682
3050276	2799149	6693
301288	1230890	7187
2422966	577507	6736
162490	3026361	6811
4514417	633364	6682
301288	2985081	6711
3050276	3308737	6711
3050276	1308253	6693
4514417	3907095	6682
3602780	1510232	6866
301288	3126060	6723
614591	301288	6739
2474311	425501	6829
301288	1923459	6693
1795464	652485	6839
301288	1462576	6711
301288	2960344	6693
3050276	3336109	6711
212483	2483451	7163
301288	1288725	6693
301288	1435264	6711
301288	4007591	6722
2919220	52727	6734
3980007	3195760	6839
1018540	1624760	6738
3050276	3790418	6693
3050276	755080	6711
3050276	1471538	6693
4010452	1510232	6866
3050276	2953249	6711
301288	1872770	6711
301288	1656714	6711
3050276	1425160	6693
1082502	1656714	6831
301288	923322	6693
3050276	95641	6723
4514417	3497732	6682
3050276	3897327	6693
3050276	3805873	6711
3050276	465414	6711
2294747	1510232	6866
1510232	4450032	6867
3050276	884654	6693
2919220	3112459	6734
301288	1598910	6711
301288	3822789	6693
646934	1510232	6866
3050276	1530111	6693
3050276	3115988	6711
3050276	1358540	6711
301288	2215955	6722
3050276	2418080	6693
301288	3999205	6722
301288	3932237	6711
1510232	3459179	6678
301288	1134724	6693
1022843	1510232	6866
3050276	3865557	6693
4424260	1510232	6868
1358540	1510232	6866
1397025	1448805	6831
523275	4095630	7025
3050276	4395044	6693
404245	301288	6714
301288	4356945	6711
1510232	1610588	6678
3050276	2058964	6693
3050276	2957039	6693
3050276	1449331	6711
3552359	1384418	6811
1510232	357836	6678
3050276	4521104	6711
4437888	4256083	6839
3050276	3402791	6693
301288	2144079	6693
3050276	209792	6693
4168634	1510232	6868
3050276	4034973	6693
3050276	1969796	6693
3336616	4589722	8882
1510232	3164115	6678
3050276	2772363	6693
301288	359059	6711
2642415	1510232	6868
3050276	3868420	6711
2916586	4625886	6846
301288	537921	6711
3050276	4122089	6693
3050276	1400586	6711
301288	1683802	6711
3050276	4450032	6723
3050276	811269	6711
1621967	2080866	6882
3050276	423715	6693
1816624	3026361	7009
1384418	3552359	6837
4514417	2493787	6682
1510232	3319462	6678
301288	278689	6693
3050276	3435135	6723
301288	179787	6693
301288	2808012	6693
3050276	1555501	6711
301288	3469069	6711
3050276	825230	6711
2080866	3050276	6777
301288	197429	6693
1510232	3227259	6678
301288	297315	6708
3336616	2500860	8882
2261713	1510232	6679
2603052	4014998	6837
3050276	3363311	6693
301288	1618104	6693
3407446	1510232	6868
3050276	196058	6693
1510232	3488883	6691
301288	3783933	6722
2089814	1510232	6868
3407845	1510232	6866
1587560	301288	6739
301288	3409266	6722
3050276	2540924	6711
301288	1598418	6723
1510232	3404949	6678
3334967	1510232	6866
3050276	3518054	6711
425501	2540450	6884
3050276	4583526	6693
301288	3724703	6711
3050276	2911907	6693
301288	2329131	6711
301288	109332	6693
3050276	4648349	6711
2548400	2129882	6821
3050276	2719898	6711
3050276	2688353	6693
3050276	3492414	6711
3050276	340702	6711
1174629	1510232	6866
301288	3154537	6723
3050276	2659201	6693
3050276	4212244	6693
301288	57008	6711
3050276	1645769	6723
301288	3385305	6711
1510232	3435135	6867
4095630	820175	6738
3050276	920425	6711
3050276	180419	6693
3050276	3501922	6711
1510232	4509720	6678
3050276	981901	6693
301288	4573663	6722
1510232	4537151	6882
1720950	1510232	6868
1621967	2653518	6678
3050276	103259	6711
3050276	728345	6693
1230959	301288	6714
3050276	1553031	6711
3050276	3149440	6711
2403257	2487254	6742
3683526	1510232	6868
3050276	2257247	6711
2916586	122348	6844
3050276	3237674	6711
3050276	2008396	6723
3050276	2698131	6711
301288	1399939	6693
301288	1579863	6711
301288	458604	6711
3050276	2213709	6711
3050276	4084668	6711
3050276	1689762	6693
3050276	2963550	6693
803128	657758	6742
3050276	517152	6711
3050276	3964604	6711
4514417	4634414	6682
301288	3771317	6711
3568613	301288	6739
3050276	4641867	6693
1510232	1702056	6867
301288	205884	6693
301288	3472867	6722
1230890	1510232	6873
301288	394241	6693
2879351	1510232	6866
1275681	3901374	9176
1510232	2213709	6678
301288	3299127	6711
301288	3983576	6693
301288	3497262	6711
301288	4364753	6693
301288	592778	6722
3759673	301288	6739
3050276	2562805	6693
301288	3690433	6711
3050276	634888	6711
301288	2861755	6693
3050276	1095929	6693
301288	1704217	6711
3050276	1483220	6711
3195760	2441296	6846
3050276	1018451	6711
3050276	1307534	6711
301288	374306	6693
3050276	4462339	6693
3050276	257330	6711
3050276	205759	6711
1510232	4442383	6678
1510232	648605	6867
301288	4334916	7519
1622059	2618063	6742
301288	1659917	6693
1510232	2855587	6867
3050276	1148174	6711
3050276	1437553	6693
301288	2418080	6693
3050276	2881087	6711
301288	4036375	6723
1510232	3167161	6678
301288	1642908	6711
301288	2583198	6693
3050276	2020515	6711
301288	665223	6711
2916586	606606	6821
301288	2226977	6722
301288	349223	6711
2603052	760695	6738
637463	301288	6739
301288	3034822	6711
4514417	3188592	6682
301288	1335045	6711
168091	2489985	6736
301288	4522874	6711
3223970	1510232	8844
1510232	1401447	6867
4514417	4547502	6682
301288	3377084	6693
301288	3083473	6711
465918	301288	6739
3050276	1982756	6693
1797022	301288	6714
3026361	162490	6837
301288	1651948	6693
2919220	2985516	6734
1510232	4375973	6678
301288	2770751	6722
1621967	156180	7741
301288	3568613	6711
301288	3341960	6711
3050276	2487254	6711
3050276	1816162	6693
3050276	3251524	6711
301288	2483954	6711
301288	1240382	6693
1720239	301288	6739
3726988	1510232	6866
3050276	3974842	6693
3115929	3513990	6846
301288	3407446	6723
1510232	1552109	6678
3050276	3615306	6693
4514417	2850700	6682
3050276	3375589	6693
2359336	4395445	6738
3050276	2859531	6711
3050276	486684	6711
3050276	2855587	6723
3416797	1510232	6866
301288	3951316	6693
2382954	1510232	6868
1621967	4256083	6678
301288	1396820	6711
1510232	2070758	6678
3050276	1599387	6711
301288	82442	6722
301288	2400662	6693
1510232	511499	6678
301288	150781	6708
3050276	1000078	6693
3050276	3841474	6711
1741843	523275	6916
3050276	1827142	6711
301288	752647	6693
301288	2898963	6693
3050276	2329131	6711
1970063	1510232	6866
301288	3251524	6711
1741843	144335	6821
3050276	2249299	6693
3050276	1426621	6711
3050276	1070287	6711
301288	730031	6711
4514417	2237777	6682
3050276	2187759	6693
3050276	1721308	6711
301288	3119408	6693
301288	4623098	6711
301288	4573663	6711
1510232	1316922	6678
1510232	2659279	6867
4288920	306639	6956
3050276	3264800	6711
301288	3609979	6711
301288	362119	6711
1510232	377840	6678
301288	3583313	6711
3050276	3469069	6711
2067722	3531243	6869
2837906	2106163	6811
301288	2060065	6693
4353378	1510232	6866
3050276	2824035	6711
3050276	1107857	6693
2548400	3705891	7004
3275396	3674767	6738
3050276	2849764	6711
4218192	848835	6736
3050276	2795596	6711
301288	2126682	6711
301288	4259643	6693
301288	4483649	6711
3050276	4523396	6693
3401467	301288	6739
3050276	680822	6693
4295892	895447	6738
4162718	3606439	6828
2599677	4295892	6742
412862	286443	6742
3336616	2500860	10297
3050276	2400031	6693
3050276	1053203	6693
301288	684827	6693
3050276	3603944	6693
301288	999165	6711
3050276	2700711	6693
1510232	119864	6678
2778277	1510232	6866
320416	2657343	6738
4406092	1510232	6868
3050276	1388893	6711
4278937	1621967	6866
1510232	1394057	6678
1510232	1720950	6867
3050276	3889218	6693
3336616	2396912	8882
2901941	2618063	6736
3050276	1626061	6711
4017195	4095630	6811
301288	3855849	6693
3050276	150132	6711
3050276	3743662	6711
301288	932420	6711
1510232	2765492	6678
1510232	3008330	6678
301288	4044068	6693
3050276	2020872	6711
301288	101560	6711
3050276	1280207	6693
4614481	301288	6739
4514417	112691	6682
301288	3289046	6711
3547966	1018540	6818
301288	4082700	6711
3050276	4062644	6711
3140281	301288	6739
301288	2372398	6693
3798810	1384418	6831
3050276	3467197	6711
1621967	1300896	6678
4513177	1510232	6868
301288	3764342	6711
301288	1982756	6693
3050276	2761807	6711
1510232	2828928	6678
1510232	2317643	6678
3854133	1510232	6868
3050276	2811337	6711
652485	3253225	6813
4514417	1816624	6682
3050276	1868271	6693
3606260	578383	6821
3050276	689241	6693
264438	1510232	6866
3050276	100992	6693
3050276	3529257	6693
4514417	3304611	6682
3050276	1055748	6711
407493	1744318	6736
3050276	2388997	6711
301288	1339354	6693
2067722	2583970	6833
3336616	3723245	10297
2483451	600372	6738
301288	3406961	6722
3050276	3797868	6711
1510232	4153122	6678
1018540	3902943	6837
301288	1352794	6693
3493003	4265869	6846
301288	1449159	6711
301288	3566689	6711
2919220	2618063	6734
4095630	820175	6821
3050276	1036837	6693
1510232	1069258	6678
1510232	3151737	6678
57008	1510232	6866
301288	1881790	6711
2897262	763159	7051
3050276	255594	6711
2744666	301288	6739
1510232	1592021	6678
301288	3614287	6711
467025	306639	6811
3050276	967684	6693
2607648	1102805	6956
301288	4567096	6723
301288	3175810	6711
301288	3711885	6693
3050276	3204587	6693
301288	2354406	6711
1510232	4475575	6678
2593889	1510232	6866
1300896	1547892	6821
2441296	3195760	6742
301288	675999	6711
3050276	286443	6711
3050276	150781	6693
4205815	1510232	6873
301288	3317657	6693
3050276	4599547	6693
4549302	4382507	6952
4514417	4269012	6682
4514417	1207081	6682
3050276	752597	6693
3050276	3862484	6693
4382507	1510232	6866
970948	1621967	6870
301288	3914248	6711
301288	1059637	6711
3050276	3424506	6711
3050276	4557945	6693
1656714	1082502	6844
1510232	2045889	6678
485929	1510232	6868
2583970	2067722	6814
4295892	2599677	6846
3050276	2832465	6693
306639	1340278	6846
2294747	4218557	6833
1510232	2570993	6678
218108	3336616	8883
301288	2170931	6693
2919220	1710371	6734
3312942	301288	6714
301288	2871444	7187
3050276	2779439	6693
301288	2748131	6711
2878046	1510232	6866
3764844	1510232	6866
782698	1710371	6818
301288	3964604	6711
3050276	4264793	6693
1267768	301288	6739
1510232	2603052	6678
3577083	3195760	6811
4514417	3078773	6682
4095630	1621967	6866
301288	443707	6708
2048690	301288	6739
4514417	1397025	6682
4522874	1510232	6866
301288	3516058	6693
3050276	3319462	6711
301288	2144850	6711
3050276	3460771	6711
4514417	895447	6682
3351263	301288	6714
791687	301288	6714
2916586	2848388	6916
4081925	1186856	6846
3050276	1562259	6693
301288	1036837	6708
301288	3467197	6711
301288	3478883	6693
301288	4255265	6711
1928479	3129045	6742
301288	2053441	6711
301288	2699991	6693
4525847	1967580	6814
2618063	1621967	6866
3050276	539783	6711
3050276	27125	6711
3050276	986976	6711
3406961	301288	6739
3050276	4153122	6711
301288	2449621	6711
3275396	4191440	6738
301288	4197785	6722
301288	173238	6711
1510232	3775667	6678
301288	4321305	6722
3050276	133953	6693
3050276	3130429	6693
3606439	4162718	6736
4255941	3115929	6766
301288	1962574	6693
3050276	4153660	6711
3050276	1189298	6693
1397875	1510232	6866
3050276	2668099	6711
2297132	80454	6833
3050276	1877622	6693
3099007	1510232	6866
3050276	306051	6711
307186	2548400	6742
4514417	2420017	6682
301288	1634361	6693
301288	4092495	6693
301288	4064552	6711
3235665	1510232	6866
301288	4111680	6722
1510232	1450037	6678
3050276	2165567	6711
2885121	4295892	6956
301288	4148919	6711
301288	795904	6693
3050276	3457493	6711
301288	39364	6693
3050276	870768	6711
286169	2985516	6742
301288	3538312	6693
4514417	578383	6682
3050276	1628112	6693
3050276	1634446	6711
3050276	1622059	6693
3050276	2985347	6693
3050276	3233529	6711
3050276	3478883	6693
301288	4311874	6711
1510232	4018274	6678
2020872	1510232	6866
3050276	2476090	6711
3050276	2376686	6711
4095630	701822	6825
301288	791687	6693
301288	281514	6693
4505145	1510232	6866
301288	2123505	6711
3050276	4351926	6711
3195760	3410166	6825
1018540	3619590	6869
3488883	1510232	6904
3050276	3178458	6711
4514417	4378271	6682
1510232	2884791	6867
1275829	1448805	7025
1828885	1510232	6868
4382507	1887004	6821
1510232	1359643	6678
1510232	2653518	6678
4026908	1510232	6866
3050276	3140281	6711
4514417	1451006	6682
301288	2647068	6711
1510232	1712431	6678
2779428	447557	6756
301288	1456054	6722
3050276	1100754	6711
3050276	931915	6711
3050276	4162598	6711
3050276	2602027	6693
1621967	2618063	6678
3083473	1851930	6837
301288	2700711	6693
3050276	2381053	6711
301288	3963270	6711
301288	1051237	6693
3050276	1881862	6693
3050276	4353044	6711
1510232	1007615	6678
2570892	1510232	6868
4514417	185075	6682
3050276	2568884	6711
1022373	2538450	6837
301288	4423847	6693
4514417	1838364	6682
4514417	4236899	6682
1621967	4081925	6678
3050276	3609979	6711
3050276	10398	6711
3050276	2510144	6723
1510232	57008	6678
2919220	1741843	6734
3050276	4052217	6711
3050276	2187403	6693
3050276	3618445	6693
1510232	4537151	7117
4514417	1558765	6682
301288	1100415	6693
301288	1857581	6693
3050276	257243	6693
3050276	3359829	6711
1808614	3606260	6956
1510232	678142	6678
301288	2026924	6693
301288	3111336	6711
3050276	3130168	6711
1510232	610845	6678
301288	1453779	6693
1744318	4263266	6833
1510232	3772059	6678
301288	205801	6711
3050276	1986016	6693
2848388	2618063	7025
301288	3792525	6711
1510232	3958600	6678
4514417	2779428	6682
3050276	1956522	6711
3050276	602150	6723
3050276	3663941	6693
2919220	156085	6734
3050276	2145261	6693
3050276	3459001	6711
3512939	2297132	6811
301288	4644147	6711
3050276	2306086	6711
648605	1510232	6868
4153594	301288	6714
3050276	130546	6693
3033125	1510232	6866
2611719	1510232	6866
301288	2712062	6693
301288	3232839	6723
301288	3983262	6693
301288	1439968	6722
2548400	2434055	6846
3050276	3537802	6711
3050276	4025475	6711
343488	1744318	6952
3050276	2072870	6693
835826	52727	6818
3050276	836091	6693
3050276	2157284	6693
3050276	2449621	6711
1510232	2611719	6678
440324	301288	6714
3050276	3808721	6711
3050276	854827	6711
3050276	211964	6711
301288	98941	6693
3050276	1161566	6693
4380260	1621967	7536
3839985	1510232	6866
3050276	1945111	6693
1510232	1752303	6678
3050276	2848587	6693
3050276	3962684	6711
301288	2355239	6711
301288	3305405	6711
301288	3429933	6693
3050276	2082642	6693
1510232	1889191	6678
301288	492115	6693
4514417	2145261	6682
3050276	4606213	6711
3050276	2179491	6693
301288	1021902	6722
1510232	3752441	6678
301288	3989505	6711
3050276	3077605	6693
1754658	1510232	6868
301288	3231110	6711
4323868	624030	6811
3050276	2003415	6708
511499	301288	6739
3719327	1621967	7022
4232883	301288	6739
2548400	4634414	6846
301288	836091	6693
1510232	23425	6867
3050276	2163681	6711
4514417	2259703	6682
3050276	3682922	6693
1510232	1695565	6867
301288	4211083	6711
3050276	2638783	6693
1621967	2487254	6678
3050276	3032764	6693
301288	761993	6693
4514417	3630466	6682
3050276	2846364	6711
3083473	1621967	6866
3050276	120355	6711
301288	4222421	6693
301288	2780462	6693
301288	1976609	6711
3050276	179787	6693
301288	929752	6711
301288	3649702	6693
301288	2130644	6711
3050276	3104195	6711
301288	61829	6711
3050276	678703	6711
301288	1192109	6711
301288	1267768	6711
1510232	499876	6678
1510232	2878046	6678
301288	4406138	6711
301288	2207114	6711
3050276	1258117	6711
3050276	3715529	6711
2666149	1621967	7536
2828928	1510232	6866
2213709	1510232	6866
1320178	301288	6714
301288	3759673	6711
301288	4497714	6711
301288	1281747	6723
301288	4487046	6693
3112459	1621967	6866
301288	3401467	6722
1510232	3100256	6867
301288	842377	6711
3336616	2396912	9132
301288	1474248	6722
3050276	1491909	6711
301288	1985404	6693
1510232	3549899	7905
301288	196058	6693
3050276	2093297	6711
3050276	1714339	6711
2132368	1510232	6866
301288	2004135	6693
1510232	264438	6678
2919220	301288	6775
2779428	4590758	6750
2396912	1621967	7501
3050276	951423	6693
1510232	1555564	6678
301288	3520054	6693
3702057	1510232	6866
1022373	2624999	6828
4513929	1510232	6866
3050276	3147438	6693
4525945	2602434	6818
1510232	3415783	6678
3050276	107297	6693
2291812	1510232	6866
3050276	3445261	6711
3050276	3926183	6693
301288	1720064	6693
301288	1420036	6711
301288	215528	6711
2096831	1510232	6868
425501	2474311	6884
4256083	4437888	7411
301288	1717027	6711
4514417	4549302	6682
301288	1262420	6693
301288	1803756	6693
4100234	2548400	6818
301288	290666	6711
4514417	4104882	6682
301288	2947886	6711
301288	2017093	6722
2779428	2897262	6778
301288	3472867	6711
3050276	3899835	6711
4578317	970948	11663
1510232	838715	6867
1020811	211514	6844
552249	1510232	6866
2089308	1510232	6866
301288	3663941	6693
301288	4249629	6711
741681	893826	6738
3050276	38817	6711
3050276	1586259	6711
397839	1510232	6866
3050276	2138803	6693
301288	2212804	6711
301288	4330328	6693
301288	4304597	6711
3115929	4255941	6743
3050276	999165	6711
3050276	3961502	6693
3050276	323766	6711
301288	4251498	6722
3050276	510382	6693
301288	3191290	6711
1510232	3204633	7458
3050276	3972793	6711
885468	2359336	6742
1069258	1510232	6866
1510232	3683526	6867
798826	1510232	6866
3050276	4017195	6693
301288	573769	6723
301288	1707573	6722
659218	301288	6739
4238766	1510232	8844
1510232	1911633	6678
3050276	4105351	6693
301288	4038651	6723
4306513	1372862	6956
3050276	970561	6711
1372862	3753606	6738
301288	2863408	6693
301288	3974842	6693
3050276	3340611	6693
301288	608010	6711
301288	1400586	6711
2798399	652485	6814
1372862	1621967	6866
3050276	1069107	6693
4488458	1510232	6868
301288	4332283	6693
2985516	4288920	6869
4086014	4081925	6956
1510232	858699	6678
124	1510232	6866
3050276	4285609	6711
3050276	1502980	6711
4514417	286169	6682
301288	2400031	6693
3050276	1296844	6711
301288	2719348	6711
657758	1621967	6866
301288	4420692	6711
377840	1510232	6866
301288	107449	6711
3050276	2478256	6711
3050276	2821506	6711
3050276	3035302	6693
2618063	4479701	6833
301288	850991	6711
3050276	2922841	6693
3050276	3478893	6693
3050276	1756493	6693
301288	1029901	6711
301288	979613	6693
3050276	972128	6711
4514417	4514076	6682
301288	3936019	6693
301288	4146617	6711
301288	2637977	6693
2139510	107297	7120
301288	554587	7417
3050276	642271	6711
3050276	1729505	6711
301288	4255959	6693
3891434	1510232	6866
301288	1504898	6711
2779428	1528869	6850
4514417	2727606	6682
3050276	2080780	6693
3557934	1510232	8844
301288	2675756	6723
301288	699563	6711
3050276	3548207	6693
3050276	1877823	6693
1510232	2161925	6678
301288	2744666	6711
3050276	2719045	6693
3050276	2861755	6693
1510232	4247758	6678
1510232	1531950	6678
3050276	2435042	6711
301288	3311124	6711
4079820	301288	6714
3050276	1090998	6693
1510232	1773303	6867
301288	716437	6693
306639	1897371	7005
3331545	1510232	6866
991025	1510232	6866
3050276	805286	6693
3050276	630385	6711
3336616	3719327	9721
3050276	3178222	6711
3050276	2661931	6723
301288	219129	6693
301288	791687	6707
301288	3459001	6711
119864	1510232	6866
3050276	3742613	6711
3050276	2019115	6711
3200804	1510232	6866
301288	518979	6693
301288	4070794	6711
3050276	112385	6711
1510232	3200804	6678
3050276	1058954	6711
301288	2708779	6711
301288	1162580	6693
52727	1857154	6869
3050276	1194433	6693
2871444	1510232	6873
3050276	2175854	6693
301288	2786854	6693
3050276	3468060	6693
301288	3401467	6711
301288	1553758	6711
2919220	2297132	6734
65857	1621967	6866
1448805	1275829	6916
2549191	1621967	7536
3050276	3683526	6723
301288	2716392	6693
301288	3104195	6711
3050276	768022	6693
1510232	2150065	6678
3050276	4573663	6711
3050276	2840247	6693
3050276	1946881	6693
866413	1510232	6866
52727	3144114	6828
3050276	4009839	6711
3050276	4135149	6693
3050276	321587	6693
301288	2639305	6711
301288	2323200	6723
4514417	2559672	6682
301288	2473887	6693
301288	190002	6693
301288	3311587	6711
1510232	4512654	6867
301288	3547337	6711
3758475	1510232	6866
4514417	3753606	6682
3050276	2908783	6693
1510232	3557934	7905
4235266	1510232	6866
3050276	788829	6693
3050276	1683721	6711
3050276	678142	6711
301288	4244854	6711
2571271	1510232	6868
3891705	2603052	6814
1510232	1741900	6867
301288	3361064	6693
3050276	190002	6693
301288	591577	6693
1621967	3493003	6678
301288	2599589	6722
3050276	429481	6693
3050276	2990953	6711
3050276	178111	6711
2919220	4295892	6734
301288	843034	6708
301288	3098212	6693
301288	3979555	6711
301288	3832299	6711
3050276	2226977	6711
3050276	1117531	6693
3050276	2771858	6711
3050276	4652897	6711
3050276	1399939	6693
2106163	256796	6837
3050276	3656454	6693
301288	403229	6711
3050276	1387210	6711
1510232	3602780	6678
2583352	1510232	6866
3050276	1156308	6693
301288	2646593	6711
2086881	353700	6814
3231931	3115929	6952
1707573	301288	6739
301288	2713481	6711
1510232	743724	6678
3050276	3540928	6711
3050276	3583313	6711
1510232	1209971	6678
301288	4368881	6693
1725069	1510232	6866
3050276	1462576	6711
3050276	325529	6693
1510232	3671665	6678
3050276	4144394	6711
301288	3960967	6711
301288	3715529	6711
301288	150781	6693
301288	3629220	6711
301288	1144772	6711
301288	857537	6711
1510232	1230890	7117
3050276	4483233	6693
4514417	618819	6682
1510232	1578556	6678
3050276	4461255	6711
3050276	4252601	6693
1510232	902911	6678
301288	1921030	6711
3050276	234285	6711
301288	931915	6711
301288	1336253	6693
301288	4621063	6722
2252071	1510232	6866
301288	514955	6693
3050276	3902943	6693
3050276	3233933	6693
3050276	684315	6693
3050276	325176	6711
3050276	2871732	6693
1510232	4295892	6678
3050276	3344261	6711
301288	4202080	6693
1510232	2294221	6678
3050276	2950585	6711
1744318	1652391	6844
301288	4305023	6722
1510232	2476307	6678
3050276	1970063	6711
3690364	1510232	6868
3115929	1096728	6828
3416323	2359336	6831
1621967	3723245	8152
307108	1510232	6866
3050276	3494045	6711
3050276	1148698	6693
3050276	204392	6711
3151737	1510232	6866
591322	4081925	6839
2499408	3115929	6952
1491909	1510232	6866
4278937	3981086	6825
4378271	1656714	6811
301288	4258595	6711
3050276	1738826	6693
301288	1117531	6693
3050276	1031771	6693
3050276	1279425	6711
4070794	301288	6739
3050276	2134535	6711
3050276	1047259	6711
3050276	1612380	6693
3050276	1552109	6711
301288	96902	6711
1510232	1953712	6678
1510232	2661931	6867
1621967	4338080	9356
3050276	1510051	6711
1510232	330336	6867
3050276	4111826	6693
301288	2999290	6693
3050276	2045889	6711
301288	1419978	6693
301288	2645592	6711
1510232	1619786	6678
301288	3606140	6711
1599387	301288	6739
1510232	4252288	6867
1712431	1510232	6866
3050276	1051237	6693
301288	1234428	6693
3050276	315705	6711
301288	411126	6711
3050276	2397198	6693
4514417	727411	6682
3050276	1102843	6711
3050276	1579863	6711
4514417	573978	6682
301288	297472	6711
3050276	2520016	6693
3050276	2050257	6711
301288	1728694	6722
3050276	4294428	6711
301288	3973243	6693
301288	1712431	6722
3050276	84077	6693
301288	1197335	6693
1961780	1510232	6866
405605	1510232	6868
3619590	1018540	6956
1510232	4040078	6678
301288	3831954	6711
3050276	2609416	6693
1621967	2297132	6678
3836985	1510232	6866
1228999	2483451	6829
301288	3899835	6711
301288	2387303	6711
3050276	2465432	6693
301288	1006407	6693
301288	554587	6698
301288	2408496	6693
2483451	2894677	6825
3050276	1328178	6711
3195760	4528859	6846
3050276	3253619	6711
301288	2562805	6693
3050276	1212880	6711
709742	1102805	6814
1375327	2489985	6831
301288	1961780	6711
2919220	2489985	6734
301288	3054251	6722
3050276	3922666	6693
1917936	3109045	6886
1617311	4295892	6814
1018540	634665	6872
3050276	1059637	6711
301288	2067247	6693
2919220	1102805	6734
3493003	1621967	6866
3050276	2778379	6711
1510232	1703263	6678
301288	2409425	6711
301288	4508351	6711
301288	4138142	6693
301288	3932415	6693
3050276	3062399	6711
3050276	4507075	6693
3050276	4438396	6693
301288	2693270	6711
2134067	301288	6739
1510232	3215995	6867
4514417	3552359	6682
3115929	441986	6833
3606260	4617737	6821
301288	1329352	6693
3050276	2758608	6711
301288	2758608	6711
301288	3662675	6693
3050276	1264743	6693
4514417	3140518	6682
886661	1621967	6883
301288	2102392	6711
301288	1091363	6693
1938396	1510232	6868
301288	698687	6711
3050276	18023	6711
3050276	535333	6723
301288	23872	6711
1212880	2420017	6846
3050276	1979880	6693
2656577	1510232	6866
1510232	572326	7905
3050276	359816	6693
301288	3191935	6711
301288	854827	6711
301288	185079	6693
1947495	301288	6739
1007615	1510232	6866
3115929	3231931	6825
3216229	1510232	6866
301288	1923980	6711
1510232	540128	6678
301288	499876	6711
3050276	1396953	6711
301288	2556256	6711
3050276	412219	6711
301288	2718442	6693
301288	2243094	6693
3050276	2455202	6711
1088282	301288	6739
3050276	979613	6693
301288	112385	6711
1022373	1621967	6866
301288	4607557	6711
301288	3963862	6723
3050276	770685	6723
2487254	3762322	6825
3050276	2344581	6711
3050276	380515	6711
3050276	2778520	6711
301288	316679	6693
3050276	893826	6693
4599547	1414030	6886
3050276	1360449	6693
1414030	1621967	6883
591577	1744318	6956
3624765	1510232	6866
301288	2263933	6711
1510232	376935	6867
301288	2269252	6711
1510232	952770	6867
301288	267346	6711
3050276	3435506	6711
3050276	2096831	6723
3050276	3425661	6711
301288	2883182	6711
4020943	2359336	6742
301288	3690364	6723
301288	3934526	6693
1510232	2238291	6680
301288	1045813	6711
3475262	1510232	6866
3050276	133889	6711
301288	3647980	6693
301288	3782936	6693
301288	2082642	6693
301288	2588703	6693
3050276	1695565	6723
301288	4095475	6693
3050276	1397875	6711
301288	1436776	6693
3050276	3670909	6711
301288	1819532	6711
3050276	728468	6693
1967580	4525847	6833
3050276	3893725	6693
301288	219282	6693
3050276	3979237	6711
301288	1118423	6693
4514417	3075627	6682
3050276	2493787	6693
573978	1020811	6814
301288	440425	6693
301288	1742781	6711
301288	3120179	6711
3050276	3642089	6711
2478256	301288	6739
301288	4426548	6693
301288	3795571	6693
617047	4095630	6831
301288	2570892	6723
301288	1088282	6722
1300896	1621967	6866
3050276	3483342	6711
2487254	3115520	6844
301288	634678	6711
1510232	2133522	6867
3050276	2703979	6711
3050276	1926727	6711
3050276	3716094	6711
1547892	1300896	6818
301288	1741890	6722
3050276	1580239	6711
301288	1997204	6693
3050276	2808012	6693
3050276	313236	6693
301288	3733944	6722
160920	1510232	6868
3050276	275236	6693
301288	1057531	6711
301288	3053821	6693
3050276	204604	6723
3050276	2128220	6723
301288	237994	6693
3050276	4628067	6693
301288	637463	6722
3050276	2909409	6711
301288	4593939	6693
301288	671492	6723
3050276	1651098	6711
3050276	1599216	6711
2277249	1022373	6736
3050276	463864	6693
301288	199184	6723
3050276	4250469	6693
3112459	3304611	6738
1510232	3032144	6678
2798399	1656714	6814
3050276	3293285	6711
3050276	465665	6711
4514417	1398249	6682
3050276	2115238	6693
301288	3412959	6722
2283009	1656714	6818
1510232	4336392	6678
3050276	2571271	6723
1510232	83756	6867
3050276	3753779	6693
3050276	3340746	6711
301288	3764844	6711
3050276	1148981	6693
301288	4424130	6693
301288	2590265	6711
301288	3001086	6711
301288	90595	6693
301288	2156902	6711
301288	3031792	6711
3050276	2246610	6693
301288	1692996	6711
301288	2044681	6708
3050276	4552545	6711
3901374	4338080	10297
301288	3284859	6693
301288	2450682	6693
3050276	145334	6693
301288	4628902	6693
3050276	3568613	6711
3050276	2245128	6693
3050276	4500389	6711
3050276	4447691	6711
4263266	1744318	6814
3050276	2176598	6711
4375718	1510232	6866
3581780	1510232	6866
446981	1621967	6873
301288	3042021	6693
3050276	1717987	6693
301288	4516541	6711
190503	1510232	6868
281514	301288	6714
301288	3272752	6711
760292	306639	6829
3050276	3042021	6693
301288	3880512	6693
301288	1297853	6711
1510232	2906919	6678
1510232	306763	6678
3050276	1634361	6693
301288	293169	7799
301288	1605291	6693
730574	2779428	6747
2534232	2067722	6831
2396912	1621967	7022
3050276	1904609	6693
3050276	83784	6711
3050276	2719348	6711
301288	4045320	6711
3050276	831180	6711
3050276	2150065	6711
1510232	290672	6678
1510232	914663	6678
1414030	4599547	6881
3078773	4095630	6956
301288	3733944	6711
4311101	1510232	8844
3050276	3327508	6711
3050276	4538133	6711
3050276	1750195	6711
3050276	2642415	6723
371133	4490566	6886
3311124	301288	6739
1510232	4573400	6678
2246583	301288	6714
3050276	87	6711
3050276	3115520	6693
624030	1322192	6738
3050276	1993050	6711
1510232	95641	6867
1621967	1734100	6751
3050276	4422704	6711
4514417	3710733	6682
3050276	3852620	6693
3050276	4018274	6711
3050276	2147184	6693
3050276	2210233	6711
301288	4627185	6693
1831792	301288	6739
1534014	301288	6739
3050276	4625698	6693
3050276	901373	6711
3050276	2684710	6693
301288	1295170	6711
1510232	2082955	6867
301288	951423	6693
3050276	2289072	6693
3050276	1686790	6723
301288	2864384	6693
4048387	301288	6714
3050276	2184882	6711
301288	2296894	6711
4514417	1612380	6682
578383	3606260	6818
301288	1004659	6711
301288	2112727	6693
3050276	4123142	6711
3050276	4386872	6711
3050276	1316922	6711
2493787	2916586	6818
301288	2447077	6693
3050276	1522885	6711
1262495	301288	6739
4018287	1510232	6866
3986453	353700	7009
301288	2063653	6693
301288	958743	6711
4508351	2956864	6936
3050276	950996	6711
3606260	3216195	6916
301288	2061985	6693
3050276	4403654	6711
3050276	3910514	6693
107297	3211988	7124
3050276	4587448	6693
3050276	2736139	6711
3050276	3472867	6711
301288	132797	6693
1886256	652485	6818
1787780	624030	6831
3050276	1790881	6711
2396912	3336616	9371
301288	1267753	6693
301288	1777344	6711
301288	429481	6693
1714543	1510232	6866
3050276	1320178	6693
301288	30277	6711
675999	1510232	6866
3050276	106635	6693
3050276	2338373	6711
301288	680269	6693
3298825	3272752	6742
301288	3759673	6722
3050276	2988167	6711
1510232	4123142	6678
3050276	3705536	6711
3050276	2972530	6711
301288	1193899	6711
3050276	1074350	6693
3050276	4226033	6693
3050276	4566280	6693
2548400	475640	6837
3050276	172809	6711
301288	4123607	6711
3195760	681058	6821
3050276	657758	6711
301288	4462030	6693
1510232	199184	6867
4342678	1510232	6866
1741843	1892259	6869
2828955	1510232	6868
3050276	1953790	6693
301288	2771858	6711
301288	2298491	6693
3050276	4302673	6693
3050276	2414232	6711
3050276	4582806	6711
3336616	218108	8882
301288	2066291	6693
3115929	4177505	6837
3050276	124	6711
1889191	1510232	6866
3050276	4641200	6693
2538450	1022373	6811
1510232	1366068	6678
301288	2565187	6711
301288	3283033	6711
1741843	2309344	6821
3050276	1973483	6711
301288	4639462	6711
301288	3960967	6723
3050276	1383473	6711
1553031	301288	6739
301288	2821506	6711
301288	1294522	6708
3050276	3248608	6723
3050276	3618386	6711
3050276	3283033	6711
3050276	2326649	6723
301288	4589424	6711
301288	3488833	6722
4490837	1510232	6868
3050276	1106808	6693
301288	2565025	6693
301288	123937	6693
3050276	4359757	6711
301288	1611775	6723
301288	3730379	6693
3050276	4640352	6693
3050276	2645592	6711
249532	2297132	6811
1510232	2905557	6678
3050276	1996142	6693
1125669	301288	6714
3050276	2563410	6711
4514417	396755	6682
301288	2563410	6711
301288	3962900	6711
1784062	1510232	6866
3050276	246788	6693
3115929	2981520	6821
1413329	301288	6739
301288	4095041	6711
3050276	1670127	6711
3050276	1295587	6693
3050276	1461395	6693
3050276	4598775	6711
3050276	859698	6711
2478851	2487254	6814
1510232	4205815	7117
3050276	3377084	6693
301288	2631052	6711
3050276	585998	6711
3050276	572103	6693
301288	3291210	6722
3050276	3514104	6693
3050276	4127835	6711
3050276	1870823	6711
2359336	4020943	6846
301288	2379616	6711
1712431	301288	6739
3050276	422284	6711
301288	598068	6711
1848644	1510232	6866
4514417	4655400	6682
185075	3083473	6829
301288	2175854	6693
3050276	4329260	6711
3344261	1510232	6866
301288	2924805	6711
1812839	1510232	6868
3050276	2906500	6693
3050276	3901374	6693
3050276	691771	6693
2250941	4040078	6818
150781	301288	6714
1510232	4342678	6678
3050276	1059030	6693
3050276	4257161	6711
301288	4196600	6711
3050276	1118423	6693
301288	56732	6722
301288	3226859	6693
3050276	375929	6693
301288	329194	6711
4514417	4191228	6682
301288	1021182	6711
950444	1510232	6866
1510232	1831792	6678
3050276	474547	6711
3050276	2178348	6711
301288	2701988	6711
301288	9448	6711
3050276	3932136	6711
4514417	1050004	6682
301288	1628112	6693
2139510	1621967	7536
3050276	2474096	6711
301288	3536166	6711
2418679	301288	6714
3050276	301568	6693
3368458	1510232	6866
2045889	1510232	6866
1510232	3955658	6867
301288	3402391	6711
3050276	1451361	6693
301288	3114822	6693
2248737	301288	6739
211514	1020811	6831
3050276	3153220	6711
3050276	395584	6693
301288	3772448	6711
3956262	301288	6739
425501	2174261	6872
3050276	9448	6711
301288	3282806	6723
3606260	1621967	6866
3050276	1550408	6711
301288	1772167	6693
1510232	4572954	6678
1510232	4366570	6867
301288	1546352	6711
3050276	2085385	6693
301288	3698724	6693
3444235	1510232	6866
3050276	3076749	6693
301288	3956262	6722
3789004	1510232	6866
301288	24128	6722
1575187	1510232	6868
301288	440921	7187
301288	71846	6693
3050276	4129682	6711
3050276	1639459	6711
1621967	1275681	7080
1510232	1903775	6867
2512164	1510232	6866
3050276	3248642	6693
3050276	2034921	6693
1029953	301288	6714
301288	4438396	6693
3050276	2720654	6693
3050276	2372072	6711
2575670	2483451	6811
747390	1510232	6873
3050276	2345576	6711
3050276	2810151	6711
2919220	291002	6780
2919220	4081925	6734
1510232	3033125	6678
301288	984582	6711
301288	23425	6723
3050276	1650257	6693
301288	994470	6711
3050276	730031	6711
2919220	2359336	6734
4514417	3617222	6682
2665112	1510232	6866
3050276	2566545	6711
4154612	1510232	6866
1510232	4232883	6867
301288	1596299	6723
3050276	4390979	6711
301288	1219265	6711
3090089	301288	6714
3050276	3075980	6711
301288	354380	6711
4641200	1018540	6814
3050276	1929160	6693
3050276	2632510	6711
3050276	4423782	6693
301288	1515796	6711
1510232	1020293	6867
52727	659421	6825
1233091	1510232	6868
301288	2185462	6693
3129045	1928479	6837
301288	3139885	6693
156180	107297	7120
301288	2431215	6693
301288	3480095	6711
2951141	1510232	6868
3050276	3031792	6711
3050276	3353156	6711
1275829	3606260	7025
1221512	1510232	6868
52727	835826	6821
3050276	4229096	6693
3050276	4471780	6693
301288	1896319	6711
301288	691771	6693
1510232	846113	6678
3050276	4010831	6711
301288	3196705	6711
301288	1330358	6693
1510232	4138792	6678
1510232	994470	6678
3050276	795904	6693
3050276	1377937	6711
3050276	1392744	6711
3050276	1639966	6711
301288	2245128	6693
463341	1656714	6839
301288	451419	6708
301288	3326158	6693
3050276	3123751	6711
3727274	1510232	6866
301288	986976	6711
1510232	747390	7117
3050276	2049314	6693
301288	1676952	6711
3050276	3730004	6693
301288	3875849	6693
3050276	1307694	6711
3050276	1655792	6711
3050276	205642	6693
301288	281535	6711
1897371	306639	7006
523145	1510232	6868
3050276	2807653	6693
301288	3474167	6711
4095630	3078773	6869
301288	2570993	6711
4514417	2435830	6682
3050276	2660254	6711
3050276	2765492	6711
301288	4014491	6722
301288	3780091	6723
2082955	1510232	6868
3435135	1510232	6868
301288	1129190	6693
3050276	3646023	6711
3050276	714875	6711
301288	4322763	6693
3955658	1510232	6868
301288	143751	6711
3050276	4603866	6711
301288	3900551	6693
2919220	4256083	6734
301288	2703979	6711
204817	2080866	6686
301288	257330	6711
3050276	2281647	6711
436952	4341630	6831
301288	2693098	6711
301288	3841049	6711
3782217	301288	6714
301288	1609280	6711
295533	2297132	6829
301288	637128	6693
301288	404245	6708
2403257	2487254	6818
3050276	613212	6711
3050276	3245447	6693
301288	1078385	6711
3050276	431004	6693
3050276	3120139	6711
3100256	1510232	6868
3050276	724783	6693
301288	4465157	6693
1773276	301288	6739
3050276	1761229	6711
3195760	2441296	6738
301288	1562259	6693
1510232	3216229	6678
2993529	1510232	6866
1510232	2953249	6678
301288	4037329	6693
3909935	1510232	6866
301288	2358028	6711
3050276	1281747	6711
301288	2550428	6711
4514417	3145650	6682
301288	3456567	6693
3050276	3043888	6693
3050276	3730379	6693
1510232	3549717	6678
301288	689241	6693
3081864	2653518	6818
301288	3249376	6711
4514417	3851487	6682
4514417	2309344	6682
1510232	2990953	6678
1510232	1711090	6867
301288	4631968	6711
2297132	295533	6884
301288	4397334	6711
301288	3250804	6693
3050276	3600343	6693
3050276	4573400	6711
2603052	3173797	6837
4162718	2017514	6844
3050276	2675756	6711
301288	4515880	6711
301288	2434055	6693
3050276	4496422	6711
3050276	4058540	6711
3050276	523145	6723
301288	2166921	6723
4514417	2746887	6682
3129045	2727899	6833
1510232	4116421	7905
1212880	457564	6738
301288	1275054	6711
1510232	2758722	6678
4278937	285159	6833
3050276	3707847	6693
301288	800225	6723
301288	510601	6693
3050276	3775640	6711
301288	3725668	6693
3050276	1165784	6711
301288	2637599	6723
1451361	301288	6714
4514417	460233	6682
3050276	856996	6711
741681	4104882	6828
301288	3010995	6711
301288	4625698	6693
3050276	1330358	6693
301288	2872622	6711
2483451	1621967	6866
3050276	107948	6693
301288	553243	6693
301288	2414232	6711
3050276	2770751	6711
301288	1103427	6693
160192	301288	6739
301288	2021364	6693
3050276	1020293	6723
301288	1113402	6693
3050276	3618097	6711
301288	2908922	6711
3050276	4651891	6711
3342869	1510232	6866
3050276	3471649	6693
306639	1073778	6833
4514417	2441296	6682
1621967	2666149	7741
3050276	2066943	6711
3050276	2359521	6711
301288	653484	6723
301288	4493668	6693
652485	1886256	6738
3050276	1229140	6693
301288	2579474	6722
3050276	3253596	6711
301288	3753507	6711
301288	3436805	6693
301288	2252660	6693
301288	637463	6711
3616430	1510232	6868
286169	2985516	6818
4514417	2238291	6682
301288	3702057	6711
760695	2603052	6736
301288	4155137	6693
3050276	556438	6711
1510232	873567	6678
1510232	2633171	6867
301288	2725660	6711
2563388	3129045	6818
301288	2598470	6711
670165	2779428	6747
3050276	3119187	6711
301288	3742613	6711
301288	1102930	6711
3050276	2233334	6693
301288	3754112	6711
3050276	4215322	6711
3578348	2985347	6844
301288	4129682	6711
1360981	3606260	6742
1693555	4306206	6833
1510232	1388893	6678
301288	1442650	6693
3050276	3275649	6711
1744318	1510232	6866
301288	699286	6693
3050276	779814	6693
301288	1311020	6711
3050276	708851	6723
3050276	2650459	6711
4514417	1120172	6682
3050276	3244322	6711
301288	805605	6693
4514417	395845	6682
301288	809823	6711
1510232	2510144	6867
3050276	2625912	6693
1284157	301288	6739
3050276	4510592	6693
301288	2563265	6711
1510232	800225	6867
4002731	301288	6739
301288	4505024	6693
301288	1752917	6711
3050276	2615827	6711
301288	3932187	6711
3050276	2378586	6711
3050276	798826	6711
301288	3438013	6711
3050276	4364753	6693
2917230	301288	6739
301288	2072870	6708
301288	1100754	6711
2269887	301288	6714
301288	1063623	6711
301288	1971085	6711
3050276	336166	6693
3723245	3901374	9176
301288	279540	6711
301288	4093956	6711
3050276	4571234	6693
301288	1545473	6693
1510232	1073920	6867
3050276	3817128	6693
301288	362254	6711
301288	3975496	6722
4514417	570154	6682
301288	1070516	6711
1510232	3764844	6678
301288	1267768	6722
3050276	4177922	6693
4514417	2429497	6682
4514417	4599547	6682
301288	1786631	6693
301288	2747292	6711
301288	761234	6693
4514417	903962	6682
970948	4578317	9802
3050276	3495181	6723
2839732	4278937	7163
301288	4311849	6711
2133522	1510232	6868
3313531	1510232	6679
3050276	2373625	6711
301288	3577083	6693
3402791	1303164	6886
3050276	2717982	6711
1510232	972128	6678
301288	4637497	6693
4514417	3415454	6682
320416	570154	6844
3050276	2584585	6693
301288	4153594	6708
3050276	4512654	6723
301288	751016	6693
3050276	1626263	6711
4514417	600372	6682
657758	460233	6869
301288	3076749	6693
4256083	3282710	6844
3050276	3979555	6711
301288	4025475	6711
52727	596794	6869
3050276	1436184	6693
3050276	1770053	6723
3050276	1139050	6711
301288	1322657	6711
301288	3913884	6711
4634414	2548400	6742
4514417	617047	6682
4514417	168091	6682
3050276	1546344	6693
3050276	1496698	6693
2342803	4590758	6750
3050276	3934526	6693
1621967	2548400	6678
3050276	2298491	6693
1510232	3705536	6678
3050276	2618063	6711
301288	4147425	6711
3050276	3429933	6693
1300896	2989698	6813
301288	33774	6711
3050276	3030658	6711
3050276	1278022	6711
3050276	2873790	6711
301288	1122453	6711
301288	114045	6711
2761807	1510232	6866
301288	5820	6693
3050276	3903776	6723
3050276	2957506	6711
1212880	1621967	6866
301288	3297788	6723
1510232	2561498	6867
3050276	2905557	6711
1510232	2338373	6678
1510232	3275649	6678
301288	997441	6693
3129045	2302543	6837
661215	1510232	6679
301288	4561590	6711
3050276	3012441	6693
3050276	3455590	6693
301288	2549611	6693
301288	3043888	6693
301288	1805167	6693
301288	764569	6711
301288	3022218	6693
3050276	2736902	6711
3050276	4478635	6693
2163681	1510232	6866
2106163	903962	6837
3050276	2144079	6693
301288	2832465	6693
1510232	2879351	6678
301288	3440824	6711
760695	2603052	6818
301288	3919379	6693
3050276	2918670	6693
3050276	808595	6693
4589722	3901374	9176
3050276	1793282	6711
301288	2594732	6693
3050276	2594732	6693
4514417	2837906	6682
3304611	3112459	6736
3050276	1692661	6693
3050276	2651180	6711
3050276	2706554	6693
3050276	932420	6711
301288	3118581	6711
301288	1728694	6711
3050276	4009667	6711
301288	3738971	6693
3050276	3568800	6693
3050276	2255518	6693
1022373	293169	7659
301288	3496629	6723
3050276	1439052	6711
1621967	1384418	6678
301288	1624369	6711
301288	18023	6711
301288	1906653	6711
3783933	301288	6739
4341630	436952	6738
4605438	1530145	6833
1621967	3272752	6678
301288	1254062	6711
3050276	286048	6711
3050276	716678	6693
3050276	3445038	6711
301288	4377771	6722
301288	1125669	6708
3050276	4002731	6711
301288	3733730	6711
1744318	407493	6738
301288	2520016	6693
3050276	521297	6711
3050276	3144114	6693
4514417	2823028	6682
3050276	751016	6693
301288	3279494	6711
301288	1581712	6693
1621967	1018540	6678
301288	967684	6693
301288	3808721	6711
3050276	532773	6711
3050276	2959793	6693
301288	4532263	6693
3050276	2572808	6693
800225	1510232	6868
1710371	61888	6844
3050276	1663727	6711
1510232	3334967	6678
624082	301288	6739
3050276	285534	6693
3050276	2061985	6693
3050276	1323617	6693
4175001	1510232	6866
301288	44009	6711
1510232	1165784	6678
104508	1510232	6866
301288	1534947	6693
3050276	2785134	6711
1634446	1510232	6866
301288	4499528	6711
301288	2048690	6722
3050276	3829697	6711
3549717	1510232	6866
112726	1510232	6866
3050276	3211422	6711
3050276	4157892	6711
3050276	4192946	6693
3050276	1051251	6693
3050276	3651732	6693
301288	40719	6708
3578348	1402111	6825
353700	3579882	6872
3050276	3909935	6711
301288	2323200	6711
3232839	1510232	6868
3050276	3537369	6711
1510232	2132368	6678
3050276	4622721	6711
3050276	1128497	6693
301288	2483292	6693
3050276	839604	6711
301288	1529126	6693
2359336	2744666	7006
4295892	1510232	6866
301288	1031771	6693
1207081	3515944	6750
3050276	2691221	6711
1510232	23743	6678
2582577	1510232	6866
994470	1510232	6866
3050276	1544019	6711
2396912	3336616	9176
3050276	1346075	6711
3455590	4256083	6814
3050276	81475	6693
2919220	1328178	6734
301288	4453784	6693
301288	3730753	6693
1621967	1744318	6678
3050276	3702899	6711
2236535	1510232	6866
3050276	1282736	6693
301288	503613	6711
301288	2028796	6693
3050276	2112096	6711
301288	455078	6711
1510232	1502980	6678
301288	1908214	6711
301288	3002000	6711
2166921	1510232	6868
3050276	4465157	6693
3050276	4031743	6711
3050276	1348891	6711
3050276	2201980	6711
301288	1306285	6693
301288	3558191	6693
3050276	4069448	6711
301288	4104882	6693
3050276	1502091	6693
4247666	301288	6739
301288	170757	6711
4512654	1510232	6868
301288	2712681	6693
301288	3862484	6693
301288	1684743	6711
1510232	3702057	6678
3050276	3159368	6711
3050276	3558191	6693
301288	353208	6711
301288	698963	6693
234107	2548400	6956
301288	3136186	6711
301288	2859531	6711
3050276	3520054	6693
1510232	215528	6678
301288	1121732	6693
301288	779814	6693
3050276	331044	6711
3050276	1192109	6711
3050276	2478851	6693
1510232	3886722	6678
301288	669355	6711
2570993	1510232	6866
3723245	3336616	8883
3259599	1510232	6868
1510232	318395	6678
301288	304321	6693
301288	2628381	6693
301288	1946983	6711
3050276	4253453	6711
3050276	4141288	6693
3050276	2608527	6693
1510232	1848644	6678
301288	81475	6693
1864542	301288	6714
1311750	1510232	6868
1510232	3909935	6678
1510232	962756	6867
427604	1510232	6868
301288	80085	7848
1510232	3955832	6678
301288	698687	6722
4389221	1510232	6866
301288	904070	6693
3050276	1030332	6711
301288	1182921	6711
3050276	2499736	6693
301288	4574935	6711
2397682	1510232	6868
3050276	2045079	6693
3050276	4094673	6693
1510232	3235665	6678
3050276	202717	6711
3050276	2102593	6711
301288	3443152	6693
301288	2632611	6708
301288	4572480	6711
2103039	1510232	6866
3515944	2342803	6747
301288	2795596	6722
3050276	4225491	6693
301288	614591	6722
1510232	3964641	7905
4007591	1510232	6868
3050276	3226859	6693
940922	1510232	6866
2919220	741681	6734
3050276	286169	6693
1687826	1510232	6866
4648349	1510232	6866
1502980	1510232	6866
1881862	4162718	6871
301288	257243	6693
301288	1498467	6693
3050276	1250689	6711
3050276	2230667	6711
3050276	4067970	6711
3846765	306639	6952
3050276	344583	6693
301288	3945031	6693
4514417	3336616	6682
2215955	301288	6739
1510232	2666751	6678
3493003	3971392	6846
3050276	427437	6711
301288	1226649	6693
3050276	2985081	6711
301288	4270300	6711
1510232	202259	6678
301288	2270550	6693
3050276	3026370	6693
2891488	1448805	6736
301288	3532213	6693
301288	1007144	6693
3050276	3196230	6711
301288	4232261	6711
52727	1510232	6866
4528859	3195760	6742
301288	1121821	6693
3026361	3626731	7004
4514417	4306206	6682
301288	2425069	6693
3050276	2686794	6711
3050276	3266647	6693
395845	1741843	6818
3050276	1327606	6711
3050276	1174629	6711
3050276	3667443	6693
3050276	170700	6711
301288	778682	6711
3050276	306639	6711
2487254	2118700	6738
1530145	4605438	6814
301288	42853	6693
301288	1414375	6693
3050276	3618526	6711
301288	1039986	6693
2458343	1510232	6868
301288	1080368	6693
301288	3979237	6711
3050276	591322	6693
3050276	1578556	6711
893826	741681	6736
301288	2958967	6722
301288	423284	6711
3050276	698963	6693
301288	4339888	6711
3050276	743724	6711
3050276	1788424	6693
3050276	3772059	6711
1656714	1621967	6866
3050276	2451861	6711
1510232	4235266	6678
301288	2498220	6693
3050276	3310090	6711
301288	3099007	6722
3050276	1543441	6693
3050276	2483451	6723
465414	1510232	6866
301288	3237867	6711
1510232	3754361	6678
3050276	2862291	6693
3050276	3882194	6693
301288	4619898	6693
3050276	1122453	6711
301288	1419967	6711
3050276	52488	6693
301288	2165293	6693
1029604	1510232	6866
3050276	3368458	6711
301288	4598928	6722
3050276	2666397	6711
301288	3200476	6711
301288	2476090	6711
306639	616915	6738
3050276	4503880	6693
301288	1921091	6708
301288	965478	6711
1621967	156085	6678
4382002	1510232	6868
1949577	301288	6739
3619590	2106163	6956
4250115	1510232	6866
301288	2681888	6693
301288	130546	6693
1610588	1510232	6866
3050276	3771317	6711
4514417	172992	6682
4563192	1510232	6866
301288	1148698	6693
1510232	1842867	6678
1018540	1621967	6866
3050276	334687	6693
301288	458604	6722
301288	3912765	6711
3050276	3993925	6711
1838364	2294747	6818
301288	3418346	6693
3050276	4139895	6711
1621967	2500860	7080
3050276	3234537	6723
3050276	1927544	6711
3050276	609875	6711
301288	1735938	6711
1510232	798826	6678
3050276	2716392	6693
3275396	1621967	6866
3050276	1609502	6711
1510232	4490837	6867
2017514	4162718	6831
301288	2117393	6693
301288	1904609	6693
2133325	301288	6739
1744318	407493	6846
1378018	2067722	6818
301288	4405745	6711
3272752	2127284	6846
3050276	457903	6693
4382863	2294747	6742
3050276	2357462	6693
2534232	306639	6831
301288	972081	6711
3050276	2977104	6711
3050276	928028	6711
301288	3233529	6711
3050276	2549611	6693
3050276	820175	6693
3050276	997441	6693
301288	2778379	6711
3050276	2703837	6711
3050276	3456567	6693
2483451	1228999	6884
301288	4251498	6711
1510232	2725059	6678
301288	3291210	6711
4514417	4337975	6682
3050276	1595413	6711
3050276	416365	6711
301288	2728031	6711
3050276	3692016	6711
3050276	1581712	6693
301288	2329131	6722
306639	3261604	6821
3050276	1803306	6693
3115929	727411	6844
2990953	1510232	6866
301288	3437231	6711
3050276	2106163	6711
2365065	1621967	6866
550028	1510232	6866
301288	782274	6722
301288	4212244	6693
3050276	1656714	6711
2449835	1510232	6868
3050276	4255265	6711
301288	1182667	6693
301288	200833	6711
301288	1979816	6711
3050276	553070	6693
3050276	1215749	6693
1510232	4513929	6678
1510232	4143531	6678
1590897	1510232	6868
2067722	3618445	6844
3050276	2188950	6693
3050276	2192203	6711
301288	2274097	6693
3050276	4269705	6711
301288	869858	6693
3424506	1510232	6866
1510232	2917955	6678
3050276	3925097	6693
3050276	3696128	6693
3050276	23872	6711
2129882	301288	6714
3336616	4589722	10297
3705891	2548400	7007
3336616	1275681	8882
301288	1660241	6693
3973827	301288	6739
3050276	3914248	6711
301288	1100370	6708
301288	4079820	6708
301288	311217	6693
301288	4603334	6711
2579474	301288	6739
301288	3972587	6693
3050276	2896609	6693
2919220	1303164	6780
301288	3101594	6693
1621967	2603052	6678
3050276	3321017	6711
3050276	1110445	6711
3050276	1262495	6711
3050276	4087542	6711
301288	242373	6693
301288	157244	7187
3050276	2316175	6711
301288	904540	6693
1510232	2571271	6867
3050276	523275	6700
301288	4245281	6693
4514417	760695	6682
3050276	2236897	6711
301288	702171	6711
1510232	1970063	6678
301288	2599979	6693
301288	1377471	6693
3050276	4539525	6711
3050276	3064504	6693
301288	3335974	6711
301288	3248642	6693
3050276	1609280	6711
3702057	301288	6739
3050276	4202080	6693
301288	150132	6711
3050276	3626731	6723
1621967	3115929	6678
3092563	301288	6739
3050276	1145183	6711
301288	4547386	6711
301288	2035220	6693
3050276	1527012	6693
3050276	1659225	6711
3050276	1553758	6711
1510232	4278937	6678
377977	1510232	6866
301288	4043153	6693
4514417	701822	6682
1510232	1180672	6678
301288	4366806	6722
301288	2479424	6711
301288	325529	6693
3050276	1228999	6693
3050276	3931800	6711
1510232	1029604	6678
3050276	322694	6693
3050276	3989897	6711
3050276	1162580	6693
301288	3092563	6722
3050276	3491564	6693
4514417	2474311	6682
3851487	4490566	6886
694433	2106163	6831
4514417	80454	6682
2294747	1838364	6821
3050276	3053821	6693
301288	3981662	6711
301288	3516688	6693
301288	1143687	6693
3050276	1069258	6711
301288	2528938	6693
3050276	4161215	6711
3050276	3347103	6711
3050276	4429518	6711
3050276	1786909	6711
3050276	2605429	6711
3050276	3269	6711
4498143	1510232	6868
4338080	3336616	8883
301288	4019143	6711
301288	1061084	6711
301288	997693	6711
1510232	2197413	6678
3050276	1199585	6693
2603052	1816162	7411
301288	2192198	6722
1510232	1564510	6867
301288	585998	6722
3050276	69756	6711
3618097	1510232	6866
2106163	2608527	6837
301288	1002829	6711
3050276	1641571	6711
3050276	1947495	6711
3050276	2050617	6693
3050276	3582326	6693
1510232	2868332	6678
2040857	1510232	6868
895447	4295892	6736
3050276	1021182	6711
3050276	684398	6711
301288	1300504	6711
301288	1734372	6723
3578348	1510232	6866
3050276	1022201	6711
4514417	2464560	6682
301288	2238291	6693
3050276	2426999	6711
3050276	1253616	6711
4514417	2118700	6682
52727	3144114	6821
301288	3263131	6711
301288	2018500	6693
3050276	3902554	6693
301288	306051	6711
3050276	2400837	6693
2761128	301288	6739
301288	1555564	6722
3050276	1546352	6711
1865157	301288	6739
301288	2452755	6693
970317	1212880	6742
3050276	298826	6711
1468392	301288	6714
301288	3638603	6722
1621967	2106163	6678
4514417	2003415	6682
3050276	4574935	6711
3050276	505080	6693
2420017	1212880	6742
2548400	623245	6825
3050276	4153220	6693
2003415	3115929	6736
3050276	3983262	6693
301288	1387210	6711
3050276	2993529	6711
3050276	2534249	6711
301288	3615306	6693
301288	4583526	6693
301288	4559950	6711
301288	363242	6693
4514417	1917936	6682
301288	56068	6711
301288	974462	6711
3050276	3338891	6711
2822912	1510232	6866
301288	3753779	6693
3050276	312990	6693
301288	2392507	6693
301288	1131797	6711
301288	4232328	6711
172992	2080866	6686
3050276	1953712	6711
3050276	4330328	6693
301288	4360257	6711
3050276	3535853	6693
1750195	1510232	6866
3050276	3418855	6711
3353156	301288	6739
4514417	681058	6682
1510232	4026908	6678
1510232	550028	6678
3050276	493180	6693
2237777	741681	6814
3050276	2898963	6693
4514417	1825969	6682
3050276	2735099	6711
3050276	578383	6693
3050276	4479701	6693
3050276	4430879	6693
3050276	1515796	6711
301288	1723979	6693
3050276	4280022	6711
301288	48846	6693
3050276	119864	6711
3050276	878592	6693
3050276	873567	6711
3050276	2796054	6723
2106163	680822	6872
2891488	1448805	6818
3050276	1896319	6711
2758843	1510232	8844
301288	396687	6711
381973	1510232	6866
699253	1510232	6868
3050276	253319	6693
3050276	2791834	6693
1510232	4567096	6867
1510232	3062399	6678
3050276	3626574	6711
2618063	2609416	6884
4345913	301288	6714
4334916	1656714	7251
3050276	1989593	6723
301288	690659	6693
301288	2016464	6693
3050276	25828	6693
301288	180419	6708
1077040	301288	6739
301288	3521002	6711
1300504	301288	6739
1510232	431677	6678
3050276	3744950	6693
301288	1877823	6693
269056	3083473	6736
554587	301288	6694
2500860	3901374	9176
3050276	2140318	6693
3050276	2129427	6693
293169	1022373	7800
2762047	1510232	6868
301288	4372144	6711
2959793	4295892	6831
1296844	1510232	6866
301288	2652634	6711
3050276	489980	6693
2157965	1510232	6866
3050276	3422780	6693
301288	3059842	6693
3114084	3050276	6777
301288	4476173	6693
3050276	2696312	6693
301288	4570234	6711
2297132	2848388	6916
3050276	1857154	6693
1886256	652485	6742
3050276	3939687	6693
301288	3667443	6693
301288	4509720	6722
1510232	2291812	6678
3083473	1851930	6821
3050276	2403257	6693
3050276	3978430	6711
301288	1090517	6693
301288	1199585	6693
301288	529121	6693
301288	3211422	6711
301288	2578808	6711
1510232	80085	6691
301288	2375964	6711
3050276	2806147	6711
301288	3579031	6693
1441891	1510232	6866
301288	2075740	6723
3050276	3069448	6711
2804738	4095630	6814
1474248	301288	6739
2603052	4547502	6825
2446373	187487	7709
3272752	1621967	6866
301288	885468	6693
301288	4220901	6711
1510232	2261713	6680
1510232	2337135	6678
3050276	4418880	6711
301288	4024596	6693
3050276	699563	6711
1621967	218108	7080
3050276	1779957	6693
301288	2909409	6711
301288	618132	6693
3050276	3022350	6711
1621967	3723245	7022
3050276	4247150	6711
301288	2486962	6693
1328178	1621967	6866
1510232	1021413	6678
634665	1018540	6871
3050276	893900	6711
3195760	1621967	6866
301288	247772	6693
4154687	1656714	7009
3050276	539338	6693
301288	1797022	6693
3674767	3275396	6736
301288	1599387	6722
3050276	4162051	6693
3262940	1510232	6866
2919220	2102138	6734
301288	2120155	6711
301288	537301	6708
3050276	2581468	6711
3050276	3462968	6711
301288	275264	6711
3050276	2296894	6711
3050276	1275681	9183
1510232	1233091	6867
3050276	3557650	6693
3050276	3755080	6693
301288	255594	6722
143751	1510232	6866
301288	2647268	6693
3050276	3776105	6711
301288	2686794	6711
3050276	2665526	6711
3050276	1741890	6711
4380260	107297	7120
3050276	1061084	6711
3050276	1921030	6711
301288	2226977	6711
425501	1621967	6866
2487254	1510232	6866
301288	3478893	6693
301288	4423782	6693
301288	689637	6693
301288	878592	6693
301288	1021902	6711
1510232	3011459	6678
301288	1360245	6693
301288	2393901	6711
3050276	3575522	6693
301288	3551043	6711
460233	657758	6956
301288	658111	6693
3050276	1008448	6711
1510232	3026361	6678
301288	2020452	6711
4514417	3879779	6682
1275681	1621967	7501
1967580	2413322	6821
301288	2382954	6723
3114084	1621967	6777
3050276	184048	6693
3050276	1261098	6693
3050276	1316500	6711
1510232	552249	6678
3050276	314903	6711
3050276	281514	6693
3050276	3642786	6711
301288	477746	6711
670564	1510232	6866
3050276	2488565	6711
3050276	3360011	6711
301288	501409	6711
3050276	3191935	6711
894727	1510232	6866
301288	1102805	6722
1510232	4146617	6678
3050276	1057531	6711
3050276	619772	6711
3050276	2328610	6693
3050276	1331453	6711
3050276	1186856	6693
1510232	2397682	6867
3050276	4125325	6711
3026361	1935765	6846
3050276	2020452	6711
301288	825230	6711
3050276	3886722	6711
1510232	4513177	6867
3050276	2171599	6711
3050276	3578348	6711
1510232	1221512	6867
3050276	1624760	6693
301288	405143	6693
4514417	2505767	6682
1621967	3195760	6678
3459001	301288	6739
3050276	1321398	6693
3050276	2706925	6711
3050276	2480059	6693
301288	203090	6693
3050276	4317851	6693
3050276	1297853	6711
3050276	970317	6693
4295892	3018707	6844
301288	1090998	6693
1510232	1995531	6678
301288	3989897	6711
301288	3130168	6711
1275681	3336616	8883
3050276	1962253	6693
3050276	1190732	6711
301288	1404508	6711
3050276	2149902	6693
301288	1262495	6722
3705536	1510232	6866
3836985	301288	6739
3050276	433741	6711
2126682	301288	6739
3050276	3440824	6711
3050276	2175245	6693
573769	1510232	6868
301288	3975496	6711
301288	425022	6711
301288	2696312	6693
1695695	1510232	6866
1510232	3780091	6867
301288	1962253	6693
301288	4161215	6711
1510232	1441891	6678
3050276	2758722	6711
3050276	4380148	6711
3050276	2040857	6723
3050276	2392507	6693
4514417	295533	6682
4589722	3336616	9176
2855587	1510232	6868
301288	3347103	6711
3050276	1091097	6693
3050276	545914	6711
3574709	1102805	6736
301288	2941110	6711
4514417	2521241	6682
1892434	301288	6739
301288	2354406	6723
3050276	1921091	6693
1401447	1510232	6868
301288	1609502	6711
301288	2293598	6711
301288	3468060	6693
3050276	4505024	6693
301288	1148174	6711
4605438	4563146	6869
4490566	3851487	6881
2548400	3439964	6846
301288	728345	6693
3050276	3753507	6711
301288	2635326	6711
872259	1510232	6866
1510232	1914983	6678
3050276	3329997	6711
301288	4416324	6693
301288	1945111	6693
3050276	3210305	6711
1510232	157244	7117
301288	2688727	6693
301288	1504614	6693
3050276	4225676	6711
3050276	1892434	6711
1555564	1510232	6866
3050276	1442308	6693
3050276	355274	6693
3642089	1510232	6866
2174667	301288	6714
3050276	2774628	6711
1621967	741681	6678
2359336	316679	6869
301288	2707263	6711
301288	4501090	6693
3050276	3704337	6693
3359829	301288	6739
2919220	1212880	6734
3050276	1754479	6711
2075740	1510232	6868
3050276	1714944	6711
301288	3724790	6693
301288	2761128	6711
1827142	1510232	6866
4514417	2727899	6682
1510232	675999	6678
1510232	118867	6678
301288	1542238	6711
24128	301288	6739
301288	449543	6693
3050276	1034633	6711
3050276	1517803	6693
301288	2538997	6711
3427867	1510232	6866
301288	100992	6693
3400847	1510232	6866
3050276	2483451	6711
3050276	1849011	6711
3050276	702171	6711
1744318	1530111	7411
301288	1413329	6722
301288	297416	6711
301288	728468	6693
3050276	1985404	6693
1510232	4081925	6678
1510232	2758843	7905
3050276	2447077	6693
301288	2761128	6722
1384418	2163737	6738
670165	2890175	6751
4514417	2956864	6682
1510232	2012962	6678
301288	4117031	6708
301288	2383035	6693
3050276	722519	6711
301288	935988	7187
301288	776362	6693
301288	928028	6711
301288	1610588	6711
1366672	1510232	6866
4514417	616967	6682
187487	2446373	7193
3995749	301288	6739
2483451	3794817	6833
814517	301288	6739
1510232	3360011	6678
301288	2972530	6711
301288	2950585	6711
3050276	2579369	6693
301288	687740	6711
3050276	4006456	6711
3050276	2594696	6711
657758	2772363	6738
2603052	2464560	6872
301288	4153660	6711
425501	221751	6833
3050276	1260470	6693
3050276	4466546	6711
1510232	2512164	6678
301288	2968678	6693
3050276	3576842	6711
3050276	4158923	6711
3050276	2633989	6711
3050276	2538997	6711
3050276	337184	6693
3050276	4540161	6711
1510232	2518568	6678
1510232	1174629	6678
3050276	4099957	6723
1408418	2359336	6839
301288	3445261	6711
3050276	2118368	6693
301288	1008448	6711
3578348	616967	6869
304467	1510232	6866
3871781	1510232	6866
3050276	3025955	6693
1102805	709742	6833
3050276	2947886	6711
3050276	3412959	6711
878581	4295892	6818
3253225	652485	7163
301288	290192	6693
301288	163387	6711
3050276	1911369	6693
2455202	1510232	6866
301288	4434648	6693
4366570	1510232	6868
301288	1314002	6693
3050276	1720570	6711
1510232	4488458	6867
2193400	301288	6739
3050276	4139807	6711
3050276	4059435	6711
301288	4022279	6693
301288	2844126	6693
301288	2896609	6693
4450032	1510232	6868
301288	4422704	6711
1510232	2371098	6678
301288	4415694	6711
3050276	2112974	6711
301288	3776106	6711
301288	1867538	6693
3050276	2586681	6693
301288	2862088	6693
3050276	1598785	6711
301288	1033051	6693
3050276	1240382	6693
2873790	1510232	6866
1656714	4334916	7252
301288	1900040	6708
3195760	367981	6846
3050276	2524404	6711
2430621	1510232	6866
3050276	4009739	6693
301288	1589743	6711
156085	290192	7411
301288	374848	6693
301288	3337832	6693
3050276	2618461	6711
3050276	4597813	6693
3050276	400185	6693
3050276	165356	6711
3050276	3356346	6693
3050276	977923	6711
301288	3645273	6711
301288	870768	6711
3050276	1065893	6693
243140	1510232	6866
1103427	301288	6714
3050276	1396352	6693
3050276	114045	6711
301288	2034921	6693
301288	2929918	6693
3050276	2565187	6711
3050276	1919144	6711
4514417	3750064	6682
1621967	3719327	7458
1510232	3223970	7905
301288	3244322	6711
3050276	864306	6693
301288	1492954	6711
301288	1598785	6711
3333466	301288	6739
301288	1111317	6693
3050276	365241	6693
301288	1831792	6722
301288	898531	6711
3050276	3054251	6711
1384418	3798810	6844
523275	1741843	7025
3050276	362254	6711
301288	3195760	6711
3050276	4342678	6711
301288	3707847	6693
301288	2455760	6723
1352794	301288	6714
301288	1202574	6693
3050276	3846740	6693
3050276	1252729	6711
3050276	1360981	6693
2306086	1510232	6866
3050276	1454735	6711
301288	2774452	6711
3931333	2106163	6742
3050276	4233227	6711
2500860	3336616	9371
3723245	3336616	9176
301288	1047259	6711
301288	1049540	6711
2779428	3515944	6750
4514417	3574709	6682
3050276	3863726	6693
2297132	4269012	6837
3050276	2016641	6711
407493	1744318	6742
3050276	2593889	6711
301288	3748461	6693
3050276	1120172	6693
4198953	2814663	7051
301288	1459961	6711
301288	2757782	6711
301288	640626	6711
301288	2133325	6711
3050276	4468576	6711
301288	624030	6711
3050276	65029	6711
301288	37599	7187
3050276	778843	6711
301288	2351657	6693
3050276	1010343	6693
156085	1621967	6866
301288	2389108	6693
3050276	1684743	6711
3050276	3641094	6723
881165	3272752	6831
301288	2215955	6711
2602434	2556761	6828
301288	1169432	6693
4514417	4641200	6682
301288	1803452	6711
3049982	1212880	6818
3050276	3311943	6723
1015766	652485	6829
301288	4115813	6711
301288	650229	6711
3050276	4304597	6711
1564510	1510232	6868
2294747	4382863	6846
2106163	2837906	6837
4598928	301288	6739
1580857	1510232	6868
1510232	1465513	6867
3050276	1096966	6693
1621967	1303164	6882
3050276	2982994	6711
4514417	2657810	6682
4018274	1510232	6866
301288	1496698	6693
3050276	3617222	6693
1129190	301288	6714
3050276	2747612	6693
301288	800684	6711
1322192	624030	6742
4514417	4263266	6682
301288	3321017	6711
301288	1737077	6711
301288	11063	6693
3050276	4258595	6711
301288	380962	6708
301288	3178222	6711
301288	4130311	6711
3710733	4522874	6818
3050276	4015015	6693
301288	4229350	6722
652485	634665	6872
4514417	204817	6682
1928479	3129045	6811
3050276	2500860	9183
1741843	2848388	6916
3050276	1516783	6711
3050276	3059842	6693
301288	4007591	6723
3050276	4483649	6711
1510232	894727	6678
2067722	3145650	6821
1510232	3196230	6678
301288	1828199	6693
301288	1528618	6693
2848388	4095630	7025
3655028	301288	6739
4362737	1510232	6866
2672814	1510232	6866
3050276	962756	6723
23743	1510232	6866
301288	2256029	6693
3605704	291002	6886
3903776	1510232	6868
301288	465918	6722
1510232	4467872	6678
301288	1986016	6693
4040078	3136827	6738
3050276	172992	6693
3050276	1805167	6693
3050276	3648516	6693
3050276	1374159	6693
1831792	1510232	6866
301288	334687	6693
301288	3316070	6711
1741890	301288	6739
3050276	3945031	6693
3050276	3297788	6711
301288	3524737	6693
301288	1855559	6693
3050276	538927	6711
4514417	2608527	6682
301288	534655	6711
3050276	3762322	6693
1510232	37599	7117
3336616	218108	10297
2560151	301288	6714
301288	331044	6711
3964641	1510232	8844
4514417	147060	6682
3050276	4422085	6711
2712976	301288	6739
4269012	2297132	6811
3050276	3602780	6711
301288	1969826	6711
1510232	4007591	6867
1510232	3239044	6678
301288	1690425	6711
301288	3960475	6693
3050276	162264	6693
3050276	4091267	6693
301288	120355	6711
2012962	1510232	6866
3606439	4162718	6818
301288	3826671	6711
3050276	2892668	6711
3050276	1306285	6693
4514417	936136	6682
3050276	4434648	6693
3050276	233008	6711
301288	3396251	6693
301288	1650257	6693
301288	724783	6693
2561498	1510232	6868
3050276	2406523	6693
3050276	2060065	6693
3050276	4341630	6711
3050276	1396208	6711
1510232	3592386	6678
1621967	4295892	6678
3050276	2320153	6711
3050276	396790	6693
3050276	2690813	6711
1598418	1510232	6868
3050276	3114084	6686
670165	2890175	6728
3004938	4522874	6742
3136827	4040078	6736
3050276	4442383	6711
3050276	965695	6711
2548400	2727606	6837
3050276	4406138	6711
1621967	4589722	9356
301288	4139895	6711
301288	2402583	6693
3050276	2387303	6711
4421793	2487254	6831
3050276	1057468	6693
301288	86227	6693
1510232	2568884	6678
3050276	2184365	6693
301288	880249	6711
301288	4204675	6711
3129045	2563388	6821
1510232	1812839	6867
18875	1018540	6742
3050276	3724790	6693
3050276	537921	6711
4514417	3531243	6682
301288	1694864	6693
301288	1827242	6711
1435748	301288	6739
3050276	1571847	6693
3050276	4513929	6711
2779428	670165	6750
301288	307108	6711
659421	52727	6952
1744318	1372854	6821
301288	1224001	6693
3050276	3225761	6693
3050276	2323200	6711
1510232	2883182	6678
301288	4415387	6711
301288	3823870	6693
1300896	1609912	6833
301288	2681345	6693
301288	3224561	6711
3050276	4204675	6711
2618063	2848388	6916
3050276	1979816	6711
1621967	2359336	6678
3050276	1123932	6711
3050276	2269887	6693
3050276	3433586	6693
301288	48005	6693
3050276	1802440	6693
301288	984698	6711
2365065	3960798	6717
3050276	3032144	6711
4514417	885772	6682
3050276	568401	6711
1180672	1510232	6866
2094398	1510232	6866
301288	3889218	6693
1212880	1510232	6866
1022373	2823028	6833
4375973	1510232	6866
4514417	3261604	6682
301288	3568800	6693
301288	3891287	6711
301288	4070794	6722
301288	1261098	6693
4490566	240630	6881
2770545	1510232	6866
3050276	2848388	6700
1020811	573978	6833
18875	1018540	7009
3050276	4086014	6693
886661	3050276	6777
3050276	874734	6711
3050276	1741900	6723
1510232	752896	6678
3050276	3564008	6711
3050276	2256029	6693
3050276	3931030	6711
1621967	1764656	6728
301288	2381491	6711
3050276	3149114	6711
3050276	1911633	6711
3050276	2384796	6693
3050276	1917936	6693
1510232	485929	6867
3050276	4111680	6711
3050276	2053441	6711
301288	2538450	6693
1510232	956626	6678
301288	4094673	6693
301288	3054251	6711
4443325	1510232	6866
3050276	1363855	6711
3050276	3422598	6711
3050276	2337135	6711
3050276	137000	6693
1621967	286443	6678
4514417	3549899	6682
301288	3962550	6693
1510232	3702899	6678
301288	1015263	6693
1286701	1510232	6866
3050276	3259599	6723
3050276	3934652	6693
4490566	371133	6881
301288	1005695	6711
1384418	1269341	6825
507630	1510232	6866
2856503	301288	6739
301288	1370118	6693
4288811	1510232	6866
3981086	4278937	6952
301288	3373259	6711
976745	1510232	6866
4514417	221751	6682
1510232	2770545	6678
3050276	3795571	6693
2922841	4256083	6952
3050276	2291812	6711
2329131	1510232	6866
554587	3083473	6711
4514417	3594530	6682
3050276	2561498	6723
3050276	1720603	6693
3050276	2409425	6711
1510232	1218903	6867
3050276	751882	6693
301288	4605577	6711
301288	1865907	6693
3050276	2492262	6711
301288	2626310	6693
1018540	18875	6846
763159	2897262	6781
3050276	3264900	6711
3050276	1656699	6711
1510232	1008509	6867
3050276	696128	6693
301288	4051630	6711
3050276	3573262	6711
301288	2879317	6711
301288	2344370	6722
301288	3758059	6711
3050276	496936	6711
301288	1143194	6693
3578348	996739	6738
301288	1792238	6711
3050276	450102	6693
301288	3709207	6711
3050276	2644267	6711
301288	3334967	6711
3050276	1513060	6711
301288	1096966	6693
1592021	1510232	6866
1510232	1827335	6867
3050276	1222138	6711
3195760	1510232	6866
1510232	2359521	6678
307186	2548400	6736
301288	3443387	6693
301288	2397198	6693
301288	2465432	6693
3050276	1397025	6693
3050276	4557430	6693
301288	3882605	6693
4507075	4162718	6818
3050276	3734563	6693
301288	2988167	6711
3050276	3522067	6711
1510232	65029	6678
3050276	4119626	6711
1510232	3373468	6678
3050276	4607557	6711
4514417	3512939	6682
1510232	52727	6678
301288	3546613	6693
3050276	4306399	6711
318395	1510232	6866
3050276	464324	6693
3050276	2855368	6711
301288	2269252	6722
301288	1575187	6723
3210305	301288	6739
3050276	3139682	6711
3050276	3798810	6708
3050276	2076189	6711
3050276	4141315	6711
3050276	1419978	6693
301288	1718607	6693
3050276	1542238	6711
301288	2320153	6711
301288	2934305	6693
1018540	4312295	6828
301288	2584585	6693
3050276	1546360	6711
4514417	1609912	6682
1621967	1275681	9356
301288	3716094	6711
2599589	301288	6739
301288	2126045	6711
3050276	1002829	6711
3050276	1741843	6711
510642	306639	6742
1510232	2620721	6867
3332563	1020811	6956
301288	3576842	6711
3050276	1624760	6708
301288	746769	6711
3050276	3118581	6711
3050276	219282	6693
1695565	1510232	6868
301288	1979880	6693
4514417	2563388	6682
3050276	4104882	6693
301288	1574540	6722
316679	2359336	6956
301288	1832821	6693
2297132	529084	6844
3050276	3832299	6711
87	1018540	7005
301288	4174691	6711
3050276	2263933	6711
2603052	1050004	6869
3050276	4320690	6711
4514417	2981520	6682
301288	1281747	6711
1510232	2103039	6678
3050276	349748	6711
4522874	3004938	6846
306639	467025	6837
3050276	2284200	6711
301288	1338675	6693
3050276	2355239	6711
301288	3359829	6711
301288	1435748	6722
3050276	2275030	6711
301288	2767	6711
3050276	2713481	6711
3050276	504627	6693
3050276	843316	6693
2013248	3195760	6814
2487254	355274	6869
3775667	1510232	6866
3975137	301288	6714
301288	2230667	6722
301288	3654080	6711
3115929	2003415	6738
3050276	2048690	6711
4514417	4563146	6682
2125317	1510232	6868
4590758	2342803	6747
3050276	478341	6723
301288	2550671	6711
301288	3415783	6711
4323868	624030	7009
3050276	922275	6693
301288	2833745	6693
3050276	1718607	6693
3050276	3822789	6693
3050276	3272752	6711
1621967	4382507	6678
3050276	3090089	6693
3050276	1717027	6711
301288	121327	6693
4295892	2885121	6869
301288	4070675	6693
3050276	353208	6711
3050276	2833745	6693
301288	3501922	6711
2666751	1510232	6866
3050276	4148919	6711
301288	409646	6693
3618445	2067722	6831
4514417	3378388	6682
3050276	3661095	6711
301288	4138792	6711
1510232	427604	6867
2919220	2483451	6740
3050276	2302190	6711
3050276	3114822	6693
301288	4034973	6693
301288	3655028	6711
1510232	4390979	6678
3050276	649865	6711
3050276	3103725	6693
3050276	3527849	6711
301288	2469806	6711
3050276	3033203	6711
3859642	1510232	6866
1510232	2871444	7117
1384418	377291	6821
301288	537220	6711
3050276	1942020	6693
301288	532773	6711
3050276	997926	6711
301288	1169468	6711
301288	1911248	6723
4514417	3313531	6682
301288	3730004	6693
301288	3782633	6693
4514417	4363568	6682
301288	1587109	6711
1891998	4508351	6766
3050276	684827	6693
2919220	4278937	6734
4514417	863225	6682
3050276	3999205	6711
657758	2259703	6833
600372	2483451	6736
1510232	3424506	6678
3050276	1070663	6711
3050276	1162036	6693
301288	607736	6693
3050276	892177	6711
1275681	1621967	7022
2919220	3129045	6734
3050276	3305405	6711
3050276	1929065	6711
4514417	3794817	6682
3050276	3724703	6711
3415783	301288	6739
301288	3568699	6711
4514417	2540450	6682
301288	1731876	6693
2106163	4235433	6837
3050276	42853	6693
301288	634921	6693
301288	1728534	6693
3033203	1510232	6866
301288	2383157	6711
3050276	3485050	6711
301288	610268	6711
3050276	610268	6711
3050276	1558765	6693
3050276	1655746	6693
348391	2489985	6818
2919220	3026361	6734
1510232	1458299	6867
301288	1194114	6693
3050276	3379724	6711
1510232	4341630	6678
301288	3409266	6711
301288	233008	6711
670165	2342803	6747
3050276	4246775	6693
1050004	2603052	6956
2814663	4198953	6781
3050276	3893194	6693
3050276	786576	6711
2066943	1510232	6866
3050276	2698399	6693
301288	4416970	6711
3050276	2089308	6711
3050276	4578317	6711
301288	530935	6711
3050276	3438013	6711
3050276	2479345	6711
301288	1392855	6693
3050276	3444004	6693
3050276	2102392	6711
301288	1675031	6693
301288	346942	6693
301288	3000518	6693
3050276	1202574	6693
1208815	1967580	6742
301288	1846434	6711
3050276	3631054	6711
1340278	306639	6818
1510232	3385047	6678
3050276	357836	6711
3050276	1546769	6693
2106163	1996142	6837
3050276	1819532	6711
301288	2619179	6711
4573400	1510232	6866
301288	1018451	6711
3050276	2677750	6711
3050276	2025333	6711
301288	23743	6711
301288	1721308	6711
301288	4588024	6711
1510232	1634446	6678
3050276	3386220	6711
3050276	2167113	6711
3050276	1222600	6711
1547892	1300896	6736
3050276	4476173	6693
2464560	2603052	6871
1510232	671492	6867
3606260	1360981	6846
3050276	40170	6711
4514417	2775635	6682
3050276	120174	6711
3050276	2728031	6711
1510232	4351926	6678
1693555	1621967	6866
301288	1712260	6711
301288	3271301	6711
1294522	301288	6714
3050276	4619898	6693
1510232	2570892	6867
2483451	212483	6813
1236754	1510232	6866
301288	106635	6693
1973483	301288	6739
301288	872100	6711
3050276	1073920	6723
4278937	1510232	6866
534598	301288	6714
3425661	301288	6739
52727	3144114	6738
301288	2193400	6711
3050276	2319033	6693
1510232	872259	6678
3050276	4247350	6693
3573390	1510232	6866
301288	379773	7187
301288	3739611	6711
4305023	301288	6739
301288	2377587	6711
843034	301288	6714
3050276	2579474	6711
4278937	3433586	7411
2654727	1510232	6868
301288	2638783	6693
3050276	2372568	6693
232854	1510232	6866
3050276	2747292	6711
221751	425501	6814
3050276	3045422	6711
301288	3192629	6693
301288	4487422	6711
3050276	4475025	6693
301288	2632510	6711
301288	3069448	6711
1510232	3753103	6678
301288	3638603	6711
2326649	1510232	6868
4116421	1510232	8844
301288	1225238	6693
1510232	2252071	6678
2429497	425501	6831
3050276	4082459	6711
301288	480706	6693
301288	1906653	6722
3050276	1729417	6711
3050276	3921369	6711
2548400	234107	6869
2707263	301288	6739
3050276	776362	6693
3050276	267346	6711
301288	3787708	6711
301288	56732	6711
301288	4510592	6693
4514417	249532	6682
301288	1721892	6708
2919220	2294747	6734
3050276	2809353	6693
301288	3123751	6711
3050276	1338782	6693
3026361	1621967	6866
4081925	1621967	6866
301288	1456054	6711
301288	3466207	6693
3050276	1090517	6693
2342803	670165	6750
301288	4009839	6711
301288	1754479	6711
1384418	1398249	6837
3050276	1867538	6693
3759368	301288	6714
301288	3612092	6711
1911248	1510232	6868
2251111	652485	6818
3050276	52470	6693
3167161	1510232	6866
301288	1189298	6693
3050276	4244854	6711
301288	1557076	6693
3050276	652485	6711
301288	4049742	6722
3050276	3888123	6711
301288	733520	6711
1510232	104508	6678
2906919	1510232	6866
3050276	1752917	6711
3144114	52727	6736
4514417	2044280	6682
4095630	523275	6916
2483451	219076	7411
3050276	1620033	6711
301288	3313764	6693
3050276	4029235	6711
1510232	2985516	6678
1621967	1275681	8152
301288	2861611	6693
1510232	3331545	6678
3050276	160920	6723
3050276	1598910	6711
3050276	2155509	6711
3050276	741681	6711
3050276	3519594	6711
3050276	3975904	6711
301288	4353993	6693
156085	684315	6869
3050276	4163755	6693
4514417	240630	6682
3050276	3235665	6711
301288	1712431	6711
301288	2732274	6693
3050276	3975137	6693
3050276	1742781	6711
301288	3120139	6711
1510232	3471780	6678
2106163	3931333	6738
4514417	1787780	6682
301288	2093198	6693
4252288	1510232	6868
4624287	301288	6714
2489985	1375327	6844
301288	1307436	6711
719905	1510232	6868
301288	2580139	6693
301288	696128	6693
301288	325176	6711
1719898	2618063	6811
3606260	3940401	6844
1510232	1498488	6678
3050276	163387	6711
301288	3092563	6711
3050276	3496468	6693
301288	2499736	6693
3824999	2603052	6829
2548400	1621967	6866
301288	993602	6693
301288	1495211	6693
1906653	301288	6739
3050276	258987	6711
301288	2889762	6693
3050276	132797	6693
3050276	3002000	6711
1510232	1341050	6678
3050276	362119	6711
3050276	1005695	6711
3050276	1735938	6711
3050276	2193400	6711
1510232	3099007	6678
4256083	768022	6825
3050276	3428213	6711
301288	4614481	6711
301288	13065	6711
3050276	465918	6711
301288	3375589	6693
3050276	44009	6711
1267753	301288	6714
3050276	2374151	6693
516254	1510232	6868
1212880	4236899	6869
4640877	1510232	6866
301288	4582806	6711
467800	301288	6714
3050276	1960482	6711
2238291	1510232	6679
301288	2250941	6693
1054470	1022373	6818
3050276	1409638	6711
301288	4516384	6693
3592386	1510232	6866
3901374	4589722	10297
3050276	3782217	6693
301288	663697	6711
301288	3775640	6711
3050276	4582000	6693
3879779	156085	6814
301288	1849011	6711
1900040	301288	6714
3050276	4259643	6693
3050276	2333982	6693
3050276	442592	6711
4095630	3415454	6869
301288	4317851	6693
3050276	620516	6711
301288	1323617	6693
3050276	3608100	6711
1510232	2624113	6678
301288	3759370	6693
301288	2474096	6711
3050276	464610	6711
1275681	3336616	9371
3050276	155268	6711
301288	2707010	6711
301288	2159605	6693
301288	178111	6711
4514417	3759370	6682
1355947	1693555	6829
301288	4417506	6693
3050276	570361	6711
301288	920134	6711
3050276	1203674	6711
3050276	1747804	6693
1510232	2856503	6678
1876763	1022373	6829
3050276	1169432	6693
3978430	301288	6739
301288	1995531	6722
301288	1676427	6693
301288	1868271	6693
2779428	4198953	6778
3438119	2548400	6814
4514417	3981086	6682
1256722	1510232	6866
1306443	1621967	7536
2548400	3179587	6844
301288	4622721	6711
1510232	4238384	6680
4514417	1375327	6682
3050276	3021210	6711
2067722	1510232	6866
2919220	652485	6734
1018540	2479345	7005
2919220	4382507	6734
2038648	3115929	6956
301288	2678190	6711
301288	2448811	6693
301288	439507	6722
3050276	2372398	6693
1295587	301288	6714
301288	1550408	6711
3050276	1676952	6711
1510232	1827142	6678
3050276	3826091	6711
3050276	4131370	6693
301288	3242538	6693
4514417	2474741	6682
301288	1284157	6711
301288	1136536	6693
301288	1772639	6693
3126060	1510232	6868
4514417	1973521	6682
1693555	2521241	6738
3050276	2268547	6693
3050276	1598963	6693
1621967	4278937	6678
301288	1300504	6722
4514417	1249360	6682
3471649	2067722	6956
301288	3312942	6708
301288	3551043	6722
3050276	2476307	6711
2603052	3824999	6884
1510232	624030	6678
3050276	3282710	6693
301288	128025	6711
3050276	3956262	6711
3050276	2886031	6711
301288	3033125	6711
301288	739093	6693
3050276	443707	6693
3248608	1510232	6868
2904878	4382507	6736
301288	3479482	6693
1510232	390326	6678
3050276	3378754	6693
301288	1707573	6711
301288	1655746	6693
301288	2058964	6693
4191440	3275396	6736
301288	3651732	6693
3050276	478447	6711
412862	286443	6736
3050276	4238384	6693
4589722	3336616	8883
4014998	2603052	6811
301288	2528378	6693
301288	25828	6693
301288	2099078	6722
301288	823401	6693
3310090	301288	6739
3050276	608010	6711
3050276	3373468	6711
3050276	1465513	6723
3946076	1510232	6866
1510232	761219	7458
3050276	336261	6711
301288	1788424	6693
4514417	4381709	6682
301288	1008766	6693
3050276	2393901	6711
1102805	1621967	6866
3909802	3272752	6839
301288	3022350	6711
3050276	45746	6693
3050276	3027956	6693
301288	395584	6693
2620721	1510232	6868
1510232	160920	6867
3050276	2390407	6711
301288	2686794	6722
3050276	3655028	6711
1448805	936136	6846
301288	822096	6711
3050276	1618104	6693
3050276	608375	6693
3050276	1030549	6711
3050276	4389221	6711
301288	1929065	6711
3050276	2029902	6711
3050276	4247666	6711
301288	2347954	6693
4295892	4400968	6821
3050276	2483292	6693
3050276	1468392	6693
301288	3934652	6693
301288	614591	6711
187487	2446373	6886
1510232	1222600	6678
3026361	1935765	6821
301288	537220	6722
301288	1779957	6693
2185462	301288	6714
1020811	1621967	6866
3050276	380962	6693
3050276	3337832	6693
1510232	1236754	6678
301288	792048	6711
3050276	534598	6693
301288	2125317	6723
3261604	306639	6818
301288	2425389	6711
3050276	4155818	6711
3050276	1134792	6693
3901374	218108	10297
4514417	3298825	6682
301288	3065781	6711
3050276	2127284	6693
4509720	1510232	6866
2772363	657758	6736
301288	4153220	6693
3050276	1659917	6693
301288	901373	6711
3050276	1381336	6711
3050276	1872770	6711
3050276	4486321	6693
301288	541472	6693
301288	1203674	6711
3050276	10250	6693
3050276	4031828	6711
3050276	3200002	6693
3050276	1209971	6711
1510232	3839985	6678
301288	4192946	6693
3050276	1102930	6711
3336616	4589722	9132
3050276	1864542	6693
3050276	4359357	6711
301288	3327508	6723
1510232	2020872	6678
3050276	1545473	6693
1078385	301288	6739
3050276	3026361	6711
301288	281514	6708
4216305	2294747	6742
1510232	4401890	6867
3050276	3471780	6711
3378388	353700	6829
4514417	3986453	6682
3050276	2814663	6711
301288	3149829	6693
3580263	301288	6739
1510232	4563192	6678
3050276	2431215	6693
3661353	1020811	6831
2618063	1719898	6837
4382507	2904878	6738
301288	2707010	6722
3050276	2175575	6711
3050276	375634	6711
3050276	4205601	6693
1621967	3606260	6678
301288	2814736	6711
1726805	1510232	6866
3050276	1197335	6693
3121298	1510232	6866
681058	3195760	6818
1322192	624030	6818
3050276	2583970	6693
301288	539783	6711
3050276	3859246	6711
3050276	324560	6711
1036837	301288	6714
286443	412862	6846
3050276	1169468	6711
301288	624082	6722
3050276	4295892	6711
301288	3297259	6711
301288	4247666	6711
4514417	1816162	6682
301288	10750	6693
301288	2615827	6711
4265869	3493003	6736
301288	3897846	6693
4514417	2758843	6682
3050276	1359643	6711
3050276	997693	6711
301288	1993050	6711
3050276	4294792	6711
3275396	301288	6739
301288	1646455	6711
301288	307186	6693
1510232	3033203	6678
301288	3478785	6693
301288	2207114	6722
301288	4112029	6711
3050276	2707010	6711
3050276	2906353	6711
301288	1029953	6693
82442	301288	6739
301288	2099078	6711
301288	3474167	6722
3050276	1734372	6711
2106163	1249360	6837
301288	2029902	6711
301288	4621063	6711
1022373	4079820	6844
301288	2592782	6711
3050276	1005054	6711
3050276	214218	6711
301288	1215749	6693
172809	1510232	6866
3050276	39364	6693
301288	2428027	6711
301288	1623853	6693
3050276	822096	6711
3050276	1311020	6711
301288	543739	6693
301288	484690	6693
3050276	118867	6711
301288	714875	6711
3050276	3313764	6693
301288	840079	6711
1510232	4656730	6678
3050276	2721991	6711
301288	2112704	6693
3050276	2694467	6711
301288	4577431	6723
3050276	130948	6693
1510232	1968770	6867
4514417	2338484	6682
3050276	2469559	6711
3050276	162490	6693
3050276	3996162	6693
2835497	1510232	6866
301288	2307307	6711
1448805	2891488	6738
301288	385431	6693
301288	2006571	6711
425501	1005555	6872
3050276	782274	6711
2413322	1967580	6818
3050276	4631968	6711
3050276	2206146	6711
1448805	2891488	6821
3050276	2383157	6711
301288	1139050	6711
2230667	301288	6739
301288	920688	6693
1394057	1510232	6866
402899	1510232	6866
3050276	160192	6711
301288	7488	6711
3050276	2400662	6693
3050276	2425069	6693
301288	4294792	6711
301288	1233091	6723
4552545	1510232	6866
1510232	378238	6678
4341630	436952	6844
1451006	425501	6736
4514417	2891488	6682
1510232	2102593	6678
3050276	4375718	6711
1510232	2736139	6678
3050276	1275054	6711
301288	2094457	6711
934464	624030	6956
3373468	1510232	6866
3050276	3955658	6723
3050276	1728534	6693
3050276	1213528	6711
301288	927162	6711
1510232	1358540	6678
2916586	1747804	6869
1670127	1510232	6866
1510232	3700849	6678
3050276	2614109	6693
1510232	3654898	6678
3050276	2404459	6711
301288	2147219	6693
4459600	446981	6886
3050276	3461858	6693
3050276	2041619	6711
1741900	1510232	6868
1510232	3995749	6678
4514417	4528859	6682
3050276	290666	6711
3050276	4190407	6693
301288	3378754	6693
3050276	4644147	6711
3050276	3944775	6693
3050276	1854600	6693
3050276	90595	6693
301288	4061951	6693
301288	543062	6693
301288	1180672	6722
301288	1312300	6711
301288	428289	6711
2297132	2298267	6825
1510232	4552545	6678
4081925	591322	7411
1621967	1328178	6678
301288	1374159	6693
4514417	897243	6682
2919220	2106163	6734
3050276	278621	6693
3050276	3759368	6693
301288	2242328	6693
301288	1198357	6693
301288	3115988	6711
1000078	1741843	6839
1510232	4247150	6678
301288	4255941	6849
3050276	4431718	6711
3050276	1083099	6693
2919220	2653518	6734
3050276	1208815	6693
1510232	3851487	7905
894727	301288	6739
3050276	2559539	6711
301288	2492262	6711
301288	2799149	6693
301288	82442	6711
1510232	4427344	6867
2080866	4599547	6881
3050276	2280354	6693
1510232	1761229	6678
2653518	2474741	6869
301288	4640352	6693
3050276	1640930	6711
3050276	516254	6723
301288	896647	6693
301288	3327508	6711
3050276	367699	6693
2128220	1510232	6868
3050276	3739611	6711
3050276	3889556	6711
2476307	1510232	6866
3050276	2377587	6711
3050276	3782633	6693
301288	1396896	6711
301288	3012441	6693
1510232	4362737	6678
4104445	1510232	6866
3050276	972157	6711
2455760	1510232	6868
301288	4380306	6693
3050276	3220915	6723
301288	154516	6693
3050276	2895878	6711
3050276	869858	6693
301288	608010	6722
741681	2954270	6869
1583184	1510232	6868
301288	3590343	6693
1686790	1510232	6868
301288	714395	6723
3050276	244801	6693
1510232	770685	6867
301288	3759368	6708
301288	1295058	6693
107297	2139510	7124
301288	40170	6711
3050276	4377771	6711
3971392	3493003	6742
2284200	301288	6739
3050276	2307307	6711
1510232	3641094	6867
3504029	1510232	6866
301288	4048387	6708
118867	1510232	6866
301288	165356	6711
3695844	1510232	6866
301288	2025351	6711
301288	798120	6693
301288	307163	6693
301288	3519210	6693
301288	3233795	6711
3050276	2018500	6693
301288	1022373	6711
301288	2358141	6722
3319462	1510232	6866
1621967	2396912	9356
3050276	4019833	6693
3050276	2026923	6693
301288	4576479	6711
3050276	933155	6693
1928479	3129045	6736
301288	4443692	6711
3050276	4070794	6711
3050276	3977124	6711
301288	4416835	6711
3050276	203090	6693
2954270	741681	6956
1621967	1020811	6678
2359336	4383595	6828
3050276	1937103	6711
2848388	1018540	7025
301288	1110445	6711
3141501	624030	6742
301288	3210305	6722
301288	4091267	6708
2371098	1510232	6866
13316	1510232	6866
1510232	2449835	6867
3050276	2725660	6711
1186856	4081925	6742
301288	239327	6693
4256083	1120172	6813
3050276	3306688	6693
301288	1734372	6711
301288	4243102	6711
1510232	3121298	6678
3050276	1336253	6693
1721892	301288	6714
301288	3897327	6693
4514417	885263	6682
3050276	2935463	6711
4514417	3891705	6682
3050276	1635878	6693
301288	2268979	6711
3050276	1565826	6693
301288	234408	6711
1967580	1621967	6866
301288	2157852	6693
3050276	1207081	6693
301288	1947495	6711
301288	2864561	6693
301288	4478635	6693
1510232	2548400	6678
301288	1940782	6693
1510232	2561019	6678
301288	1255658	6711
301288	1123932	6711
301288	2257247	6711
3050276	1033597	6711
1510232	2134535	6678
3050276	1426595	6693
730574	1207081	6747
301288	1392577	6693
301288	4523396	6693
1510232	2665112	6678
301288	713666	6693
2919220	3606260	6734
301288	2949872	6711
301288	4197785	6711
1459667	1510232	6866
2518568	1510232	6866
3050276	1125669	6693
3050276	3413667	6711
301288	3926183	6693
301288	336261	6711
1378018	2067722	6742
3050276	763159	6711
3050276	592778	6711
1510232	4353378	6678
301288	202313	6693
301288	4397334	6722
3050276	1085921	6693
3050276	3198055	6711
1066676	1621967	6866
3050276	521103	6693
3050276	1866779	6711
1384418	1621967	6866
301288	3888123	6711
3050276	1224798	6711
222865	301288	6762
3050276	4655856	6693
3050276	1242141	6711
3050276	1707573	6711
1510232	579554	6867
3050276	1772916	6711
1510232	2835497	6678
3050276	4124747	6711
3050276	4081427	6693
3050276	857537	6711
173238	301288	6739
3050276	4077912	6723
3415783	1510232	6866
3050276	3700849	6711
3050276	3111336	6711
1510232	1889640	6678
3050276	2118700	6693
3050276	2349624	6693
1510232	3606260	6678
301288	4068192	6693
1376482	1510232	6868
3050276	2142925	6693
3272752	3298825	6846
301288	1030549	6711
3050276	2342212	6711
301288	1295587	6693
3050276	3353034	6711
301288	1033268	6711
3050276	304467	6711
4514417	1897959	6682
1510232	2670675	6867
4256083	2922841	6825
3145650	2067722	6818
1316500	1510232	6866
1510232	3248608	6867
4378945	1510232	6866
3050276	2721243	6723
301288	2602027	6693
297315	301288	6714
301288	397857	6711
2359336	885468	6846
255594	301288	6739
3050276	3759673	6711
1510232	859698	6678
3050276	4500587	6693
3153220	1510232	6866
301288	1903760	6711
3050276	2681345	6693
4514417	2804738	6682
3050276	4356945	6711
4341630	1621967	6866
1935765	3026361	6736
301288	1029953	6708
301288	901160	6693
3050276	482748	6711
3050276	3960967	6711
1384418	2163737	6846
301288	2550233	6693
301288	972157	6711
301288	4055000	6711
301288	2069563	6711
2919220	3195760	6734
301288	1442705	6711
3050276	902911	6711
301288	3497732	6693
301288	2985516	6711
301288	670564	6711
897243	2067722	6811
80454	2297132	6814
3050276	2976067	6711
848835	2271059	6821
624030	3141501	6846
3050276	4487046	6693
1510232	1448805	6678
301288	2719045	6693
3050276	231921	6693
1803306	2297132	6736
3050276	1623853	6693
107297	2666149	7124
3050276	2934305	6693
301288	2488565	6711
1621967	848835	6678
301288	4648633	6711
301288	1680459	6711
301288	2691221	6711
3050276	3983576	6693
1656714	2962986	6738
301288	3353034	6711
4256083	1425160	6738
3083473	2850700	6833
301288	2384796	6693
301288	1729417	6711
4514417	3674767	6682
3050276	1812839	6723
3050276	3341544	6711
3050276	3624765	6723
3050276	1022826	6693
301288	2770751	6711
3050276	1321935	6693
3026361	1816624	6846
3050276	3709462	6711
3050276	3101594	6693
301288	573356	6693
301288	4523396	6708
3050276	1419967	6711
3032144	1510232	6866
301288	2795596	6711
301288	4062644	6711
301288	4500587	6693
4514417	2904878	6682
3050276	2304960	6711
3050276	2569311	6711
3050276	247772	6693
301288	4484002	6693
4514417	2342803	6682
3050276	2157852	6693
301288	625359	6711
3050276	4163531	6711
3050276	1211360	6711
3050276	2197413	6711
2919220	970948	8566
3050276	4415387	6711
3050276	3569032	6693
301288	416365	6711
1344394	1510232	6866
301288	4617242	6693
3050276	4497714	6711
1359643	1510232	6866
1510232	474768	6678
301288	3461858	6693
3050276	1690425	6711
301288	4429518	6711
3215995	1510232	6868
2985516	286169	6846
1448805	1510232	6866
1510232	1366672	6678
301288	4486321	6693
3023543	301288	6714
3050276	1816422	6711
3050276	3875914	6711
3050276	4300220	6693
3050276	4242838	6711
3488833	301288	6739
3050276	663223	6711
301288	1245122	6711
3050276	2093198	6693
3050276	2126682	6711
1621967	1372862	6678
301288	1960482	6711
1510232	3727274	6678
2919220	4508351	6740
1624760	1018540	6736
4595600	1510232	6866
301288	1740841	6711
1510232	3479412	6678
1744318	2840247	6825
3050276	1045813	6711
2489985	348391	6821
4514417	996739	6682
1967580	3455590	6833
301288	4311849	6722
1510232	3259599	6867
301288	1717987	6760
3050276	2317643	6711
2365065	3356346	6738
301288	744081	6693
3050276	1193812	6693
3050276	278689	6693
301288	2003445	6711
4514417	1935765	6682
301288	2401016	6722
4514417	2609416	6682
1510232	991025	6678
3050276	4102858	6693
301288	1197997	6711
301288	3987042	6711
4095630	4017195	6837
1148544	1510232	6866
3050276	2856124	6693
3050276	2294841	6693
3050276	2025351	6711
1510232	2157965	6678
301288	1307694	6711
3050276	3695844	6711
3050276	2123505	6711
3050276	307163	6693
3050276	56732	6711
3050276	4443692	6711
3050276	2026924	6693
301288	4588024	6723
3050276	104508	6711
301288	170700	6711
1510232	4248496	6678
2848388	1741843	7025
3164115	1510232	6866
3050276	4008392	6711
301288	160243	6693
2500860	1621967	7022
301288	521103	6693
3050276	193035	6693
156085	112691	6821
2106163	1885185	6837
301288	2832465	6708
3050276	4063040	6711
3050276	2671640	6711
4514417	316679	6682
301288	336166	6693
4652897	301288	6739
3050276	1350054	6693
1651682	4081925	6814
3050276	4593939	6693
1059030	2618063	6956
4217127	1510232	6866
2342803	3515944	6750
4514417	2599677	6682
3050276	2362999	6711
3050276	2688727	6693
2905557	1510232	6866
3050276	1618215	6693
4514417	1624760	6682
3050276	699286	6693
3050276	1589743	6711
3050276	3897846	6693
387670	2106163	6818
1510232	4257161	6678
353700	2086881	6833
3050276	523154	6711
301288	839604	6711
301288	4505145	6711
1747804	2916586	6956
3050276	665223	6711
301288	463864	6693
301288	1786909	6711
3683550	1510232	6866
3050276	416796	6693
3050276	600548	6693
301288	1773276	6722
301288	1102805	6711
301288	4362027	6711
3050276	3454088	6693
3050276	887905	6693
3050276	2212804	6711
3050276	1545289	6693
301288	1171321	6693
1005555	425501	6871
301288	3925097	6693
1656714	2962986	6821
3050276	2798399	6693
1008509	1510232	6868
3050276	3574259	6693
1510232	2451861	6678
3459179	1510232	6866
3050276	1495211	6693
301288	4127835	6711
301288	1720950	6723
301288	2284200	6711
3050276	1449159	6711
3050276	3645558	6693
1621967	1066676	6678
3050276	219129	6693
3050276	1029901	6711
3050276	1720239	6711
301288	981901	6693
301288	3140281	6711
2050257	301288	6739
301288	4314808	6711
3050276	1910256	6693
301288	1816422	6711
3050276	3711885	6693
301288	585998	6711
1510232	271398	6867
3050276	645957	6711
301288	630385	6711
301288	3775640	6722
3050276	2879317	6711
3050276	950444	6711
2222435	1510232	6866
301288	761845	6711
3050276	13316	6711
4197785	301288	6739
301288	3412959	6711
301288	4247666	6722
2653518	3750064	6738
3050276	3092563	6711
3050276	1377471	6693
1510232	3234537	6867
2548400	1510232	6866
3050276	2354406	6711
301288	932015	6711
301288	285534	6693
3050276	13065	6711
301288	34494	6711
4268698	1328178	7006
1510232	3045422	6678
1510232	3874658	6867
301288	265824	6693
3050276	4498208	6711
3050276	675265	6693
3050276	1435748	6711
2487254	2403257	6846
3050276	2590265	6711
301288	3311124	6722
301288	235001	6693
301288	3867752	6711
3272752	955123	6813
301288	610537	6723
3975496	301288	6739
301288	390690	6693
3578348	996739	6821
301288	3859246	6711
301288	1077040	6722
3050276	1100415	6693
2919220	2916586	6734
3050276	1234803	6711
3050276	1529126	6693
1510232	4378390	6678
3050276	4643385	6711
301288	2456960	6693
3050276	297315	6693
1510232	3368458	6678
3050276	2748131	6711
301288	2535747	6711
3050276	3586663	6693
3050276	195000	6693
3050276	547551	6711
1510232	4010831	6678
3298825	3272752	6956
3050276	902652	6693
4400968	4295892	6818
3050276	3227259	6711
301288	1230959	6708
3050276	2657810	6693
2853114	1510232	6866
2102138	2507398	6738
1510232	3383187	6678
301288	2647011	6711
3050276	4424130	6693
3050276	2796213	6723
3050276	2063653	6693
4514417	212483	6682
4514417	2917313	6682
3050276	3479412	6711
301288	1911369	6693
301288	1262495	6711
3050276	3550580	6711
2359336	3416323	6844
301288	1224717	6711
3050276	760309	6693
3050276	1413329	6711
652485	195000	6869
1510232	379773	7117
2840247	1744318	6952
4514417	4020943	6682
1510232	1580239	6867
1212880	3049982	6821
1510232	2379897	6678
3050276	4623098	6711
3050276	4475575	6711
1710371	1621967	6866
902911	1510232	6866
3783933	1510232	6868
1451006	425501	6742
1510232	13316	6678
3050276	2206384	6711
2803143	1018540	6818
205759	301288	6739
3275396	3674767	6821
4514417	1005555	6682
301288	2025333	6711
3050276	157216	6693
1510232	1695695	6678
301288	4031828	6711
3050276	2252660	6693
3050276	1148544	6711
301288	2570993	6722
3050276	4057360	6693
1510232	1286701	6678
3050276	1392577	6693
3050276	2666751	6711
3050276	3851487	6693
3050276	2442820	6711
3050276	4488458	6723
4081925	1973521	6738
1656714	633364	6825
3050276	3049982	6693
2080866	204817	6777
1510232	3261252	6678
4514417	2403257	6682
4162718	4430879	6821
3363968	306639	6811
3050276	1329352	6693
301288	1070287	6711
3050276	4183037	6693
3050276	2963958	6693
301288	1949577	6711
301288	2548400	6711
301288	2394936	6693
3050276	2957723	6693
3050276	4541630	6693
301288	1985321	6711
1398249	1384418	6811
301288	684398	6711
3050276	2931798	6711
301288	2372072	6711
3050276	4115813	6711
301288	2997412	6711
301288	1002804	6693
1857154	52727	6956
1510232	3456052	6678
301288	2818018	6693
3050276	4304505	6723
3050276	500821	6693
301288	2016641	6711
301288	416796	6693
3050276	2338484	6693
2548400	307186	6738
301288	1250689	6711
301288	489980	6693
2712424	1510232	6868
301288	4652897	6711
3050276	1300126	6711
301288	549443	6693
3291210	301288	6739
1510232	1926727	6678
3050276	365376	6693
301288	2873214	6722
285159	4278937	6814
3995749	1510232	6866
4256083	1621967	6866
3050276	3748461	6693
301288	511499	6711
3050276	4589424	6711
3050276	4442560	6693
3050276	1857581	6693
3050276	3053468	6711
3479412	1510232	6866
3050276	1436776	6693
3050276	3882605	6693
2102593	1510232	6866
3050276	56068	6711
3050276	285159	6693
4514417	371133	6682
301288	3457493	6711
3050276	21221	6711
3050276	2745752	6693
301288	3616430	6723
301288	2175245	6693
3050276	2658593	6711
3050276	1719898	6693
301288	3882194	6707
301288	3865557	6693
2653518	1510232	6866
301288	4161215	6722
2483451	2537314	6872
3050276	3177687	6693
3050276	3697368	6711
3129045	1621967	6866
3050276	2273740	6693
3050276	579554	6723
301288	2807653	6693
256796	2106163	6811
3710733	4522874	6736
4514417	3382430	6682
2641877	1510232	6868
301288	1069107	6693
3050276	4368881	6693
3050276	634665	6693
301288	3460771	6711
301288	4302673	6693
3050276	136993	6693
301288	4518490	6693
4337975	2297132	6818
4514417	3081864	6682
301288	3198055	6711
3050276	3010995	6711
3050276	4499528	6711
2570993	301288	6739
301288	372732	6693
3050276	2504811	6711
301288	1162036	6693
301288	2589333	6693
3050276	1091363	6693
3050276	3855849	6693
301288	4139807	6711
1510232	2461873	6678
3050276	3727274	6723
3195760	3577083	6837
1022373	2624999	6846
301288	1683721	6711
4514417	4382863	6682
3050276	457564	6693
3050276	3963270	6711
301288	1258117	6711
3050276	2458343	6723
1510232	3626731	6867
4117031	301288	6714
3050276	2949872	6711
2359521	1510232	6866
3050276	791687	6693
1510232	516254	6867
3606260	1910256	6821
301288	2957723	6693
3050276	3312942	6693
301288	2767	6722
3050276	385431	6693
3050276	2401896	6693
4256083	1942020	6869
3107578	1510232	6866
4248496	1510232	6866
3050276	3494584	6711
3050276	2428027	6711
145482	301288	6714
301288	2159270	6723
3050276	458604	6711
301288	1311994	6711
3455590	1967580	6814
2916586	209792	6833
301288	4557945	6693
301288	45746	6693
3050276	557302	6693
613212	301288	6916
291002	3605704	6881
3050276	1009226	6711
301288	3200002	6693
3050276	3859642	6711
301288	2888700	6693
2378376	1510232	6866
301288	3425661	6711
2846774	301288	6739
3050276	1651682	6693
301288	2320153	6722
3336616	218108	9132
523275	2603052	7025
301288	1534014	6722
3211988	107297	7120
4341630	436952	6833
301288	2010713	6722
3050276	3231110	6711
1510232	1790414	6678
4514417	596794	6682
3050276	2483661	6693
3050276	978953	6711
3050276	24128	6711
952770	1510232	6868
3050276	4549187	6711
1510232	306639	6678
204604	1510232	6868
3050276	1617311	6693
301288	4067564	6711
3050276	3758475	6711
3050276	819270	6711
3050276	2563009	6711
301288	3973827	6711
3050276	1366068	6711
301288	157216	6693
1887004	4382507	6818
301288	3841474	6711
3050276	2583198	6693
301288	427604	6723
3050276	4027510	6693
301288	2831319	6693
301288	2831252	6693
301288	3891434	6711
3050276	2770545	6711
3050276	713666	6693
3050276	2004135	6693
279540	301288	6739
3050276	3580263	6711
585998	301288	6739
3050276	4424260	6723
3050276	4104445	6711
301288	689872	6711
3050276	2599979	6693
301288	645957	6711
1510232	3828007	6678
4081925	1510232	6866
4162718	3606439	6738
3050276	1448805	6711
3050276	2401016	6711
3050276	82442	6711
301288	978953	6711
3050276	3773675	6693
446981	4459600	6881
301288	2185299	6711
301288	4310235	6693
1595413	301288	6739
301288	2650389	6693
3050276	654755	6693
301288	2050617	6693
301288	2671640	6711
3050276	2449835	6723
3050276	952770	6723
3050276	4626969	6711
3050276	395845	6693
4514417	3606439	6682
301288	212233	6693
4514417	122348	6682
301288	457903	6693
301288	2581468	6711
3050276	3730753	6693
301288	965695	6711
4514417	4265869	6682
301288	3661095	6723
1510232	2717982	6678
4341630	1510232	6866
301288	4209071	6693
2435830	2365065	6736
3050276	3511523	6693
301288	4323342	6693
4390979	1510232	6866
301288	1384848	6711
2297132	3512939	6837
3050276	2268979	6711
4617737	3606260	6818
1510232	670564	6678
301288	2201980	6711
2919220	4095630	6734
3050276	2168682	6693
3050276	4370673	6711
301288	2020515	6711
1510232	2997412	6678
4095630	617047	6844
4514417	161698	6682
4514417	2277249	6682
301288	4133526	6711
3050276	3316070	6711
301288	90908	6693
3050276	4416835	6711
301288	365376	6693
3050276	33350	6711
1510232	3876250	6678
3050276	433727	6693
3440824	301288	6739
1911633	1510232	6866
301288	2038929	6693
301288	4082459	6711
301288	1460537	6723
2070758	1510232	6866
3050276	4432770	6711
4514417	2798399	6682
301288	2650715	6711
3050276	4498143	6723
1510232	3793908	6867
1510232	2125317	6867
4514417	3922666	6682
1510232	143751	6678
301288	3921369	6711
3282806	301288	6739
3626731	1510232	6868
301288	3580263	6722
301288	1995531	6711
1022373	301288	6739
1510232	2582577	6678
3719327	3336616	10552
4599547	2080866	6886
3050276	2712976	6711
301288	2779401	6711
301288	56296	6693
3050276	3075180	6711
3050276	2499408	6693
3050276	388653	6711
3050276	1447815	6711
301288	19378	6711
684315	156085	6956
301288	1134792	6693
1384418	4191228	6837
301288	51486	6711
3050276	3758059	6711
3050276	1842867	6711
3050276	510601	6693
301288	2206384	6711
301288	3394584	6693
301288	1891998	6849
301288	359816	6693
301288	4566280	6693
1576942	156085	6736
3026361	1935765	6738
3050276	3196705	6711
1621967	306639	6678
301288	136993	6693
2618063	1622059	6846
3955832	1510232	6866
3050276	2590668	6711
301288	556438	6711
4080344	4095630	6742
2492298	2548400	6742
3762322	2487254	6952
664038	1510232	6868
3050276	2066291	6693
3622059	1510232	6866
301288	1279425	6711
3050276	2406968	6711
301288	1733926	6693
301288	2712976	6722
2985516	286169	6738
301288	653484	6722
3050276	3824999	6693
3050276	4014740	6693
301288	2126682	6722
301288	4093318	6711
301288	4475025	6693
131824	2916586	6742
3050276	3989505	6711
1510232	1256722	6678
301288	1439968	6711
2985516	431004	6844
3050276	4412601	6693
3050276	2901941	6693
3050276	235001	6693
3050276	4080342	6711
3050276	1985460	6711
306639	1510232	6866
301288	156085	6711
3050276	297275	6693
301288	4034245	6693
3050276	2665112	6711
2985347	3578348	6831
3050276	1574540	6711
301288	1956522	6711
301288	3341544	6711
3050276	2559672	6693
301288	493180	6693
3050276	3215995	6723
301288	4002731	6722
3050276	2165293	6693
1693555	2746887	6869
301288	2650900	6693
301288	3404730	6711
3050276	3793908	6723
301288	1151465	6711
3050276	3958600	6711
3050276	610537	6711
301288	4503880	6693
301288	1257531	6693
301288	4328648	6693
579554	1510232	6868
3050276	4173023	6711
301288	1190732	6711
301288	3972793	6711
4036375	1510232	6868
3050276	4179838	6711
3050276	4480731	6693
3050276	1008766	6693
3050276	1373444	6711
1510232	416163	6678
301288	2917230	6711
3050276	237504	6711
1510232	471560	6867
3050276	1440210	6693
3619590	1656714	6956
642271	301288	6739
4514417	1747804	6682
3050276	1194914	6693
3050276	3396251	6693
301288	3075180	6711
3081415	1510232	6866
301288	130737	6693
3050276	3250804	6693
3050276	3579031	6693
3050276	1186856	6708
1294169	1510232	6866
678142	1510232	6866
301288	4471978	6711
2956864	4508351	6742
301288	2567616	6711
301288	170757	6723
301288	4111680	6711
3050276	372332	6693
301288	3233933	6693
1510232	1714543	6678
1453376	301288	6739
301288	3026370	6693
4095630	2848388	6916
4514417	808595	6682
320416	409677	6821
2401016	301288	6739
301288	3353156	6722
301288	2778520	6711
3050276	4010452	6711
3050276	2716283	6711
301288	18023	6722
3901374	1275681	10297
3578348	1897959	6828
3050276	878581	6693
2358141	1510232	6866
3050276	2786854	6693
3050276	2701988	6711
301288	4305023	6711
3050276	1971085	6711
3050276	772622	6711
3050276	2567616	6711
3050276	650229	6711
1510232	3783933	6867
3050276	1731876	6693
301288	3790418	6693
3050276	4080344	6693
3050276	666703	6693
2919220	3272752	6734
3050276	3058556	6711
3050276	2879080	6711
3050276	90908	6693
301288	322694	6693
301288	1834800	6711
3050276	394241	6693
301288	1797022	6708
1322192	624030	6736
3050276	3084322	6711
3050276	4481402	6693
873567	1510232	6866
1485135	301288	6739
696610	1510232	6866
3050276	4598928	6711
2359336	301288	6739
301288	796203	6711
301288	856996	6711
301288	3076746	6693
301288	4225676	6711
301288	4168634	6723
2894677	2483451	6952
1530111	1744318	6839
301288	4655856	6693
3050276	3018707	6693
4514417	4459600	6682
3050276	1312300	6711
301288	4406092	6723
301288	3839404	6693
144335	1741843	6818
301288	222865	6719
3050276	3341960	6711
3050276	1081305	6711
301288	184048	6693
3050276	658761	6693
3050276	775952	6693
3115929	1667557	6813
301288	1663727	6711
1449331	1510232	6866
652485	2251111	6837
4339888	1510232	6866
4514417	3847082	6682
2106163	1621967	6866
4539525	1510232	6866
1510232	462223	6867
301288	539338	6693
499876	301288	6739
3050276	2761128	6711
3050276	1300504	6711
3050276	304321	6693
3050276	3562474	6711
3050276	3885846	6711
3594530	2359336	6814
301288	2268547	6693
4514417	3253225	6682
301288	1211360	6711
301288	1929160	6693
727411	3115929	6831
1510232	1784062	6678
3050276	3262940	6711
3050276	1772708	6693
301288	1737339	6711
565151	1968211	6881
3050276	4124200	6693
4603334	301288	6739
4547502	2603052	6952
3050276	3437231	6711
301288	1213528	6711
3050276	4576479	6711
3050276	1633816	6693
301288	4141288	6693
3050276	1680459	6711
301288	4306399	6711
4514417	1652391	6682
3050276	2598765	6711
301288	2328610	6693
2602434	1621967	6866
4514417	970317	6682
301288	3885846	6711
1510232	440921	7117
3050276	2888700	6693
3050276	4423847	6693
3050276	4400968	6693
1558765	2297132	6801
301288	1150148	6723
301288	2560151	6708
4467872	1510232	6866
3759370	3195760	6831
1510232	664038	6867
4278937	2839732	6813
2785134	1510232	6866
213199	2603052	6742
471560	1510232	6868
3050276	2758843	6693
4040078	2250941	6821
3050276	1889191	6711
301288	2140318	6693
301288	3501256	6711
4514417	367981	6682
3050276	670899	6711
301288	760309	6693
3050276	3871781	6711
301288	3706878	6693
154804	1510232	6866
4514417	3173797	6682
3050276	1667557	6693
1621967	970948	7458
2919220	1967580	6734
2044681	301288	6714
3456052	1510232	6866
4514417	4625886	6682
1510232	1639534	6678
1510232	2147403	6678
1510232	3748146	6867
301288	2576560	6693
3050276	1534014	6711
1612380	657758	7009
3050276	1917336	6711
3050276	1464468	6711
301288	2129882	6708
2365065	2435830	6738
301288	2319033	6693
2919220	2365065	6734
3200804	301288	6739
3050276	872359	6711
301288	1618215	6693
3050276	3402391	6711
3050276	2929918	6693
4123142	1510232	6866
301288	1152501	6711
3050276	4656730	6711
301288	4582000	6693
301288	1181568	6711
565151	1621967	6777
3050276	2563265	6711
301288	2579369	6693
301288	2848587	6693
3050276	1661554	6711
1510232	2070758	6867
3050276	388507	6711
1510232	1516330	6678
1510232	3903776	6867
3050276	2126045	6711
3050276	290672	6711
3050276	2294221	6711
457564	1212880	6736
3050276	1453253	6711
2275030	1510232	6866
301288	1344394	6722
2297132	2484605	6846
218108	3336616	9176
3050276	3311587	6711
301288	3406961	6711
3149312	1510232	6866
3578348	2255518	6846
3050276	4416970	6711
1510232	3494045	6678
3050276	2383035	6693
3050276	2576560	6693
1621967	2342803	6680
3050276	706141	6693
301288	1937103	6711
301288	2668099	6711
301288	3491564	6693
2796213	1510232	6868
3617222	2916586	6952
301288	4250469	6693
2129882	2548400	6818
2796054	1510232	6868
301288	3058556	6711
1873089	301288	6714
301288	4577431	6711
3050276	872259	6711
3050276	2252071	6711
3050276	4268271	6693
301288	1973483	6711
3050276	3750064	6693
3922666	52727	6829
301288	3084322	6711
1510232	402899	6678
3083473	185075	6884
1510232	4175001	6678
301288	2788909	6711
3050276	2693098	6711
4490566	1621967	6883
962756	1510232	6868
3050276	1439968	6711
1586259	301288	6739
4401890	1510232	6868
301288	4603866	6722
3050276	4064552	6711
3407047	1621967	7536
1510232	2236535	6678
3050276	1181568	6711
1741843	808595	6846
1770053	1510232	6870
4514417	4303510	6682
301288	1022826	6693
301288	412219	6711
2985516	286169	6869
3050276	2112727	6693
301288	752597	6693
3050276	4572954	6711
301288	709618	6711
10398	1510232	6866
4514417	2261713	6682
741681	893826	6821
1510232	1687826	6678
3050276	4130191	6711
3050276	1769445	6711
3050276	810374	6711
1458299	1510232	6868
3050276	3677261	6693
301288	876086	6711
3050276	4051630	6711
301288	4386872	6711
2070758	1510232	6868
3050276	154516	6693
3050276	4372144	6711
1510232	825565	6678
301288	791687	6708
301288	1738826	6693
3902943	1018540	6811
301288	2049314	6693
301288	450102	6693
3050276	402899	6711
301288	3115203	6722
2106163	751679	7411
3050276	1439945	6693
3050276	3145908	6711
306763	1510232	6866
4514417	623245	6682
301288	1128497	6693
3050276	2458117	6693
1510232	4038651	6867
3986453	353700	6742
3719327	1621967	6870
4514417	1651682	6682
3050276	88775	6711
3050276	2985516	6711
3050276	4416324	6693
3050276	3136186	6711
301288	3025955	6693
290672	1510232	6866
301288	365241	6693
3417294	2603052	7163
1621967	1022373	6678
301288	103259	6711
3050276	2044681	6693
3050276	2158740	6693
2145261	4490566	6886
1510232	2228255	6867
602150	1510232	6868
301288	223716	6693
1510232	3622059	6678
3050276	3439467	6711
3050276	1063623	6711
2483451	1825233	6869
653484	1510232	6868
3050276	2831252	6693
301288	1997355	6693
301288	3439467	6711
1510232	3578348	6678
3050276	3591371	6711
3050276	2528378	6693
1995531	1510232	6866
4514417	2556761	6682
301288	1900040	6693
301288	642271	6722
301288	3717575	7519
3050276	4516384	6693
3050276	3698724	6693
301288	2358141	7187
970948	3901374	10552
3050276	3557934	6693
301288	3230687	6693
33350	1510232	6866
3050276	275954	6693
3497732	1022373	6956
3050276	787443	6693
1316922	1510232	6866
1510232	2067722	6678
3050276	4617737	6693
301288	3618526	6711
301288	2093297	6711
301288	1866779	6711
3050276	374306	6693
301288	2958967	6711
3050276	972081	6711
301288	2579474	6711
301288	1078356	6711
3050276	3836498	6711
3050276	798120	6693
301288	1348891	6722
3050276	4532263	6693
2949872	301288	6739
1510232	2222435	6678
3050276	600372	6693
3353337	301288	6739
3050276	3629220	6711
3050276	1338708	6711
2549191	107297	7120
3050276	2094398	6711
3573262	1510232	6866
2548400	4004923	6837
3050276	1335045	6711
301288	2176598	6711
1761229	1510232	6866
301288	1865157	6711
3050276	66378	6711
936136	1448805	6818
3050276	3112459	6711
1510232	1212880	6678
301288	3744950	6693
301288	1706473	6711
3050276	2351657	6693
1656714	4154687	6828
1946983	301288	6739
3050276	3950123	6693
3050276	515242	6711
2338373	1510232	6866
301288	2651180	6711
301288	3580263	6711
301288	3962185	6693
3050276	4093956	6711
301288	3237674	6722
301288	2406523	6693
301288	2072870	6693
1510232	2993529	6678
301288	2919220	7248
301288	3516257	6711
4621063	301288	6739
301288	4079820	6693
1066676	3075627	6833
301288	3540928	6711
301288	185075	6693
306639	1340278	6821
1621967	1656714	6678
1510232	1397875	6678
1022373	2277249	6738
3050276	343899	6693
3050276	2035220	6693
1656714	4637497	6846
3050276	223716	6693
301288	3535832	6711
301288	3130788	6711
3050276	3299127	6711
301288	3589728	6711
3050276	4338080	9183
3050276	2215955	6711
301288	4288811	6711
457564	1328178	6736
3050276	4486123	6693
3050276	3249376	6711
301288	404874	6711
4363568	2067722	6818
3050276	4067564	6711
3050276	1552401	6711
3050276	2951876	6711
1510232	2778277	6678
4514417	878581	6682
1510232	3035990	6678
1102805	3382430	6821
3050276	3436805	6693
1510232	1717027	6678
1510232	2796213	6867
301288	2626607	6693
301288	1740841	6722
3050276	4147425	6711
1510232	3726988	6678
301288	2949872	6722
301288	4264793	6693
301288	3058631	6711
3050276	1311994	6711
301288	510382	6693
4514417	4507075	6682
2548400	2505767	6844
412862	286443	6818
1744318	591577	6869
3050276	1015263	6693
3050276	1737339	6711
301288	2856503	6711
1021902	301288	6739
2184882	1510232	6866
301288	4357261	6711
3050276	4453784	6693
3050276	2487285	6711
3050276	858699	6711
301288	3237674	6711
1886256	652485	6736
3050276	1295058	6693
1621967	1764656	6751
3195760	3720821	6869
301288	3868420	6711
4514417	4116421	6682
301288	3231265	6693
1510232	1098064	6678
3382430	1102805	6818
3050276	3531967	6711
4514417	1803306	6682
936136	1448805	6742
3050276	4601074	6711
3220915	1510232	6868
1510232	1938396	6867
301288	2138803	6693
3050276	2999290	6693
301288	4561590	6722
3045422	1510232	6866
3050276	2670675	6723
301288	2147403	6711
3723245	3336616	9371
301288	4395044	6693
1510232	2423992	6678
3050276	3568699	6711
301288	805286	6693
1510232	2166921	6867
4514417	2086881	6682
3050276	3534633	6711
999341	1510232	6866
3050276	2452755	6693
4514417	835826	6682
301288	2063186	6711
1094992	1510232	6868
3050276	403612	6693
3050276	2535747	6711
3630466	4040078	6814
3050276	1692996	6711
3050276	2650900	6693
301288	1435748	6711
1621967	4605438	6678
624030	934464	6869
3050276	805605	6693
301288	411787	6693
3050276	1880052	6693
301288	2378382	6711
3050276	3776106	6711
3050276	3228389	6693
653484	301288	6739
301288	2294841	6693
301288	4173355	6693
3050276	3454993	6693
3050276	3606260	6711
301288	595533	6711
3050276	1018540	6711
1073778	306639	6814
3050276	553243	6693
301288	190503	6723
3050276	205884	6693
301288	2569311	6711
3115929	2389052	6837
301288	4514679	6693
1510232	232854	6678
301288	3275396	6711
1212880	4162051	6884
3050276	2119771	6693
301288	1320178	6708
3050276	803128	6693
301288	2927642	6711
3050276	3946076	6711
3050276	3291210	6711
4143531	1510232	6866
3050276	2130644	6711
2765492	1510232	6866
997926	1510232	6866
1510232	1424177	6867
3050276	3601860	6711
1528869	2779428	6936
301288	1969796	6693
3050276	3095606	6711
3050276	1683802	6711
301288	2624999	6693
3050276	3753758	6693
3050276	3726519	6693
301288	3848843	6711
1300896	1547892	6738
3050276	3478785	6693
1656714	2727606	6837
3050276	4138792	6711
301288	2333982	6693
1039986	301288	6714
974462	301288	6739
3130429	3026361	6956
4514417	4080344	6682
436318	306639	6811
4004923	2548400	6811
301288	2690813	6711
3050276	1675031	6693
301288	4543551	6711
301288	3687832	6711
3717575	2548400	7251
3050276	397685	6693
3050276	2789844	6711
4480175	1510232	6866
2548400	4100234	6821
301288	3219153	6711
301288	3739611	6722
4040078	4179372	6825
301288	4513177	6722
3050276	255697	6693
652485	2798399	6833
3050276	2081107	6693
3050276	2861647	6711
301288	3501066	6711
3050276	3536166	6711
3050276	3643767	6693
301288	706141	6693
301288	1502091	6693
3050276	4563192	6711
4514417	234107	6682
301288	624082	6711
1531950	1510232	6866
3050276	306763	6711
301288	2510093	6693
2478464	1510232	6866
3050276	1605291	6693
1510232	722519	6678
301288	214660	6693
2106163	387670	6821
3404949	1510232	6866
301288	2359336	6711
1510232	2297127	6867
1510232	4521104	6678
3050276	607736	6693
2387303	301288	6739
1621967	4380260	7741
301288	1107857	6693
1510232	3427867	6678
3050276	4211083	6711
3050276	694433	6693
1510232	2236897	6678
301288	2073048	6693
3050276	128025	6711
301288	4411017	6711
3050276	4408213	6711
4514417	2840247	6682
3901374	3723245	10297
301288	1329323	6693
3050276	2708779	6711
3050276	1848644	6711
3004938	4522874	7009
80085	1510232	6904
2779222	1510232	6866
301288	1083030	6711
3050276	3975496	6711
3050276	4006545	6711
301288	666703	6693
1510232	1296844	6678
301288	4468576	6711
301288	244801	6693
2919220	1018540	6734
3901374	970948	9721
996739	3578348	6736
1510232	2089814	6867
1621967	1102805	6678
301288	3981199	6693
301288	782224	6693
3272752	3909802	7411
2891488	1448805	6742
3531243	2067722	6956
301288	120174	6711
3050276	1892259	6693
3050276	3782936	6693
3772059	1510232	6866
301288	523154	6711
1510232	2089308	6678
3050276	3506637	6711
301288	275236	6693
554587	2359336	6711
1510232	133889	6678
1510232	154804	6678
301288	3710733	6693
301288	4626969	6711
1510232	1253043	6678
3050276	2512164	6711
2657810	3115929	6829
4514417	2484605	6682
3050276	2548399	6711
3050276	471560	6723
301288	557302	6693
3050276	4133526	6711
301288	3865757	6711
1388893	1510232	6866
301288	3119187	6711
3129045	1928479	6738
1510232	2381053	6678
3050276	4443325	6711
56732	301288	6739
3210378	1448805	6814
3050276	1453376	6711
3050276	3962185	6693
3050276	4235433	6693
3050276	3308953	6693
3050276	213199	6693
3026361	1935765	6828
3050276	978495	6693
301288	864306	6693
301288	1684743	6723
3050276	1773276	6711
3050276	540128	6711
4514417	2283009	6682
3050276	232854	6711
4655400	425501	6829
301288	1042226	6693
3050276	2654213	6693
301288	2540924	6711
3794817	2483451	6814
3050276	4033819	6693
301288	1022201	6711
301288	3422598	6711
301288	3080142	6711
3050276	4382507	6711
301288	3705891	6723
301288	1331660	6693
2562426	1510232	6868
1510232	3573390	6678
2106163	3931333	6846
3083473	147060	6846
4521104	1510232	6866
301288	956626	6711
301288	1331453	6711
3050276	4345913	6693
3050276	2853114	6711
1510232	950444	6678
1510232	4168634	6867
3050276	1994062	6693
301288	1693678	6711
301288	3338891	6711
301288	2008489	6693
301288	2961391	6711
2017093	301288	6739
3050276	19378	6711
107297	4380260	7124
3050276	439507	6711
722519	1510232	6866
4514417	3090660	6682
3050276	4311874	6711
3050276	2134067	6711
2653518	3081864	6821
3721958	657758	6742
301288	4162598	6711
301288	1611775	6722
4514417	2422966	6682
301288	448206	6711
301288	1638014	6711
301288	3797868	6711
3050276	654020	6711
3050276	880249	6711
301288	663223	6711
301288	2698399	6693
1510232	3618097	6678
301288	751882	6693
3847082	3606260	6742
3050276	271398	6723
3050276	1127592	6693
301288	3881304	6693
3050276	946307	6693
4514417	4218192	6682
3050276	2498220	6693
301288	1396352	6693
2608527	2106163	6811
4514417	2954270	6682
2297132	1558765	6717
2916586	3617222	6825
4338080	1621967	7022
301288	2524404	6711
3050276	4421328	6711
1510232	3178458	6678
301288	3245447	6693
3050276	170757	6711
1510232	3789004	6678
1510232	2654727	6867
301288	2918670	6693
301288	1078385	6722
122348	2916586	6831
4251498	301288	6739
4111680	301288	6739
3050276	1967580	6711
301288	1819532	6722
3050276	1590897	6723
4514417	1073778	6682
4430879	4162718	6818
3050276	4461723	6711
3050276	4401890	6723
301288	2210233	6711
3050276	2951141	6723
3050276	3470151	6711
3050276	3708674	6693
4483233	2067722	6839
1619786	1510232	6866
3050276	4247758	6711
3050276	1458299	6723
301288	1741890	6711
301288	2846364	6711
301288	3139682	6711
3050276	1242099	6693
3050276	371133	6693
3050276	1021413	6711
3551043	301288	6739
301288	4557430	6693
301288	1252729	6711
301288	4087542	6711
4421328	1510232	6866
2487254	2478851	6833
3050276	431677	6711
3050276	2067247	6693
3050276	1336458	6711
1510232	3573262	6678
301288	2791834	6693
3050276	4572480	6711
301288	3805873	6711
3050276	1078385	6711
3050276	2094457	6711
4247150	1510232	6866
1510232	2382954	6867
3279494	1510232	6866
3050276	4363568	6693
3311943	1510232	6868
3050276	3242538	6693
3050276	1054221	6693
1510232	4421328	6678
2344370	1510232	6866
301288	1365986	6693
3050276	2607260	6711
3050276	1710371	6711
301288	2747612	6693
848835	4218192	6738
3050276	2008489	6693
2359336	3594530	6833
1510232	1344394	6678
3050276	4209987	6711
3050276	411787	6693
3050276	3876250	6711
3050276	1834800	6711
4523396	301288	6714
286443	412862	6821
301288	4540161	6711
301288	2548400	6722
2548400	307186	6846
301288	4468576	6723
301288	2289072	6693
3050276	2550428	6711
301288	2744666	6722
4095630	4080344	6821
1953712	1510232	6866
301288	2185462	6708
3050276	4346439	6693
3050276	2762121	6711
3050276	396687	6711
301288	1377937	6711
301288	3336109	6711
301288	2420570	6711
1510232	3616430	6867
52727	3144114	6846
301288	3896099	6711
301288	3776105	6711
2487254	4421793	6844
3050276	1390926	6711
3050276	1442705	6711
301288	3977124	6711
301288	4100234	6693
4514417	4637497	6682
3050276	614591	6711
3050276	4236899	6693
1510232	112726	6678
301288	164055	6693
4597813	301288	6714
301288	3511523	6693
3050276	1255658	6711
4514417	751679	6682
301288	1127592	6693
301288	2365759	6711
4514417	4218557	6682
301288	3459001	6722
301288	775952	6693
301288	2574687	6711
301288	2879080	6711
301288	2904878	6693
1510232	3126060	6867
3050276	3896099	6711
2127284	3272752	6742
301288	2458117	6693
859698	1510232	6866
84077	301288	7080
3050276	3237867	6711
3050276	2049997	6711
3494584	1510232	6866
3050276	3931333	6693
1510232	2886031	6678
1510232	1316500	6678
4514417	2232894	6682
301288	3648516	6693
1621967	652485	6678
1935765	3026361	6818
301288	568401	6711
3000518	3195760	6742
3050276	2120155	6711
3050276	3501066	6711
301288	2050257	6711
1995531	301288	6739
3050276	2656577	6711
301288	4641867	6693
3050276	7488	6711
1510232	2593889	6678
4295892	2959793	6844
3050276	2418679	6693
3050276	3407845	6711
3050276	1042226	6693
3050276	904540	6693
3204633	1510232	6870
1510232	4180302	7117
219076	2483451	6839
286169	2985516	6736
301288	1973483	6722
301288	3012097	6711
3050276	1773303	6723
3050276	2864384	6693
1621967	4040078	6678
1807245	2483451	6811
3050276	1331660	6693
301288	1516783	6711
3050276	2835497	6711
301288	2083390	6723
1510232	4443325	6678
3050276	1311750	6723
3050276	1574307	6693
3050276	4515880	6711
3050276	920134	6711
3050276	4222421	6693
301288	397513	6711
3050276	3149312	6711
3050276	2069563	6711
956626	301288	6739
301288	3836985	6722
3050276	3935686	6711
416163	1510232	6866
301288	1054221	6693
301288	1555564	6711
1913168	1510232	6866
301288	2538450	6708
3050276	3404949	6711
1621967	3114084	6686
3050276	3326158	6693
3333466	1510232	6866
301288	4135149	6693
301288	4059435	6711
3050276	1666185	6693
3050276	2550233	6693
301288	3987042	6722
301288	1641571	6711
301288	4624287	6708
4417506	1510232	6679
451419	301288	6714
301288	326436	6711
301288	436221	6711
3050276	4120164	6693
3050276	2117913	6711
301288	482748	6711
301288	861664	6693
4081925	1651682	6833
3050276	3164115	6711
3050276	1182667	6693
301288	1352794	6708
1510232	4036375	6867
3050276	2257588	6693
1510232	2306086	6678
3050276	4231111	6693
2015566	1510232	6866
3050276	2650715	6711
301288	1904633	6693
301288	344583	6693
3050276	1712260	6711
3050276	1912785	6693
3050276	3216977	6693
301288	4148419	6693
3050276	1107492	6693
2659279	1510232	6868
1645769	1510232	6868
3050276	346942	6693
3050276	4293532	6711
301288	1383473	6711
301288	4048387	6693
3050276	4648633	6711
301288	69756	6711
3050276	1459961	6711
301288	193035	6693
3050276	2082955	6723
4377771	301288	6739
3050276	637128	6693
3050276	2135110	6711
301288	1058954	6711
4514417	2434055	6682
1621967	657758	6678
3050276	3752441	6711
3050276	3164959	6693
4235433	2106163	6811
1816162	2603052	6839
440921	1510232	6873
4514417	1010343	6682
3050276	1442650	6693
301288	4652897	6722
1510232	2112096	6678
301288	3422138	6693
301288	1702056	6723
2344370	301288	6739
3050276	3319071	6723
301288	2161925	6711
3050276	3742783	6711
3050276	4050462	6693
3050276	1006014	6693
2680491	1510232	6866
3050276	1366672	6711
301288	1221512	6723
301288	3444004	6693
301288	2725660	6722
1510232	2378376	6678
3050276	1528618	6693
1510232	124	6678
3050276	1218903	6723
3050276	3230687	6693
301288	2565615	6711
301288	3553863	6693
4514417	4154687	6682
301288	3077605	6693
3050276	739253	6711
3050276	3891705	6693
3050276	4564075	6711
301288	388732	6693
4247758	1510232	6866
1340278	306639	6742
301288	1085921	6693
4514417	1547892	6682
301288	3533781	6711
301288	52470	6693
301288	538927	6711
301288	2362999	6723
3050276	1587109	6711
3050276	861664	6693
3050276	131824	6693
3050276	4641257	6693
1510232	1449331	6678
301288	2761547	6723
301288	3618386	6722
3522067	1510232	6866
3050276	2528938	6693
3050276	4238766	6693
3050276	4081925	6711
4475575	1510232	6866
3050276	3516257	6711
301288	3958551	6711
301288	3505755	6711
301288	4466546	6722
1889640	1510232	6866
301288	1300751	6711
914663	1510232	6866
3050276	2134787	6711
301288	1055748	6711
3050276	2894677	6693
3050276	3381606	6693
301288	1953790	6693
301288	1426621	6711
301288	4067970	6711
301288	205759	6722
3050276	4323342	6693
301288	2856503	6722
2423992	1510232	6866
301288	4538133	6711
3050276	4093318	6711
301288	360113	6693
301288	2081107	6693
301288	1544019	6711
3227259	1510232	6866
301288	2867165	6711
3050276	2486962	6693
2297127	1510232	6868
301288	4029235	6711
1510232	1989593	6867
3050276	2192198	6711
3050276	3880512	6693
301288	4603334	6722
52727	3922666	6884
301288	3200804	6722
3050276	1121732	6693
1621967	2916586	6678
3050276	1288725	6693
301288	1737077	6722
3050276	4262736	6693
301288	2855368	6722
286443	412862	6738
108735	1510232	6866
1510232	3220915	6867
3050276	1881790	6711
1039557	1510232	6866
4514417	768022	6682
301288	1729262	6693
3179587	2548400	6831
301288	1253616	6711
1621967	2396912	8152
301288	963792	6693
2487254	2403257	6821
3050276	1897371	6711
1510232	761219	6867
3050276	658111	6693
1510232	3475262	6678
1510232	999341	6678
4514417	144335	6682
1510232	304467	6678
301288	568612	6693
433741	1510232	6866
2624113	1510232	6866
301288	1724678	6693
2297132	3196585	6837
3050276	3622059	6711
615227	301288	6714
3050276	3202772	6711
301288	367981	6693
1621967	2294747	6678
3114084	107297	6881
3050276	2582577	6711
301288	3428213	6722
1510232	465414	6678
301288	1947495	6722
1510232	1596299	6867
1510232	3695844	6678
3050276	3297259	6711
3050276	2867165	6711
301288	882843	6711
4625886	2916586	6742
3050276	3987042	6711
301288	2129597	6711
1510232	1376482	6867
3050276	3319316	6693
1510232	1172486	6678
301288	2372568	6693
2855368	301288	6739
301288	37841	6693
1621967	1741843	6678
3050276	3495246	6693
2919220	301288	6767
2917955	1510232	6866
3050276	1103550	6693
3050276	3335974	6711
3050276	160243	6693
1510232	3522067	6678
2795596	301288	6739
301288	3726988	6711
3050276	908210	6711
301288	3534633	6711
301288	1599216	6711
301288	133953	6693
1967580	1208815	6846
301288	614669	6711
301288	4574748	6693
3050276	2712681	6693
3050276	2846774	6711
1621967	3211988	7741
1510232	3107578	6678
3050276	1456054	6711
1510232	2822912	6678
3050276	2309344	6693
301288	267217	6711
1510232	2976067	6678
3050276	462223	6723
301288	145482	6708
3336616	1275681	9132
1737077	301288	6739
1903775	1510232	6868
301288	204392	6711
3050276	4014276	6711
301288	3329997	6711
1448805	1397025	6844
301288	2811337	6711
3050276	1720064	6693
3050276	1485135	6711
4427344	1510232	6868
3050276	2080866	6686
1656714	2283009	6821
301288	2721991	6711
1621967	1414030	6882
1510232	1580857	6867
301288	4520899	6711
2779428	730574	6750
1378018	2067722	6736
4514417	3846765	6682
3050276	1566171	6711
3050276	3536393	6711
3471780	1510232	6866
3050276	975994	6693
3851487	1510232	8844
3433586	4278937	6839
3050276	1997355	6693
301288	1793282	6711
2707010	301288	6739
301288	1229140	6693
3050276	2809469	6693
4040078	3630466	6833
3050276	4380306	6693
301288	1917336	6711
4246775	301288	6714
3050276	2573105	6711
3050276	3200476	6711
301288	1070386	6693
1656714	3619590	6869
301288	3302832	6693
3050276	840073	6693
624030	4323868	6828
3050276	3909802	6693
301288	922275	6693
301288	2208253	6693
3050276	3497262	6711
3050276	642526	6693
3050276	2461873	6711
301288	1505237	6693
301288	234787	6693
301288	1504484	6693
1510232	1725069	6678
3050276	3589728	6711
3050276	2144850	6711
3050276	4525847	6693
4514417	343488	6682
2112096	1510232	6866
301288	2426999	6711
3050276	3156072	6693
3050276	1422746	6711
3050276	4297960	6693
301288	1574540	6711
3050276	154171	6711
301288	2406968	6711
3050276	3418346	6693
301288	4447691	6711
3050276	1795464	6693
3050276	3239044	6711
1842867	1510232	6866
2067722	1621967	6866
301288	3564220	6693
3050276	3839606	6693
3050276	3865757	6711
301288	367699	6693
3409266	301288	6739
301288	2694467	6711
3050276	377977	6711
3050276	1070386	6693
3780091	1510232	6868
1328178	457564	6738
3050276	1737077	6711
301288	2677750	6711
4514417	2894677	6682
301288	4431718	6711
4341630	436952	6846
301288	4422356	6711
3050276	2185299	6711
301288	1315612	6711
3050276	1275829	6700
3050276	4508482	6693
577507	1621967	6866
511499	1510232	6866
2603052	3188592	6844
3050276	4229350	6711
3050276	381973	6711
2761547	1510232	6868
3050276	1365986	6693
3234537	1510232	6868
3050276	3590343	6693
3050276	995189	6693
634665	652485	6871
301288	234107	6693
90595	301288	6714
4397334	301288	6739
301288	1180672	6711
3050276	3394584	6693
301288	1635176	6711
301288	1095929	6693
625359	1510232	6866
301288	2660254	6711
301288	1553031	6722
301288	3413667	6711
301288	3646023	6711
3050276	2960344	6693
4514417	3980007	6682
4514417	1383236	6682
301288	2390407	6711
3050276	1946507	6711
301288	2719898	6711
301288	90604	6693
3050276	549443	6693
3050276	2378850	6711
301288	4147822	6693
301288	2188950	6693
1741843	1621967	6866
301288	3444235	6711
3050276	1498488	6711
3050276	349223	6711
301288	1302051	6711
301288	4403718	6711
301288	1224798	6711
301288	3475262	6711
1300896	3140518	6884
3606260	3847082	6738
4514417	2989698	6682
301288	3115203	6711
3050276	1003298	6711
2294221	1510232	6866
40719	301288	6714
301288	1525969	6711
3050276	376935	6723
1510232	1776183	6678
301288	2049997	6711
3050276	984698	6711
3050276	2117393	6693
3050276	3632363	6693
301288	974462	6722
1510232	699253	6867
301288	4284051	6722
3115203	301288	6739
3970699	848835	6818
3050276	607967	6693
3050276	843034	6693
2832465	301288	6714
301288	1242099	6693
3050276	640626	6711
301288	4233227	6711
3050276	3342869	6723
301288	672577	6711
4561590	301288	6739
3050276	1803756	6693
893826	741681	6818
3050276	40719	6693
301288	2354494	6693
301288	1468392	6693
301288	1611426	6711
301288	1640930	6711
3050276	3936019	6693
301288	155268	6711
3050276	4462030	6693
301288	2545764	6693
301288	2344581	6711
3050276	590548	6711
301288	3779264	6693
3050276	4311849	6711
3050276	161723	6693
4514417	1530145	6682
301288	1895774	6693
1510232	4238766	7905
3050276	3261252	6711
4238384	1510232	6679
301288	231921	6693
301288	3529257	6693
1510232	2779222	6678
1510232	1117677	6678
3336616	1275681	10297
301288	2013248	6707
4466546	301288	6739
1926727	1510232	6866
1510232	3608100	6678
301288	3566841	6693
301288	1720239	6722
1621967	425501	6678
3050276	923322	6693
3050276	2371098	6711
4040078	1621967	6866
301288	3379724	6711
301288	2095430	6711
3050276	2906919	6711
1510232	1491909	6678
3050276	2788909	6711
3050276	2659279	6723
3050276	1695695	6711
3050276	4288920	6693
1510232	661215	6680
4177505	3115929	6811
301288	2589496	6711
301288	782274	6711
2338484	2106163	6814
1510232	3705891	6867
3050276	3485397	6711
301288	2607648	6693
1510232	507630	6678
1510232	2458343	6867
301288	2647068	6722
3336616	970948	9721
2727606	2548400	6811
2916586	131824	6846
4514417	4191440	6682
301288	298826	6711
3188592	2603052	6831
2917313	4143186	6736
301288	4346439	6693
3050276	2396912	9183
3050276	1273258	6693
1510232	1754658	6867
301288	3956262	6711
301288	4321305	6711
3050276	3617291	6711
2919220	1414030	6780
808595	1741843	6742
3050276	2678190	6711
301288	1485135	6722
3050276	3624765	6711
3050276	2375964	6711
1510232	649865	6678
3050276	1517889	6711
3050276	2545764	6693
1639534	1510232	6866
3050276	3466207	6693
1510232	2344370	6678
301288	2620721	6723
301288	4300220	6693
301288	1946881	6693
4514417	4238384	6682
1702056	1510232	6868
1510232	1943673	6678
4295892	1621967	6866
1510232	3859642	6678
3050276	2796896	6711
301288	3708023	6711
3050276	3437305	6711
301288	3547337	6723
3050276	1784062	6711
3050276	3013988	6711
3050276	10750	6693
301288	3310090	6711
3050276	761234	6693
301288	1363855	6711
2228255	1510232	6868
4257161	1510232	6866
3050276	2828928	6711
3050276	2885121	6693
1942020	4256083	6956
3050276	2592782	6711
1510232	2499608	6867
3050276	669355	6711
3050276	4278937	6711
2298267	2297132	6952
301288	1639966	6711
3083473	269056	6738
301288	726239	6693
3050276	1721892	6693
1020293	1510232	6868
3050276	3547337	6711
3050276	2003445	6711
3050276	1923980	6711
4514417	457564	6682
2919220	3109045	6780
65857	16832	6821
3050276	4403718	6711
301288	3234754	6711
3050276	2112704	6693
3050276	962882	6711
3050276	2365065	6711
301288	2697990	6693
2727606	1656714	6811
301288	509574	6711
1510232	2294747	6678
3050276	480706	6693
3050276	689872	6711
301288	4513177	6723
4295892	1617311	6833
3050276	1324473	6693
3050276	2892012	6693
301288	2629373	6693
301288	2716283	6711
3050276	4174691	6711
3050276	3367504	6723
2359336	1275829	6916
3050276	2089814	6723
1790414	1510232	6866
1303164	1621967	6883
301288	2400837	6693
3050276	3444081	6693
3050276	18875	6693
4514417	4100234	6682
3050276	1096714	6693
3050276	1182921	6711
2985516	1510232	6866
164928	1510232	6866
3050276	3078773	6693
301288	1030332	6711
301288	1721892	6693
3050276	3081204	6693
1483220	301288	6739
301288	3568613	6722
1621967	2483451	6678
301288	3655028	6722
1510232	1919144	6678
301288	1454735	6711
301288	3204587	6693
4514417	2250941	6682
1510232	204604	6867
301288	3153020	6711
301288	811269	6711
301288	3978430	6711
3050276	1889640	6711
2585140	1510232	6868
301288	3410166	6693
1253043	1510232	6866
1300896	1547892	6846
3050276	1786631	6693
3606260	1808614	6869
3705891	1510232	6868
301288	465918	6711
431677	1510232	6866
2957506	1510232	6866
301288	1661881	6711
3050276	2804738	6693
3050276	1197997	6711
301288	3437305	6711
3050276	156085	6711
1621967	3275396	6678
1510232	10398	6678
3144114	52727	6742
301288	2147000	6693
301288	366088	6711
3336616	3723245	8882
3050276	1504898	6711
3050276	503613	6711
3050276	405605	6723
3050276	3023543	6693
616915	306639	6736
3050276	2637977	6693
3050276	3478481	6711
3050276	2864561	6693
439507	301288	6739
301288	4412601	6693
3050276	1221810	6693
3050276	4628902	6693
554587	301288	6827
3050276	3204368	6711
301288	4229096	6693
4514417	2575670	6682
301288	1027546	6693
3050276	4353993	6693
301288	3697368	6711
161698	2359336	6952
301288	1413329	6711
3050276	3406961	6711
3050276	1928479	6693
3050276	2499608	6723
3050276	800684	6711
3050276	267217	6711
3050276	1903760	6711
301288	572103	6693
3336616	2396912	10297
3050276	1923459	6693
3050276	3606140	6711
4383595	2359336	7009
301288	1022373	6722
3050276	3764342	6711
301288	2796896	6711
301288	3031757	6693
3050276	2839732	6693
4514417	3579882	6682
3050276	3205168	6693
1510232	1663727	6678
4303510	4143186	6952
301288	1156308	6693
3050276	2473887	6693
2487254	1621967	6866
301288	4323868	6693
301288	2677422	6693
2568884	1510232	6866
301288	2666397	6711
301288	920425	6711
4514417	3223970	6682
301288	1024914	6711
1073920	1510232	6868
301288	2982994	6711
3050276	999341	6711
3050276	473296	6693
2249299	52727	6831
301288	2908783	6693
3050276	2626310	6693
301288	4169380	6711
3050276	4018287	6711
2775635	624030	6814
301288	4253453	6711
3050276	1033051	6693
474768	1510232	6866
1510232	1583184	6867
3050276	1134257	6711
301288	3095606	6711
624030	4323868	6837
306639	436318	6837
3050276	606606	6693
1510232	3319071	6867
301288	3141501	6693
3050276	1004659	6711
301288	4462339	6693
3050276	4561590	6711
1510232	3115929	6678
1510232	3367504	6867
3050276	4543551	6711
3050276	2365759	6711
301288	3259362	6711
3050276	3129045	6711
3412751	107297	7120
1510232	2806147	6678
2916586	4514076	6828
4508351	1891998	6743
1510232	2075740	6867
2297132	1803306	6738
3050276	407493	6693
301288	2774628	6711
3050276	3647980	6693
537220	301288	6739
301288	1946983	6722
2364572	1510232	6868
301288	786576	6711
2259703	657758	6814
2603052	3417294	6813
3050276	4270300	6711
301288	932260	6693
301288	1926474	6693
4306206	1693555	6814
3876250	1510232	6866
3195760	3000518	6846
1510232	1168248	6678
301288	2641877	6723
3050276	1236754	6711
3050276	2145773	6711
3050276	2016464	6693
301288	3902554	6693
3050276	3826671	6711
301288	1148981	6693
3050276	4048387	6693
301288	3253619	6711
4522874	3004938	6828
4508351	2956864	6846
3050276	2729386	6693
301288	3028687	6711
301288	1003298	6711
301288	609658	6693
301288	3013988	6711
301288	3595165	6723
301288	3743662	6711
4359757	1510232	6866
4514417	3455590	6682
3050276	3231933	6711
3050276	2450682	6693
3720821	3195760	6956
301288	2401896	6693
1621967	4338080	7080
301288	4461723	6711
3050276	4061951	6693
4514417	213199	6682
301288	1422746	6711
3050276	4547386	6711
1510232	2455760	6867
4514417	591577	6682
3050276	2699991	6693
301288	2248737	6711
301288	3826091	6711
1510232	3081415	6678
301288	2601447	6693
4514417	1885185	6682
301288	701847	6693
3050276	3536297	6711
537301	301288	6714
301288	1528869	6723
3050276	3787708	6711
3050276	700765	6711
3050276	2574687	6711
4226033	301288	6714
301288	4009667	6711
355274	2487254	6956
301288	2696847	6711
2294747	1621967	6866
1510232	1655792	6678
3050276	4232328	6711
301288	1819592	6711
1621967	65857	6678
301288	380962	6693
3050276	4268698	6711
3050276	2878046	6711
301288	3334920	6711
3050276	3962550	6693
3050276	2095430	6711
3050276	2456960	6693
301288	2849764	6711
301288	2119771	6693
301288	3536297	6711
301288	2193400	6722
301288	1720603	6693
1510232	4382507	6678
1510232	1094992	6867
301288	478713	6711
301288	1637963	6693
3050276	2628381	6693
3050276	274846	6693
301288	3462968	6711
301288	3775622	6711
3173797	2603052	6811
301288	3561563	6693
4514417	1096728	6682
3050276	1505237	6693
301288	130948	6693
1510232	4018287	6678
1510232	375634	6678
301288	600548	6693
3050276	3854133	6723
301288	1984041	6693
301288	3909202	6711
306639	3363968	6837
3050276	4183379	6711
3050276	3480095	6711
3050276	726239	6693
4514417	1372854	6682
301288	4205601	6693
301288	1295587	6708
301288	2846774	6711
1168248	1510232	6866
3418855	1510232	6866
2848388	2916586	7025
3050276	3145650	6693
2919220	624030	6734
301288	2707263	6722
1510232	4539525	6678
301288	286048	6711
301288	4146617	6722
3360011	1510232	6866
2451861	1510232	6866
3050276	2379616	6711
3050276	2727955	6711
2919220	4341630	6734
3050276	3027691	6693
301288	3502852	6693
3050276	3501256	6711
3050276	901160	6693
4514417	3931333	6682
1510232	1214414	6678
1150148	1510232	6868
3050276	4624287	6693
3050276	850991	6711
301288	1938396	6723
4514417	4150293	6682
2916586	2493787	6821
301288	1065893	6693
301288	1440210	6693
4514417	2273740	6682
4381709	1741843	6829
301288	1409638	6711
301288	3308953	6693
301288	3319316	6693
3472867	301288	6739
3050276	377840	6711
3050276	4022279	6693
353700	3986453	6846
301288	258987	6711
301288	3021210	6711
4341630	436952	6821
301288	843316	6693
3050276	2017093	6711
1510232	4627208	6678
2226977	301288	6739
3050276	1024914	6711
4514417	1186856	6682
301288	275954	6693
3050276	3302832	6693
301288	547551	6711
301288	4370673	6711
3035990	1510232	6866
3050276	1432332	6711
2396912	3336616	8883
4514417	4179372	6682
301288	3156072	6693
3050276	3284859	6693
301288	2115238	6693
3050276	3334920	6711
1621967	3578348	6678
3050276	2389052	6693
3828007	1510232	6866
301288	2861647	6711
3050276	1392855	6693
3050276	2162537	6711
3050276	1719129	6693
301288	3432731	6693
652485	1015766	6884
3050276	751679	6693
301288	1875221	6693
3050276	1740841	6711
3216195	3606260	7025
301288	3950123	6693
4514417	1106808	6682
1510232	433741	6678
3050276	3298825	6693
218108	1621967	7501
301288	2167113	6711
301288	3999205	6711
3050276	823362	6693
301288	1212445	6711
3050276	212233	6693
301288	1464468	6711
301288	1719129	6693
3050276	534655	6711
3050276	2908922	6711
301288	1396953	6711
301288	830233	6711
2957039	1744318	6956
3050276	789825	6693
2810151	1510232	6866
301288	3536393	6711
848835	1621967	6866
4514417	2507398	6682
4278937	1889033	6738
436952	4341630	6736
3050276	130737	6693
3050276	4197785	6711
301288	3783933	6723
3050276	1638014	6711
3050276	1525969	6711
301288	3708674	6693
301288	1720570	6711
3050276	1117677	6711
1510232	2641877	6867
1439968	301288	6739
4514076	2916586	7009
1117677	1510232	6866
301288	3738087	6693
4143186	4303510	6825
301288	4595600	6711
3050276	1792238	6711
3050276	3096679	6711
1510232	2128220	6867
301288	3275649	6711
3050276	2510055	6693
3050276	896647	6693
301288	4252601	6693
3050276	440324	6693
3578348	1621967	6866
301288	4065163	6711
301288	1348891	6711
3050276	744081	6693
301288	2284200	6722
3050276	4491865	6711
301288	3773675	6693
3050276	2028796	6693
1621967	291002	6686
301288	423715	6693
2302543	3129045	6811
3050276	568612	6693
240630	4490566	6886
301288	659218	6711
301288	1453376	6722
301288	1565826	6693
301288	1651098	6711
301288	2736902	6711
3050276	4026908	6711
4514417	3619590	6682
301288	4226033	6708
301288	2469559	6711
3050276	3080142	6711
3050276	4546426	6711
2273740	2483451	6831
3050276	3709207	6711
301288	137000	6693
301288	608375	6693
2102138	4024233	6833
3638603	301288	6739
3050276	2397682	6723
1510232	935988	7117
301288	894727	6722
301288	884654	6693
301288	714113	6693
2106163	694433	6844
301288	1773276	6711
3050276	3414314	6693
3050276	1435264	6711
4024233	2102138	6814
2633989	1510232	6866
3050276	572326	6693
4514417	3332563	6682
3050276	761993	6693
301288	2548399	6711
1621967	3083473	6678
301288	24128	6711
1510232	2083390	6867
301288	2359336	6722
301288	3973827	6722
3050276	124015	6693
301288	160192	6722
4514417	1559078	6682
4479701	2618063	6814
3050276	761219	6723
3050276	1724678	6693
301288	4268271	6693
1510232	2206146	6678
741681	2237777	6833
431004	2985516	6831
3050276	1279707	6711
301288	1242141	6711
1510232	1726805	6678
1510232	2642415	6867
1621967	2500860	9356
301288	1861167	6693
3050276	896932	6693
2010713	301288	6739
3050276	3164599	6693
301288	3340746	6711
3050276	1985321	6711
820175	4095630	6736
301288	2485699	6711
301288	2695992	6693
3289046	1510232	6866
301288	1595413	6722
782274	301288	6739
301288	1912785	6693
885263	652485	6818
3050276	1790414	6711
3050276	3654080	6711
301288	1006014	6693
301288	1344394	6711
3050276	3775667	6711
301288	56366	6693
3050276	3385047	6711
4285609	1510232	6866
4514417	893826	6682
3050276	1997204	6693
577507	396755	6846
3050276	1009789	6693
3050276	609658	6693
301288	830648	6693
320416	1621967	6866
1510232	2721243	6867
3050276	782698	6708
4514417	1555979	6682
1510232	4271490	6678
301288	433727	6693
1306443	107297	7120
107297	3412751	7124
3050276	2063186	6711
3050276	3504029	6711
301288	3755080	6693
3050276	3075698	6693
3901374	2500860	10297
301288	1546344	6693
301288	2358141	6711
478341	1510232	6868
301288	4124200	6693
3050276	2635326	6711
301288	3996162	6693
301288	2045316	6693
671492	1510232	6868
1621967	4522874	6678
1510232	1913168	6678
3050276	2329928	6711
301288	1103427	6708
301288	1598176	6693
3050276	1284157	6711
301288	1515141	6711
3050276	2682320	6693
3050276	3531243	6693
3050276	2006571	6711
1621967	353700	6678
3050276	3955832	6711
301288	2441296	6693
3050276	1262420	6693
301288	4337341	6711
2989698	1300896	7163
3050276	3638603	6711
3050276	3683550	6711
301288	4357261	6723
301288	1566171	6711
1510232	3690364	6867
301288	1571847	6693
301288	1193812	6693
301288	4144394	6711
535333	1510232	6868
3750064	2653518	6742
3050276	4606320	6693
2134535	1510232	6866
3050276	246982	6693
301288	2442421	6693
3050276	4322763	6693
2483451	2273740	6844
301288	2607260	6711
1621967	1693555	6678
1510232	428289	6678
1667557	3115929	7163
3050276	1619786	6711
301288	2562426	6723
301288	2485699	6722
1510232	2094398	6678
1120172	4256083	7163
1621967	4341630	6678
3050276	3956391	6711
301288	2963958	6693
3050276	2157392	6711
156180	1621967	7536
3050276	3972928	6693
3050276	2594632	6693
301288	3617291	6711
301288	442592	6711
3050276	3082430	6711
301288	1729505	6711
2637599	1510232	6868
846113	1510232	6866
1943673	1510232	6866
301288	3381606	6693
3050276	2901674	6693
301288	4227334	6693
301288	3149440	6711
1510232	4522874	6678
443707	301288	6714
301288	467800	6708
1510232	4339888	6678
3753103	1510232	6866
886661	4599547	6881
590548	301288	6739
3050276	311217	6693
301288	2977104	6711
3050276	2478464	6711
301288	6124	6711
301288	659218	6722
1510232	377977	6678
301288	2566545	6711
301288	2162537	6722
3050276	4483340	6693
3050276	775304	6693
1022373	1054470	6821
4007591	301288	6739
3050276	689637	6693
1510232	2485699	6678
4095630	2804738	6833
4537151	1510232	6873
301288	3956391	6711
4514417	61888	6682
301288	3630847	6711
3750064	2653518	6736
301288	2884634	6693
301288	2734997	6693
2886031	1510232	6866
301288	3852620	6693
301288	1439945	6693
301288	3136827	6693
301288	2599589	6711
301288	10250	6693
3050276	1267768	6711
301288	933155	6693
301288	2442820	6711
4162718	1881862	6872
4514417	3824999	6682
301288	4540471	6693
3428213	301288	6739
1621967	4508351	6678
3195760	2044280	6872
1372862	4306513	6869
3050276	1790942	6711
3050276	3065781	6711
301288	1070663	6711
3606260	1510232	6866
301288	2598765	6711
1212880	970317	6846
3050276	2017514	6693
3050276	1143194	6693
3050276	3297350	6693
3050276	1136536	6693
301288	2779439	6693
301288	2171599	6711
436952	4341630	6742
301288	4508351	6723
1510232	307108	6678
301288	4461255	6711
301288	1706438	6693
3931333	2106163	6736
768022	4256083	6952
1621967	565151	6686
3050276	214660	6693
3993706	1510232	6866
3050276	247115	6711
751679	2106163	6839
3050276	3958551	6711
2916586	1010343	6738
2302190	301288	6739
301288	2587358	6711
3050276	3977363	6693
301288	3003865	6693
3050276	4255959	6693
301288	1077040	6711
301288	2713219	6693
4279109	1510232	6866
3050276	1620704	6693
3050276	3234754	6711
301288	1802440	6693
3050276	4014998	6693
3050276	4070675	6693
1510232	2358141	6678
3050276	3224561	6711
3356346	2365065	6736
301288	2855049	6693
3109045	1621967	6883
3050276	514955	6693
3050276	529084	6693
301288	1546360	6711
301288	2871732	6693
1510232	2957506	6678
3493003	4265869	6738
3050276	4049742	6711
3947168	4382507	6814
3050276	2447798	6693
3050276	1224717	6711
3050276	2099078	6711
741681	3027956	6844
1510232	2275030	6678
657758	3721958	6846
301288	893900	6711
301288	2248737	6722
1098064	1510232	6866
1510232	4375718	6678
301288	173238	6722
1609912	1300896	6814
301288	3488833	6711
301288	553070	6693
3144114	52727	7009
3050276	2778277	6711
2958967	301288	6739
301288	3260013	6711
301288	2735506	6711
3050276	33774	6711
3050276	3960798	6693
1621967	2102138	6678
390326	1510232	6866
3050276	2038929	6693
3050276	2937061	6711
301288	554587	6765
1510232	997926	6678
301288	554587	6700
301288	2698131	6711
3050276	223091	6693
301288	4002731	6711
3050276	1414375	6693
3050276	1624369	6711
301288	1870823	6711
1510232	2594696	6678
301288	896932	6693
3050276	1714543	6711
4514417	1426595	6682
157244	1510232	6873
3050276	3291559	6711
3050276	1531950	6711
3050276	2844126	6693
2883182	1510232	6866
380962	301288	6714
3050276	4310235	6693
3050276	1861167	6693
301288	670899	6711
3050276	2619179	6711
301288	3422780	6693
3050276	3028687	6711
3050276	1137433	6693
3050276	2021364	6693
1510232	314903	6678
3050276	2868332	6711
4513177	301288	6739
2359336	1408418	7411
306639	1621967	6866
1510232	3141277	6678
4514417	1350054	6682
301288	2184365	6693
1275681	3336616	9176
1510232	3153220	6678
2866276	1656714	6811
301288	4177922	6693
4637497	1656714	6742
2067722	3471649	6869
3050276	696610	6711
770685	1510232	6868
1510232	4154612	6678
301288	440324	6708
3050276	76070	6711
301288	1194914	6693
4590758	2779428	6747
3050276	3738087	6693
301288	2744001	6711
3050276	4248496	6711
3050276	3893821	6711
3050276	3167161	6711
301288	3817128	6693
3050276	448206	6711
3050276	4337341	6711
301288	2187403	6693
1510232	3407446	6867
4627208	1510232	6866
306639	510642	6846
1919144	1510232	6866
3050276	3121298	6711
301288	2963550	6693
1510232	3610596	6867
2479345	1018540	7006
3963862	1510232	6868
1510232	2637599	6867
2603052	3891705	6833
1621967	1306443	7741
301288	274846	6693
3050276	3524737	6693
3415454	4095630	6956
3050276	423284	6711
301288	1264743	6693
3050276	573356	6693
2919220	3493003	6734
301288	3228389	6693
3050276	1777344	6711
3050276	3074597	6711
301288	464610	6723
3054251	301288	6739
4295892	878581	6821
301288	741559	6711
301288	1280207	6693
301288	380515	6711
2919220	2602434	6734
301288	1045639	6711
3050276	3947168	6693
301288	3485397	6711
301288	324560	6711
2359336	1510232	6866
2446373	187487	7708
301288	4131370	6693
2919220	4490566	6780
301288	1225140	6693
301288	2694505	6693
301288	1908970	6693
3050276	1555979	6693
301288	3846740	6693
301288	3164599	6693
1819532	301288	6739
301288	1508663	6693
4323268	65857	6736
1172486	1510232	6866
3050276	1802405	6693
2919220	3578348	6734
3195760	3980007	7411
3050276	4044068	6693
2434055	2548400	6742
1621967	2067722	6678
3050276	2779222	6711
3050276	3361064	6693
218108	3901374	9176
2736139	1510232	6866
3050276	4426548	6693
4522874	3710733	6738
2624999	1022373	6742
3050276	1045639	6711
3050276	3336616	6693
1510232	2364572	6867
301288	1827335	6723
3050276	882843	6711
3050276	202313	6693
3050276	405143	6693
2474741	2653518	6956
301288	2048690	6711
3050276	4437888	6693
3050276	3373259	6711
4232883	1510232	6868
698687	301288	6739
1510232	3891434	6678
301288	2175575	6711
301288	772622	6711
52511	3026361	6742
1621967	577507	6678
3272752	3298825	6869
301288	4606213	6711
301288	1951295	6711
3050276	1867758	6711
2067722	4363568	6821
301288	2809469	6693
301288	3470151	6711
3050276	4487422	6711
1510232	4382002	6867
2067722	4483233	7411
301288	1107492	6693
301288	3812339	6693
301288	3729053	6693
3050276	2378376	6711
301288	1656699	6711
3050276	2917955	6711
3050276	2599677	6693
3050276	2680491	6711
301288	908495	6711
3050276	2236535	6711
1510232	2076189	6678
4040078	1510232	6866
301288	2134067	6722
1510232	2329131	6678
2770751	301288	6739
3050276	3626957	6711
301288	2727955	6711
3050276	976745	6711
301288	3131910	6693
4162051	1212880	6829
3050276	1776183	6711
301288	2357462	6693
301288	3753380	6693
458604	301288	6739
3050276	4243102	6711
1510232	4006545	6678
3050276	3488833	6711
301288	2853486	6693
1510232	3445038	6678
301288	4345913	6708
1741843	2274097	6738
301288	4246775	6708
3050276	3081415	6711
3050276	1725069	6711
3050276	4209264	6711
301288	400185	6693
301288	610537	6711
301288	2874405	6711
3083473	3907095	6828
301288	1338782	6693
301288	3694281	6849
1510232	2562426	6867
2603052	760695	6821
301288	4457926	6693
301288	1029604	6722
301288	3550580	6723
3050276	3107578	6711
2174261	425501	6871
301288	297275	6693
4514417	616915	6682
3050276	881165	6693
825565	1510232	6866
3050276	425022	6711
1714944	1510232	6866
3050276	1969826	6711
3050276	3191290	6711
3050276	2695992	6693
3050276	3396316	6693
301288	3720821	6693
3050276	11063	6693
301288	2572808	6693
301288	3074597	6711
1889033	4278937	6736
301288	4480731	6693
3050276	3932415	6693
3050276	1193899	6711
301288	4600423	6693
3050276	3081722	6711
3050276	1904633	6693
3050276	1956745	6693
3839606	156085	6829
3050276	3385305	6711
3050276	2924805	6711
1621967	2396912	7080
3050276	4305023	6711
301288	2344370	6711
301288	4105351	6693
1510232	2796054	6867
107297	2549191	7124
1621967	624030	6678
301288	2378850	6711
301288	422284	6711
4514417	4173355	6682
301288	3496468	6693
1510232	3409266	6678
301288	2665526	6711
3050276	2556256	6711
301288	2246583	6708
301288	3153558	6711
301288	4531850	6711
3050276	2560151	6693
379773	1510232	6873
3050276	2672814	6711
1621967	2549191	7741
3050276	1077040	6711
301288	3656454	6693
4514417	131824	6682
3050276	3533781	6711
3753606	1372862	6736
4514417	211514	6682
3050276	637463	6711
3050276	1906653	6711
3050276	3671665	6711
848835	3970699	6821
2603052	1621967	6866
3050276	2598470	6711
301288	3264800	6711
3050276	3764437	6693
4656730	1510232	6866
3050276	1121821	6693
301288	4225491	6693
1510232	3407845	6678
1510232	4522300	6867
301288	1666185	6693
301288	147060	6693
1510232	4099957	6867
301288	1308253	6693
2163737	1384418	6736
3050276	116186	6723
2359336	1621967	6866
301288	1360449	6693
301288	2806570	6711
3001684	1510232	6679
3050276	98941	6693
301288	1977157	6693
301288	252556	6693
3050276	2828390	6693
301288	84077	7022
301288	205642	6693
3050276	1426102	6693
1096728	3115929	7009
301288	4015015	6693
3050276	3331545	6711
3050276	739093	6693
1816624	3026361	6742
2294747	1838364	6738
3050276	3513990	6693
301288	3962684	6711
3050276	2159605	6693
3050276	1578360	6693
301288	3569032	6693
3050276	164928	6711
301288	4050462	6693
1218903	1510232	6868
301288	2388997	6722
301288	2401016	6711
1096728	3115929	6742
2404459	1510232	6866
3050276	1129190	6693
3050276	265824	6693
3940401	3606260	6831
3050276	3088505	6711
2686794	301288	6739
301288	1635878	6708
624030	1621967	6866
116186	1510232	6868
301288	1009789	6693
3050276	529121	6693
2379897	1510232	6866
611969	1510232	6868
4514417	4617737	6682
3050276	389097	6711
301288	3023543	6693
1752303	1510232	6866
301288	3734563	6693
3987042	301288	6739
301288	403612	6693
3050276	3031509	6693
301288	1927544	6711
1510232	535333	6867
3050276	2248737	6711
301288	2257588	6693
301288	2145773	6711
3050276	2915270	6711
3050276	814517	6711
3178458	1510232	6866
2548400	3717575	7252
3050276	278909	6711
3050276	4077278	6693
3050276	3130788	6711
301288	1926276	6711
3050276	2486422	6693
301288	1854600	6693
3050276	3098212	6693
3674767	3275396	6818
3050276	1803452	6711
301288	2447798	6693
3748146	1510232	6868
301288	747390	7187
301288	3216977	6693
3050276	3662580	6711
301288	3425661	6722
301288	3035302	6693
4514417	1054470	6682
3050276	1474248	6711
4150293	4278937	6952
301288	416163	6711
596794	52727	6956
4589722	3336616	9371
1574540	301288	6739
306639	2534232	6844
