1232369	3050276	35
1224014	4514417	6
3935109	3050276	24
1897411	3669754	290
4367532	329044	74
3491490	4514417	6
1897240	3050276	24
2974388	4514417	6
1686681	876273	202
2964617	3050276	35
365933	3050276	24
1906944	2344399	1983
3813701	4514417	6
3855027	3050276	24
1814208	3910561	110
4103874	3050276	24
3172612	3050276	24
1531723	4367532	71
1472235	261030	128
1973047	4172349	1355
4142288	3910561	116
423032	4367532	71
2485386	3050276	24
8225	3910561	110
310567	3050276	24
3723817	3050276	17
342731	2020187	24
2992548	3050276	24
3910561	2143716	669
2312767	4642970	133
4323243	3050276	17
2625685	4367532	71
3844414	3050276	24
471932	4367532	71
2586327	3050276	112
3910561	894266	114
3565537	3889800	117
690984	3050276	24
3858317	1906944	109
3050276	3399667	886
3792652	3050276	24
3188735	4514417	6
1712577	3050276	24
1906944	743948	1983
3910561	2302982	41
2931113	3050276	24
1225424	1906944	3389
4265286	3050276	24
3889800	714799	130
3050276	1420750	18
2859297	3910561	110
3050276	4596670	18
1872798	3050276	24
3124980	3889800	124
3142076	3050276	24
4591739	3050276	120
3889800	3189312	932
3639499	4514417	6
4060134	1906944	109
437435	1608492	111
3261177	4367532	71
2587560	3050276	24
1134555	3050276	17
2344399	3050276	112
2318499	3050276	32
3910561	228691	114
3910561	1906376	41
734021	4172349	122
1374532	3050276	24
2233307	3050276	24
1765976	3050276	24
1696673	3050276	24
4367532	1531723	74
2312767	3889800	124
3871386	3050276	24
4425288	3050276	24
2195608	1906944	109
760630	1906944	1482
3221731	4081380	133
3910561	3901793	114
4002910	3669754	290
2994517	2300892	115
3050276	210580	18
94600	3050276	24
3555670	3050276	24
2986453	3889800	124
2954895	3050276	24
1864442	2393387	31
2155642	3050276	24
3901793	2535905	883
1608492	2407009	123
1922577	3050276	24
4585343	4172349	122
461207	3050276	24
2419481	4367532	71
3889800	3863593	932
3742909	3050276	24
3050276	1945316	18
3460083	3050276	112
2950495	3050276	24
3910561	558958	113
4306041	1906944	1482
3889800	568373	130
4220748	1906944	109
4367532	866536	74
3910561	4516401	41
589402	4367532	71
3050276	348578	18
378638	2994517	287
3958609	3050276	17
1392654	3050276	24
3460529	3050276	17
1596033	3889800	124
1906944	1942653	1215
3050276	903142	141
4478690	1906944	3389
2020187	2393387	586
2864292	82415	132
102857	3050276	24
560694	3050276	24
2265553	4367532	71
4172349	788720	118
2512034	1906944	2974
2147381	4172349	122
2477634	4514417	6
3889800	3112428	130
767410	1906944	2077
4371019	3050276	24
3628740	3889800	124
2447319	3050276	24
3889800	233664	130
3339309	3050276	24
576537	3836585	128
254229	1906944	129
4590591	3050276	24
3889800	3958642	932
3392712	3050276	24
399795	3050276	35
3237503	1906944	109
4367532	3390135	74
4172349	1764468	118
20452	3050276	24
4253575	3910561	15
1839312	1906944	1482
3050276	2931364	18
3910561	643402	41
3993630	3050276	24
3050276	3460083	141
2407244	3669754	290
2228181	3910561	593
3792931	3050276	24
2753054	4367532	71
322587	3050276	24
1322070	4514417	6
2961182	3050276	24
3050276	3641741	141
795752	4514417	6
4021611	3910561	116
1224506	1906944	109
3596300	4642970	133
2986453	3910561	110
1390310	4226375	132
3278760	3050276	24
2680167	1906944	109
3534673	3910561	127
586028	1046198	133
589402	3050276	17
3050276	2875767	18
3724484	1618889	132
3889800	2627619	932
1224014	4367532	71
4367532	2940973	74
3910561	695918	108
3580961	1906944	2974
3889800	3972217	932
124772	3910561	127
4367532	3601276	74
3050276	2648219	18
855538	1906944	129
3889800	3963806	932
3050276	1773555	18
696626	3050276	24
752101	1906944	129
2979728	3050276	24
2583916	3050276	35
3747065	4172349	122
2258934	1906944	109
764227	3050276	24
603208	3910561	116
2104110	4514417	6
3269076	3050276	17
4496185	3050276	35
984356	3050276	24
2273933	4514417	6
1073815	4367532	71
2766405	4172349	122
1068204	3669754	290
256600	4514417	6
3873255	3050276	24
3910561	8225	114
4517608	3050276	112
2159283	2994517	287
3910561	349369	108
788720	4172349	122
2990797	3050276	24
3050276	4610414	18
1801620	3558035	929
2254562	4514417	6
2537918	4514417	6
1906944	1188138	695
2994517	4464469	115
368938	3050276	24
3050276	214575	18
4226375	3669754	290
3823770	3050276	24
3143935	4514417	6
543929	3050276	24
1481255	3050276	120
1756873	3910561	127
3172312	1906944	1482
4172349	2497571	118
3139052	3050276	24
1366613	3050276	24
1668887	1906944	109
1540142	1906944	109
47396	3050276	24
1032893	1906944	2974
1803005	3910561	127
2750220	3050276	35
4393240	2607137	128
1104570	1906944	109
1708224	1906944	129
4642970	563152	123
649335	3050276	24
3735985	1906944	109
334924	3050276	24
3050276	4279207	18
3359335	4514417	6
1117366	3050276	24
3050276	11623	18
4537859	1638960	128
769789	3889800	124
2335846	1906944	109
3050276	1632172	18
1706203	3843984	287
3050276	2243564	18
2020187	947165	18
3050276	849126	18
1326173	3910561	127
551688	4514417	6
4170137	2125536	132
349891	4514417	6
2509358	3669754	290
743948	1906944	2974
2424947	3910561	125
3910561	4302129	669
3373583	4367532	71
2677583	3910561	116
1833028	734021	132
4172349	3564448	118
622531	3050276	24
502636	3050276	24
3190424	1897726	115
4172349	1688999	118
2711168	3050276	24
3490519	1906944	2077
4487300	1906944	109
3046769	3050276	24
4081380	4542126	882
3711723	3910561	116
3050276	4226134	24
3755167	3050276	24
3910561	107246	114
3050276	926378	18
4588191	1279932	929
4591770	1046198	133
3970169	3050276	24
1124421	3050276	24
1569315	1906944	109
1451337	3050276	24
85866	3910561	116
2483957	3050276	120
3112428	1906944	129
2735776	4367532	71
4590591	1906944	109
3050276	3157510	18
3870129	3050276	35
746558	3050276	24
47535	4081380	10
1350493	3050276	24
4028546	3669754	290
467959	3050276	24
3910561	427677	108
4323723	3910561	110
1963322	3050276	24
163739	3050276	24
4367532	1383366	74
2794246	3050276	24
4071102	1906944	109
3865658	3050276	24
3635944	3910561	110
1649365	1906944	109
4367532	1611334	74
2442191	1906944	109
1787337	3050276	24
3050276	325287	18
4516401	3050276	35
4192529	1906944	1482
1162277	3050276	24
97306	4367532	71
3050276	20452	18
2729952	3050276	24
985333	1906944	109
3780793	2243112	929
3112537	3910561	127
4429459	4172349	122
179084	4514417	6
2072771	3050276	24
2032670	3050276	17
2340563	3050276	24
1210482	3910561	116
3567439	3669754	290
1273986	3050276	24
2440393	1906944	109
3866878	4514417	6
3095160	3050276	24
1552652	3050276	24
540467	3910561	127
173266	3050276	24
4135906	3050276	17
4141958	3050276	24
3557186	3050276	24
4397184	3050276	24
4213756	3050276	17
3050276	3488341	18
2254946	3050276	24
2258934	3050276	24
1073802	2611301	287
1906944	4552843	1983
82710	3050276	24
4111931	4172349	122
694914	1906944	109
3050276	2233307	18
2863820	3050276	24
848200	1906944	129
3363715	3050276	24
3872132	3050276	24
3399667	165573	887
4172349	2309763	118
3050276	8359	18
1186960	1906944	2077
1338347	3910561	127
2256405	4367532	71
3910561	1595091	108
4055274	3050276	24
2734165	4514417	6
271046	1143021	132
4413391	3050276	24
2593641	3050276	24
2310782	3050276	24
3910561	19508	114
3050276	4323730	18
2945757	3050276	24
2177000	3910561	125
2364620	3910561	116
3914027	3050276	24
1190895	3050276	24
3955902	3050276	24
3910561	753336	114
3821757	3910561	127
1671436	3910561	110
4498646	3050276	24
3892919	3843984	287
1536624	3050276	17
3910561	399082	114
3910561	2611301	551
3050276	1808186	18
3628740	3910561	110
4367532	3505702	770
3190424	82415	115
3153184	4514417	6
3390883	4367532	71
3124980	3910561	110
1884007	4514417	6
4172349	3208851	118
3889800	1924523	130
1707647	3910561	116
1102018	2020187	24
2902487	3050276	24
4612921	3050276	24
342731	3050276	24
4341522	1686681	3358
2758409	4172349	122
3259462	3050276	24
3724182	3050276	24
3373583	4514417	6
4607746	3050276	17
2029852	1906944	129
3667028	3050276	24
2598817	1906944	109
4100210	852864	133
3889800	612064	130
2994517	2461649	115
1608492	414823	929
1764146	2648919	128
4590313	3910561	110
1848073	3910561	116
903142	1906944	121
4091625	3050276	24
3050276	4147651	141
3050276	3687834	18
598394	3050276	24
1899768	1906944	109
2719048	3050276	24
3212024	4514417	6
3788763	4514417	6
4354714	3050276	24
3910561	488426	108
3683831	1251355	128
3380224	3050276	24
2386231	4172349	122
3341400	4367532	71
2716210	3050276	35
1350395	3050276	24
1942844	3050276	24
2674145	3050276	24
4348838	3050276	24
630189	4514417	6
1906944	1140358	1983
3453489	3050276	24
2140740	3050276	17
3050276	635477	18
3910561	1748110	108
4159238	3910561	116
1614471	3050276	24
1747598	3050276	24
3910561	497001	41
3204060	3050276	24
3537316	2611301	287
4367532	2533970	74
734503	3050276	24
3910561	1795059	108
1716774	3050276	24
1756775	4514417	6
4172349	1706203	118
1360275	4172349	122
4172349	2897281	118
2677583	4514417	6
3484493	3050276	24
2548589	3050276	24
3910561	263881	108
349369	4367532	71
357753	3050276	24
365933	1906944	109
1686681	47535	101
4367532	3282243	74
4429459	936005	128
3910561	1322933	114
1897726	4172349	122
3261177	3910561	127
1801620	3889800	2835
259176	1801620	133
3698740	3910561	127
3758970	1906944	129
3910561	1539315	108
1027510	4367532	71
4367532	1056324	74
3889800	3124569	130
35278	4367532	71
1808186	1906944	109
930792	3050276	24
4425288	1906944	109
344179	1906944	2974
3473019	4514417	6
498880	1906944	2974
4367532	2625685	74
2827953	4514417	6
855299	3050276	24
4105391	1906944	109
1746352	3050276	24
3824385	3910561	116
3000518	4514417	6
370667	3910561	127
1078044	3050276	24
2611301	2758409	115
647984	1686681	119
3910561	3433137	551
4537859	4172349	122
2260501	3889800	124
2563758	3050276	24
224766	4367532	71
3050276	1366577	18
2798031	1906944	1482
3515191	3050276	24
4008189	1906944	109
2588944	3050276	24
4469383	3050276	24
935977	3050276	24
3910561	4285951	108
1186960	3050276	17
3624912	3050276	24
603032	3050276	24
4601659	3050276	24
3910561	491491	114
4172349	3154716	238
2647055	1801620	133
1897411	3912649	128
3249298	3050276	17
1056324	4367532	71
2745443	2611301	287
435281	3050276	24
4373620	3382543	101
1608492	437435	123
4483147	3050276	24
4653940	3050276	24
3910561	1972387	41
2020187	342731	18
1974211	3050276	24
3050276	3261040	18
793908	3050276	24
3601276	3050276	17
450142	3910561	593
497001	3050276	35
3825428	3050276	24
497001	3910561	125
2085632	3050276	24
4156194	3050276	24
2661105	3050276	24
1675550	3910561	116
806348	4514417	6
4642970	2497721	123
3910561	3373583	108
1595091	3910561	116
3657437	3910561	110
4627920	3050276	24
2020187	3746031	18
589402	3910561	127
3551705	4514417	6
3050276	4297	18
307598	3050276	17
4367532	1554127	74
3050276	820934	18
3889800	2851957	130
985333	3050276	24
1888112	3910561	110
686902	3050276	24
4220748	3050276	24
572393	110384	132
798324	3050276	17
3050276	4473616	18
137971	3050276	24
2889298	3050276	24
1189646	3050276	24
2533970	1162179	132
31799	1906944	109
3910561	3209980	669
3195714	3669754	290
1482967	3050276	24
3910561	2945609	41
3204060	1906944	109
2360533	3050276	17
2513189	3050276	24
378602	3050276	24
1608492	3114046	123
2922921	3050276	24
4401646	3669754	290
2285028	1906944	109
3910561	1884634	108
3209980	3050276	17
1437171	4514417	6
1592146	3050276	35
3447234	3050276	17
3910561	1076464	108
623636	4514417	6
1963478	1906944	1482
3987819	1906944	109
4560659	3050276	24
4454239	4514417	6
1421184	3050276	24
1336037	3050276	17
4081380	970194	123
2951739	4514417	6
595520	1906944	109
2665684	3910561	125
3910561	3252447	551
3891151	3910561	110
563152	4642970	111
4298457	1906944	109
4411506	3050276	24
1800449	2020187	24
4095440	4172349	122
3889800	706151	130
3050276	4580865	141
3605358	3050276	24
4250247	3050276	24
1455292	4367532	71
1783237	3910561	110
35278	3910561	116
4383842	3669754	290
4367532	1215484	74
1996142	4514417	6
4081380	2029852	123
4367532	2944133	74
4172349	1007642	118
3910561	761693	108
1104382	3050276	24
3050276	4182019	18
278127	3050276	24
2693109	3050276	24
102857	1906944	109
3910561	3190424	551
4473616	3050276	24
2020187	727606	18
4172349	873315	118
555786	3910561	110
2301453	3050276	24
4373784	4081380	133
938188	3050276	24
3373583	3910561	127
4172349	4111931	118
3910561	2243112	114
2160562	3050276	24
1864034	3050276	24
2450499	3050276	24
551688	3050276	17
3050276	3443163	18
3827047	3050276	24
1639750	1608492	133
623700	3910561	116
4117852	1906944	109
641820	3050276	24
2036558	3889800	117
2963472	3050276	24
3195714	576627	128
3666811	1906944	109
4453512	3910561	320
751955	3910561	110
11886	3050276	24
2140740	4655689	132
3050276	2379720	18
3050276	1467656	18
4607746	3910561	116
3050276	3987819	18
4354714	1906944	109
903142	1906944	2974
2020187	1467656	18
680473	3050276	24
2240857	4514417	6
3910561	735864	114
1810397	4367532	71
1065490	3050276	24
1671436	3889800	124
3379670	3050276	24
1796507	4514417	6
3050276	4649685	141
370808	1906944	109
2392133	4514417	6
4367532	4362271	74
3112428	3910561	110
1814208	1608492	133
4268727	3050276	24
4218388	3050276	24
3050276	4487300	18
1906944	1765029	695
3190424	1778504	115
2648219	3050276	24
19508	4642970	133
1977473	3050276	24
3889800	4081380	1675
2472813	1906944	109
3376974	3889800	124
1603966	1906944	109
298189	3050276	120
3505702	1973047	74
3188735	3910561	116
3244088	3050276	24
3050276	2472813	18
1435911	2611301	287
884944	3050276	24
3833670	3050276	24
1831482	4514417	6
4172349	1778504	118
1517244	3050276	17
1772001	1906944	109
2104491	1906944	109
3050276	2576595	18
1673070	3050276	24
4147651	1906944	121
3438229	4514417	6
3106200	1906944	1482
498880	3050276	112
2923054	3050276	24
3910561	2973759	108
837805	852864	133
2029852	4081380	111
881634	3050276	24
3665361	3050276	24
3050276	2020187	2505
1906944	242972	1215
528764	3050276	120
4367532	1927060	74
3910561	4080368	113
2351225	4514417	6
847625	3050276	24
3114399	2020187	24
2627619	1608492	111
873045	4514417	6
3685466	3780793	133
1906944	2076694	1215
3382543	4373620	10
3910561	540467	108
1077172	3050276	24
1832467	4514417	6
2252983	4367532	71
3910561	1888112	114
3606301	3050276	24
2155634	3050276	24
3118044	3050276	17
3022535	3050276	24
3050276	3840276	18
3050276	2556343	18
1906944	3170540	1215
2339755	3050276	24
1924523	3910561	110
2394897	1608492	111
4080587	4367532	71
399795	3910561	125
1968772	3050276	24
3910561	370667	108
1152668	3050276	24
1924523	3889800	124
2511220	3050276	24
2922391	3050276	24
4584554	3050276	24
3050276	4171932	18
159109	3910561	116
4367532	2038070	74
4422458	3050276	24
3127709	3889800	117
4137027	3050276	24
3869162	3050276	24
3910561	4172349	114
1362607	3050276	120
1695852	4367532	71
2866240	4367532	71
468108	1906944	109
3987819	3050276	24
498767	3050276	17
3050276	4124564	18
4651636	4367532	71
551922	1906944	121
3889800	1700049	1675
4580499	4514417	6
3910561	4386107	114
3050276	2523389	18
3999618	3050276	24
2887379	3050276	24
2073774	4514417	6
3002979	1906944	109
4172349	3889800	124
1499387	1906944	1482
364023	3910561	110
4172349	2407244	118
1973047	3050276	17
743635	3050276	24
3457177	3910561	127
2367267	4172349	122
4174583	3050276	24
2087439	3910561	127
1778504	1033040	128
3910561	3913982	246
3050276	1107657	18
1769619	3050276	24
4383842	3843984	287
1611334	4367532	71
3836585	4367532	71
2198619	3889800	124
97306	3910561	116
457490	3669754	290
4367532	481520	74
3486414	3050276	24
1720921	3050276	24
3924384	3050276	24
4532698	3050276	24
2020187	4438315	18
407309	4514417	6
3211659	3050276	35
4367532	3491490	74
4216766	3050276	24
1652287	3050276	24
1686681	3382543	101
4172349	3628123	118
3136787	3050276	24
4150650	1906944	109
3889800	2513996	932
33201	4514417	6
4008189	3050276	24
2254562	3910561	127
3635944	4642970	133
2192786	3050276	24
3969415	3050276	17
4272443	3050276	24
308480	3050276	24
3050276	2127656	18
1986860	1906944	109
435476	3050276	24
2618946	3050276	24
3409388	1973047	74
2924019	1906944	129
3889800	1671436	130
1609897	1608492	111
1735102	4642970	111
3405938	4172349	122
3910561	53204	41
3747065	3669754	290
2906492	3050276	120
1135949	3050276	24
899036	3050276	24
76249	3050276	24
2626746	1906944	109
3910561	1952909	114
2930782	3910561	110
2155642	1906944	109
1414394	3050276	24
873840	1906944	109
3794271	3050276	24
3349245	3910561	116
1335835	3050276	24
4392020	3050276	24
372438	3910561	110
4172349	3937743	118
3889800	1133266	130
1186960	1906944	631
221134	3910561	126
248246	1897726	132
5466	3050276	24
706151	3910561	110
4198141	3050276	24
669637	1906944	109
3956074	1906944	2974
3880660	3050276	24
3910561	3757068	41
1587635	4514417	6
1915322	3050276	24
4341244	4514417	6
168665	3050276	24
1783237	3889800	124
1190574	1906944	129
2531706	3050276	24
2709164	3910561	116
1675550	3910561	127
336539	4367532	71
4367532	3893734	74
3390135	3910561	127
779829	3050276	17
1900891	3050276	24
43866	4514417	6
1864442	3050276	17
1502725	4514417	6
217837	3050276	24
551688	873315	132
2832010	4514417	6
261030	4514417	6
4367532	4080587	74
169359	3050276	24
505625	4514417	6
2598817	3050276	24
1552652	1906944	109
540193	3050276	17
4593232	3050276	17
3430150	3050276	24
3910561	2985224	41
2243112	3889800	124
4367532	1943684	74
3910561	1217326	108
4081380	47535	101
2480889	3910561	116
780760	3050276	24
3050276	2680167	18
2066245	4367532	71
3975891	3050276	120
3050276	75921	18
4367532	2719871	74
1616602	3050276	24
3889800	788467	932
3910561	1348495	114
4626542	1906944	109
2946434	3050276	24
3922243	3910561	125
4442725	3050276	24
3965707	1801620	111
1728091	3050276	24
3844918	3050276	24
4579012	4514417	6
3188735	3910561	127
3050276	3124551	18
307598	4514417	6
1133266	4642970	133
1699623	753336	929
4302129	3050276	17
578914	3050276	120
3889800	3124980	130
4172349	3405938	118
2394897	3889800	117
4429459	3669754	290
1523570	3050276	24
2287926	3050276	24
795689	1906944	109
3910561	4617368	108
2548178	1906944	109
3912649	3050276	17
1708408	3050276	24
1156834	3050276	24
1700049	3889800	2835
1680673	1906944	109
3390135	3050276	17
2145664	4514417	6
3972217	4642970	111
1976884	3050276	24
2143716	4514417	6
3914027	1906944	109
3126778	3050276	24
4367532	2990912	74
2923929	3050276	24
1842856	4172349	122
123719	1906944	109
2084431	3050276	24
239425	4514417	6
4647931	3050276	24
3050276	3216195	18
4367532	3770898	74
3376895	3050276	24
1857771	4367532	71
1569315	3050276	24
3428301	4367532	71
1217418	3910561	127
4367532	3218218	74
512473	1686681	3358
3889800	2394897	932
3889800	592491	932
4624356	3050276	24
4367532	2146720	74
2774181	1906944	109
4601035	3050276	112
3790806	4514417	6
4373620	1973047	74
2143171	810710	929
2012919	4172349	122
620404	3050276	24
3638473	3050276	17
3910561	2252983	108
587449	1906944	109
348405	3050276	120
1608492	3124569	929
3957406	3050276	24
2233727	4514417	6
3000676	3050276	24
4341969	3050276	24
4165734	3050276	24
679424	4514417	6
3050276	3680158	18
1666653	3050276	24
207421	4514417	6
1510465	4514417	6
315279	3910561	125
726390	3050276	24
2897281	3669754	290
4172349	1493216	118
3889800	241151	932
4469383	4081380	2012
3680158	3050276	24
3681686	1906944	109
2836172	3050276	24
2586446	3889800	2835
3124980	4341522	133
4616220	3050276	24
2014991	3050276	24
1469670	3050276	24
4175548	1906944	109
2923042	4367532	71
96952	3050276	24
4102968	3050276	24
3050276	2959658	18
3910561	1217418	108
3910561	2596875	114
3601276	3910561	127
3910561	2821358	669
4472617	4140037	128
896229	3050276	24
3843984	2766405	115
1533352	3050276	24
695918	4367532	71
4172349	2125536	118
19508	3910561	110
592491	1801620	111
864644	3050276	24
3249298	4514417	6
3561761	3050276	24
3050276	1976884	18
3241360	3910561	110
3556471	3050276	24
3050276	1748192	18
2020187	281884	18
4147651	3050276	112
3050276	996534	18
2806331	1906944	109
81863	4514417	6
1625351	3050276	24
3356386	3050276	35
4080298	3910561	116
3073451	3050276	24
4513186	3050276	24
3910561	578326	113
3910561	4607746	108
4367532	938613	74
3285568	4514417	6
3566528	4514417	6
4590313	4081380	133
849126	1906944	109
214847	4172349	122
3068348	3050276	24
3050276	543929	18
1579489	1764146	115
3119916	1906944	109
1589748	3050276	120
3764972	3050276	24
3092086	3050276	24
4588127	2393387	32
3050276	3237503	18
379045	1906944	129
2800307	3910561	125
4081380	1998326	123
3192316	4514417	6
1527735	3050276	24
4278921	3050276	17
3196736	3050276	24
1795059	4367532	71
3847994	3050276	24
325287	1906944	109
3910561	2294900	114
623636	3050276	17
3050276	82710	18
824648	3050276	24
2766405	2788169	128
2613162	1906944	109
381560	3050276	17
3127552	3050276	24
4367532	2753054	74
3050276	2510749	18
3050276	4601035	141
3279660	4172349	122
2854087	3050276	24
2393387	145116	18
3843984	110384	115
2271691	3050276	24
993494	3050276	112
4374894	1801620	133
926378	3050276	24
2198619	1390032	133
1998326	3889800	117
2745355	4164185	204
3050276	414530	18
3015636	1801620	133
3046966	3050276	24
486244	1906944	109
1609897	3889800	117
4367532	334576	74
2308129	3050276	24
3321790	3050276	24
4367532	2601402	74
706151	3889800	124
3889800	1609897	932
336539	4514417	6
4185388	3050276	24
3050276	2266428	18
931403	3050276	24
1906944	498880	1983
3889800	2036558	932
2299791	4514417	6
1952909	3910561	110
2613636	4514417	6
2652024	4514417	6
3310788	3050276	24
4532798	3050276	24
2096690	3050276	24
3256125	3050276	24
4321825	3669754	290
3910561	674355	114
4507758	3050276	24
3050276	2334026	18
3683831	4172349	122
1263747	3050276	24
4427378	1906944	109
4398196	3050276	24
914754	3050276	24
1801620	90929	123
1801620	241151	123
2648919	1764146	132
1390032	612064	929
3634050	3050276	24
2294900	3889800	124
1708524	3050276	24
2532445	3050276	24
3050276	2020187	70
4172349	3632772	118
2516594	3910561	593
1906944	4649685	1983
2684496	3050276	24
2610641	3050276	17
1963322	1906944	109
1906944	770170	1983
1632395	4514417	6
2348833	3910561	127
3050276	468108	18
576627	4514417	6
2020187	3050276	741
2422000	1906944	2974
2800948	3050276	24
4539617	4514417	6
268731	1906944	109
1777812	3050276	24
2334026	3050276	24
2735966	1906944	129
599280	4514417	6
753353	3050276	35
3216195	3050276	24
3050276	1800449	18
3050276	4517608	141
1543929	2758409	132
3118709	3050276	24
3666811	3050276	24
3249298	1910712	132
1859986	3050276	24
1143021	4172349	122
4100210	3910561	110
3050276	4353394	18
555055	1906944	109
2610641	3910561	127
2420617	3910561	125
3162061	4367532	71
2734893	3050276	24
3910561	3349245	108
3157510	3050276	24
3910561	1336037	669
3642179	3050276	24
4158738	1906944	1482
187120	2118407	118
3465341	4514417	6
1924523	1608492	133
3910561	4587273	108
3547563	1906944	109
13165	1906944	2077
83207	3050276	24
3889800	769789	130
3238407	4367532	71
2994517	2200670	115
233097	3050276	24
3102233	3669754	290
2990912	4514417	6
2963732	1906944	109
3537313	3050276	120
2613162	3050276	24
20077	3050276	24
4120392	3050276	24
893616	4172349	122
1686681	4062821	113
1312086	4514417	6
2738161	3050276	120
430552	2021981	128
4590313	3889800	124
1608492	1686681	3358
2127656	1906944	109
2020187	4145294	18
1801620	4374894	929
3307708	3050276	24
4364543	3050276	24
1932698	3050276	24
4083993	3050276	24
3889800	970194	932
2879781	3050276	24
3675827	3050276	17
2492108	3050276	120
3460273	3050276	24
3050276	1569315	18
1092964	4514417	6
3050276	4213756	38
72030	4514417	6
3910561	1247448	114
3466343	3050276	24
3550865	3050276	24
2563103	3050276	24
312819	1686681	3358
3050276	985333	18
403942	3910561	960
373232	1906944	129
2427645	2393387	32
3628123	3669754	290
3974196	3050276	24
595333	3050276	24
3050276	3976477	18
3889800	3635944	130
1666467	3050276	24
3910561	782987	41
2747278	4367532	71
92535	3910561	127
1608492	3889800	2835
2549226	3910561	116
3050276	1838966	18
4564110	1906944	109
3491490	4367532	71
4367532	1833028	74
3863593	3889800	117
4431706	3050276	24
1829541	3669754	290
3234412	3050276	24
2750220	3910561	125
2611301	2745443	115
3910561	3891151	114
1648399	1906944	2221
3341400	3910561	116
4317843	3050276	24
72030	3910561	116
2393387	1566588	18
1608492	3376974	929
1217418	3050276	17
3889800	3150675	932
533550	3050276	24
4074018	3050276	35
268090	3050276	24
1136633	3050276	24
697933	3050276	24
4367532	561547	74
3889800	2647055	130
2139997	4514417	6
2497571	3669754	290
2186643	3050276	24
3780793	2584903	929
3558035	1801620	133
4496185	3910561	125
3889800	379045	130
4622243	3050276	24
3910561	1312086	108
3050276	3243493	18
3050276	2217752	141
4367532	3118044	74
3400296	3050276	24
561547	4367532	71
4282318	1906944	109
1906944	1119227	695
3050276	3636796	18
2851957	3889800	124
4537027	4367532	71
1481255	1906944	1482
3346845	3050276	24
857324	1906944	1482
1897726	3190424	287
195682	4514417	6
2147381	2611301	287
2739736	3050276	24
2217752	1906944	121
2758409	2611301	287
4276958	3050276	24
291894	3050276	35
4139980	4514417	6
2579099	3050276	24
3611419	3050276	24
3726368	4514417	6
4575095	4514417	6
1906944	2217752	695
4172349	1897411	118
2868544	3050276	24
3567931	3050276	24
3910561	2954429	114
4367532	1795059	74
348405	1906944	1482
1808186	2846260	109
1262236	898793	883
3910561	3999341	114
3180492	1906944	109
2586873	4514417	6
558958	3910561	126
105009	2020187	146
1398089	3050276	24
2945609	3910561	125
1210482	3910561	127
643402	3050276	35
2647055	3889800	124
2239867	3050276	17
3843984	3892919	115
3464512	3050276	24
1906944	3580961	1983
714799	3910561	110
3050276	4490597	18
3050276	398298	18
3910561	195682	108
3050276	1091602	18
1630618	3050276	24
2206208	3910561	127
572393	3050276	17
4081380	4469383	882
1821769	3050276	35
4021611	3910561	127
3150675	3889800	117
3990776	3050276	24
4209184	4367532	71
3050276	2804726	18
1589748	1906944	1482
3790806	3910561	127
1717994	1906944	109
572393	4514417	6
1668120	3669754	290
11623	1906944	109
3015636	3910561	110
4028546	2994517	287
1543929	3050276	17
94343	3050276	24
1005780	3050276	24
3119916	3050276	24
143238	1906944	109
3515394	4514417	6
946910	3910561	127
1686681	3204771	2498
2784206	1906944	109
1700411	3050276	24
3154716	2393387	24
11623	3050276	24
1114438	3050276	24
3050276	2142510	18
3910561	4591770	114
2337804	3050276	24
3027302	4514417	6
3730792	1906944	109
3100593	1906944	109
3050276	3681686	18
3050276	993494	141
3044918	3050276	24
4473601	4367532	71
3910561	4135906	108
3050276	3180492	18
4182019	3050276	24
2610641	4514417	6
1792365	3050276	24
2743968	4514417	6
4580499	3050276	17
4258233	3050276	35
1906944	344179	695
4081380	1686681	3358
3050276	1009856	18
2864767	3889800	124
427677	3910561	127
3050276	27530	18
3964641	3050276	17
2719739	3889800	117
3114046	1608492	111
4519771	3050276	24
1906944	1483212	1983
757027	3050276	24
3910561	97306	108
1700497	4514417	6
3463797	3050276	24
3443163	3050276	24
3045687	3050276	24
4348248	1906944	109
1686681	2222809	68
1575128	3050276	24
3050276	3813198	18
1832925	3050276	24
3966218	3050276	24
4367532	259956	74
4172349	4135431	118
1228870	3050276	24
3352287	3050276	24
3910561	2051804	114
4074018	3910561	125
2005546	3050276	24
1318236	3050276	24
711337	3050276	24
3050276	3557186	18
1483212	3050276	112
1140358	1906944	2974
1237616	4514417	6
1435911	4172349	122
1104570	3050276	24
1131314	4367532	71
4453512	1906944	129
3910561	1293388	114
2611301	3215606	115
1976956	1906944	109
4172349	2846260	129
1762972	3910561	116
311871	4172349	122
3050276	2598817	18
1245082	3050276	24
3515076	1906944	1482
3889800	837805	130
3084572	3050276	24
69220	3050276	24
1357204	3050276	24
2294900	3910561	110
3889800	4219940	130
2766405	3843984	287
405360	4514417	6
2963472	1906944	109
2266428	1906944	109
4198166	3889800	124
1279932	3910561	110
808843	3050276	24
3993985	3050276	24
3707721	3910561	116
1068204	4172349	122
3910561	3112537	108
3050276	4451837	18
3730792	3050276	24
4472617	4172349	122
637325	3050276	24
515400	4367532	71
878462	4514417	6
4171932	1906944	109
4172349	3508117	118
4603441	4514417	6
3050276	2220698	18
348578	1906944	109
2233307	1906944	109
3050276	1540142	18
3050276	1326173	38
2143171	2294900	929
1727454	3050276	24
1076956	3050276	24
1778504	3190424	287
3760658	1829541	132
3671952	3050276	24
4367532	56606	74
4303270	3050276	24
2523022	1906944	109
1143021	271046	128
1093098	4514417	6
1411234	3050276	17
121732	3050276	24
3889800	1917800	1675
3889800	3685466	130
437435	3889800	117
414823	3910561	110
235017	3910561	116
1263681	3050276	24
1055677	4172349	122
3050276	4397184	18
1263332	4514417	6
4426922	3050276	24
2064791	3050276	24
3520430	3910561	110
1088724	4367532	71
124772	3910561	116
4172349	558094	118
2104726	3050276	24
838387	4514417	6
898793	1686681	4718
1262236	3910561	110
1804826	3050276	24
1688999	4172349	122
4080298	3050276	17
4021611	4514417	6
3261040	3050276	24
4163198	3050276	24
3910561	2698045	669
3910561	364023	114
1852446	1906944	1482
4560582	2020187	18
2674000	1906944	2974
3910561	4174904	108
2126984	4514417	6
3889800	1156204	130
345888	3050276	24
783388	3910561	110
4276958	1906944	109
2996296	3050276	17
2728296	3050276	24
3050276	1680673	18
2586873	3050276	17
1467656	3050276	24
1910712	3669754	290
3053804	3050276	24
2901454	1906944	109
3050276	1976956	18
1680673	3050276	24
4164185	4514417	6
1383366	4367532	71
3050276	2523405	18
2738161	1906944	1482
3964641	4514417	6
387075	3669754	290
469667	3050276	24
4642970	1133266	929
3186248	3050276	24
2379720	1906944	109
3209252	1906944	109
1455292	3050276	17
4397184	1906944	109
3889800	507629	932
3737096	4514417	6
542044	3050276	24
1748192	1906944	109
4172349	1472235	118
2360533	1764468	132
1143021	3669754	290
1501888	3050276	24
4333439	3910561	593
1119227	1906944	2974
4046176	3050276	24
3241957	3050276	24
475818	3050276	24
4188430	3050276	24
2523405	1906944	109
1251355	3683831	132
4285951	3050276	17
1536624	4514417	6
1801620	2719739	123
2607137	4393240	132
3050276	1712577	18
768134	3050276	24
2734966	3050276	120
1350493	1906944	109
1633678	4367532	71
417901	3050276	35
349369	3050276	17
4172349	4401646	118
1236170	4514417	6
795752	3910561	116
3910561	716804	114
825639	3050276	24
3520430	3780793	133
3708832	3050276	24
1701299	3050276	24
1589824	3050276	24
3162061	3910561	116
1994719	3050276	24
2440393	3050276	24
4172349	4655664	118
2113286	3050276	24
4642970	1156204	929
878800	4172349	122
3785508	3050276	24
2813890	1686681	3358
3922267	3910561	127
1507240	3050276	24
810028	4514417	6
3910561	3308183	41
2922026	1906944	109
1886444	3050276	24
3050276	3666811	18
3915485	1906944	109
2456730	1906944	109
3910561	2351166	108
970194	4081380	111
334576	4367532	71
3889800	3628740	130
1060354	3050276	24
1906816	3050276	131
2302556	3050276	24
3723774	3050276	24
1517244	2745443	132
1856472	3050276	24
4590250	3910561	116
2799947	3050276	24
876273	3770898	204
898793	2596875	556
4138005	3050276	24
4027955	4514417	6
3378113	3050276	24
3116891	3050276	24
1955110	4514417	6
1323316	3050276	24
1641398	3050276	24
3889800	3657437	130
4172349	1842856	118
1706203	3669754	290
2901454	3050276	24
3926724	3050276	17
3492099	3669754	290
3867728	3050276	24
3910561	3707721	108
1033040	3050276	17
1224506	3050276	24
4552127	3050276	17
3050276	2922026	18
3568742	2611301	287
3551049	3050276	24
3279660	3669754	290
384256	3050276	24
337205	3050276	24
1719292	1906944	109
387274	4367532	71
4367532	2322463	74
4367532	592931	74
529169	3050276	24
1537702	3050276	24
3050276	2009049	18
3910561	3015636	114
2305894	3050276	24
2676360	3050276	24
3050276	4410098	18
3050276	3339309	18
3189312	4642970	111
3050276	1163440	18
2685336	3669754	290
853860	3050276	24
4367532	236817	74
4593232	179194	132
1906944	4517608	1983
3910561	586028	114
2594438	3050276	24
1524892	1906944	109
4160713	3050276	24
1906944	2722794	695
3910561	359166	41
4473726	3050276	24
2769536	3050276	24
3910561	2886031	41
4172349	2461649	118
2021981	430552	132
4172349	4498699	933
1133719	3069000	128
2020187	3154716	18
2331948	4514417	6
3628740	3780793	133
2674843	3050276	24
1906376	3910561	125
1084085	3050276	24
2324257	3050276	24
4172349	2453411	118
3452348	1906944	109
2205975	3910561	593
3910561	3709464	41
3064759	3050276	24
2915682	3492099	132
1420750	1906944	109
2899475	3050276	24
4248403	4514417	6
1323312	2933735	1674
2875767	1906944	109
1702527	3050276	24
896180	3050276	24
1801620	2547063	929
4367532	4032976	74
4197479	3050276	24
1608492	1888112	929
259956	4367532	71
3910561	423032	108
4100210	3889800	124
3050276	542044	18
2408696	1906944	109
1186190	3050276	24
3050276	4282318	18
3910561	2583916	41
47535	1093098	210
1539315	3910561	116
4336140	4514417	6
2869981	3669754	290
618963	3889800	2835
1091602	3050276	24
329044	3910561	127
1046198	586028	929
3910561	3234590	41
1188138	3050276	112
1756873	3910561	116
4367532	4160144	74
4487146	3050276	17
1383366	3910561	593
3910561	2348833	108
3050276	1385664	18
3154716	2933735	2627
3910561	2584903	114
3393404	3050276	24
4121865	1906944	1482
2480889	4367532	71
2116811	3050276	24
4111011	3050276	24
3910561	612064	114
3889800	4397957	130
896229	1906944	109
214847	3669754	290
3877397	3050276	24
3430769	3050276	17
3889800	716804	130
3411933	4367532	71
3889800	2363637	130
3956074	1906944	121
3050276	2718461	38
3698740	3910561	116
1848073	3910561	127
1852306	3910561	110
4560083	3050276	24
4282318	3050276	24
895632	3050276	24
2634766	1906944	631
2375203	3050276	24
1618889	4172349	122
1906944	242972	1179
4278921	3910561	127
3433137	3910561	1485
2407244	4172349	122
3958609	4367532	71
450142	3050276	17
4172349	1897726	118
3162061	3050276	17
3910561	2318499	108
2701122	4514417	6
613775	505625	338
1795059	3910561	127
717543	3050276	24
3643605	3050276	17
3050276	857506	18
2254562	3910561	116
3681837	1906944	1482
2084061	1906944	109
3889800	373232	932
2865921	4514417	6
1711920	4514417	6
4367532	509885	74
2933735	3154716	2608
3209980	4367532	71
3843984	2367267	115
2051804	3910561	110
3931998	3050276	24
3784511	3050276	24
53204	3910561	125
4367532	3104813	74
2278442	1906944	109
3889800	1801620	1675
3910561	603208	108
2541053	3050276	24
2782853	3050276	24
4367532	3238407	74
2709164	4367532	71
1906944	2422000	695
4135906	4367532	71
4401646	4172349	122
1396777	4514417	6
1927060	4514417	6
3205191	1906944	109
1033040	4367532	71
4552843	1906944	121
4367532	2252983	74
925953	3050276	24
2020187	1242597	684
349369	3910561	127
855538	1801620	111
639671	4029325	128
3805399	3050276	24
3050276	1649653	18
3050276	2020187	18
228691	3910561	110
4172349	1973047	293
1916227	1906944	129
3050276	1418636	18
4169178	3050276	17
4230778	3050276	24
1762972	3910561	127
3910561	2866240	108
1633678	3910561	127
228691	3889800	124
1603966	3050276	24
3490519	3050276	17
1608492	1609897	123
2038070	4367532	71
2983987	3050276	24
271046	3050276	17
3215606	4172349	122
1756873	3050276	17
153318	3050276	24
379045	3889800	124
3050276	4590591	18
2611301	1688999	115
3910561	3460529	108
1705721	1906944	109
4145294	3050276	24
4626542	3050276	24
1397337	2648919	492
3731932	1906944	109
2069978	3050276	24
2830951	3050276	35
4338272	4514417	6
1359734	3050276	24
2107425	3050276	24
3910561	1232369	41
4412383	3050276	24
3910561	3411933	669
3098845	3050276	24
586028	3889800	124
667582	1906944	109
3614114	3050276	35
695918	3910561	116
1009856	3050276	24
3050276	2143244	18
259176	3889800	124
866536	3910561	127
3843984	3910561	1485
4494092	3050276	24
893616	4453568	128
3889800	3965707	932
857005	3050276	24
4617368	3910561	116
790406	3050276	35
4642970	3596300	929
3050276	2734315	18
1027510	4514417	6
3910561	2480889	108
3910561	2842374	41
4367532	1748110	74
3889800	3558035	130
4172349	378638	118
4242645	3050276	120
2745355	1686681	119
2300673	3050276	24
2147381	3669754	290
1075699	4172349	670
944757	3050276	24
574450	1906944	109
3910561	235017	108
2726829	3050276	24
3703143	3889800	117
3050276	102857	18
351574	3050276	35
3840276	1906944	109
2944133	4367532	71
3050276	1141115	18
3933565	3050276	24
843258	3910561	116
1801620	1686681	3358
3050276	587449	18
1618889	3669754	290
402800	3050276	24
2985224	3910561	125
1411234	4514417	6
4367532	4062056	74
1764468	3669754	290
323409	3050276	24
4029325	4367532	71
3050276	3859460	18
4019311	3050276	24
3889800	4642970	1675
3785508	1906944	109
2379000	1906944	109
3508756	3050276	24
3910561	3926724	108
3780793	706151	929
2987579	3050276	24
215959	3050276	24
47535	3910561	10
1392654	1906944	109
3910561	3520430	114
149861	3910561	127
2500371	3050276	24
1539315	3050276	17
4489711	3050276	24
1437168	3050276	24
3910561	551888	114
3050276	535667	18
3547563	3050276	24
4284443	3050276	24
2750762	4514417	6
3034316	3910561	125
3960840	3050276	24
1834747	3050276	24
508336	3910561	125
3050276	2622098	18
4367532	2476369	74
3050276	3204060	18
779829	4367532	71
1681555	3050276	24
543929	1906944	109
1012951	4514417	6
2624081	3050276	24
153318	1906944	109
4292765	1906944	1482
3050276	1765029	141
3910561	706151	114
4367532	2419481	74
4591770	3910561	110
4343217	3050276	24
4367532	2723946	74
1073802	4172349	122
3889800	2547063	130
4642970	2312767	929
388668	3050276	24
4226375	1390310	128
776985	3669754	290
236817	4367532	71
417901	3910561	125
1891349	1906944	109
3050276	1297220	18
2669497	3050276	24
4367532	4142288	74
2723709	3050276	24
1046198	1686681	3358
3741719	4514417	6
1906944	1483212	695
3050276	4542126	18
3910561	3079092	114
3079415	3050276	24
10374	3050276	24
1175428	1906944	109
3050276	3515191	18
2203260	1906944	1482
4367532	1707647	74
35278	3050276	17
4150650	3050276	24
4642970	3972217	123
2302780	3050276	24
2239867	1906944	2077
4367532	3341400	74
3502272	4514417	6
3192717	1906944	1482
184801	3669754	290
2314599	3050276	24
2351166	3910561	127
2547063	3910561	110
1637962	1906944	109
3910561	1536624	669
1906944	4517608	695
1032893	1906944	121
3050276	1104570	18
4172349	4002910	118
3821757	4367532	71
3910561	3840922	108
4187957	3910561	110
3112537	3910561	116
3910561	2830951	41
1475104	4514417	6
4172349	4383842	118
1685820	3050276	24
3050276	928021	18
2301453	1906944	109
613775	3910561	890
4323243	4514417	6
3889800	3596300	130
1046198	4591770	929
797722	3050276	24
2364620	3910561	127
3693803	4367532	71
3154716	2846260	109
876273	1686681	119
1906944	993494	695
2748112	3050276	24
2020187	4560582	24
3790806	3910561	116
4585197	3050276	24
2671771	3050276	24
3910561	2205975	669
4327099	3502141	132
4655664	4172349	122
349369	3910561	116
2336560	3050276	24
4369400	4367532	71
2985224	3050276	35
3910561	1579489	551
4111931	3669754	290
220350	3050276	17
3050276	1524892	18
3834520	1906944	109
1891349	3050276	24
2711422	4367532	71
4380884	3050276	24
3910561	3582867	108
1986731	3050276	24
3162061	3910561	127
3050276	3209252	18
4367532	779829	74
654433	3050276	17
3827882	1906944	1482
1775193	3050276	24
3050276	615881	18
3843984	4383842	115
4588191	2444107	929
1115954	3050276	39
4170137	3050276	17
894266	3889800	124
4028546	4172349	122
4367532	3789086	74
2621223	3050276	24
4323723	3889800	124
2626746	3050276	24
156710	3050276	24
4367532	760926	74
1517207	3050276	24
2344399	1906944	121
4172349	1068204	118
1725694	3050276	24
3621620	1906944	109
3050276	1140358	141
3050276	121732	18
3910561	3601276	108
4367532	1536624	74
2758409	1543929	128
3724484	3050276	17
2973759	3050276	17
4552843	3050276	112
1410159	1906944	109
3411706	3050276	24
1821469	3050276	24
1297220	3050276	24
1242597	2020187	686
4367532	3582867	74
1396224	3050276	24
1286148	3050276	24
3050276	2155642	18
3940286	3050276	24
595011	4514417	6
4526500	3050276	120
4367532	4651636	74
2309763	4172349	122
4172349	2200670	118
2510312	3050276	24
517883	1906944	1482
4185388	1906944	109
2407009	1608492	111
2885702	3050276	24
2734966	1906944	1482
1973047	3409388	71
3050276	2044833	18
1906944	3580961	695
3411951	3910561	125
11886	1906944	109
4172349	734021	118
3044576	3050276	24
3703385	3050276	35
329044	4367532	71
488426	4514417	6
3840276	3050276	24
3050276	1664276	18
993494	1906944	2974
3252447	4261257	115
3376793	3050276	24
2685336	4172349	122
4367532	2021981	74
3390135	4514417	6
773781	3050276	24
4367532	2866240	74
4445870	3050276	17
370667	3050276	17
3910561	3720321	114
2513996	3889800	117
460143	3050276	24
1589623	1906944	1482
3223944	3050276	24
1696079	3050276	24
4198166	3910561	110
2171010	3910561	125
2176359	3050276	24
2247221	3050276	24
3840922	3910561	116
3285090	3050276	24
1675550	3050276	17
3050276	123719	18
3695793	4514417	6
897863	4514417	6
2186643	1906944	109
3428780	3050276	24
1068384	3050276	24
4246936	1906944	129
3050276	2713827	18
3910561	2547063	114
3279572	3795839	128
1590642	3050276	24
1785089	3050276	24
928021	1906944	109
3910561	798324	108
3910561	72030	108
634606	3405938	132
242972	1906944	2077
3910561	795752	108
4367532	165573	74
3050276	4276958	18
4124564	1906944	109
2720277	4514417	6
714799	1608492	133
3889800	1735102	932
1175428	3050276	24
1764146	4172349	122
219518	3050276	24
3050276	3621620	18
3050276	3266630	18
3249087	3050276	24
4081380	4120392	882
4261257	3669754	290
1104592	2020187	24
1736686	3050276	24
4080298	3910561	127
1848073	4367532	71
2179713	3050276	24
753336	3889800	124
2658966	1906944	109
82710	1906944	109
3910561	4373784	114
3114046	3889800	117
4196377	3050276	24
4367532	1973047	74
3050276	1772001	18
3910561	92535	108
2143578	3050276	24
27530	1906944	109
3456007	4367532	71
4367532	2339073	74
1513216	4172349	122
4038368	3050276	24
2745443	3669754	290
2255239	3050276	24
2869981	4172349	122
4182019	1906944	109
2127656	3050276	24
2864767	3910561	110
3910561	2859297	114
116635	3050276	24
3050276	1162823	18
4142288	4367532	71
3910561	4397957	114
304968	3050276	24
3910561	508336	41
3910561	1814208	114
1342242	4514417	6
4367532	1027510	74
2156858	3050276	24
4174904	3910561	116
1707647	4367532	71
1338347	4514417	6
3621914	3050276	24
795752	3910561	127
838616	3050276	24
2042929	3050276	24
4172349	4541221	118
56606	3910561	127
3204699	3050276	24
423032	3910561	127
4367532	3813701	74
424457	3050276	24
498767	3910561	116
3910561	3390135	108
3910561	15446	108
2980827	3050276	24
3050276	2586327	141
4095440	3669754	290
382169	3050276	24
2339073	3050276	17
1524892	3050276	24
790406	3910561	125
1871217	3050276	24
3798523	3050276	24
3567931	1906944	109
4172349	1618889	118
1217418	3910561	116
2450499	1906944	109
3050276	1577872	18
2099720	3050276	24
4488371	457490	132
1596033	3780793	133
2994517	1055677	115
3050276	3242792	18
3595689	4514417	6
4532698	1906944	109
893742	3050276	24
3731932	3050276	24
2896847	1906944	129
1906944	2634766	1179
1326173	3050276	32
1593794	3050276	24
2899367	3050276	24
623700	3910561	127
3154716	1397337	495
1899768	3050276	24
225136	3889800	2835
197218	1906944	129
253821	3669754	290
1348479	1906944	129
1906944	56204	1215
2994517	378638	115
3344912	4514417	6
2837921	3910561	125
2963732	3050276	24
1773555	3050276	24
2036558	1906944	129
3208851	4172349	122
1960326	1531723	204
2074046	4514417	6
1764468	4172349	122
3050276	4248640	18
1963475	3050276	24
291894	3910561	125
3071447	3050276	24
3211659	3910561	125
3050276	442028	18
761693	3050276	17
4588191	1686681	3358
2990414	3050276	24
2327478	3050276	24
2806331	3050276	24
3446037	3050276	24
3640265	4367532	71
1370138	3050276	120
4517608	1906944	2974
1348649	3050276	17
1702949	1906944	1482
1107657	3050276	24
4323243	3163316	132
3910561	4496185	41
3050276	2794246	18
3261040	1906944	109
1412173	4514417	6
1668670	4514417	6
2118407	187120	122
2171010	3050276	35
310636	3910561	1836
4172349	2758409	118
1995785	3050276	24
885056	4514417	6
4341522	3124980	929
773200	1906944	109
3910561	4590313	114
2444107	3910561	110
313156	3050276	35
1282884	3050276	24
634827	3050276	24
1906944	551922	1983
4367532	2032670	74
3050276	1175428	18
1326173	3910561	116
1906944	2674000	1983
4367532	3640265	74
2828928	3910561	125
2548178	3050276	24
236817	3050276	17
4367532	1884634	74
4172349	110384	118
3182309	3050276	24
1835549	3050276	120
3326069	1906944	2974
3889800	3376974	130
2527459	3050276	24
233664	3889800	124
4135431	4172349	122
462280	3050276	24
3121105	3050276	24
394789	1906944	1482
188872	3050276	24
414530	1906944	109
3965215	4514417	6
1677538	3050276	24
3050276	153318	18
3427569	3050276	24
2361036	3050276	24
3582867	4367532	71
3015596	3050276	24
3261177	3050276	17
3455221	3050276	24
2804726	3050276	24
233664	4642970	133
3910561	714799	114
3922267	3050276	17
1162179	4172349	122
2393387	3565537	235
3693330	3050276	24
2088523	3050276	24
4142288	3910561	127
1117632	4514417	6
149861	4514417	6
3910561	2171010	41
2581260	3050276	24
4142288	3050276	17
4410098	1906944	109
3050276	773200	18
3050276	3214523	18
3050276	4117852	18
4172349	1055677	118
1906944	2586327	695
1586039	3910561	110
3050276	1986860	18
2059687	3050276	17
2911195	4514417	6
86523	3050276	24
4081380	2859297	929
3418527	4514417	6
1326173	3050276	17
635477	1906944	109
2139997	3050276	17
1906944	4487146	1215
4472617	2611301	287
3112428	1046198	133
2652024	4367532	71
2685454	3050276	24
4285951	4367532	71
4007990	3050276	24
4516401	3910561	125
3050276	798324	38
1205901	613775	181
2020187	2456730	18
4367532	4209184	74
2239888	3669754	290
3657437	1608492	133
2085089	4514417	6
857324	3050276	120
3382543	3910561	10
588619	4514417	6
4367532	4369400	74
3889800	3510615	932
3871555	3050276	24
3190424	4002910	115
1539500	3050276	120
3050276	369950	38
1539500	1906944	1482
3910561	4323723	114
3771557	3050276	24
2339073	4367532	71
3843984	1829541	115
3889800	3015636	130
2059687	3910561	593
2842374	3050276	35
3050276	2344399	141
1968772	1906944	109
123719	3050276	24
1217326	3910561	127
4095440	3190424	287
3343097	3050276	24
537645	4514417	6
3116891	1906944	109
4159238	4514417	6
1660621	3050276	24
977644	3050276	24
2536032	3889800	124
3889800	753336	130
4080368	3910561	126
2931364	3050276	24
2461649	3669754	290
927558	3050276	24
1475738	1906944	109
2735966	3889800	117
1034392	4514417	6
3910561	810710	114
3910561	1929784	108
3030013	4367532	71
3514117	3050276	35
2536032	3910561	110
3889800	563152	932
3050276	3928485	18
2852558	3050276	17
2651864	1906944	109
2036013	1906944	129
3910561	3843984	551
3368662	3050276	24
1851656	3050276	17
3579302	3050276	24
4367532	1456403	74
3910561	3041310	108
623636	1073802	132
4034091	3050276	24
3452795	4514417	6
3295939	3910561	127
2923131	3050276	24
4367532	4590250	74
1604140	3050276	24
4395795	3050276	120
411929	3050276	24
2048290	3050276	24
3945215	4514417	6
1734667	3050276	24
1360339	3050276	24
3242792	1906944	109
3050276	2302556	18
4258233	3910561	125
3050276	466296	18
4374894	3889800	124
866536	4367532	71
3889800	372438	130
629976	3050276	24
4604070	3050276	24
2688969	3050276	24
3889800	3901793	130
3889800	228691	130
4029325	3050276	17
2535905	716804	556
2837921	3050276	35
1666467	1906944	109
2681652	3050276	24
3889800	4373784	130
4359442	3050276	112
1390032	1686681	3358
3910561	2260501	114
2688246	3910561	110
747952	1906944	1482
4409080	3050276	24
4367532	3973019	74
3889800	863284	1675
1247008	1906944	109
4367532	4169971	74
3935109	1906944	109
3770898	4514417	6
3910561	4080298	108
3910561	1279932	114
56606	3910561	116
4353394	3050276	24
3050276	1099266	18
4367532	2709164	74
1906944	2586327	1983
2239888	540193	128
3050276	555055	18
4367532	1325211	74
2984982	3050276	120
2982991	3050276	24
4642970	2036558	123
3295957	4514417	6
3910561	1210482	108
356646	4367532	71
740114	3050276	24
1385941	3050276	24
242972	4514417	6
2594698	3889800	117
4124564	3050276	24
4081380	4219940	929
4367532	3162061	74
1618889	3724484	128
3068997	4514417	6
3557389	3050276	24
4367532	3346019	74
2308956	4514417	6
3015636	1906944	129
3810654	3050276	24
1748110	3910561	127
4367532	1033040	74
3177791	3050276	24
4205146	3050276	24
308097	3050276	24
187120	3910561	110
3910561	1762972	108
3441862	1906944	109
4172349	1668120	118
2529878	3050276	24
3050276	1891349	18
3460529	4514417	6
4327999	4172349	122
666459	4514417	6
753353	3910561	125
2579864	3050276	24
2337377	1906944	109
3999618	1906944	109
4327999	1579489	287
1589536	3050276	24
635477	3050276	24
3889800	2500950	932
4367532	97306	74
887803	3050276	24
2611301	558094	115
2821358	3050276	17
3910561	149861	108
1106808	3050276	17
2419481	3050276	17
150748	3050276	24
3910561	2647055	114
3101539	3050276	24
3342392	3910561	15
148402	3050276	24
4081380	2051804	929
3910561	2228181	669
2611301	765258	115
3050276	3080909	18
2533970	4367532	71
4251593	3050276	24
1535415	3050276	24
2438818	3050276	24
202516	1906944	109
4253117	3050276	24
1906944	3956074	1983
4172349	2670818	118
3910561	47535	101
3204771	3910561	1854
3824385	4514417	6
3889800	2735966	932
4415958	3050276	24
3050276	3800560	18
4642970	2536032	929
3171022	3050276	24
1906944	498880	695
1492139	3050276	24
3910561	3643605	108
3282243	4367532	71
1878574	3050276	24
643402	3910561	125
3910561	1055411	41
3910561	753353	41
4278921	3910561	116
3050276	2305894	18
3564448	3252447	287
3050276	1637962	18
179194	3252447	287
2404096	1906944	109
3118044	4367532	71
863284	3889800	2835
3910561	2964617	41
2719871	3910561	127
2243564	1906944	109
782987	3050276	35
4353394	1906944	109
3780793	3685466	929
3735985	3050276	24
515400	3910561	127
535667	3050276	24
922773	3050276	24
1801620	3510615	123
1748110	4367532	71
1010783	3050276	24
3831993	3050276	24
423474	1906944	1482
4437326	3050276	24
3293555	3508117	132
3759361	3050276	120
47605	3050276	24
4230790	3050276	24
3889800	810710	130
4590250	3910561	127
2766336	3050276	24
4516401	3050276	47
730232	3050276	24
2200670	2994517	287
3989964	3050276	17
3827882	3050276	120
3050276	2865117	18
3050276	896229	18
1493216	4172349	122
3230444	3050276	24
2774181	3050276	24
2888246	3050276	24
3050276	1099428	18
2141024	3050276	24
4100490	4514417	6
3081892	3050276	120
2933735	1323312	2098
4172349	3215606	118
3124551	3050276	24
3050276	110752	18
1076464	4367532	71
3910561	414823	114
4543223	3050276	24
1801620	2986453	929
752083	3050276	24
1225311	4514417	6
3863647	3050276	24
2535905	3901793	556
3889800	855538	932
3985959	3050276	24
4321852	3050276	24
595409	3050276	24
220420	1906944	109
1929784	3910561	127
4163198	1906944	109
3101253	3050276	17
4601035	1906944	121
1801620	107246	929
2003259	4514417	6
4565229	3889800	117
3050276	54397	18
2254411	3050276	24
91112	3050276	24
3731836	3050276	17
665408	3200657	128
1338269	3050276	24
3910561	3628740	114
770170	1906944	121
3565537	618963	111
2896847	3910561	110
4452001	4081380	2012
1997396	4514417	6
4367532	85866	74
4565229	1608492	111
3636796	3050276	24
184801	1832467	128
780410	3050276	35
3130256	3050276	24
3050276	47905	18
3889800	4198166	130
1074399	3050276	24
3050276	1792365	18
3050276	694914	18
70977	1906944	109
1906944	56204	1179
4367532	4285951	74
1906944	4580865	1983
1156204	3910561	110
734021	1833028	128
3612209	3050276	24
555902	3050276	24
3633487	1906944	109
1131314	4514417	6
4261257	3252447	287
4367532	35278	74
20452	1906944	109
852864	2864767	929
1068204	2994517	287
3036833	3050276	24
1764468	2360533	128
2045567	3050276	24
385568	3050276	120
515400	3910561	116
3910561	1262236	114
3447234	4514417	6
946910	3910561	116
4438315	2020187	24
1439076	3050276	24
1432918	3910561	116
3050276	2841796	18
1891572	1906944	1482
427677	4514417	6
4545970	1906944	109
2614500	3050276	24
1140358	3050276	112
4367532	1217418	74
2994517	2118407	115
2610641	3910561	116
4500840	4514417	6
1608492	2627619	123
995035	3910561	119
655687	3050276	24
3965707	3889800	117
1906944	3460083	695
2351166	3050276	32
3050276	1664052	18
3901793	3910561	110
2794287	4514417	6
1247448	3889800	124
1193522	3050276	24
3050276	70977	18
2869981	2832010	128
499497	3050276	24
1535763	3050276	24
3910561	3326500	41
1708620	1906944	109
1452115	3050276	24
3411951	3050276	35
2020187	1800449	18
3808467	3910561	110
3050276	4532698	18
4369400	3050276	17
3050276	1338269	18
2143244	1906944	109
4062056	4367532	71
1418657	4514417	6
1906944	1186960	1179
2493183	3050276	24
2044833	1906944	109
3473019	3910561	593
1455292	3910561	116
21281	3050276	24
2351166	3910561	116
4172349	3567439	118
374286	4514417	6
946910	3050276	17
4367532	3559179	74
4084341	3050276	24
1245082	1906944	109
3922243	3050276	35
2748519	4367532	71
4367532	4174904	74
3536590	4367532	71
3238407	3050276	17
3910561	329044	108
263881	3910561	127
3411933	3050276	17
1667972	1555888	132
695918	3910561	127
3050276	2104491	18
2723817	1906944	109
4359442	1906944	2974
3537316	4172349	122
1686681	647984	202
3449588	3050276	24
3910561	4064475	41
2994517	4429459	115
3910561	3376974	114
2538095	3050276	24
3086232	3050276	35
3910561	3188735	108
4367532	4282524	74
1596749	4514417	6
1055411	3050276	35
398298	3050276	24
233664	3910561	110
4498699	4172349	2318
3005007	3050276	24
272814	1906944	1482
4587273	4514417	6
3597135	1906944	129
1929784	3910561	116
3910561	3221731	114
3050276	2084061	18
4467935	4367532	71
2954429	3050276	131
2934676	3050276	24
4160144	4367532	71
4306737	4514417	6
3050276	1200599	101
1671436	4642970	133
2140356	4367532	71
1638960	4514417	6
3926724	3910561	127
2070453	3050276	24
1046469	3050276	24
3893734	4367532	71
4172349	387075	118
56204	3050276	17
3910561	2322463	108
2072452	4514417	6
990058	3050276	24
4627506	3050276	24
1164895	3050276	24
3760658	4514417	6
4560582	3050276	24
4297186	3050276	24
1922393	4514417	6
4171932	3050276	24
3715329	3050276	24
3670344	3050276	24
3965797	4514417	6
124772	3050276	17
3855202	3050276	35
3321790	1906944	109
866536	3050276	17
4373784	3889800	124
3237503	3050276	24
3510615	3889800	117
2320132	3050276	24
363610	3050276	24
3889800	586028	130
3504908	3050276	24
1302833	3050276	24
2524535	3050276	24
3050276	1323316	18
3600657	3050276	24
4243492	3050276	35
1046198	2596875	929
2852558	1906944	2077
498767	4367532	71
418565	3050276	24
241151	1801620	111
558094	3669754	290
3741783	3050276	17
3050276	3441862	18
3910561	3821757	108
4367532	2700926	74
3218218	4367532	71
227015	3050276	24
4114684	3050276	24
1217326	3910561	116
501675	3050276	24
3411933	3910561	593
3279660	2616918	128
2700926	4367532	71
3910561	3101253	108
4216766	1973047	38
1824197	3050276	24
3180492	3050276	24
442028	3050276	24
1752446	3050276	24
281884	2020187	24
3124569	3889800	124
430865	3050276	24
3741783	3568742	132
4190124	3050276	24
1906944	3956074	695
3101253	3910561	127
3131353	3050276	24
2648919	4514417	6
285085	4367532	71
1555888	4172349	122
3910561	3897308	108
4037924	3050276	24
1217418	4367532	71
3910561	35278	108
2422000	1906944	121
3293555	3050276	17
2596875	3889800	124
760630	3050276	120
3910561	3808467	114
810710	3889800	124
4172349	1143021	118
1189518	3050276	24
960373	3050276	24
3621620	3050276	24
3050276	4105391	18
761693	3910561	127
3050276	873840	18
1323312	1906944	129
4246468	3050276	24
4367532	1949747	74
1800449	3050276	24
344179	1906944	121
4028368	3050276	24
665408	4172349	122
2009049	3050276	24
1348495	1801620	133
2766291	3050276	24
4545002	3050276	24
92535	3050276	17
3050276	1673070	18
3889800	414823	130
2609035	3050276	24
2300892	3669754	290
2125536	2611301	287
3910561	2177000	41
2523022	3050276	24
4078862	3050276	24
3910561	3204771	2498
2685336	2611301	287
1852041	3050276	24
3910561	403942	1205
442028	1906944	109
4172349	179194	118
1158625	4514417	6
1866692	3050276	24
3274423	3050276	24
4367532	3860221	74
3910561	2265553	108
3910561	197218	114
2714712	3050276	24
4172349	3654418	118
220420	3050276	24
2611301	2685336	115
3910561	4198166	114
2010257	3050276	24
1382474	3050276	24
558958	3050276	43
1906944	2512034	695
4029325	639671	132
947364	3050276	24
2020187	1102018	18
2509358	4172349	122
3326500	3910561	125
960837	3050276	24
1200599	3050276	10
623700	3050276	17
1731491	3050276	24
3190424	1513216	115
3910561	3788763	108
3050276	1245082	18
3910561	3790806	108
4025434	3050276	24
4590250	4367532	71
1171306	3050276	24
3195714	2994517	287
3910561	3635944	114
3796158	1906944	1482
1649653	3050276	24
769789	4081380	133
3262386	3050276	17
751028	3050276	24
3537313	1906944	1482
3358884	3050276	24
3628429	4367532	71
4367532	589402	74
3172312	3050276	120
4172349	639671	118
687426	3050276	24
3502272	4284657	132
248246	3050276	17
1162823	3050276	24
3834520	3050276	24
4367532	568929	74
3050276	2285028	18
558094	2611301	287
2611301	311871	115
4213756	3910561	116
1633678	3910561	116
2674000	3050276	112
3596964	3050276	24
1976884	1906944	109
2855832	3050276	24
613775	1686681	890
1731682	1906944	109
1501796	3050276	112
3910561	568373	114
882173	3910561	110
3910561	2688246	114
3642179	4081380	2012
3050276	4150650	18
1895091	3050276	24
1565159	3050276	24
237133	1906944	109
3889367	3050276	24
3892919	3669754	290
1906944	1501796	1983
2146720	4514417	6
1686681	1960326	202
1338347	3910561	116
3002979	3050276	24
558094	4172349	122
19508	3889800	124
346413	3050276	24
3050276	370808	18
3910561	2516594	669
3910561	2506829	41
2723946	4367532	71
3238407	3910561	127
141526	3050276	24
784823	3050276	120
2652024	3910561	116
1638960	4537859	132
4464469	4172349	122
499883	3050276	24
4041827	3669754	290
432950	3050276	24
1785089	1906944	109
2900608	3050276	24
1322933	3910561	110
1891572	3050276	120
4367532	2923042	74
1536624	3910561	593
852864	4100210	929
2068534	1906944	129
2866240	3910561	116
3889800	840758	932
2222809	1686681	103
2032670	3910561	116
4585343	3669754	290
3050276	4220748	18
857506	3050276	24
440885	3050276	24
2585573	4514417	6
4635887	3050276	24
453728	3050276	120
4367532	3922267	74
3050276	4065213	18
4644453	3050276	24
788720	3669754	290
4232380	1906944	109
4282524	4514417	6
3050276	2375203	18
3809894	3050276	24
4282524	4367532	71
898793	1262236	556
4240482	3050276	24
3364594	3050276	24
3050276	3452348	18
4219940	3910561	110
3759361	1906944	1482
558204	1906944	109
2454932	3050276	24
4395795	1906944	1482
2393387	2020187	154
3707721	3910561	127
2020187	3050276	479
2886488	3050276	24
702815	1906944	109
3910561	4453512	114
3889800	2586446	1675
3748061	4172349	122
788720	2994517	287
104273	3050276	17
3050276	2476874	18
3748061	3669754	290
586028	3910561	110
3050276	4627506	18
861488	3050276	24
3789086	4367532	71
1888112	3889800	124
4602373	3050276	24
4302129	3910561	593
3050276	4163198	18
3576157	3050276	24
2196279	3050276	17
4172349	2012919	118
1830859	3050276	24
616489	3050276	24
4651636	3050276	17
1927576	3050276	24
4000158	4514417	6
1200599	3910561	10
1668120	4172349	122
1348495	3910561	110
3033049	3050276	24
172992	4514417	6
104273	4367532	71
47905	1906944	109
4367532	4567308	74
1608492	714799	929
2339073	3910561	127
1906944	903142	695
569149	3050276	24
1842856	3669754	290
1801620	2647055	929
2911327	3050276	17
2970197	3050276	24
1973047	3505702	71
2500415	4514417	6
1803005	3050276	17
474799	3050276	24
1742182	3050276	24
3392844	3050276	24
804981	3050276	24
4120392	4081380	2012
1141115	1906944	109
3050276	667582	18
1801620	592491	123
3797557	3050276	24
409634	3910561	125
4367532	1803005	74
4081380	4373784	929
2677583	3050276	17
2866240	3910561	127
2874154	3050276	24
1806029	4514417	6
1098563	3050276	24
179194	3669754	290
4367532	3693803	74
1055677	2994517	287
4025759	3050276	24
2036013	3889800	117
3770898	4367532	71
3262386	1493216	132
3218218	3910561	116
3034316	3050276	35
568373	3910561	110
214575	3050276	24
4242645	1906944	1482
2021981	4367532	71
2407009	3889800	117
760926	4367532	71
2800965	3050276	24
4172349	2239888	118
3050276	4564110	18
1593497	3050276	24
1801620	3965707	123
731404	4514417	6
241503	1906944	2077
4534567	3050276	24
1432918	4514417	6
4341522	1322933	929
3561761	1906944	109
1905311	1906944	109
1942653	1906944	2077
523275	3050276	24
4172349	3279572	118
3050276	2671771	18
975913	3050276	24
1818295	3910561	125
3910561	2750220	41
4367532	3821757	74
235017	4514417	6
2480889	3910561	127
3349245	3910561	127
315041	4514417	6
1735102	3889800	117
3808467	1906944	129
2698045	3910561	593
3910561	2709164	108
464829	3050276	24
838616	1906944	109
3104813	4367532	71
1251355	3050276	17
381560	4514417	6
4064475	3050276	35
3050276	4185388	18
3910561	1392345	114
3050276	2954429	235
3910561	3034316	41
1211552	3050276	24
1606478	3050276	24
2973759	3910561	116
1342242	3910561	593
3494958	3050276	24
2933735	4172349	2098
837805	3910561	110
3889800	3079092	130
1810397	3910561	116
2393387	2427645	38
3111304	3050276	24
2723946	4514417	6
2922026	3050276	24
3995241	3050276	24
2364620	3050276	17
1973047	4514417	6
4367532	3205164	74
716804	3910561	110
2237121	3050276	24
3676776	3050276	24
1833028	4367532	71
2181551	1906944	121
387047	3050276	24
2303724	4514417	6
3910561	3516782	108
1930635	3050276	24
236817	3910561	593
3465341	3910561	116
3910561	2444107	114
498767	3910561	127
1232369	3910561	125
3050276	1821469	18
2586327	1906944	2974
2994517	3195714	115
2513996	4081380	111
3073641	3050276	24
3889800	2596875	130
3910561	4651636	108
880093	3050276	24
472557	3050276	24
3118044	3910561	127
1973047	4367532	71
4585197	1906944	109
1917936	4514417	6
3922267	3910561	116
2196958	3050276	17
3243493	3050276	24
893616	3669754	290
4172349	1435911	118
3910561	3614114	41
312819	1392345	929
556339	3050276	24
3843984	893616	115
2259026	3050276	24
4367532	2171633	74
4172349	1829541	118
2944539	3050276	24
1228701	3050276	24
491491	3910561	110
4197909	4514417	6
4367532	4333439	74
8225	1906944	129
4070372	3050276	24
3050276	4359442	141
4172349	4261257	118
619276	3050276	24
3050276	4580361	18
3910561	1432918	108
1418636	1906944	109
3050276	3182309	18
2332413	3050276	24
3704192	3050276	24
1712577	1906944	109
3910561	4159238	108
782884	3050276	24
3606197	3050276	24
3889800	1247448	130
3564448	4172349	122
3050276	2418307	18
1973047	1205901	397
3457177	3910561	116
533550	1906944	109
498880	1906944	121
464829	1906944	109
4172349	457490	118
2611301	3910561	1485
3182309	1906944	109
3628123	3843984	287
3889800	3703143	932
2689034	3050276	24
39904	4514417	6
1906944	2422000	1983
87814	1906944	1482
2000449	3050276	24
2994517	1842856	115
3214523	3050276	24
4367532	2735776	74
3050276	2784206	18
1801620	2500950	123
3564448	3669754	290
741501	3050276	24
3910561	3675827	669
2243112	3910561	110
4367532	2256405	74
508336	3050276	35
3755094	3050276	24
2916755	3050276	24
2653702	3050276	24
3447915	3050276	24
3143935	4311041	203
3889800	618963	1675
3557186	1906944	109
2036013	1608492	111
4642970	568373	929
876547	3050276	24
2865117	3050276	24
4172349	1075699	666
1481555	3050276	24
922464	3050276	24
2433795	4514417	6
3549976	3154716	493
3889800	2051804	130
3910561	1671436	114
3754047	3050276	24
1814208	3889800	124
2719871	4514417	6
2393387	1566588	426
1342242	3050276	17
3079092	3910561	110
3889800	19508	130
1943684	4367532	71
3050276	498880	141
3844253	1906944	109
3468862	3050276	17
574450	3050276	24
2994517	2159283	115
2516594	4514417	6
3958642	3889800	117
1342009	3050276	24
3910561	2652024	108
936005	3050276	17
1088724	4514417	6
4172349	1906944	129
473191	3050276	24
2973759	3910561	127
2964617	3910561	125
3889800	2029852	932
3050276	896180	18
3349245	3050276	17
1906944	4601035	695
4284657	3669754	290
4367532	3536590	74
4574352	3050276	24
1608492	3963806	123
3456007	4514417	6
2782853	1906944	109
1717508	3889800	2835
2549226	3910561	127
2318499	3910561	127
107246	3889800	124
1927426	3050276	24
336361	3050276	24
2143716	4367532	71
2574019	3050276	24
3170540	1906944	2077
4292857	4172349	122
767410	4514417	6
1360275	3669754	290
1264069	3050276	24
795752	3050276	17
540193	2239888	132
3972217	3889800	117
2674068	3050276	24
4172349	4226375	118
3646004	3050276	24
24707	3050276	24
3106200	3050276	120
2778519	3050276	24
3050276	2379000	18
195682	3910561	116
4204388	3050276	24
3050276	1552652	18
4397957	3889800	124
568373	1906944	129
3169350	3050276	24
4320047	2020187	980
3997289	3050276	24
4545970	3050276	24
1188138	1906944	121
1906944	2181551	695
353452	4514417	6
3910561	783388	114
2408696	3050276	24
3269076	4514417	6
4472617	3669754	290
2923502	3050276	24
2211672	3050276	24
3910561	3685466	114
2558014	4367532	71
3910561	515400	108
1608492	3657437	929
1906944	4147651	1983
1306674	3050276	24
1577872	1906944	109
3050276	2901454	18
2723817	3050276	24
3884803	3050276	120
2739719	3050276	24
3344912	3910561	127
3050276	2045567	18
2138158	3050276	24
2383483	3050276	24
300470	4514417	6
1592327	3050276	24
2709164	3910561	127
4367532	3209980	74
3326069	1906944	121
4172349	1162179	118
893616	3843984	287
4367532	1076464	74
3050276	1031160	18
3910561	3124980	114
4367532	356646	74
3050276	4348248	18
3654418	3669754	290
3382632	3050276	24
1432918	3910561	127
4564958	3050276	24
3050276	2963732	18
2084574	3050276	24
4008169	4514417	6
3234590	3910561	125
4542126	1906944	109
1972387	3910561	125
2497721	3889800	117
1630100	3050276	24
3731245	3050276	24
2961434	3050276	24
2700138	3669754	290
3910561	2851957	114
4176723	1906944	1482
3786373	1435911	132
51369	3050276	24
3079092	3889800	124
104273	3537316	132
894266	2813890	133
1133719	4172349	122
3889800	2864767	130
3185540	4514417	6
3582867	4514417	6
4424799	3050276	24
2864292	3050276	17
3050276	3935109	18
515400	4514417	6
1884634	4367532	71
3390135	4367532	71
2648919	1236069	1208
3889800	1348495	130
1699623	1686681	3358
3910561	4258233	41
2087880	3050276	24
1435911	3786373	128
3050276	3460273	18
3568742	3741783	128
4301700	3050276	24
1554552	3050276	24
4464469	2994517	287
1348649	1906944	2077
2214402	4367532	71
1010306	3050276	24
2517110	3050276	24
3050276	4431706	18
409901	3050276	24
4147651	1906944	2974
3636796	1906944	109
1398096	3050276	24
3050276	960837	18
4172349	3568742	118
4591770	3889800	124
1906944	903142	1983
3359202	4367532	71
4367532	349369	74
3666933	3050276	24
97306	3050276	17
1566588	2393387	24
4541221	4172349	122
2719360	3050276	24
331507	3050276	24
3910561	3295939	108
1467656	2020187	24
315279	3050276	35
1310651	3050276	24
466296	1906944	109
2536032	4642970	133
105009	2393387	146
4367532	1595091	74
2020187	4221433	684
3050276	220420	18
1153896	1906944	1482
4642970	3889800	2835
3910561	2994517	551
1832467	184801	132
1431835	4514417	6
4172349	2300892	118
4172349	4537859	118
3164031	4367532	71
2350018	3050276	24
237217	3050276	24
3190424	3405938	115
2716210	3910561	125
165573	3399667	885
3050276	1399560	18
3558035	3910561	110
2535905	1686681	4718
249639	1906944	1482
1905311	3050276	24
2719739	1801620	111
2286924	3050276	24
369950	4367532	71
4081380	3889800	2835
1134555	3910561	1485
4367532	1695852	74
3050276	4653940	18
2634766	1906944	2077
1884634	3910561	116
4327999	3164031	128
3614114	3910561	125
3358072	4514417	6
1124503	3050276	24
72030	3910561	127
3050276	1603966	18
2393387	3912375	38
2322463	3910561	116
3050276	3000676	18
85866	3050276	17
4470762	3050276	24
4369400	3910561	116
3567429	3050276	24
4025637	3050276	24
895621	3050276	24
4367532	1675550	74
3910561	2129620	41
1608492	2394897	123
90929	3889800	117
2118407	2994517	287
3010121	3050276	24
4367532	2265553	74
3050276	3730792	18
4367532	1756873	74
4174904	3910561	127
1163440	3050276	24
4276972	3050276	24
3209252	3050276	24
1906944	1609419	1983
3871683	4514417	6
1686681	4311041	202
64159	4514417	6
765258	2611301	287
3050276	1116236	18
3502272	3050276	17
4642970	4198166	929
810710	3910561	110
4642970	3703143	123
3050276	3118044	38
2963746	3050276	24
1906944	4359442	1983
2333201	3050276	24
2647055	3910561	110
2020187	1298297	684
820934	1906944	109
4410098	3050276	24
4172349	1133719	118
1106405	4514417	6
2444107	3889800	124
3910561	2864767	114
1073802	3669754	290
3050276	4196377	18
488426	3910561	116
1906944	2634766	1215
4172349	3537316	118
3308183	3050276	35
4513088	4514417	6
3775476	3050276	24
3928485	1906944	109
736733	3050276	24
1976956	3050276	24
1256736	3050276	24
3515076	3050276	120
4642970	1671436	929
3910561	613775	859
1075699	1248576	922
1821469	1906944	109
1577872	3050276	24
2143244	3050276	24
877877	3050276	24
3050276	3119916	18
3910561	3711723	108
1214480	4367532	71
3308183	3910561	125
704073	3050276	24
2456730	3050276	24
4261257	4172349	122
4177596	3050276	24
3050276	1785089	18
4464469	3669754	290
3050276	3547563	18
373232	1801620	111
873840	3050276	24
2164340	4514417	6
3050276	486244	18
4367532	4159238	74
4243492	3910561	125
2014801	3050276	24
3479658	4514417	6
4567308	4367532	71
2420617	3050276	35
4172349	4429459	118
4517608	1906944	121
3410252	3050276	24
4622682	4514417	6
2076694	3050276	17
4574352	1906944	109
4172349	430552	118
2848388	3050276	24
4084561	3050276	24
1897726	248246	128
993494	1906944	121
8484	3050276	24
2690083	3050276	24
3910561	315279	41
3826869	3050276	24
2118407	3669754	290
2954757	3050276	17
144773	3050276	24
785832	3050276	24
3301828	4514417	6
3889800	259176	130
3865129	4514417	6
3897308	3910561	127
387274	3910561	127
1910712	4172349	122
2492108	1906944	1482
4172349	2933735	1674
3910561	3356386	41
1742376	3050276	24
414530	3050276	24
3910561	1592146	41
1973047	4373620	71
165573	4367532	71
2252983	3050276	17
428346	3050276	24
2418307	3050276	24
4172349	2159283	118
1596033	3910561	110
372438	4642970	133
3050276	2253855	18
2456730	2020187	24
2821358	3910561	593
4116120	3050276	24
2549226	3050276	17
3910561	3558035	114
220258	3050276	24
3200657	665408	132
2556343	3050276	24
3910561	1810397	108
2778048	3050276	24
2847844	3050276	24
485182	3050276	24
1497880	4514417	6
3910561	4142288	108
1583186	4514417	6
2239888	4172349	122
3938068	3050276	120
903142	3050276	112
3050276	3002979	18
3922267	4367532	71
2544492	4514417	6
1906944	1140358	695
1960326	1686681	119
2012919	471932	128
4600089	3050276	24
3852703	3050276	24
720203	4514417	6
1667972	3050276	17
3050276	2393387	18
3398043	3050276	24
378638	4172349	122
2318499	3910561	116
2842374	3910561	125
928021	3050276	24
4172349	4585343	118
2309763	3430769	128
4062821	1136964	43
3910561	2102250	114
3266630	1906944	109
4367532	2066245	74
4219940	4081380	133
3478260	1906944	129
2196279	3910561	593
4367532	1848073	74
4178013	3050276	24
613775	1205901	185
4471117	1906944	109
2950401	3050276	24
1801620	3015636	929
3889800	3127709	932
2159283	4445870	128
843258	3910561	127
1552853	3050276	24
261030	1472235	132
4348248	3050276	24
8359	3050276	24
4367532	33201	74
1408475	4514417	6
369950	3910561	116
526892	3050276	24
3472646	3050276	24
1054262	3050276	24
2841796	3050276	24
1392345	3889800	124
3405938	3669754	290
1818295	3050276	35
1106808	1275829	32
2302982	3910561	125
3701914	3050276	120
3050276	2020187	151
3560265	3050276	24
3889800	2594698	932
1421103	3050276	24
3050276	4175548	18
4610414	3050276	24
4585343	426168	128
3184283	3050276	24
4221433	2020187	686
3910561	1156204	114
1180182	4514417	6
3987930	3050276	24
4367532	806401	74
3836184	1906944	109
3124569	3910561	110
3910561	3473019	669
400840	1906944	109
4226375	4172349	122
698238	3050276	24
2939675	4367532	71
1937416	3050276	24
3189312	3889800	117
2302982	3050276	35
4651636	3910561	127
3910561	259176	114
2278442	3050276	24
3243493	1906944	109
607796	3050276	24
4367532	450142	74
2442191	3050276	24
3973910	3050276	24
4367532	3456007	74
3080909	1906944	109
4367532	795752	74
3256790	4514417	6
3100593	3050276	24
356876	3050276	24
795689	3050276	24
2582860	3050276	24
4145294	1906944	109
4367532	3295939	74
4552127	4514417	6
3257562	3050276	24
3582867	3910561	116
855538	3889800	117
3910561	2339073	108
90929	1801620	111
4367532	423032	74
2800307	3050276	35
2312900	3910561	1836
2652024	3910561	127
4596670	3050276	24
4310414	4514417	6
2618713	3050276	24
1792365	1906944	109
3640265	4514417	6
551888	3889800	124
798324	3910561	127
1247448	1608492	133
1136964	4062821	86
4367532	2748519	74
707579	3050276	24
2618946	1906944	109
1143021	3190424	287
4367532	1336037	74
706151	3780793	133
4172349	2367267	118
3910561	3218218	108
4367532	4357618	74
3050276	202516	18
3802670	3050276	24
1852306	1906944	129
3189117	3050276	24
1723741	3050276	24
348578	3050276	24
1927060	4367532	71
372438	3889800	124
1587880	3050276	24
228448	3050276	24
2543413	3050276	24
4081380	2513996	123
3889800	1596033	130
1255791	3050276	24
253821	4169178	128
4367532	4135906	74
3472748	1906944	109
75921	3050276	24
3910561	2718461	108
507629	1906944	129
3221731	3910561	110
3723738	3050276	24
488426	3050276	17
3050276	2053498	18
4367532	695918	74
3910561	623700	108
4292857	3669754	290
2655082	3050276	24
1686681	2745355	202
3889800	225136	1675
3910561	159109	108
618963	3565537	123
390866	3050276	24
1385664	1906944	109
3050276	2020187	256
1589623	3050276	120
2719871	4367532	71
623700	4514417	6
3701914	1906944	1482
4580361	3050276	24
4159238	3910561	127
4367532	1837357	74
2036558	4642970	111
1664276	1906944	109
2945757	1906944	109
4429459	2994517	287
1595091	3050276	17
3050276	4552843	141
3910561	310636	4063
1007642	3669754	290
3452348	3050276	24
1016852	3050276	24
3226721	4514417	6
3910561	2312767	114
1162823	1906944	109
3050276	3731932	18
739730	3050276	24
2020187	3050276	89
4367532	2140356	74
1392345	312819	133
1076464	3050276	17
3287899	4514417	6
1322933	4341522	133
427585	3050276	24
1906944	2512034	1983
3150675	4081380	111
4367532	2484109	74
4552843	1906944	2974
4471562	3050276	24
2352076	4514417	6
3326500	3050276	35
2418697	3050276	24
4617368	3050276	17
1688999	3669754	290
4367532	2652024	74
535667	1906944	109
3910561	2549226	108
4367532	3698740	74
3638473	3910561	593
2500950	1801620	111
2902514	3050276	24
2533970	3050276	17
3926724	3910561	116
3641741	1906944	121
4250556	3050276	24
2852177	4514417	6
202540	3050276	24
1910712	3249298	128
2974474	1906944	129
2742189	4514417	6
1225311	3910561	593
836023	1906944	3389
4400848	3050276	24
523496	3050276	24
2253855	1906944	109
3910561	995035	202
591472	1906944	109
3910561	387274	108
3205191	3050276	24
4453568	3050276	17
3910561	3382543	101
2611301	3537316	115
2777070	4514417	6
4172349	3492099	118
3050276	4519771	18
3836585	576537	132
512473	2851957	929
504469	4514417	6
4393240	4172349	122
1778504	4172349	122
2611301	4472617	115
3889800	2986453	130
4587273	4367532	71
13165	3050276	17
3910561	2206208	108
359166	3050276	35
1370138	1906944	1482
545879	3050276	24
1424442	3050276	24
3141302	3050276	24
2542867	4514417	6
2877795	4514417	6
1322933	3889800	124
3796158	3050276	120
3200657	4514417	6
834364	3050276	24
3215606	2611301	287
4445870	2159283	132
2085089	3910561	116
3986293	3050276	24
644213	4514417	6
3641741	3050276	112
2616918	3279660	132
4100490	647984	203
3112428	3889800	124
1722862	4514417	6
3468737	3050276	24
507629	3889800	117
1336037	3910561	593
4172349	1513216	118
500499	3050276	24
3624912	1906944	109
4359442	1906944	121
4172349	3195714	118
969079	3050276	24
4498699	145116	636
194980	3050276	24
3081677	3050276	24
4313329	3050276	24
4603499	3050276	24
1575899	3050276	24
4367532	3782854	74
1985233	3050276	24
370667	3910561	116
3910561	3731836	551
1332423	1906944	1482
2886031	3050276	35
4018467	4081380	111
3889800	1888112	130
4653940	1906944	109
2054148	3050276	24
4367532	336539	74
1679908	3050276	24
3464572	3050276	24
3114399	3050276	24
3910561	3238407	108
3725199	3050276	24
4622682	4367532	71
866536	3910561	116
723403	4514417	6
4543223	4081380	2012
2959658	1906944	109
2335672	3050276	24
4081380	769789	929
125364	3050276	24
3567289	3050276	24
399082	3910561	110
2393387	3050276	22
3050276	143238	18
594777	3050276	24
3910561	3241360	114
4198166	4642970	133
840758	1608492	111
2252983	3910561	127
3050276	4216766	18
578914	1906944	1482
1099266	1906944	109
3915485	3050276	24
1649365	3050276	24
2700138	4172349	122
911664	4514417	6
2648919	1397337	600
2087439	3910561	116
342731	1906944	109
1372993	3050276	24
1884634	3910561	127
2051804	4081380	133
1493216	3262386	128
4420739	3050276	24
3910561	1383366	669
440703	3050276	24
3910561	2222809	68
410304	3050276	24
3910561	1821769	41
3298825	4514417	6
3910561	4590250	108
1501796	1906944	121
2143171	1686681	3358
2549226	4367532	71
1076464	4514417	6
4023443	3050276	24
1472235	4172349	122
4011017	3910561	125
15446	3910561	127
370808	3050276	24
2685454	1906944	109
3209925	3050276	24
3813198	3050276	24
852864	1686681	3358
2841796	1906944	109
3282893	3050276	24
3050276	2723817	18
3910561	3514117	41
1803005	4367532	71
3558035	1906944	129
555055	3050276	24
3910561	1200599	101
3050276	1963322	18
1748110	3910561	116
4165827	3050276	24
96959	4367532	71
2265553	3050276	17
4489558	3050276	24
2727251	4514417	6
195682	3910561	127
3975891	1906944	1482
892793	3050276	24
706927	3050276	24
3913271	3050276	24
2293271	4514417	6
2596007	3050276	24
4587273	3050276	17
1534706	3050276	24
4412383	1906944	109
4213756	3050276	32
3841510	3050276	24
2484109	4367532	71
4655664	3843984	287
3910561	3922267	108
3050276	4545970	18
2788169	4514417	6
3901793	3889800	124
1906944	1609419	695
2149501	3050276	24
3154716	2020187	24
1877833	4514417	6
3889800	2243112	130
4467552	1906944	2077
2954757	3910561	116
3800560	3050276	24
229226	3050276	24
4367532	1131314	74
3840922	4367532	71
2299216	1906944	109
3746031	2020187	24
4587273	3910561	127
4289289	3050276	24
246090	3050276	24
3912649	1897411	132
936005	4429459	132
765258	3669754	290
3910561	1864442	669
3567439	4172349	122
113960	3050276	24
4289889	3050276	24
4367532	367038	74
3937743	4172349	122
426168	3050276	17
2510662	3050276	24
2195470	3050276	24
2217752	3050276	112
1501796	1906944	2974
3910561	790406	41
601311	3050276	24
769298	3050276	24
1420750	3050276	24
1210482	4514417	6
3050276	574450	18
3813701	4367532	71
2253855	3050276	24
3050276	795689	18
2287709	3050276	24
1099266	3050276	24
1668887	3050276	24
2171633	4367532	71
718673	3050276	24
237133	3050276	24
3050276	2442191	18
3154716	3050276	24
3472748	3050276	24
2379720	3050276	24
4642970	3863593	123
3780793	2260501	929
3226326	3050276	17
1004841	1906944	109
403942	3050276	47
818861	3050276	24
2596875	898793	883
4367532	3143935	74
2009049	1906944	109
56606	3050276	17
4367532	4607746	74
1748192	3050276	24
2497721	4642970	111
873315	3669754	290
2476369	4367532	71
4591869	3050276	24
2994517	3910561	1485
3390883	3910561	127
1810397	3910561	127
509885	4367532	71
2506829	3050276	35
1343154	4514417	6
1390310	3050276	17
1147405	3050276	24
1322617	3050276	24
2611301	1435911	115
2101270	3050276	24
4434241	3050276	24
3234590	3050276	35
3816941	3050276	24
3050276	1266822	18
3351345	3050276	24
2911327	1906944	2077
2409483	3050276	24
427677	3910561	116
4081380	3958642	123
400840	3050276	24
4292829	3910561	593
3889800	1639750	130
743948	1906944	121
714882	3050276	24
181050	3050276	24
4367532	1214480	74
3910561	1707647	108
3910561	3657437	114
2020187	1104592	18
2672723	3050276	24
4018467	1906944	129
3050276	2651864	18
2418307	1906944	109
3050276	3735985	18
1710524	3050276	24
283678	3050276	24
4367532	4587273	74
190408	3050276	24
2760690	4514417	6
3282640	3050276	24
2622098	1906944	109
734503	1906944	109
1272935	4514417	6
1733394	4514417	6
873315	551688	128
1842856	2994517	287
2198619	3910561	110
3873802	3050276	24
542	3050276	24
414823	1608492	133
4284657	4172349	122
4111215	3050276	24
1279932	3889800	124
3910561	4074018	41
311871	2611301	287
2845992	3050276	24
3757068	3910561	125
2020187	3050276	22
3889800	2198619	130
3190424	4095440	115
2217752	1906944	2974
3889800	4100210	130
314725	3050276	24
4453568	893616	132
873315	4172349	122
3050276	1483212	141
1046198	3112428	929
2758409	3669754	290
3341400	3910561	127
3860221	4367532	71
3821757	3910561	116
951156	4514417	6
1838966	3050276	24
3601276	3910561	116
3910561	4374894	114
4169971	4367532	71
1988363	4514417	6
1619509	4514417	6
3050276	4103874	18
3050276	533550	18
2020187	3114399	18
3723817	4367532	71
3163316	4172349	122
3359202	3910561	127
4367532	3460529	74
3182338	3050276	24
3910561	56606	108
4541221	3669754	290
3565537	2393387	131
6707	3050276	24
3910561	1452035	41
4367532	1154049	74
4321825	4172349	122
1537261	3050276	24
2477634	4135431	132
2020187	3518691	18
1468037	3050276	24
3050276	2774181	18
2507520	3050276	24
4172349	2685336	118
3910561	2508380	114
3050276	2318499	38
3154716	3549976	494
3782854	4367532	71
3910561	946910	108
568373	3889800	124
3489611	3050276	24
1897411	4172349	122
3050276	237133	18
4490597	1906944	109
255438	3050276	24
1133266	3889800	124
2622098	3050276	24
3322075	3050276	24
2294900	2143171	133
1906944	3326069	695
4649685	3050276	112
4629294	3050276	24
1248576	1075699	927
3706419	4514417	6
4172349	4464469	118
4479293	3050276	24
2509389	1906944	129
840758	3889800	117
3924119	3050276	24
1323312	618963	111
2159283	4172349	122
2391031	3050276	24
548399	3050276	24
1686681	816889	114
540467	3050276	17
1418636	3050276	24
3341400	3050276	17
2608612	3050276	24
3112537	3050276	17
4367532	3958609	74
1214480	4514417	6
639507	4514417	6
1433672	3050276	24
1248576	4514417	6
1397337	3154716	583
4367532	369950	74
2076694	1906944	2077
4367532	104273	74
3050276	1452115	18
1571207	3050276	24
4285951	3910561	116
2556343	1906944	109
669637	3050276	24
1215484	4367532	71
3910561	3124569	114
2159814	3050276	24
3195165	4514417	6
2626480	1608492	111
2765860	3050276	24
3910561	1633678	108
3910561	3596300	114
2032670	4367532	71
2432079	3050276	24
2944133	4514417	6
1890811	3050276	24
2613878	3050276	24
4367532	3628429	74
1608492	2626480	123
3910561	2419481	669
4172349	618963	133
3910561	2572269	114
4367532	4029325	74
3149690	3050276	24
3416691	3050276	24
3821749	3050276	24
3910561	555786	114
1127441	3050276	24
3687834	1906944	109
2196279	4514417	6
2084061	3050276	24
4493162	3050276	24
1864442	3910561	593
957231	3050276	24
253533	3050276	24
4429476	3050276	24
2265553	3910561	116
894266	3910561	110
423032	3910561	116
3884803	1906944	1482
2864767	852864	133
3050276	2450499	18
3889800	2407009	932
1592146	3910561	125
3821757	3050276	17
625463	3050276	24
208212	3050276	24
3061149	3910561	110
1803005	3910561	116
2954757	3910561	127
753336	1699623	133
2379000	3050276	24
2020187	105009	140
4349351	3050276	24
114736	3050276	24
2461649	2994517	287
3836184	3050276	24
1310509	3050276	24
2596875	1046198	133
4607746	4367532	71
4367532	471932	74
1091602	1906944	109
3910561	769789	114
3060085	1906944	129
3709464	3910561	125
3050276	1188138	141
1228701	1906944	109
2309763	3669754	290
3196736	1906944	109
3050276	1708620	18
2020187	3050276	2503
3537316	104273	128
3512174	3050276	24
4284657	3502272	128
3910561	233664	114
3050276	400840	18
3976950	3050276	24
187120	1236069	904
2453411	4172349	122
2487658	3050276	24
2634766	4514417	6
4146425	1906944	1482
2800484	3050276	24
440499	3050276	24
2869981	3843984	287
2995712	3050276	24
2089998	3050276	17
1821769	3910561	125
264094	3050276	24
1192898	3050276	24
2104491	3050276	24
3889800	1717508	1675
2547063	3889800	124
3669676	3050276	24
3468862	3748061	132
2181551	1906944	2974
2386231	3669754	290
437778	4514417	6
3910561	2424947	41
4297	1906944	109
2402241	3050276	24
1917800	3889800	2835
3195714	4172349	122
4642970	3635944	929
3910561	2139997	108
3988525	3050276	24
4323613	3050276	24
486244	3050276	24
1664276	3050276	24
4172349	2386231	118
1806696	4514417	6
1839312	3050276	120
942844	3050276	24
669188	3050276	24
1022242	3050276	120
948040	3050276	24
1609419	1906944	2974
4367532	2087439	74
3210073	3050276	24
1236069	2648919	549
3910561	2665684	41
2393387	3050276	24
780410	3910561	125
3910561	417901	41
3050276	1477635	18
3325764	3050276	24
3534673	3910561	116
1323316	1906944	109
1929784	4514417	6
4367532	3390883	74
2794246	1906944	109
3910561	2198619	114
3910561	2986453	114
3122913	3050276	24
1070858	3910561	125
926378	1906944	109
3210140	3050276	24
1906944	4601035	1983
3674534	3050276	24
3910561	409634	41
1127772	3050276	24
185223	3050276	24
4172349	3279660	118
663431	3050276	120
1275829	1106808	38
3460529	4367532	71
3836585	3050276	17
2966812	4367532	71
3050276	3669031	18
1906944	4649685	695
578326	3910561	126
107246	1801620	133
4172349	184801	118
2788169	2766405	132
1338269	1906944	109
3938068	1906944	1482
4362271	4367532	71
3080909	3050276	24
26596	3050276	24
3910561	4369400	108
3958642	4081380	111
503858	3050276	24
1852446	3050276	120
2591768	1906944	109
2119988	3050276	24
2718461	3910561	127
3881185	3050276	24
3227763	4514417	6
2652024	3050276	17
2260501	3780793	133
2674000	1906944	121
3050276	3205191	18
3737725	3050276	24
4549638	3050276	24
3910561	1852306	114
2179713	1906944	109
3889800	1293388	130
3889800	4565229	932
85866	3910561	127
3215606	3669754	290
3502272	2393387	32
2506829	3910561	125
4172349	4655689	118
2594698	1906944	129
1747280	3050276	24
3780793	1596033	929
2351694	4514417	6
2300892	4172349	122
4564110	3050276	24
2010990	3050276	24
2266428	3050276	24
241151	3889800	117
3635944	3889800	124
2680167	3050276	24
2404096	3050276	24
2722794	1906944	121
2195608	3050276	24
2205975	4367532	71
2875767	3050276	24
782129	3050276	24
3910561	2196279	669
2508380	1906944	129
1838966	1906944	109
2616918	4514417	6
4158206	3050276	24
1748110	3050276	17
3910561	360699	114
92535	3910561	116
4383842	4172349	122
3269076	3910561	127
3634882	3050276	24
398298	1906944	109
3533928	3050276	24
576537	4172349	122
4367532	3164031	74
3889800	3520430	130
3897308	3910561	116
3050276	365933	18
2291391	4514417	6
4172349	1764146	118
488426	3910561	127
727606	1906944	109
1096206	3050276	24
2698045	3050276	17
878800	3252447	287
3764972	1906944	109
4279207	3050276	24
238743	3050276	17
693664	4514417	6
3910561	4021611	108
4591739	1906944	1482
4349145	3050276	24
3050276	4412383	18
2095242	3050276	24
2940973	4367532	71
3050276	4145294	18
592491	3889800	117
1218700	3050276	24
3050276	4380884	18
2044659	3050276	500
589402	3910561	116
3786373	4514417	6
3819973	3050276	24
1070858	3050276	35
3910561	291894	41
2670818	4172349	122
4367532	1815016	74
3855328	3050276	120
3910561	4219940	114
3192717	3050276	120
1664052	1906944	109
3516782	4514417	6
3050276	3805399	18
1827965	3050276	24
4404533	3050276	24
4213756	3910561	127
3963806	3889800	117
450142	4367532	71
3010121	1906944	109
3050276	1475738	18
3154716	4172349	237
4135906	3910561	127
2866240	3050276	17
1399560	3050276	24
2745443	1517244	128
1154049	4367532	71
3910561	2420617	41
1107657	1906944	109
1708620	3050276	24
3910561	2677583	108
849126	3050276	24
657200	3050276	24
4367532	2966812	74
1093098	47535	205
1225424	3050276	17
1446809	3050276	24
3596300	3889800	124
3050276	1666467	18
369950	3050276	17
3910561	2087439	108
3944931	3050276	24
10596	3050276	24
2735966	4642970	111
1945316	1906944	109
4367532	2871903	74
149861	3910561	116
2584903	3910561	110
1033040	1778504	132
663689	4514417	6
3154716	1906944	109
210580	3050276	24
1392345	3910561	110
3426343	3050276	24
4214668	3050276	24
2334026	2846260	109
4472138	3050276	24
906823	4514417	6
1906944	2722794	1983
2393387	105009	140
2383992	3050276	24
1555888	3669754	290
4172349	3163316	118
613802	3050276	17
2813890	894266	929
4242694	3050276	24
1531723	1960326	203
3910561	2800307	41
785588	4514417	6
1800981	4514417	6
3889800	2444107	130
1579171	3050276	24
3647185	3050276	24
3050276	31799	18
2738040	3050276	24
4172349	4321825	118
4367532	4537027	74
2220698	1906944	109
4065213	1906944	109
826205	3050276	24
3910561	3922243	41
2402034	3050276	24
3050276	1731682	18
3877862	4367532	71
1293388	3889800	124
4367532	224766	74
4560177	3050276	24
2984982	1906944	1482
716804	2535905	883
3788763	4367532	71
3205164	4367532	71
4542574	3050276	24
1140358	1906944	121
2131653	3050276	24
3910561	2719871	108
2085632	1906944	109
938613	4367532	71
3889800	3221731	130
4011390	3050276	24
665408	3669754	290
4386107	3910561	110
263881	3910561	116
3790259	3050276	24
3050276	1501796	141
3514117	3910561	125
2322463	3910561	127
2574177	3050276	24
2547063	1801620	133
1906944	1851656	1215
1007642	4172349	122
642822	3050276	24
2871903	4367532	71
85866	4367532	71
4580865	3050276	112
2990912	4367532	71
1800449	1906944	109
2260501	3910561	110
1608492	1247448	929
1205901	1973047	286
3050276	15446	38
4172349	576537	118
3026563	3050276	24
3889800	2536032	130
3232119	3050276	17
3763480	3050276	24
3910561	2837921	41
525649	3050276	24
2930782	3910561	320
1566588	2393387	436
1024094	3050276	24
329384	3050276	24
3601276	4367532	71
4367532	2558014	74
1475738	3050276	24
3011396	3050276	24
4367532	1224014	74
3958609	4655664	132
2633651	3050276	24
3488341	1906944	109
3050276	1545096	18
4081380	507629	123
780719	3050276	24
1906944	4552843	695
4642970	3189312	123
1537798	3050276	35
3295939	4367532	71
4172349	1360275	118
4642970	1735102	123
3242792	3050276	24
1658063	3050276	24
3050276	4008189	18
3910561	1783237	114
763907	3050276	24
3086232	3910561	125
761693	3910561	116
2146720	4367532	71
3081892	1906944	1482
3910561	2059687	669
4081380	4543223	882
3910561	837805	114
35278	3910561	127
3910561	1596033	114
1836211	3050276	24
2560100	4514417	6
603208	3050276	17
3680158	1906944	109
468108	3050276	24
423474	3050276	120
1135097	3050276	24
3190424	1143021	115
3783064	3050276	24
3529940	4367532	71
3843984	4321825	115
3428301	4514417	6
491491	4588191	133
3910561	450142	669
3050276	1247008	18
4176723	3050276	120
1897293	4514417	6
2142510	1906944	109
1622786	3050276	24
1906944	1032893	695
1323312	2846260	129
714799	1906944	129
2994701	4514417	6
1207267	3050276	24
563152	3889800	117
4367532	2214402	74
3069116	3050276	24
3102233	4172349	122
3910561	1437171	108
330719	3050276	24
3910561	2716210	41
3731836	3910561	1485
852864	837805	929
4642970	372438	929
3170540	3050276	17
816889	1686681	110
3124569	1608492	133
2177000	3050276	35
765258	4172349	122
1022242	1906944	1482
184801	4172349	122
1801620	1348495	929
3050276	1968772	18
4649685	1906944	2974
4367532	3411933	74
3050276	2782853	18
2393387	1323312	235
3910561	866536	108
3910561	2896847	114
3568742	3669754	290
3261177	3910561	116
727606	2020187	24
108391	2020187	406
220350	2685336	132
2778231	3050276	24
3748061	3468862	128
3516782	3910561	127
1091544	3050276	24
4189670	3050276	24
2829602	3050276	24
2994517	1068204	115
3910561	2363637	114
3910561	843258	108
1352820	4514417	6
1435911	3669754	290
4443135	4514417	6
387075	4172349	122
4286637	4514417	6
4642970	2363637	929
1073802	623636	128
3050276	3567931	18
3910561	351574	41
1539315	3910561	127
3295932	3050276	24
634827	1906944	109
2085089	3910561	127
3582867	3050276	17
3927338	3050276	24
3518691	3050276	24
1608492	1814208	929
2667919	1906944	109
3281434	3050276	24
1438509	3050276	24
3163316	4323243	128
3910561	1675550	108
2980852	3050276	24
591472	3050276	24
2859297	4081380	133
2200226	3050276	24
1897726	3669754	290
4172349	2700138	118
3360286	4514417	6
4321825	3843984	287
345418	3050276	24
1917313	3050276	24
3457177	4514417	6
360699	3910561	110
1993445	4514417	6
4487300	3050276	24
4542126	3050276	24
3632772	4172349	122
4172349	1555888	118
3711723	3910561	127
4580865	1906944	2974
1249296	4514417	6
1390032	2198619	929
394789	3050276	120
4587273	3910561	116
107246	3910561	110
1177432	3050276	24
1906944	241503	1215
884805	3050276	24
3015636	3889800	124
1366577	3050276	24
2089998	3102233	132
1795059	3910561	116
3889800	90929	932
3099901	3050276	24
228691	1046198	133
31141	3050276	24
4323730	1906944	109
2546879	3050276	24
2647107	1906944	109
3495865	3050276	120
2607049	3050276	24
2913158	4514417	6
654433	3215606	132
4367532	4473601	74
4071319	3050276	24
3910561	3390883	108
4383917	3050276	24
3127709	1608492	111
505634	3050276	24
54397	3050276	24
1057307	3050276	24
1272648	3050276	24
1815016	4367532	71
2483957	1906944	1482
3970145	3050276	24
1128877	1906944	129
1366577	1906944	109
3910561	3855202	41
4172349	253821	118
471932	3050276	17
2117389	3050276	24
47905	3050276	24
3889800	107246	130
3050276	2308129	18
3157510	1906944	109
830400	3050276	24
3096285	3050276	24
2523389	3050276	24
4537859	3669754	290
4367475	4514417	6
568929	4367532	71
3723817	3910561	593
3645071	3050276	24
4431706	1906944	109
2476874	1906944	109
3346019	4514417	6
2508380	3910561	110
779829	3628123	132
3910561	4100210	114
4187957	1906944	129
2638018	3050276	24
1906816	1906944	129
1924399	3050276	24
3910561	2254562	108
3143447	4514417	6
3889800	2312767	130
4369400	3910561	127
3910561	2085089	108
2799283	3050276	24
2252983	3910561	116
335439	3050276	24
3216195	1906944	109
3910561	3269076	108
2444107	4588191	133
3910561	1225311	669
53204	3050276	35
2772341	1906944	1482
2020187	3050276	24
3050276	3605358	18
3910561	379045	114
378638	3669754	290
1456403	4367532	71
618963	4172349	929
3889800	4590313	130
298189	1906944	1482
179194	4172349	122
4002910	4172349	122
4642970	233664	929
3510615	1801620	111
4607746	3910561	127
1475800	3050276	24
4328759	3050276	24
1467656	1906944	109
841154	3050276	24
1942653	3050276	17
3516782	3910561	116
2648919	3050276	17
3641741	1906944	2974
3050276	634827	18
722009	4514417	6
747952	3050276	120
4422199	3050276	24
3859460	3050276	24
4588127	4514417	6
4397957	3780793	133
1275772	3050276	24
3050276	342731	18
3910561	4292829	669
313156	3910561	125
979132	3050276	24
1426952	4514417	6
763538	3050276	24
277890	3050276	24
986509	3050276	24
1246057	3050276	24
236011	4514417	6
1076464	3910561	116
3050276	4071102	18
3889800	437435	932
1379875	3050276	24
4580865	1906944	121
3050276	3785508	18
4081380	3642179	882
1004186	4514417	6
2322463	3050276	17
2317758	3050276	24
1633678	4514417	6
857506	1906944	109
3492099	2915682	128
609891	3050276	24
4419724	4514417	6
209801	4514417	6
3287700	1906944	129
2665684	3050276	35
3050276	3321790	18
2903113	3050276	24
4192529	3050276	120
4453512	3910561	110
2785731	3050276	24
239250	3050276	24
3910561	3342392	228
4378211	3050276	24
1924983	4514417	6
4617368	3910561	127
4367532	1073815	74
773200	3050276	24
3910561	589402	108
2607137	3050276	17
2611301	1073802	115
4134985	3050276	24
3050276	3472748	18
4367532	3359202	74
87156	3050276	24
3263847	4514417	6
4096885	4514417	6
2476874	3050276	24
1740223	4514417	6
3114399	1906944	109
2996296	4514417	6
3651808	3050276	24
2611301	3568742	115
4519771	1906944	109
4081380	3150675	123
2044833	3050276	24
3050276	1905311	18
1756873	4367532	71
687562	1906944	109
1295387	3050276	24
4333439	4367532	71
3050276	687562	18
2508872	4514417	6
1998326	4081380	111
3582867	3910561	127
2186364	3050276	24
3685466	3889800	124
1579489	4327999	115
253821	4172349	122
3378246	3050276	24
4367532	2368470	74
2159283	3669754	290
1065770	3050276	24
3252447	878800	115
4114106	3050276	24
3757068	3050276	35
3708475	3050276	24
1711394	3050276	24
4172349	893616	118
1046198	3901793	929
4172349	2766405	118
3460529	3910561	127
3889800	1392345	130
3373583	3910561	116
4044001	4514417	6
3050276	3196736	18
1837357	4367532	71
2734315	3050276	24
1608492	1639750	929
197218	3910561	110
3492099	4172349	122
3910561	1338347	108
900243	3050276	24
265127	3050276	24
4488371	3050276	17
1545450	3050276	24
1075964	3050276	24
49197	4514417	6
4367532	285085	74
1801620	2594698	123
4090564	3050276	24
1197710	4514417	6
4135431	2477634	128
2348833	3050276	17
1801620	4323723	929
2327583	3050276	24
1801620	855538	123
540467	3910561	116
3050276	4425288	18
4367532	3529940	74
512092	3050276	24
3050276	2618946	18
3101253	3910561	116
3766782	3050276	24
373232	3889800	117
2670818	3669754	290
1106808	2523405	3473
3892919	4172349	122
1608492	3127709	123
4327099	3050276	17
788467	4081380	111
3399667	3050276	1590
4543727	4514417	6
960837	1906944	109
1900891	816889	237
1780321	3050276	24
1272001	3050276	24
1340054	1906944	109
1545096	1906944	109
590200	4514417	6
4172349	2147381	118
3050276	1229029	18
3584145	3050276	24
3050276	838616	18
1829541	3843984	287
2363637	4642970	133
3596300	3910561	110
2419481	3910561	593
3433137	430552	115
995035	3050276	17
4162428	3050276	24
2452122	3050276	24
3910561	4187957	114
4397957	3910561	110
753336	3910561	110
3568742	4172349	122
2859297	1906944	129
3050276	2945757	18
1330052	3050276	24
1929612	3050276	24
3741783	4514417	6
423032	3050276	17
3755663	3050276	24
3910561	1470729	41
1600043	3050276	24
1141115	3050276	24
409634	3050276	35
3460083	1906944	121
3073641	1906944	109
27530	3050276	24
1312086	3910561	127
2284667	4514417	6
810261	3050276	24
51063	3050276	24
3050276	734503	18
3050276	1224506	18
4367532	3030013	74
573468	3050276	24
202516	3050276	24
4367532	3253261	74
3520430	3889800	124
873315	2611301	287
541452	3050276	24
3813198	1906944	109
2798031	3050276	120
3910561	1070826	114
3863647	1906944	109
3889800	2719739	932
3303787	3050276	24
1452115	1906944	109
4602988	3050276	24
1740835	3050276	17
4153103	4514417	6
4367532	3473019	74
2662847	3050276	24
4071102	3050276	24
165573	4514417	6
735864	3910561	110
1906944	3641741	695
4610414	1906944	109
235017	3910561	127
1322617	1906944	109
2945609	3050276	35
2986453	1801620	133
4452001	3050276	24
1829541	3760658	128
4310660	3050276	24
3238407	3910561	116
2982693	4514417	6
1263355	4514417	6
4476222	3050276	24
4172349	4393240	118
1528698	3050276	24
1756041	3050276	24
3124361	3050276	24
4367532	387274	74
1325211	4367532	71
4500953	3050276	24
2784407	3050276	24
3780793	4397957	929
2102250	3910561	110
1707647	3910561	127
1375941	3050276	24
574063	3050276	24
3832483	3050276	24
3495865	1906944	1482
1537798	3910561	125
4367532	2095238	74
613802	214847	132
3910561	3698740	108
2594698	1801620	111
2236579	3050276	24
3780793	3079092	929
3976477	3050276	24
3488341	3050276	24
210580	1906944	109
2761672	3050276	24
3431100	4514417	6
4367532	498767	74
784823	1906944	1482
239250	1906944	109
1549213	3050276	24
2220698	3050276	24
1410159	3050276	24
1608492	840758	123
3910561	2828928	41
1906944	2911327	1215
3030013	4514417	6
2633059	3050276	24
3079092	3780793	133
663431	1906944	1482
1649653	1906944	109
242972	1906944	631
3910561	313156	41
3989210	3050276	24
4367532	2939675	74
3685466	3910561	110
687562	3050276	24
2243564	3050276	24
2583916	3910561	125
1810397	3050276	17
4445870	4514417	6
410932	4514417	6
2169127	3050276	24
4367532	3428301	74
2784206	3050276	24
2082407	3050276	24
359166	3910561	125
2082599	4514417	6
4646298	3050276	24
2682515	3050276	24
3137175	3050276	24
3473019	3050276	17
3910561	3447234	669
1608492	2036013	123
3050276	1906816	235
4248640	3050276	24
1076464	3910561	127
2953158	3050276	24
3050276	3561761	18
3050276	558958	86
2677583	3910561	127
3327921	3050276	24
639671	3669754	290
3660729	3050276	24
3163316	3669754	290
3050276	4354714	18
3846734	3050276	24
2424947	3050276	35
230066	1906944	129
3118044	3050276	32
3843984	3628123	115
2759001	3050276	24
1437171	3910561	116
3050276	2085632	18
3910561	2954757	108
4140037	4472617	132
2260501	1906944	129
3953879	3050276	24
390182	3050276	24
1247008	3050276	24
3824385	3910561	127
3024234	4514417	6
3910561	2610641	108
3379379	3050276	24
425569	3050276	24
3709464	3050276	35
3208851	3669754	290
625027	3050276	24
1311265	3050276	24
4478690	3050276	17
2200670	3669754	290
4580361	1906944	109
2713827	1906944	109
4172349	214847	118
1031160	3050276	24
3004399	4514417	6
3910561	3359202	108
4252780	3050276	24
1945316	3050276	24
1632172	3050276	24
4018071	3050276	24
2897281	4172349	122
2830951	3910561	125
325287	3050276	24
3744613	4514417	6
3703143	4642970	111
3969415	4514417	6
249639	3050276	120
4164185	2745355	203
2719871	3910561	116
2718461	3910561	116
3342392	3050276	47
2367267	3843984	287
3326069	3050276	112
2788597	3050276	24
1616622	4514417	6
3339309	1906944	109
4542126	4081380	2012
2497571	4172349	122
1016852	1906944	109
3910561	3261177	108
1055677	3669754	290
836023	3050276	17
3889800	2036013	932
110384	3843984	287
3000676	1906944	109
4588191	491491	929
1462228	3050276	24
1605902	3050276	24
4367532	3373583	74
996534	3050276	24
4158738	3050276	120
1229918	3050276	24
3068348	1906944	109
2480889	3050276	17
3050276	2404096	18
4642970	1686681	3358
3910561	3534673	108
1336037	4367532	71
2886031	3910561	125
3910561	3061149	114
3889800	4172349	130
3295939	3910561	116
2344399	1906944	2974
2812380	3050276	24
430552	3433137	287
3050276	2258934	18
3050276	2963472	18
2718461	3050276	17
1332423	3050276	120
1499387	3050276	120
1906944	3641741	1983
505625	613775	367
3050276	1016852	18
4281478	3050276	24
4117852	3050276	24
3050276	2523022	18
2200237	4514417	6
3788763	3910561	116
3373942	4514417	6
2915682	3050276	17
4011017	3050276	35
3713925	3050276	24
4172349	776985	118
4007638	3050276	24
1455292	3910561	127
769789	1906944	129
3910561	751955	114
2095238	4367532	71
4103874	1906944	109
3435129	3050276	24
499680	3050276	24
743490	3050276	24
3937743	3669754	290
3889800	894266	130
3910561	4253575	228
2959658	3050276	24
3843984	3502141	115
3356386	3910561	125
3515191	1906944	109
143238	3050276	24
820934	3050276	24
1104758	3050276	24
121732	1906944	109
639671	4172349	122
4590250	3050276	17
1452035	3050276	35
1540142	3050276	24
2129620	3050276	35
1436291	3050276	24
1798357	3050276	24
3795839	3279572	132
2398501	3050276	24
1054782	3050276	24
4367532	2549226	74
4172349	2509358	118
3050276	1899768	18
3889800	4323723	130
4301494	3050276	24
2523389	1906944	109
3050276	2647107	18
2222809	3910561	103
2994517	4028546	115
2054658	3050276	24
2788169	3050276	17
3376974	1608492	133
1362607	1906944	1482
4437712	3050276	24
379045	3910561	110
3050276	669637	18
3050276	1649365	18
3910561	3465341	108
4154687	4514417	6
934453	3050276	24
4374255	3050276	24
3050276	2591768	18
1536624	4367532	71
4655664	3958609	128
1906944	4359442	695
4060670	3050276	24
145116	4498699	2370
3910561	2930782	114
110384	4172349	122
618963	1115954	250
3176432	3050276	24
3050276	3633487	18
3464853	3050276	24
576627	3195714	132
3910561	1848073	108
539672	3050276	24
1311550	3050276	24
1888112	1608492	133
4297	3050276	24
1220056	3050276	24
4342986	3889800	2835
3633487	3050276	24
1012951	1706203	132
1271995	3050276	24
112148	4514417	6
4367532	1857771	74
3681686	3050276	24
4105391	3050276	24
1217326	3050276	17
4072756	3050276	24
4174904	4367532	71
4081380	3221731	929
3346019	4367532	71
2084431	1906944	109
3816858	3050276	24
3859460	1906944	109
466296	3050276	24
4002910	3190424	287
3576529	3050276	24
694914	3050276	24
2472813	3050276	24
970194	3889800	117
2048525	4514417	6
4240124	3050276	24
110384	572393	128
3601276	4514417	6
2125961	3050276	24
4367532	3041310	74
2089998	4514417	6
2954429	3910561	110
3963806	1608492	111
634606	3050276	17
4174904	3050276	17
2203260	3050276	120
2104392	3050276	24
878800	3669754	290
4169178	253821	132
3910561	1924523	114
1407509	3050276	24
4473616	1906944	109
2461649	4172349	122
2023722	3050276	24
3910561	1586039	114
769789	3910561	110
207751	3050276	24
3910561	1134555	551
3206019	4514417	6
3889800	1279932	130
1508485	3050276	24
1906944	4467552	1215
743402	4514417	6
3050276	1357204	18
4159238	4367532	71
3355290	4514417	6
2517636	3050276	24
2639196	3050276	24
3976477	1906944	109
2129620	3910561	125
4292765	3050276	120
1906944	3326069	1983
1906944	2239867	1215
615881	3050276	24
3910561	1070858	41
4601035	1906944	2974
1308481	3050276	24
2208572	4514417	6
4065213	3050276	24
2772341	3050276	120
3143935	4367532	71
2648919	4367532	71
2734315	1906944	109
2054658	1906944	109
3460273	1906944	109
3050276	2548178	18
3399667	1686681	1591
2611301	2125536	115
4367532	2711422	74
1385664	3050276	24
2636115	3050276	24
1483212	1906944	121
4539626	3050276	24
3473019	4367532	71
56204	1906944	631
718986	3050276	24
3669031	3050276	24
1906944	767410	1215
3079092	1906944	129
3106221	3050276	24
3465676	3050276	24
3889800	1322933	130
3124554	3050276	24
2348833	3910561	116
4172349	3747065	118
2265553	3910561	127
4333439	3050276	17
159109	4514417	6
487629	3050276	24
3889800	551888	130
2905155	3050276	24
3215606	654433	128
1906944	1501796	695
4367532	4040727	74
4357618	4367532	71
3910561	372438	114
2586327	1906944	121
1348495	3889800	124
2206208	3910561	116
4114873	4514417	6
367038	4367532	71
1340054	3050276	24
1906944	1765029	1983
4511970	3050276	24
229922	4514417	6
1275829	3050276	24
1091544	1906944	109
2718461	3050276	32
3050276	4471117	18
4367532	3043508	74
1247448	3910561	110
3910561	1342242	669
3050276	1719292	18
1664052	3050276	24
165671	4514417	6
1297220	1906944	109
4629680	3050276	24
2851957	3910561	110
2933735	3565537	2098
4172349	665408	118
3050276	2658966	18
1772001	3050276	24
4172349	4472617	118
281884	3050276	24
3035014	3050276	24
1564003	3050276	24
1918093	3050276	24
1001493	4514417	6
3050276	2299216	18
3196146	3050276	24
944073	3050276	24
546232	4514417	6
2574019	1906944	109
4283354	3050276	24
996534	1906944	109
4649685	1906944	121
3910561	780410	41
3381601	3050276	24
4002695	4514417	6
2888124	3050276	24
3214523	1906944	109
2626480	3889800	117
4175548	3050276	24
3118044	3910561	116
3931602	3050276	24
3050276	2054658	18
3580961	1906944	121
3050276	1340054	18
2375377	3050276	24
179194	4593232	128
3910561	3344912	108
3915209	3050276	24
3266630	3050276	24
3226326	3910561	593
2451497	2020187	24
4135040	3050276	24
458353	3050276	24
3050276	3863647	18
3910561	3118044	108
3050276	239250	18
3050276	2613162	18
4380884	1906944	109
3910561	3723817	669
2713827	3050276	24
3050276	4574352	18
1437171	3910561	127
828916	3050276	24
3390883	3910561	116
3534673	3050276	17
551922	1906944	2974
2512034	1906944	121
3252447	3564448	115
4279207	1906944	109
2087439	4367532	71
263881	3050276	17
4367532	1455292	74
615881	1906944	109
3050276	3116891	18
3910561	1537798	41
3889800	2497721	932
3050276	4626542	18
4064475	3910561	125
1906944	2344399	695
3910561	498767	108
75921	1906944	109
4062830	3050276	24
3810987	4514417	6
3910561	221134	113
2196279	2393387	31
369950	3910561	127
3855328	1906944	1482
1477635	1906944	109
2516594	3050276	17
603208	4367532	71
2020187	2393387	1588
1236069	3154716	754
3780793	3520430	929
3889800	1608492	1675
1688999	2611301	287
542044	1906944	109
3844253	3050276	24
3910561	3638473	669
2125536	4172349	122
643098	3050276	24
2863935	4514417	6
798324	3050276	32
385568	1906944	1482
1294004	3050276	24
1721901	3050276	24
15446	3910561	116
1719292	3050276	24
1671382	3050276	24
1906944	3490519	1215
3910561	2032670	108
360325	4514417	6
3050276	3154716	18
1031160	1906944	109
2312767	3910561	110
4083106	3050276	24
3910561	3086232	41
528929	3050276	24
4172349	3502141	118
3252447	3910561	1485
3654418	4172349	122
4642970	2735966	123
3910561	124772	108
1399560	1906944	109
1906944	4580865	695
4367532	2143716	74
3405938	634606	128
2527879	4514417	6
4367532	2747278	74
3050276	2574019	18
3359202	3910561	116
2828928	3050276	35
129827	3050276	24
4172349	311871	118
2229748	3050276	24
1764146	1579489	287
1153896	3050276	120
4078064	3050276	24
761693	4367532	71
1626877	3050276	24
1136964	3050276	24
110752	3050276	24
551888	3910561	110
2087439	3050276	17
2510749	1906944	109
3901793	1046198	133
213920	3050276	24
1027147	3050276	24
2308129	1906944	109
1906944	2852558	1215
3252447	3508117	115
3050276	1228701	18
1225311	3050276	17
3302710	3050276	24
223966	4514417	6
2688246	1906944	129
1986860	3050276	24
2651864	3050276	24
3050276	3836184	18
3050276	2456730	18
3164031	3050276	17
2842159	3050276	24
3788763	3910561	127
4367532	4467935	74
3050276	1350493	18
3069000	1133719	132
1162179	2533970	128
2506307	3050276	24
4081380	1783237	929
3356970	3050276	24
3523279	3050276	24
1236069	187120	553
2576595	3050276	24
3798711	3050276	24
4042305	3050276	24
3910561	1455292	108
4311041	1686681	119
2053498	3050276	24
1773555	1906944	109
3190424	3910561	1485
3050276	1668887	18
4367532	3836585	74
3175537	1906944	109
3221731	3889800	124
1009856	1906944	109
1293388	3910561	110
3683831	3669754	290
3474153	3050276	24
788467	3889800	117
2053498	1906944	109
2125536	4170137	128
2992008	3050276	24
3145381	4514417	6
4367532	96959	74
3050276	2674000	141
2931364	1906944	109
3703385	3910561	125
3910561	4243492	41
1156204	4642970	133
1458187	3050276	24
4609896	3050276	24
2874723	3050276	24
1906944	993494	1983
3910561	882173	114
4140037	3050276	17
3795839	3050276	17
3326326	3050276	24
2946434	1906944	109
3043508	4367532	71
1323312	2393387	131
3050276	464829	18
4172349	2745443	118
2934896	3050276	24
1608492	1924523	929
2584903	3780793	133
1266822	3050276	24
2556123	3050276	24
717354	3050276	24
214847	613802	128
4367532	2480889	74
1119531	3050276	24
1906944	4147651	695
3050276	2186643	18
3447234	3910561	593
3491354	4514417	6
1483212	1906944	2974
1906944	2674000	695
3050276	2278442	18
1156204	3889800	124
54397	1906944	109
1673070	1906944	109
925798	3050276	24
3889800	491491	130
1348495	1906944	129
2366478	3050276	24
4032976	4367532	71
3698740	4367532	71
1803005	4514417	6
1044578	3050276	24
1906944	1186960	1215
1533993	3050276	24
87814	3050276	120
3910561	3226326	669
3390135	3910561	116
4367532	1810397	74
92908	4514417	6
351574	3910561	125
4492109	3050276	24
3620065	3050276	24
4172349	3102233	118
3050276	3999618	18
2611301	2147381	115
2143716	3910561	593
2572269	3910561	110
4040727	4367532	71
2045567	1906944	109
1360275	2794287	128
4172349	4028546	118
2906492	1906944	1482
2850988	3050276	24
222654	3050276	17
3910561	1326173	108
2596875	3910561	110
4367532	4622682	74
3405938	3190424	287
4298988	3050276	24
1093246	3050276	24
1513216	3669754	290
3910561	1756873	108
3218218	3910561	127
4490597	3050276	24
1298297	2020187	686
1697636	3050276	24
457490	4172349	122
4135431	3669754	290
3910561	2364620	108
4172349	82415	118
1608492	4565229	123
2627619	3889800	117
3050276	1600043	18
4367532	3723817	74
3910561	3457177	108
3430769	2309763	132
528764	1906944	1482
1906944	2217752	1983
2953571	4514417	6
796504	3050276	24
3910561	4213756	108
238743	1906944	2077
4373784	3910561	110
3780793	551888	929
1103701	1906944	109
2363637	3910561	110
2987870	3050276	24
4322577	3050276	24
4172349	4041827	118
2804726	1906944	109
836023	4514417	6
1555888	1667972	128
1188138	1906944	2974
3910561	3411951	41
2471709	3050276	24
4041827	4172349	122
3889800	2626480	932
1808186	3050276	24
1906944	551922	695
1801620	373232	123
3068714	4514417	6
2375203	1906944	109
145116	2393387	24
4172349	4095440	118
4172349	3748061	118
4461457	3050276	24
810710	2143171	133
592931	4367532	71
4004556	3050276	24
4081380	4590313	929
3337811	3050276	24
2591768	3050276	24
618963	1323312	123
3069000	3050276	17
3675827	3910561	593
4323613	1906944	109
2722794	1906944	2974
3124551	1906944	109
3050276	3550865	18
3050276	4232380	18
928907	3050276	24
3916116	3050276	24
715761	3050276	24
3422232	4514417	6
2030133	4514417	6
1632172	1906944	109
4367532	3840922	74
947165	2020187	24
3050276	3068348	18
1055411	3910561	125
1706203	4172349	122
4545763	3050276	24
311871	3669754	290
1847060	3050276	24
3287899	3050276	17
4172349	3683831	118
3050276	3624912	18
4210539	3050276	24
4451837	3050276	24
782987	3910561	125
3050276	2351166	38
2300892	2994517	287
4196377	1906944	109
2601402	4367532	71
3910561	1818295	41
1759922	3050276	120
1133719	3669754	290
2393387	2020187	24
507629	4081380	111
3518691	2020187	24
1474465	3050276	24
1163440	1906944	109
1616891	3050276	24
2302556	1906944	109
3910561	236817	669
4367532	3226326	74
2020187	2451497	18
47535	1686681	10
1262236	3889800	124
471932	2012919	132
2021981	3050276	17
1090044	3050276	24
3269076	3910561	116
3725499	3050276	24
3050276	591472	18
1933051	4514417	6
2020187	2393387	18
4081380	788467	123
70977	3050276	24
3889800	4342986	1675
1106808	4514417	6
3910561	4333439	669
3910561	1803005	108
3711723	4514417	6
2500950	3889800	117
3050276	727606	18
1906944	1032893	1983
1866345	3050276	24
4404146	3050276	24
430552	4172349	122
3379626	3050276	24
3805399	1906944	109
515779	3050276	24
2584903	3889800	124
387274	3910561	116
241933	3050276	24
603208	3910561	127
2322463	4367532	71
3687834	3050276	24
2561335	3050276	24
3050276	3844253	18
2200670	4172349	122
3889800	1998326	932
3550865	1906944	109
667582	3050276	24
4367532	603208	74
2978386	3050276	24
1054523	3050276	24
3021953	3050276	24
2075379	4514417	6
1675550	4367532	71
1579489	3910561	1485
1345593	3050276	24
1906944	1348649	1215
3910561	4259522	114
4473336	3050276	24
56204	1906944	2077
2671771	1906944	109
2859297	3889800	124
2339073	3910561	116
1637962	3050276	24
3050276	1091544	18
1430932	3050276	24
4550230	4514417	6
3209980	3910561	593
3910561	3341400	108
1684437	1906944	129
1279932	4588191	133
4311041	3143935	204
3486993	4514417	6
3910561	187120	114
3050276	3834520	18
3889800	2584903	130
2648219	1906944	109
2107358	3050276	24
2658966	3050276	24
1972387	3050276	35
3050276	1677538	18
2694926	3050276	24
3279572	4172349	122
2139997	3910561	127
1644233	3050276	24
3559422	3050276	24
1711472	4514417	6
483211	1906944	109
3889800	3565537	932
1800700	3050276	24
4081380	4018467	123
4367532	1711472	74
2164988	3050276	24
2096142	3050276	24
551888	3780793	133
3050276	3914027	18
4232380	3050276	24
2760366	3050276	24
1229029	1906944	109
2299216	3050276	24
4172349	3910561	110
3344912	3910561	116
2393387	4588127	38
4172349	1910712	118
1595091	3910561	127
4216836	3050276	24
3055785	3050276	24
3720321	3910561	110
4121865	3050276	120
4031411	3050276	24
2390905	3050276	24
1702949	3050276	120
1899746	3050276	24
3889800	1262236	130
1476748	3050276	24
369950	3050276	32
4159238	3050276	17
2328968	3050276	24
3780793	1686681	3358
1677538	1906944	109
4367532	1088724	74
1231645	4514417	6
4367532	3788763	74
259176	3910561	110
2228181	4514417	6
241503	3050276	17
2804190	3050276	24
2994517	4655689	115
3226326	4367532	71
4157377	3050276	24
3889800	2294900	130
3855202	3910561	125
3050276	2440393	18
3928485	3050276	24
3050276	3073641	18
2305293	4514417	6
2639196	1906944	109
3452619	3050276	24
1203422	3050276	24
4367532	515400	74
1906944	770170	695
1906944	743948	695
2743020	4514417	6
1609419	1906944	121
97306	3910561	127
3102233	2089998	128
4197131	3050276	24
4025820	3050276	24
2029852	3889800	117
1706203	1012951	128
3050276	4585197	18
3910561	399795	41
1731682	3050276	24
1312086	3910561	116
4219940	3889800	124
3456521	3050276	24
716804	3889800	124
3050276	2626746	18
4521818	3050276	24
3628123	779829	128
457490	4488371	128
2509389	3910561	110
261030	3050276	17
4081380	4452001	882
4007053	3050276	24
1522614	4514417	6
4145294	2020187	24
2032670	3910561	127
3050276	2946434	18
120473	3050276	24
3889800	2859297	130
3870129	3910561	125
214575	1906944	109
4327297	3050276	24
3501420	3050276	24
4172349	765258	118
1256043	3050276	24
2205975	3050276	17
3669795	4514417	6
1357204	1906944	109
3050276	3010121	18
973995	3050276	24
3050276	2179713	18
3681837	3050276	120
1762972	3050276	17
159109	3910561	127
600694	4514417	6
3910561	2645445	114
3253846	3050276	24
1906944	13165	1215
1452035	3910561	125
1116236	1906944	109
3910561	369950	108
2832010	2869981	132
3560265	1906944	109
3050276	2806331	18
2858263	3050276	24
481520	4367532	71
2142510	3050276	24
3910561	85866	108
3576702	4514417	6
2523405	1106808	232
3986745	3050276	24
1906944	238743	1215
3770898	876273	203
1327125	3050276	24
2994517	788720	115
3505702	4367532	530
3912375	2393387	32
4367532	3261177	74
1711472	4367532	71
1154049	4514417	6
4367532	1633678	74
3099034	3050276	24
2994517	3747065	115
3605358	1906944	109
3877062	3050276	24
3050276	2408696	18
1119227	1906944	121
2243112	3780793	133
1116236	3050276	24
1651152	3050276	24
4651636	3910561	116
3897308	3050276	17
2611301	873315	115
2138568	3050276	24
2510749	3050276	24
268935	4514417	6
1605351	3050276	24
2353944	3050276	24
3910561	3870129	41
329044	3910561	116
2621563	3050276	24
2685336	220350	128
496482	3050276	24
3606730	3050276	24
2851957	512473	133
933670	4514417	6
587449	3050276	24
3050276	1878574	18
4422174	3050276	24
2766405	3669754	290
3680715	3050276	24
798324	3910561	116
3558035	3889800	124
3910561	2509389	114
1140735	3050276	24
1229029	3050276	24
4403417	4514417	6
1521407	4514417	6
3910561	1133266	114
837805	3889800	124
31799	3050276	24
1071059	3050276	24
727606	3050276	24
4487146	1906944	2077
4135906	3910561	116
3484020	3050276	24
2865117	1906944	109
3465341	3910561	127
4172349	4284657	118
4451837	1906944	109
426168	4585343	132
1965792	3050276	24
568373	4642970	133
1470729	3050276	35
4602859	3050276	24
3973019	4367532	71
2523405	3050276	24
4464307	3050276	24
4526500	1906944	1482
303102	3050276	24
986648	3050276	24
369375	4514417	6
1906376	3050276	35
491491	3889800	124
1554127	4367532	71
3843984	1706203	115
3910561	3703385	41
1493216	3669754	290
2025670	3050276	24
1851656	1906944	2077
3204771	1686681	1854
1266822	1906944	109
1348147	3050276	24
774656	4514417	6
4627506	1906944	109
3460529	3910561	116
4374894	3910561	110
3910561	3112428	114
3889800	3114046	932
4054388	4514417	6
1563702	4514417	6
770170	1906944	2974
3863593	4642970	111
3443163	1906944	109
1801620	259176	929
4172349	878800	118
35037	3050276	24
1099428	1906944	109
816889	1900891	238
3050276	3764972	18
3889800	1814208	130
1878574	1906944	109
3376974	3910561	110
3050276	1528698	18
4367532	2205975	74
4467552	3050276	17
3050276	11886	18
3707721	4514417	6
3252447	179194	115
2206208	3050276	17
4292829	3050276	17
2719871	3050276	17
329044	3050276	17
3382543	1686681	10
3050276	3915485	18
4306041	3050276	120
4253575	3050276	1172
3889800	1783237	130
4062821	1686681	126
3050276	743948	141
3840922	3910561	127
4151790	3050276	24
3050276	3100593	18
3910561	2312900	4063
2393387	3502272	38
3050276	3560265	18
110384	3669754	290
2346067	4514417	6
4367532	3877862	74
4197909	4367532	71
1579489	2118407	115
3910561	4278921	108
1963478	3050276	120
4172349	4292857	118
2118407	1579489	287
3050276	2685454	18
130458	4514417	6
4642970	19508	929
1759922	1906944	1482
2139997	3910561	116
4292829	4514417	6
2196958	4514417	6
1884634	3050276	17
3050276	3114399	18
3628123	4172349	122
1545096	3050276	24
3050276	1322617	18
1973047	4216766	32
1639750	3889800	124
3565537	1906944	129
1906944	1119227	1983
2576595	1906944	109
517883	3050276	120
3999341	3910561	110
453728	1906944	1482
3669031	1906944	109
3889800	2260501	130
4285951	3910561	127
414823	3889800	124
2051804	3889800	124
3050276	2301453	18
3889800	4374894	130
896180	1906944	109
1600043	1906944	109
743948	3050276	112
3565537	2933735	1674
15446	3050276	32
3050276	1410159	18
1633596	3050276	24
2305894	1906944	109
2794287	1360275	132
3632772	3669754	290
4367532	761693	74
714799	3889800	124
1835549	1906944	1482
3551448	3050276	24
1138603	3050276	24
166511	3050276	24
3800560	1906944	109
4146425	3050276	120
272814	3050276	120
2687109	1906944	129
3076315	3050276	24
2645445	3910561	110
3050276	2639196	18
3889800	4591770	130
4172349	3892919	118
3050276	4323613	18
4596670	1906944	109
2648919	2118407	132
4137103	3050276	24
2144586	3050276	24
1528698	1906944	109
1838117	4514417	6
3050276	1392654	18
4323723	1801620	133
1740835	4514417	6
3295939	3050276	17
3910561	2536032	114
4355124	3050276	24
2117858	3050276	24
3747065	2994517	287
483341	4514417	6
4367532	4197909	74
2973759	4514417	6
1906944	344179	1983
4607470	3050276	24
4471117	3050276	24
3883725	3050276	24
776985	4172349	122
3164031	4327999	132
3910561	4011017	41
3843984	4655664	115
3050276	2084431	18
646333	3050276	24
1133266	3910561	110
2252983	4514417	6
4172349	2869981	118
3441862	3050276	24
2125536	3669754	290
843258	3050276	17
2363637	3889800	124
647984	4100490	204
3050276	3326069	141
1686681	613775	859
4323730	3050276	24
1938457	3050276	24
3540103	4514417	6
4172349	1073802	118
3050276	2195608	18
4172349	4327999	118
2488792	3050276	24
3546562	4514417	6
2368470	4367532	71
3258572	3050276	24
2745443	4172349	122
3975682	3050276	24
1783237	4081380	133
261482	3050276	24
33201	4367532	71
2647107	3050276	24
3643605	3910561	116
1202957	4514417	6
1472235	3669754	290
806401	4367532	71
3910561	3211659	41
1099428	3050276	24
1821769	3050276	47
3937686	4514417	6
3657437	3889800	124
2453411	3669754	290
4042368	3050276	24
110752	1906944	109
212077	3050276	24
3913982	3910561	247
4364537	3050276	24
483451	3050276	24
1477635	3050276	24
2285028	3050276	24
2143716	3050276	17
1906944	2181551	1983
56606	4367532	71
2036980	3050276	24
1829541	4172349	122
1833028	3050276	17
1922291	3050276	24
1646761	3050276	24
1949747	4367532	71
156169	3050276	24
8359	1906944	109
2869894	3050276	24
515400	3050276	17
1470729	3910561	125
1513216	3190424	287
795752	4367532	71
1070826	3910561	110
3559179	4367532	71
113199	3050276	24
3910561	3824385	108
1906944	1188138	1983
3843984	2869981	115
3780793	3628740	929
4248640	1906944	109
2616918	3050276	17
3910561	3162061	108
915321	4514417	6
1595091	4367532	71
1046198	228691	929
478821	4514417	6
3050276	1232369	6711
4514417	1224014	6682
3050276	3935109	6700
3669754	1897411	6966
329044	4367532	6750
4514417	3491490	6682
3050276	1897240	6700
4514417	2974388	6682
876273	1686681	6878
3050276	2964617	6711
3050276	365933	6700
2344399	1906944	8659
4514417	3813701	6682
3050276	3855027	6700
3910561	1814208	6786
3050276	4103874	6700
3050276	3172612	6700
4367532	1531723	6747
261030	1472235	6804
4172349	1973047	8031
3910561	4142288	6792
4367532	423032	6747
3050276	2485386	6700
3910561	8225	6786
3050276	310567	6700
3050276	3723817	6693
2020187	342731	6700
3050276	2992548	6700
2143716	3910561	7345
4642970	2312767	6809
3050276	4323243	6693
4367532	2625685	6747
3050276	3844414	6700
4367532	471932	6747
3050276	2586327	6788
894266	3910561	6790
3889800	3565537	6793
3050276	690984	6700
1906944	3858317	6785
3399667	3050276	7562
3050276	3792652	6700
4514417	3188735	6682
3050276	1712577	6700
743948	1906944	8659
2302982	3910561	6717
3050276	2931113	6700
1906944	1225424	10065
3050276	4265286	6700
714799	3889800	6806
1420750	3050276	6694
3910561	2859297	6786
4596670	3050276	6694
3050276	1872798	6700
3889800	3124980	6800
3050276	3142076	6700
3050276	4591739	6796
3189312	3889800	7608
4514417	3639499	6682
1906944	4060134	6785
1608492	437435	6787
4367532	3261177	6747
3050276	2587560	6700
3050276	1134555	6693
3050276	2344399	6788
3050276	2318499	6708
228691	3910561	6790
1906376	3910561	6717
4172349	734021	6798
3050276	1374532	6700
3050276	2233307	6700
3050276	1765976	6700
3050276	1696673	6700
1531723	4367532	6750
3889800	2312767	6800
3050276	3871386	6700
3050276	4425288	6700
1906944	2195608	6785
1906944	760630	8158
4081380	3221731	6809
3901793	3910561	6790
3669754	4002910	6966
2300892	2994517	6791
210580	3050276	6694
3050276	94600	6700
3050276	3555670	6700
3889800	2986453	6800
3050276	2954895	6700
2393387	1864442	6707
3050276	2155642	6700
2535905	3901793	7559
2407009	1608492	6799
3050276	1922577	6700
4172349	4585343	6798
3050276	461207	6700
4367532	2419481	6747
3863593	3889800	7608
3050276	3742909	6700
1945316	3050276	6694
3050276	3460083	6788
3050276	2950495	6700
558958	3910561	6789
1906944	4306041	8158
568373	3889800	6806
1906944	4220748	6785
866536	4367532	6750
4516401	3910561	6717
4367532	589402	6747
348578	3050276	6694
2994517	378638	6963
3050276	3958609	6693
3050276	1392654	6700
3050276	3460529	6693
3889800	1596033	6800
1942653	1906944	7891
903142	3050276	6817
1906944	4478690	10065
2393387	2020187	7262
82415	2864292	6808
3050276	102857	6700
3050276	560694	6700
4367532	2265553	6747
788720	4172349	6794
1906944	2512034	9650
4172349	2147381	6798
4514417	2477634	6682
3112428	3889800	6806
1906944	767410	8753
3050276	4371019	6700
3889800	3628740	6800
3050276	2447319	6700
233664	3889800	6806
3050276	3339309	6700
3836585	576537	6804
1906944	254229	6805
3050276	4590591	6700
3958642	3889800	7608
3050276	3392712	6700
3050276	399795	6711
1906944	3237503	6785
3390135	4367532	6750
1764468	4172349	6794
3050276	20452	6700
3910561	4253575	6691
1906944	1839312	8158
2931364	3050276	6694
643402	3910561	6717
3050276	3993630	6700
3460083	3050276	6817
3669754	2407244	6966
3910561	2228181	7269
3050276	3792931	6700
4367532	2753054	6747
3050276	322587	6700
4514417	1322070	6682
3050276	2961182	6700
3641741	3050276	6817
4514417	795752	6682
3910561	4021611	6792
1906944	1224506	6785
4642970	3596300	6809
3910561	2986453	6786
4226375	1390310	6808
3050276	3278760	6700
1906944	2680167	6785
3910561	3534673	6803
1046198	586028	6809
3050276	589402	6693
2875767	3050276	6694
1618889	3724484	6808
2627619	3889800	7608
4367532	1224014	6747
2940973	4367532	6750
695918	3910561	6784
1906944	3580961	9650
3972217	3889800	7608
3910561	124772	6803
3601276	4367532	6750
2648219	3050276	6694
1906944	855538	6805
3963806	3889800	7608
1773555	3050276	6694
3050276	696626	6700
1906944	752101	6805
3050276	2979728	6700
3050276	2583916	6711
4172349	3747065	6798
1906944	2258934	6785
3050276	764227	6700
3910561	603208	6792
4514417	2104110	6682
3050276	3269076	6693
3050276	4496185	6711
3050276	984356	6700
4514417	2273933	6682
4367532	1073815	6747
4172349	2766405	6798
3669754	1068204	6966
4514417	256600	6682
3050276	3873255	6700
8225	3910561	6790
3050276	4517608	6788
2994517	2159283	6963
349369	3910561	6784
4172349	788720	6798
3050276	2990797	6700
4610414	3050276	6694
3558035	1801620	7605
4514417	2254562	6682
4514417	2537918	6682
1188138	1906944	7371
4464469	2994517	6791
3050276	368938	6700
214575	3050276	6694
3669754	4226375	6966
3050276	3823770	6700
4514417	3143935	6682
3050276	543929	6700
3050276	1481255	6796
3910561	1756873	6803
1906944	3172312	8158
2497571	4172349	6794
3050276	3139052	6700
3050276	1366613	6700
1906944	1668887	6785
1906944	1540142	6785
3050276	47396	6700
1906944	1032893	9650
3910561	1803005	6803
3050276	2750220	6711
2607137	4393240	6804
1906944	1104570	6785
1906944	1708224	6805
563152	4642970	6799
3050276	649335	6700
1906944	3735985	6785
3050276	334924	6700
4279207	3050276	6694
4514417	3359335	6682
3050276	1117366	6700
11623	3050276	6694
1638960	4537859	6804
3889800	769789	6800
1906944	2335846	6785
1632172	3050276	6694
3843984	1706203	6963
2243564	3050276	6694
947165	2020187	6694
849126	3050276	6694
3910561	1326173	6803
4514417	551688	6682
2125536	4170137	6808
4514417	349891	6682
3669754	2509358	6966
1906944	743948	9650
3910561	2424947	6801
4302129	3910561	7345
4367532	3373583	6747
3910561	2677583	6792
734021	1833028	6808
3564448	4172349	6794
3050276	622531	6700
3050276	502636	6700
1897726	3190424	6791
1688999	4172349	6794
3050276	2711168	6700
1906944	3490519	8753
1906944	4487300	6785
3050276	3046769	6700
4542126	4081380	7558
3910561	3711723	6792
4226134	3050276	6700
3050276	3755167	6700
107246	3910561	6790
926378	3050276	6694
1279932	4588191	7605
1046198	4591770	6809
3050276	3970169	6700
3050276	1124421	6700
1906944	1569315	6785
3050276	1451337	6700
3910561	85866	6792
3050276	2483957	6796
1906944	3112428	6805
4367532	2735776	6747
1906944	4590591	6785
3157510	3050276	6694
3050276	3870129	6711
3050276	746558	6700
4081380	47535	6686
3050276	1350493	6700
3669754	4028546	6966
3050276	467959	6700
427677	3910561	6784
3910561	4323723	6786
3050276	1963322	6700
3050276	163739	6700
1383366	4367532	6750
3050276	2794246	6700
1906944	4071102	6785
3050276	3865658	6700
3910561	3635944	6786
1906944	1649365	6785
1611334	4367532	6750
1906944	2442191	6785
3050276	1787337	6700
325287	3050276	6694
3050276	4516401	6711
1906944	4192529	8158
3050276	1162277	6700
4367532	97306	6747
20452	3050276	6694
3050276	2729952	6700
1906944	985333	6785
2243112	3780793	7605
3910561	3112537	6803
4172349	4429459	6798
4514417	179084	6682
3050276	2072771	6700
3050276	2032670	6693
3050276	2340563	6700
3910561	1210482	6792
3669754	3567439	6966
3050276	1273986	6700
1906944	2440393	6785
4514417	3866878	6682
3050276	3095160	6700
3050276	1552652	6700
3910561	540467	6803
3050276	173266	6700
3050276	4135906	6693
3050276	4141958	6700
3050276	3557186	6700
3050276	4397184	6700
3050276	4213756	6693
3488341	3050276	6694
3050276	2254946	6700
3050276	2258934	6700
2611301	1073802	6963
4552843	1906944	8659
3050276	82710	6700
4172349	4111931	6798
1906944	694914	6785
2233307	3050276	6694
3050276	2863820	6700
1906944	848200	6805
3050276	3363715	6700
3050276	3872132	6700
165573	3399667	7563
2309763	4172349	6794
8359	3050276	6694
1906944	1186960	8753
3910561	1338347	6803
4367532	2256405	6747
1595091	3910561	6784
3050276	4055274	6700
4514417	2734165	6682
1143021	271046	6808
3050276	4413391	6700
3050276	2593641	6700
3050276	2310782	6700
19508	3910561	6790
4323730	3050276	6694
3050276	2945757	6700
3910561	2177000	6801
3910561	2364620	6792
3050276	3914027	6700
3050276	1190895	6700
3050276	3955902	6700
753336	3910561	6790
3910561	3821757	6803
3910561	1671436	6786
3050276	4498646	6700
3843984	3892919	6963
3050276	1536624	6693
399082	3910561	6790
2611301	3910561	7227
1808186	3050276	6694
3910561	3628740	6786
3505702	4367532	7446
82415	3190424	6791
4514417	3153184	6682
4367532	3390883	6747
3910561	3124980	6786
4514417	1884007	6682
3208851	4172349	6794
1924523	3889800	6806
3910561	1707647	6792
2020187	1102018	6700
3050276	2902487	6700
3050276	4612921	6700
3050276	342731	6700
1686681	4341522	10034
4172349	2758409	6798
3050276	3259462	6700
3050276	3724182	6700
4514417	3373583	6682
3050276	4607746	6693
1906944	2029852	6805
3050276	3667028	6700
1906944	2598817	6785
852864	4100210	6809
612064	3889800	6806
2461649	2994517	6791
414823	1608492	7605
2648919	1764146	6804
3910561	4590313	6786
3910561	1848073	6792
1906944	903142	6797
3050276	4091625	6700
4147651	3050276	6817
3687834	3050276	6694
3050276	598394	6700
1906944	1899768	6785
3050276	2719048	6700
4514417	3212024	6682
4514417	3788763	6682
3050276	4354714	6700
488426	3910561	6784
1251355	3683831	6804
3050276	3380224	6700
4172349	2386231	6798
4367532	3341400	6747
3050276	2716210	6711
3050276	1350395	6700
3050276	1942844	6700
3050276	2674145	6700
3050276	4348838	6700
4514417	630189	6682
1140358	1906944	8659
3050276	3453489	6700
3050276	2140740	6693
635477	3050276	6694
1748110	3910561	6784
3910561	4159238	6792
3050276	1614471	6700
3050276	1747598	6700
497001	3910561	6717
3050276	3204060	6700
2611301	3537316	6963
2533970	4367532	6750
3050276	734503	6700
1795059	3910561	6784
3050276	1716774	6700
4514417	1756775	6682
1706203	4172349	6794
4172349	1360275	6798
2897281	4172349	6794
4514417	2677583	6682
3050276	3484493	6700
3050276	2548589	6700
263881	3910561	6784
4367532	349369	6747
3050276	357753	6700
1906944	365933	6785
47535	1686681	6777
3282243	4367532	6750
936005	4429459	6804
1322933	3910561	6790
4172349	1897726	6798
3910561	3261177	6803
3889800	1801620	9511
1801620	259176	6809
3910561	3698740	6803
1906944	3758970	6805
1539315	3910561	6784
4367532	1027510	6747
1056324	4367532	6750
3124569	3889800	6806
4367532	35278	6747
1906944	1808186	6785
3050276	930792	6700
1906944	4425288	6785
1906944	344179	9650
4514417	3473019	6682
1906944	498880	9650
2625685	4367532	6750
4514417	2827953	6682
3050276	855299	6700
1906944	4105391	6785
3050276	1746352	6700
3910561	3824385	6792
4514417	3000518	6682
3910561	370667	6803
3050276	1078044	6700
2758409	2611301	6791
1686681	647984	6795
3433137	3910561	7227
4172349	4537859	6798
3889800	2260501	6800
3050276	2563758	6700
4367532	224766	6747
1366577	3050276	6694
1906944	2798031	8158
3050276	3515191	6700
1906944	4008189	6785
3050276	2588944	6700
3050276	4469383	6700
3050276	935977	6700
4285951	3910561	6784
3050276	1186960	6693
3050276	3624912	6700
3050276	603032	6700
3050276	4601659	6700
491491	3910561	6790
3154716	4172349	6914
1801620	2647055	6809
3912649	1897411	6804
3050276	3249298	6693
4367532	1056324	6747
2611301	2745443	6963
3050276	435281	6700
3382543	4373620	6777
437435	1608492	6799
3050276	4483147	6700
3050276	4653940	6700
1972387	3910561	6717
342731	2020187	6694
3050276	1974211	6700
3261040	3050276	6694
3050276	793908	6700
3050276	3601276	6693
3910561	450142	7269
3050276	497001	6711
3050276	3825428	6700
3910561	497001	6801
3050276	2085632	6700
3050276	4156194	6700
3050276	2661105	6700
3910561	1675550	6792
4514417	806348	6682
2497721	4642970	6799
3373583	3910561	6784
3910561	1595091	6792
3910561	3657437	6786
3050276	4627920	6700
3746031	2020187	6694
3910561	589402	6803
4514417	3551705	6682
4297	3050276	6694
3050276	307598	6693
1554127	4367532	6750
820934	3050276	6694
2851957	3889800	6806
3050276	985333	6700
3910561	1888112	6786
3050276	686902	6700
3050276	4220748	6700
110384	572393	6808
3050276	798324	6693
4473616	3050276	6694
3050276	137971	6700
3050276	2889298	6700
3050276	1189646	6700
1162179	2533970	6808
1906944	31799	6785
3209980	3910561	7345
3669754	3195714	6966
3050276	1482967	6700
2945609	3910561	6717
1906944	3204060	6785
3050276	2360533	6693
3050276	2513189	6700
3050276	378602	6700
3114046	1608492	6799
3050276	2922921	6700
3669754	4401646	6966
1906944	2285028	6785
1884634	3910561	6784
3050276	3209980	6693
4514417	1437171	6682
3050276	1592146	6711
3050276	3447234	6693
1076464	3910561	6784
4514417	623636	6682
1906944	1963478	8158
1906944	3987819	6785
3050276	4560659	6700
4514417	4454239	6682
3050276	1421184	6700
3050276	1336037	6693
970194	4081380	6799
4514417	2951739	6682
1906944	595520	6785
3910561	2665684	6801
3252447	3910561	7227
3910561	3891151	6786
4642970	563152	6787
1906944	4298457	6785
3050276	4411506	6700
2020187	1800449	6700
4172349	4095440	6798
706151	3889800	6806
4580865	3050276	6817
3050276	3605358	6700
3050276	4250247	6700
4367532	1455292	6747
3910561	1783237	6786
3910561	35278	6792
3669754	4383842	6966
1215484	4367532	6750
4514417	1996142	6682
2029852	4081380	6799
2944133	4367532	6750
1007642	4172349	6794
761693	3910561	6784
3050276	1104382	6700
4182019	3050276	6694
3050276	278127	6700
3050276	2693109	6700
1906944	102857	6785
3190424	3910561	7227
3050276	4473616	6700
727606	2020187	6694
873315	4172349	6794
3910561	555786	6786
3050276	2301453	6700
4081380	4373784	6809
3050276	938188	6700
3910561	3373583	6803
4111931	4172349	6794
2243112	3910561	6790
3050276	2160562	6700
3050276	1864034	6700
3050276	2450499	6700
3050276	551688	6693
3443163	3050276	6694
3050276	3827047	6700
1608492	1639750	6809
3910561	623700	6792
1906944	4117852	6785
3050276	641820	6700
3889800	2036558	6793
3050276	2963472	6700
576627	3195714	6804
1906944	3666811	6785
3910561	4453512	6996
3910561	751955	6786
3050276	11886	6700
4655689	2140740	6808
2379720	3050276	6694
1467656	3050276	6694
3910561	4607746	6792
3987819	3050276	6694
1906944	4354714	6785
1906944	903142	9650
1467656	2020187	6694
3050276	680473	6700
4514417	2240857	6682
735864	3910561	6790
4367532	1810397	6747
3050276	1065490	6700
3889800	1671436	6800
3050276	3379670	6700
4514417	1796507	6682
4649685	3050276	6817
1906944	370808	6785
4514417	2392133	6682
4362271	4367532	6750
3910561	3112428	6786
1608492	1814208	6809
3050276	4268727	6700
3050276	4218388	6700
4487300	3050276	6694
1765029	1906944	7371
1778504	3190424	6791
3050276	2648219	6700
4642970	19508	6809
3050276	1977473	6700
4081380	3889800	8351
1906944	2472813	6785
3889800	3376974	6800
1906944	1603966	6785
3050276	298189	6796
1973047	3505702	6750
3910561	3188735	6792
3050276	3244088	6700
2472813	3050276	6694
2611301	1435911	6963
3050276	884944	6700
3050276	3833670	6700
4514417	1831482	6682
1778504	4172349	6794
3050276	1517244	6693
1906944	1772001	6785
1906944	2104491	6785
2576595	3050276	6694
3050276	1673070	6700
1906944	4147651	6797
4514417	3438229	6682
1906944	3106200	8158
3050276	498880	6788
3050276	2923054	6700
2973759	3910561	6784
852864	837805	6809
4081380	2029852	6787
3050276	881634	6700
3050276	3665361	6700
2020187	3050276	9181
242972	1906944	7891
3050276	528764	6796
1927060	4367532	6750
4080368	3910561	6789
4514417	2351225	6682
3050276	847625	6700
2020187	3114399	6700
1608492	2627619	6787
4514417	873045	6682
3780793	3685466	6809
2076694	1906944	7891
4373620	3382543	6686
540467	3910561	6784
3050276	1077172	6700
4514417	1832467	6682
4367532	2252983	6747
1888112	3910561	6790
3050276	3606301	6700
3050276	2155634	6700
3050276	3118044	6693
3050276	3022535	6700
3840276	3050276	6694
2556343	3050276	6694
3170540	1906944	7891
3050276	2339755	6700
3910561	1924523	6786
1608492	2394897	6787
4367532	4080587	6747
3910561	399795	6801
3050276	1968772	6700
370667	3910561	6784
3050276	1152668	6700
3889800	1924523	6800
3050276	2511220	6700
3050276	2922391	6700
3050276	4584554	6700
4171932	3050276	6694
3910561	159109	6792
2038070	4367532	6750
3050276	4422458	6700
3889800	3127709	6793
3050276	4137027	6700
3050276	3869162	6700
4172349	3910561	6790
3050276	1362607	6796
4367532	1695852	6747
4367532	2866240	6747
1906944	468108	6785
3050276	3987819	6700
3050276	498767	6693
4124564	3050276	6694
4367532	4651636	6747
1906944	551922	6797
1700049	3889800	8351
4514417	4580499	6682
4386107	3910561	6790
2523389	3050276	6694
3050276	3999618	6700
3050276	2887379	6700
4514417	2073774	6682
1906944	3002979	6785
3889800	4172349	6800
1906944	1499387	8158
3910561	364023	6786
2407244	4172349	6794
3050276	1973047	6693
3050276	743635	6700
3910561	3457177	6803
4172349	2367267	6798
3050276	4174583	6700
3910561	2087439	6803
1033040	1778504	6804
3913982	3910561	6922
1107657	3050276	6694
3050276	1769619	6700
3843984	4383842	6963
4367532	1611334	6747
4367532	3836585	6747
3889800	2198619	6800
3910561	97306	6792
3669754	457490	6966
481520	4367532	6750
3050276	3486414	6700
3050276	1720921	6700
3050276	3924384	6700
3050276	4532698	6700
4438315	2020187	6694
4514417	407309	6682
3050276	3211659	6711
3491490	4367532	6750
3050276	4216766	6700
3050276	1652287	6700
3382543	1686681	6777
3628123	4172349	6794
3050276	3136787	6700
1906944	4150650	6785
2513996	3889800	7608
4514417	33201	6682
3050276	4008189	6700
3910561	2254562	6803
4642970	3635944	6809
3050276	2192786	6700
3050276	3969415	6693
3050276	4272443	6700
3050276	308480	6700
2127656	3050276	6694
1906944	1986860	6785
3050276	435476	6700
3050276	2618946	6700
1973047	3409388	6750
1906944	2924019	6805
1671436	3889800	6806
1608492	1609897	6787
4642970	1735102	6787
4172349	3405938	6798
53204	3910561	6717
3669754	3747065	6966
3050276	2906492	6796
3050276	1135949	6700
3050276	899036	6700
3050276	76249	6700
1906944	2626746	6785
1952909	3910561	6790
3910561	2930782	6786
1906944	2155642	6785
3050276	1414394	6700
1906944	873840	6785
3050276	3794271	6700
3910561	3349245	6792
3050276	1335835	6700
3050276	4392020	6700
3910561	372438	6786
3937743	4172349	6794
1133266	3889800	6806
1906944	1186960	7307
3910561	221134	6802
1897726	248246	6808
3050276	5466	6700
3910561	706151	6786
3050276	4198141	6700
1906944	669637	6785
1906944	3956074	9650
3050276	3880660	6700
3757068	3910561	6717
4514417	1587635	6682
3050276	1915322	6700
4514417	4341244	6682
3050276	168665	6700
3889800	1783237	6800
1906944	1190574	6805
3050276	2531706	6700
3910561	2709164	6792
3910561	1675550	6803
4367532	336539	6747
3893734	4367532	6750
3910561	3390135	6803
3050276	779829	6693
3050276	1900891	6700
4514417	43866	6682
3050276	1864442	6693
4514417	1502725	6682
3050276	217837	6700
873315	551688	6808
4514417	2832010	6682
4514417	261030	6682
4080587	4367532	6750
3050276	169359	6700
4514417	505625	6682
3050276	2598817	6700
1906944	1552652	6785
3050276	540193	6693
3050276	4593232	6693
3050276	3430150	6700
2985224	3910561	6717
3889800	2243112	6800
1943684	4367532	6750
1217326	3910561	6784
47535	4081380	6777
3910561	2480889	6792
3050276	780760	6700
2680167	3050276	6694
4367532	2066245	6747
3050276	3975891	6796
75921	3050276	6694
2719871	4367532	6750
3050276	1616602	6700
788467	3889800	7608
1348495	3910561	6790
1906944	4626542	6785
3050276	2946434	6700
3910561	3922243	6801
3050276	4442725	6700
1801620	3965707	6787
3050276	1728091	6700
3050276	3844918	6700
4514417	4579012	6682
3910561	3188735	6803
3124551	3050276	6694
4514417	307598	6682
4642970	1133266	6809
753336	1699623	7605
3050276	4302129	6693
3050276	578914	6796
3124980	3889800	6806
3405938	4172349	6794
3889800	2394897	6793
3669754	4429459	6966
3050276	1523570	6700
3050276	2287926	6700
1906944	795689	6785
4617368	3910561	6784
1906944	2548178	6785
3050276	3912649	6693
3050276	1708408	6700
3050276	1156834	6700
3889800	1700049	9511
1906944	1680673	6785
3050276	3390135	6693
4514417	2145664	6682
4642970	3972217	6787
3050276	1976884	6700
4514417	2143716	6682
1906944	3914027	6785
3050276	3126778	6700
2990912	4367532	6750
3050276	2923929	6700
4172349	1842856	6798
1906944	123719	6785
3050276	2084431	6700
4514417	239425	6682
3050276	4647931	6700
3216195	3050276	6694
3770898	4367532	6750
3050276	3376895	6700
4367532	1857771	6747
3050276	1569315	6700
4367532	3428301	6747
3910561	1217418	6803
3218218	4367532	6750
1686681	512473	10034
2394897	3889800	7608
592491	3889800	7608
3050276	4624356	6700
2146720	4367532	6750
1906944	2774181	6785
3050276	4601035	6788
4514417	3790806	6682
1973047	4373620	6750
810710	2143171	7605
4172349	2012919	6798
3050276	620404	6700
3050276	3638473	6693
2252983	3910561	6784
1906944	587449	6785
3050276	348405	6796
3124569	1608492	7605
3050276	3957406	6700
4514417	2233727	6682
3050276	3000676	6700
3050276	4341969	6700
3050276	4165734	6700
4514417	679424	6682
3680158	3050276	6694
3050276	1666653	6700
4514417	207421	6682
4514417	1510465	6682
3910561	315279	6801
3050276	726390	6700
3669754	2897281	6966
1493216	4172349	6794
241151	3889800	7608
4081380	4469383	8688
3050276	3680158	6700
1906944	3681686	6785
3050276	2836172	6700
3889800	2586446	9511
4341522	3124980	6809
3050276	4616220	6700
3050276	2014991	6700
3050276	1469670	6700
1906944	4175548	6785
4367532	2923042	6747
3050276	96952	6700
3050276	4102968	6700
2959658	3050276	6694
1217418	3910561	6784
2596875	3910561	6790
3910561	3601276	6803
2821358	3910561	7345
4140037	4472617	6804
3050276	896229	6700
2766405	3843984	6791
3050276	1533352	6700
4367532	695918	6747
2125536	4172349	6794
3910561	19508	6786
1801620	592491	6787
3050276	864644	6700
4514417	3249298	6682
3050276	3561761	6700
1976884	3050276	6694
3910561	3241360	6786
3050276	3556471	6700
1748192	3050276	6694
281884	2020187	6694
3050276	4147651	6788
996534	3050276	6694
1906944	2806331	6785
4514417	81863	6682
3050276	1625351	6700
3050276	3356386	6711
3910561	4080298	6792
3050276	3073451	6700
3050276	4513186	6700
578326	3910561	6789
4607746	3910561	6784
938613	4367532	6750
4514417	3285568	6682
4514417	3566528	6682
4081380	4590313	6809
1906944	849126	6785
4172349	214847	6798
3050276	3068348	6700
543929	3050276	6694
1764146	1579489	6791
1906944	3119916	6785
3050276	1589748	6796
3050276	3764972	6700
3050276	3092086	6700
2393387	4588127	6708
3237503	3050276	6694
1906944	379045	6805
3910561	2800307	6801
1998326	4081380	6799
4514417	3192316	6682
3050276	1527735	6700
3050276	4278921	6693
3050276	3196736	6700
4367532	1795059	6747
3050276	3847994	6700
1906944	325287	6785
2294900	3910561	6790
3050276	623636	6693
82710	3050276	6694
3050276	824648	6700
2788169	2766405	6804
1906944	2613162	6785
3050276	381560	6693
3050276	3127552	6700
2753054	4367532	6750
2510749	3050276	6694
4601035	3050276	6817
4172349	3279660	6798
3050276	2854087	6700
145116	2393387	6694
110384	3843984	6791
3050276	2271691	6700
3050276	993494	6788
1801620	4374894	6809
3050276	926378	6700
1390032	2198619	6809
3889800	1998326	6793
4164185	2745355	6880
414530	3050276	6694
1801620	3015636	6809
3050276	3046966	6700
1906944	486244	6785
3889800	1609897	6793
334576	4367532	6750
3050276	2308129	6700
3050276	3321790	6700
2601402	4367532	6750
3889800	706151	6800
1609897	3889800	7608
4514417	336539	6682
3050276	4185388	6700
2266428	3050276	6694
3050276	931403	6700
498880	1906944	8659
2036558	3889800	7608
4514417	2299791	6682
3910561	1952909	6786
4514417	2613636	6682
4514417	2652024	6682
3050276	3310788	6700
3050276	4532798	6700
3050276	2096690	6700
3050276	3256125	6700
3669754	4321825	6966
674355	3910561	6790
3050276	4507758	6700
2334026	3050276	6694
4172349	3683831	6798
3050276	1263747	6700
1906944	4427378	6785
3050276	4398196	6700
3050276	914754	6700
90929	1801620	6799
241151	1801620	6799
1764146	2648919	6808
612064	1390032	7605
3050276	3634050	6700
3889800	2294900	6800
3050276	1708524	6700
3050276	2532445	6700
2020187	3050276	6746
3632772	4172349	6794
3910561	2516594	7269
4649685	1906944	8659
3050276	2684496	6700
3050276	2610641	6693
1906944	1963322	6785
770170	1906944	8659
4514417	1632395	6682
3910561	2348833	6803
468108	3050276	6694
4514417	576627	6682
3050276	2020187	7417
1906944	2422000	9650
3050276	2800948	6700
4514417	4539617	6682
1906944	268731	6785
3050276	1777812	6700
3050276	2334026	6700
1906944	2735966	6805
4514417	599280	6682
3050276	753353	6711
3050276	3216195	6700
1800449	3050276	6694
4517608	3050276	6817
2758409	1543929	6808
3050276	3118709	6700
3050276	3666811	6700
1910712	3249298	6808
3050276	1859986	6700
4172349	1143021	6798
3910561	4100210	6786
4353394	3050276	6694
1906944	555055	6785
3910561	2610641	6803
3910561	2420617	6801
4367532	3162061	6747
3050276	2734893	6700
3349245	3910561	6784
3050276	3157510	6700
1336037	3910561	7345
3050276	3642179	6700
1906944	4158738	8158
2118407	187120	6794
4514417	3465341	6682
1608492	1924523	6809
4587273	3910561	6784
1906944	3547563	6785
1906944	13165	8753
3050276	83207	6700
769789	3889800	6806
4367532	3238407	6747
2200670	2994517	6791
3050276	233097	6700
3669754	3102233	6966
4514417	2990912	6682
1906944	2963732	6785
3050276	3537313	6796
3050276	2613162	6700
3050276	20077	6700
3050276	4120392	6700
4172349	893616	6798
4062821	1686681	6789
4514417	1312086	6682
3050276	2738161	6796
2021981	430552	6804
3889800	4590313	6800
1686681	1608492	10034
1906944	2127656	6785
4145294	2020187	6694
4374894	1801620	7605
3050276	3307708	6700
3050276	4364543	6700
3050276	1932698	6700
3050276	4083993	6700
970194	3889800	7608
3050276	2879781	6700
3050276	3675827	6693
3050276	2492108	6796
3050276	3460273	6700
1569315	3050276	6694
4514417	1092964	6682
4213756	3050276	6714
4514417	72030	6682
1247448	3910561	6790
3050276	3466343	6700
3050276	3550865	6700
3050276	2563103	6700
1686681	312819	10034
985333	3050276	6694
3910561	403942	7636
1906944	373232	6805
2393387	2427645	6708
3669754	3628123	6966
3050276	3974196	6700
3050276	595333	6700
3976477	3050276	6694
3635944	3889800	6806
3050276	1666467	6700
782987	3910561	6717
4367532	2747278	6747
3910561	92535	6803
3889800	1608492	9511
3910561	2549226	6792
1838966	3050276	6694
1906944	4564110	6785
4367532	3491490	6747
1833028	4367532	6750
3889800	3863593	6793
3050276	4431706	6700
3669754	1829541	6966
3050276	3234412	6700
3910561	2750220	6801
2745443	2611301	6791
3891151	3910561	6790
1906944	1648399	8897
3910561	3341400	6792
3050276	4317843	6700
3910561	72030	6792
1566588	2393387	6694
3376974	1608492	7605
3050276	1217418	6693
3150675	3889800	7608
3050276	533550	6700
3050276	4074018	6711
3050276	268090	6700
3050276	1136633	6700
3050276	697933	6700
561547	4367532	6750
2647055	3889800	6806
4514417	2139997	6682
3669754	2497571	6966
3050276	2186643	6700
2584903	3780793	7605
1801620	3558035	6809
3910561	4496185	6801
379045	3889800	6806
3050276	4622243	6700
1312086	3910561	6784
3243493	3050276	6694
2217752	3050276	6817
3118044	4367532	6750
3050276	3400296	6700
4367532	561547	6747
1906944	4282318	6785
1119227	1906944	7371
3636796	3050276	6694
3889800	2851957	6800
4367532	4537027	6747
1906944	1481255	8158
3050276	3346845	6700
1906944	857324	8158
3190424	1897726	6963
4514417	195682	6682
2611301	2147381	6963
3050276	2739736	6700
1906944	2217752	6797
2611301	2758409	6963
3050276	4276958	6700
3050276	291894	6711
4514417	4139980	6682
3050276	2579099	6700
3050276	3611419	6700
4514417	3726368	6682
4514417	4575095	6682
2217752	1906944	7371
1897411	4172349	6794
3050276	2868544	6700
3050276	3567931	6700
2954429	3910561	6790
1795059	4367532	6750
1906944	348405	8158
2846260	1808186	6785
898793	1262236	7559
3999341	3910561	6790
1906944	3180492	6785
4514417	2586873	6682
3910561	558958	6802
2020187	105009	6822
3050276	1398089	6700
3910561	2945609	6801
3910561	1210482	6803
3050276	643402	6711
3889800	2647055	6800
3050276	2239867	6693
3892919	3843984	6791
3050276	3464512	6700
3580961	1906944	8659
3910561	714799	6786
4490597	3050276	6694
398298	3050276	6694
195682	3910561	6784
1091602	3050276	6694
3050276	1630618	6700
3910561	2206208	6803
3050276	572393	6693
4469383	4081380	7558
3050276	1821769	6711
3910561	4021611	6803
3889800	3150675	6793
3050276	3990776	6700
4367532	4209184	6747
2804726	3050276	6694
1906944	1589748	8158
3910561	3790806	6803
1906944	1717994	6785
4514417	572393	6682
3669754	1668120	6966
1906944	11623	6785
3910561	3015636	6786
2994517	4028546	6963
3050276	1543929	6693
3050276	94343	6700
3050276	1005780	6700
3050276	3119916	6700
1906944	143238	6785
4514417	3515394	6682
3910561	946910	6803
3204771	1686681	9174
1906944	2784206	6785
3050276	1700411	6700
2393387	3154716	6700
3050276	11623	6700
3050276	1114438	6700
2142510	3050276	6694
4591770	3910561	6790
3050276	2337804	6700
4514417	3027302	6682
1906944	3730792	6785
1906944	3100593	6785
3681686	3050276	6694
993494	3050276	6817
3050276	3044918	6700
4367532	4473601	6747
4135906	3910561	6784
3180492	3050276	6694
3050276	4182019	6700
4514417	2610641	6682
3050276	1792365	6700
4514417	2743968	6682
3050276	4580499	6693
3050276	4258233	6711
344179	1906944	7371
1686681	4081380	10034
1009856	3050276	6694
3889800	2864767	6800
3910561	427677	6803
27530	3050276	6694
3050276	3964641	6693
3889800	2719739	6793
1608492	3114046	6787
3050276	4519771	6700
1483212	1906944	8659
3050276	757027	6700
97306	3910561	6784
4514417	1700497	6682
3050276	3463797	6700
3050276	3443163	6700
3050276	3045687	6700
1906944	4348248	6785
2222809	1686681	6744
3050276	1575128	6700
3813198	3050276	6694
3050276	1832925	6700
3050276	3966218	6700
259956	4367532	6750
4135431	4172349	6794
3050276	1228870	6700
3050276	3352287	6700
2051804	3910561	6790
3910561	4074018	6801
3050276	2005546	6700
3050276	1318236	6700
3050276	711337	6700
3557186	3050276	6694
3050276	1483212	6788
1906944	1140358	9650
4514417	1237616	6682
4172349	1435911	6798
3050276	1104570	6700
4367532	1131314	6747
1906944	4453512	6805
1293388	3910561	6790
3215606	2611301	6791
1906944	1976956	6785
2846260	4172349	6805
3910561	1762972	6792
4172349	311871	6798
2598817	3050276	6694
3050276	1245082	6700
1906944	3515076	8158
837805	3889800	6806
3050276	3084572	6700
3050276	69220	6700
3050276	1357204	6700
3910561	2294900	6786
4219940	3889800	6806
3843984	2766405	6963
4514417	405360	6682
1906944	2963472	6785
1906944	2266428	6785
3889800	4198166	6800
3910561	1279932	6786
3050276	808843	6700
3050276	3993985	6700
3910561	3707721	6792
4172349	1068204	6798
3112537	3910561	6784
4451837	3050276	6694
3050276	3730792	6700
4172349	4472617	6798
3050276	637325	6700
4367532	515400	6747
4514417	878462	6682
1906944	4171932	6785
3508117	4172349	6794
4514417	4603441	6682
2220698	3050276	6694
1906944	348578	6785
1906944	2233307	6785
1540142	3050276	6694
1326173	3050276	6714
2294900	2143171	7605
3050276	1727454	6700
3050276	1076956	6700
3190424	1778504	6963
1829541	3760658	6808
3050276	3671952	6700
56606	4367532	6750
3050276	4303270	6700
1906944	2523022	6785
271046	1143021	6804
4514417	1093098	6682
3050276	1411234	6693
3050276	121732	6700
1917800	3889800	8351
3685466	3889800	6806
3889800	437435	6793
3910561	414823	6786
3910561	235017	6792
3050276	1263681	6700
4172349	1055677	6798
4397184	3050276	6694
4514417	1263332	6682
3050276	4426922	6700
3050276	2064791	6700
3910561	3520430	6786
4367532	1088724	6747
3910561	124772	6792
558094	4172349	6794
3050276	2104726	6700
4514417	838387	6682
1686681	898793	11394
3910561	1262236	6786
3050276	1804826	6700
4172349	1688999	6798
3050276	4080298	6693
4514417	4021611	6682
3050276	3261040	6700
3050276	4163198	6700
2698045	3910561	7345
364023	3910561	6790
1906944	1852446	8158
2020187	4560582	6694
1906944	2674000	9650
4174904	3910561	6784
4514417	2126984	6682
1156204	3889800	6806
3050276	345888	6700
3910561	783388	6786
1906944	4276958	6785
3050276	2996296	6693
3050276	2728296	6700
1680673	3050276	6694
3050276	2586873	6693
3050276	1467656	6700
3669754	1910712	6966
3050276	3053804	6700
1906944	2901454	6785
1976956	3050276	6694
3050276	1680673	6700
4514417	4164185	6682
4367532	1383366	6747
2523405	3050276	6694
1906944	2738161	8158
4514417	3964641	6682
3669754	387075	6966
3050276	469667	6700
1133266	4642970	7605
3050276	3186248	6700
1906944	2379720	6785
1906944	3209252	6785
3050276	1455292	6693
1906944	4397184	6785
507629	3889800	7608
4514417	3737096	6682
3050276	542044	6700
1906944	1748192	6785
1472235	4172349	6794
1764468	2360533	6808
3669754	1143021	6966
3050276	1501888	6700
3910561	4333439	7269
1906944	1119227	9650
3050276	4046176	6700
3050276	3241957	6700
3050276	475818	6700
3050276	4188430	6700
1906944	2523405	6785
3683831	1251355	6808
3050276	4285951	6693
4514417	1536624	6682
2719739	1801620	6799
4393240	2607137	6808
1712577	3050276	6694
3050276	768134	6700
3050276	2734966	6796
1906944	1350493	6785
4367532	1633678	6747
3050276	417901	6711
3050276	349369	6693
4401646	4172349	6794
4514417	1236170	6682
3910561	795752	6792
716804	3910561	6790
3050276	825639	6700
3780793	3520430	6809
3050276	3708832	6700
3050276	1701299	6700
3050276	1589824	6700
3910561	3162061	6792
3050276	1994719	6700
3050276	2440393	6700
4655664	4172349	6794
3050276	2113286	6700
1156204	4642970	7605
4172349	878800	6798
3050276	3785508	6700
1686681	2813890	10034
3910561	3922267	6803
3050276	1507240	6700
4514417	810028	6682
3308183	3910561	6717
1906944	2922026	6785
3050276	1886444	6700
3666811	3050276	6694
1906944	3915485	6785
1906944	2456730	6785
2351166	3910561	6784
4081380	970194	6787
4367532	334576	6747
3628740	3889800	6806
3050276	1060354	6700
3050276	1906816	6807
3050276	2302556	6700
3050276	3723774	6700
2745443	1517244	6808
3050276	1856472	6700
3910561	4590250	6792
3050276	2799947	6700
3770898	876273	6880
2596875	898793	7232
3050276	4138005	6700
4514417	4027955	6682
3050276	3378113	6700
3050276	3116891	6700
4514417	1955110	6682
3050276	1323316	6700
3050276	1641398	6700
3657437	3889800	6806
1842856	4172349	6794
3669754	1706203	6966
3050276	2901454	6700
3050276	3926724	6693
3669754	3492099	6966
3050276	3867728	6700
3707721	3910561	6784
3050276	1033040	6693
3050276	1224506	6700
3050276	4552127	6693
2922026	3050276	6694
2611301	3568742	6963
3050276	3551049	6700
3669754	3279660	6966
3050276	384256	6700
3050276	337205	6700
1906944	1719292	6785
4367532	387274	6747
2322463	4367532	6750
592931	4367532	6750
3050276	529169	6700
3050276	1537702	6700
2009049	3050276	6694
3015636	3910561	6790
3050276	2305894	6700
3050276	2676360	6700
4410098	3050276	6694
3339309	3050276	6694
4642970	3189312	6787
1163440	3050276	6694
3669754	2685336	6966
3050276	853860	6700
236817	4367532	6750
179194	4593232	6808
4517608	1906944	8659
586028	3910561	6790
3050276	2594438	6700
1906944	1524892	6785
3050276	4160713	6700
2722794	1906944	7371
359166	3910561	6717
3050276	4473726	6700
3050276	2769536	6700
2886031	3910561	6717
2461649	4172349	6794
430552	2021981	6808
4498699	4172349	7609
3069000	1133719	6804
3154716	2020187	6694
4514417	2331948	6682
3780793	3628740	6809
3050276	2674843	6700
3910561	1906376	6801
3050276	1084085	6700
3050276	2324257	6700
2453411	4172349	6794
1906944	3452348	6785
3910561	2205975	7269
3709464	3910561	6717
3050276	3064759	6700
3492099	2915682	6808
1906944	1420750	6785
3050276	2899475	6700
4514417	4248403	6682
2933735	1323312	8350
1906944	2875767	6785
3050276	1702527	6700
3050276	896180	6700
2547063	1801620	7605
4032976	4367532	6750
3050276	4197479	6700
1888112	1608492	7605
4367532	259956	6747
423032	3910561	6784
3889800	4100210	6800
542044	3050276	6694
1906944	2408696	6785
3050276	1186190	6700
4282318	3050276	6694
2583916	3910561	6717
1093098	47535	6886
3910561	1539315	6792
4514417	4336140	6682
3669754	2869981	6966
3889800	618963	9511
3050276	1091602	6700
3910561	329044	6803
586028	1046198	7605
3234590	3910561	6717
3050276	1188138	6788
3910561	1756873	6792
4160144	4367532	6750
3050276	4487146	6693
3910561	1383366	7269
2348833	3910561	6784
1385664	3050276	6694
2933735	3154716	9303
2584903	3910561	6790
3050276	3393404	6700
1906944	4121865	8158
4367532	2480889	6747
3050276	2116811	6700
3050276	4111011	6700
612064	3910561	6790
4397957	3889800	6806
1906944	896229	6785
3669754	214847	6966
3050276	3877397	6700
3050276	3430769	6693
716804	3889800	6806
4367532	3411933	6747
2363637	3889800	6806
1906944	3956074	6797
2718461	3050276	6714
3910561	3698740	6792
3910561	1848073	6803
3910561	1852306	6786
3050276	4560083	6700
3050276	4282318	6700
3050276	895632	6700
1906944	2634766	7307
3050276	2375203	6700
4172349	1618889	6798
242972	1906944	7855
3910561	4278921	6803
3910561	3433137	8161
4172349	2407244	6798
4367532	3958609	6747
3050276	450142	6693
1897726	4172349	6794
3050276	3162061	6693
2318499	3910561	6784
4514417	2701122	6682
505625	613775	7014
3910561	1795059	6803
3050276	717543	6700
3050276	3643605	6693
857506	3050276	6694
3910561	2254562	6792
1906944	3681837	8158
1906944	2084061	6785
373232	3889800	7608
4514417	2865921	6682
4514417	1711920	6682
509885	4367532	6750
3154716	2933735	9284
4367532	3209980	6747
2367267	3843984	6791
3910561	2051804	6786
3050276	3931998	6700
3050276	3784511	6700
3910561	53204	6801
3104813	4367532	6750
1906944	2278442	6785
1801620	3889800	8351
603208	3910561	6784
3050276	2541053	6700
3050276	2782853	6700
3238407	4367532	6750
4367532	2709164	6747
2422000	1906944	7371
4367532	4135906	6747
4172349	4401646	6798
4514417	1396777	6682
4514417	1927060	6682
1906944	3205191	6785
4367532	1033040	6747
1906944	4552843	6797
2252983	4367532	6750
3050276	925953	6700
1242597	2020187	7360
3910561	349369	6803
1801620	855538	6787
4029325	639671	6804
3050276	3805399	6700
1649653	3050276	6694
2020187	3050276	6694
3910561	228691	6786
1973047	4172349	6969
1906944	1916227	6805
1418636	3050276	6694
3050276	4169178	6693
3050276	4230778	6700
3910561	1762972	6803
2866240	3910561	6784
3910561	1633678	6803
3889800	228691	6800
3050276	1603966	6700
3050276	3490519	6693
1609897	1608492	6799
4367532	2038070	6747
3050276	2983987	6700
3050276	271046	6693
4172349	3215606	6798
3050276	1756873	6693
3050276	153318	6700
3889800	379045	6800
4590591	3050276	6694
1688999	2611301	6791
3460529	3910561	6784
1906944	1705721	6785
3050276	4145294	6700
3050276	4626542	6700
2648919	1397337	7168
1906944	3731932	6785
3050276	2069978	6700
3050276	2830951	6711
4514417	4338272	6682
3050276	1359734	6700
3050276	2107425	6700
1232369	3910561	6717
3050276	4412383	6700
3411933	3910561	7345
3050276	3098845	6700
3889800	586028	6800
1906944	667582	6785
3050276	3614114	6711
3910561	695918	6792
3050276	1009856	6700
2143244	3050276	6694
3889800	259176	6800
3910561	866536	6803
3910561	3843984	8161
3050276	4494092	6700
4453568	893616	6804
3965707	3889800	7608
3050276	857005	6700
3910561	4617368	6792
3050276	790406	6711
3596300	4642970	7605
2734315	3050276	6694
4514417	1027510	6682
2480889	3910561	6784
2842374	3910561	6717
1748110	4367532	6750
3558035	3889800	6806
378638	4172349	6794
3050276	4242645	6796
1686681	2745355	6795
3050276	2300673	6700
3669754	2147381	6966
4172349	1075699	7346
3050276	944757	6700
1906944	574450	6785
235017	3910561	6784
3050276	2726829	6700
3889800	3703143	6793
102857	3050276	6694
3050276	351574	6711
1906944	3840276	6785
4367532	2944133	6747
1141115	3050276	6694
3050276	3933565	6700
3910561	843258	6792
1686681	1801620	10034
587449	3050276	6694
3669754	1618889	6966
3050276	402800	6700
3910561	2985224	6801
4514417	1411234	6682
4062056	4367532	6750
3669754	1764468	6966
3050276	323409	6700
4367532	4029325	6747
3859460	3050276	6694
3050276	4019311	6700
4642970	3889800	8351
1906944	3785508	6785
1906944	2379000	6785
3050276	3508756	6700
3926724	3910561	6784
706151	3780793	7605
3050276	2987579	6700
3050276	215959	6700
3910561	47535	6686
1906944	1392654	6785
3520430	3910561	6790
3910561	149861	6803
3050276	2500371	6700
3050276	1539315	6693
3050276	4489711	6700
3050276	1437168	6700
551888	3910561	6790
535667	3050276	6694
3050276	3547563	6700
3050276	4284443	6700
4514417	2750762	6682
3910561	3034316	6801
3050276	3960840	6700
3050276	1834747	6700
3910561	508336	6801
2622098	3050276	6694
2476369	4367532	6750
3204060	3050276	6694
4367532	779829	6747
3050276	1681555	6700
1906944	543929	6785
4514417	1012951	6682
3050276	2624081	6700
1906944	153318	6785
1906944	4292765	8158
1765029	3050276	6817
706151	3910561	6790
2419481	4367532	6750
3910561	4591770	6786
3050276	4343217	6700
2723946	4367532	6750
4172349	1073802	6798
2547063	3889800	6806
2312767	4642970	7605
3050276	388668	6700
1390310	4226375	6804
3669754	776985	6966
4367532	236817	6747
3910561	417901	6801
1906944	1891349	6785
1297220	3050276	6694
3050276	2669497	6700
4142288	4367532	6750
3050276	2723709	6700
1686681	1046198	10034
4514417	3741719	6682
1483212	1906944	7371
4542126	3050276	6694
3079092	3910561	6790
3050276	3079415	6700
3050276	10374	6700
1906944	1175428	6785
3515191	3050276	6694
1906944	2203260	8158
1707647	4367532	6750
3050276	35278	6693
3050276	4150650	6700
3972217	4642970	6799
3050276	2302780	6700
1906944	2239867	8753
3341400	4367532	6750
4514417	3502272	6682
1906944	3192717	8158
3669754	184801	6966
3050276	2314599	6700
3910561	2351166	6803
3910561	2547063	6786
1906944	1637962	6785
1536624	3910561	7345
4517608	1906944	7371
1906944	1032893	6797
1104570	3050276	6694
4002910	4172349	6794
4367532	3821757	6747
3840922	3910561	6784
3910561	4187957	6786
3910561	3112537	6792
2830951	3910561	6717
4514417	1475104	6682
4383842	4172349	6794
3050276	1685820	6700
928021	3050276	6694
1906944	2301453	6785
3910561	613775	7566
4514417	4323243	6682
3596300	3889800	6806
4591770	1046198	7605
3050276	797722	6700
3910561	2364620	6803
4367532	3693803	6747
2846260	3154716	6785
1686681	876273	6795
993494	1906944	7371
3050276	2748112	6700
4560582	2020187	6700
3910561	3790806	6792
3050276	4585197	6700
3050276	2671771	6700
2205975	3910561	7345
3502141	4327099	6808
4172349	4655664	6798
3910561	349369	6792
3050276	2336560	6700
4367532	4369400	6747
3050276	2985224	6711
1579489	3910561	7227
3669754	4111931	6966
3050276	220350	6693
1524892	3050276	6694
1906944	3834520	6785
3050276	1891349	6700
4367532	2711422	6747
3050276	4380884	6700
3582867	3910561	6784
3050276	1986731	6700
3910561	3162061	6803
3209252	3050276	6694
779829	4367532	6750
3050276	654433	6693
1906944	3827882	8158
3050276	1775193	6700
615881	3050276	6694
4383842	3843984	6791
2444107	4588191	7605
3050276	1115954	6715
3050276	4170137	6693
3889800	894266	6800
4172349	4028546	6798
3789086	4367532	6750
3050276	2621223	6700
3889800	4323723	6800
3050276	2626746	6700
3050276	156710	6700
760926	4367532	6750
3050276	1517207	6700
1906944	2344399	6797
1068204	4172349	6794
3050276	1725694	6700
1906944	3621620	6785
1140358	3050276	6817
121732	3050276	6694
3601276	3910561	6784
1536624	4367532	6750
1543929	2758409	6804
3050276	3724484	6693
3050276	2973759	6693
3050276	4552843	6788
1906944	1410159	6785
3050276	3411706	6700
3050276	1821469	6700
3050276	1297220	6700
2020187	1242597	7362
3582867	4367532	6750
3050276	1396224	6700
3050276	1286148	6700
2155642	3050276	6694
3050276	3940286	6700
4514417	595011	6682
3050276	4526500	6796
4651636	4367532	6750
4172349	2309763	6798
2200670	4172349	6794
3050276	2510312	6700
1906944	517883	8158
1906944	4185388	6785
1608492	2407009	6787
3050276	2885702	6700
1906944	2734966	8158
3409388	1973047	6747
2044833	3050276	6694
3580961	1906944	7371
3910561	3411951	6801
1906944	11886	6785
734021	4172349	6794
3050276	3044576	6700
3050276	3703385	6711
4367532	329044	6747
4514417	488426	6682
3050276	3840276	6700
1664276	3050276	6694
1906944	993494	9650
4261257	3252447	6791
3050276	3376793	6700
4172349	2685336	6798
2021981	4367532	6750
4514417	3390135	6682
3050276	773781	6700
2866240	4367532	6750
3050276	4445870	6693
3050276	370667	6693
3720321	3910561	6790
3889800	2513996	6793
3050276	460143	6700
1906944	1589623	8158
3050276	3223944	6700
3050276	1696079	6700
3910561	4198166	6786
3910561	2171010	6801
3050276	2176359	6700
3050276	2247221	6700
3910561	3840922	6792
3050276	3285090	6700
3050276	1675550	6693
123719	3050276	6694
4514417	3695793	6682
4514417	897863	6682
1906944	2186643	6785
3050276	3428780	6700
3050276	1068384	6700
1906944	4246936	6805
2713827	3050276	6694
2547063	3910561	6790
3795839	3279572	6804
3050276	1590642	6700
3050276	1785089	6700
1906944	928021	6785
798324	3910561	6784
72030	3910561	6784
3405938	634606	6808
1906944	242972	8753
795752	3910561	6784
165573	4367532	6750
4276958	3050276	6694
1906944	4124564	6785
4514417	2720277	6682
1608492	714799	6809
1735102	3889800	7608
3050276	1175428	6700
4172349	1764146	6798
3050276	219518	6700
3621620	3050276	6694
3266630	3050276	6694
3050276	3249087	6700
4120392	4081380	7558
3669754	4261257	6966
2020187	1104592	6700
3050276	1736686	6700
3910561	4080298	6803
4367532	1848073	6747
3050276	2179713	6700
3889800	753336	6800
1906944	2658966	6785
1906944	82710	6785
4373784	3910561	6790
3889800	3114046	6793
3050276	4196377	6700
1973047	4367532	6750
1772001	3050276	6694
92535	3910561	6784
3050276	2143578	6700
1906944	27530	6785
4367532	3456007	6747
2339073	4367532	6750
4172349	1513216	6798
3050276	4038368	6700
3669754	2745443	6966
3050276	2255239	6700
4172349	2869981	6798
1906944	4182019	6785
3050276	2127656	6700
3910561	2864767	6786
2859297	3910561	6790
3050276	116635	6700
1162823	3050276	6694
4367532	4142288	6747
4397957	3910561	6790
3050276	304968	6700
508336	3910561	6717
1814208	3910561	6790
4514417	1342242	6682
1027510	4367532	6750
3050276	2156858	6700
3910561	4174904	6792
4367532	1707647	6747
4514417	1338347	6682
3050276	3621914	6700
3910561	795752	6803
3050276	838616	6700
3050276	2042929	6700
4541221	4172349	6794
3910561	56606	6803
3050276	3204699	6700
3910561	423032	6803
3813701	4367532	6750
3050276	424457	6700
3910561	498767	6792
3390135	3910561	6784
15446	3910561	6784
3050276	2980827	6700
2586327	3050276	6817
3669754	4095440	6966
3050276	382169	6700
3050276	2339073	6693
3050276	1524892	6700
3910561	790406	6801
3050276	1871217	6700
3050276	3798523	6700
1906944	3567931	6785
1618889	4172349	6794
3910561	1217418	6792
1906944	2450499	6785
1577872	3050276	6694
3050276	2099720	6700
457490	4488371	6808
3780793	1596033	6809
1055677	2994517	6791
3242792	3050276	6694
4514417	3595689	6682
1906944	4532698	6785
3050276	893742	6700
3050276	3731932	6700
1906944	2896847	6805
2634766	1906944	7855
3050276	1326173	6708
3050276	1593794	6700
3050276	2899367	6700
3910561	623700	6803
1397337	3154716	7171
3050276	1899768	6700
3889800	225136	9511
1906944	197218	6805
3669754	253821	6966
1906944	1348479	6805
56204	1906944	7891
378638	2994517	6791
4514417	3344912	6682
3910561	2837921	6801
3050276	2963732	6700
3050276	1773555	6700
1906944	2036558	6805
4172349	3208851	6798
1531723	1960326	6880
4514417	2074046	6682
4172349	1764468	6798
4248640	3050276	6694
3050276	1963475	6700
3910561	291894	6801
3050276	3071447	6700
3910561	3211659	6801
442028	3050276	6694
3050276	761693	6693
1686681	4588191	10034
3050276	2990414	6700
3050276	2327478	6700
3050276	2806331	6700
3050276	3446037	6700
4367532	3640265	6747
3050276	1370138	6796
1906944	4517608	9650
3050276	1348649	6693
1906944	1702949	8158
3050276	1107657	6700
3163316	4323243	6808
4496185	3910561	6717
2794246	3050276	6694
1906944	3261040	6785
4514417	1412173	6682
4514417	1668670	6682
187120	2118407	6798
3050276	2171010	6711
3910561	310636	8512
2758409	4172349	6794
3050276	1995785	6700
4514417	885056	6682
3124980	4341522	7605
1906944	773200	6785
4590313	3910561	6790
3910561	2444107	6786
3050276	313156	6711
3050276	1282884	6700
3050276	634827	6700
551922	1906944	8659
2032670	4367532	6750
1175428	3050276	6694
3910561	1326173	6792
2674000	1906944	8659
3640265	4367532	6750
3910561	2828928	6801
3050276	2548178	6700
3050276	236817	6693
1884634	4367532	6750
110384	4172349	6794
3050276	3182309	6700
3050276	1835549	6796
1906944	3326069	9650
3376974	3889800	6806
3050276	2527459	6700
3889800	233664	6800
4172349	4135431	6798
3050276	462280	6700
3050276	3121105	6700
1906944	394789	8158
3050276	188872	6700
1906944	414530	6785
4514417	3965215	6682
3050276	1677538	6700
153318	3050276	6694
3050276	3427569	6700
3050276	2361036	6700
4367532	3582867	6747
3050276	3015596	6700
3050276	3261177	6693
3050276	3455221	6700
3050276	2804726	6700
4642970	233664	6809
714799	3910561	6790
3050276	3922267	6693
4172349	1162179	6798
3565537	2393387	6911
3050276	3693330	6700
3050276	2088523	6700
3910561	4142288	6803
4514417	1117632	6682
4514417	149861	6682
2171010	3910561	6717
3050276	2581260	6700
3050276	4142288	6693
1906944	4410098	6785
773200	3050276	6694
3214523	3050276	6694
4117852	3050276	6694
1055677	4172349	6794
2586327	1906944	7371
3910561	1586039	6786
1986860	3050276	6694
3050276	2059687	6693
4514417	2911195	6682
3050276	86523	6700
2859297	4081380	7605
4514417	3418527	6682
3050276	1326173	6693
1906944	635477	6785
3050276	2139997	6693
4487146	1906944	7891
2611301	4472617	6963
1046198	3112428	6809
4367532	2652024	6747
3050276	2685454	6700
4367532	4285951	6747
3050276	4007990	6700
3910561	4516401	6801
798324	3050276	6714
613775	1205901	6857
2456730	2020187	6694
4209184	4367532	6750
3669754	2239888	6966
1608492	3657437	6809
4514417	2085089	6682
3050276	857324	6796
3910561	3382543	6686
4514417	588619	6682
4369400	4367532	6750
3510615	3889800	7608
3050276	3871555	6700
4002910	3190424	6791
3050276	1539500	6796
369950	3050276	6714
1906944	1539500	8158
4323723	3910561	6790
3050276	3771557	6700
4367532	2339073	6747
1829541	3843984	6791
3015636	3889800	6806
3910561	2059687	7269
3050276	2842374	6711
2344399	3050276	6817
1906944	1968772	6785
3050276	123719	6700
3910561	1217326	6803
3190424	4095440	6963
3050276	3343097	6700
4514417	537645	6682
1906944	3116891	6785
4514417	4159238	6682
3050276	1660621	6700
3050276	977644	6700
3889800	2536032	6800
753336	3889800	6806
3910561	4080368	6802
3050276	2931364	6700
3669754	2461649	6966
3050276	927558	6700
1906944	1475738	6785
3889800	2735966	6793
4514417	1034392	6682
810710	3910561	6790
1929784	3910561	6784
4367532	3030013	6747
3050276	3514117	6711
3910561	2536032	6786
563152	3889800	7608
3928485	3050276	6694
3050276	2852558	6693
1906944	2651864	6785
1906944	2036013	6805
3843984	3910561	7227
3050276	3368662	6700
3050276	1851656	6693
3050276	3579302	6700
1456403	4367532	6750
3041310	3910561	6784
1073802	623636	6808
3050276	4034091	6700
4514417	3452795	6682
3910561	3295939	6803
3050276	2923131	6700
4590250	4367532	6750
3050276	1604140	6700
3050276	4395795	6796
3050276	411929	6700
3050276	2048290	6700
4514417	3945215	6682
3050276	1734667	6700
3050276	1360339	6700
1906944	3242792	6785
2302556	3050276	6694
3910561	4258233	6801
466296	3050276	6694
3889800	4374894	6800
4367532	866536	6747
372438	3889800	6806
3050276	629976	6700
3050276	4604070	6700
3050276	2688969	6700
3901793	3889800	6806
228691	3889800	6806
3050276	4029325	6693
716804	2535905	7232
3050276	2837921	6711
1906944	1666467	6785
3050276	2681652	6700
4373784	3889800	6806
3050276	4359442	6788
1686681	1390032	10034
2260501	3910561	6790
3910561	2688246	6786
1906944	747952	8158
3050276	4409080	6700
3973019	4367532	6750
863284	3889800	8351
1906944	1247008	6785
4169971	4367532	6750
1906944	3935109	6785
4514417	3770898	6682
4080298	3910561	6784
1279932	3910561	6790
3910561	56606	6792
3050276	4353394	6700
1099266	3050276	6694
2709164	4367532	6750
2586327	1906944	8659
540193	2239888	6804
555055	3050276	6694
1325211	4367532	6750
3050276	2984982	6796
3050276	2982991	6700
2036558	4642970	6799
4514417	3295957	6682
1210482	3910561	6784
4367532	356646	6747
3050276	740114	6700
3050276	1385941	6700
4514417	242972	6682
3889800	2594698	6793
3050276	4124564	6700
4219940	4081380	7605
3162061	4367532	6750
3724484	1618889	6804
4514417	3068997	6682
3050276	3557389	6700
3346019	4367532	6750
4514417	2308956	6682
1906944	3015636	6805
3050276	3810654	6700
3910561	1748110	6803
1033040	4367532	6750
3050276	3177791	6700
3050276	4205146	6700
3050276	308097	6700
3910561	187120	6786
1762972	3910561	6784
1906944	3441862	6785
1668120	4172349	6794
3050276	2529878	6700
1891349	3050276	6694
4514417	3460529	6682
4172349	4327999	6798
4514417	666459	6682
3910561	753353	6801
3050276	2579864	6700
1906944	2337377	6785
1906944	3999618	6785
1579489	4327999	6963
3050276	1589536	6700
3050276	635477	6700
2500950	3889800	7608
97306	4367532	6750
3050276	887803	6700
558094	2611301	6791
3050276	2821358	6693
149861	3910561	6784
3050276	1106808	6693
3050276	2419481	6693
3050276	150748	6700
2647055	3910561	6790
3050276	3101539	6700
3910561	3342392	6691
3050276	148402	6700
2051804	4081380	7605
2228181	3910561	7345
765258	2611301	6791
3080909	3050276	6694
4367532	2533970	6747
3050276	4251593	6700
3050276	1535415	6700
3050276	2438818	6700
1906944	202516	6785
3050276	4253117	6700
3956074	1906944	8659
2670818	4172349	6794
47535	3910561	6777
3910561	3204771	8530
4514417	3824385	6682
2735966	3889800	7608
3050276	4415958	6700
3800560	3050276	6694
2536032	4642970	7605
3050276	3171022	6700
498880	1906944	7371
3050276	1492139	6700
3643605	3910561	6784
4367532	3282243	6747
3050276	1878574	6700
3910561	643402	6801
1055411	3910561	6717
753353	3910561	6717
3910561	4278921	6792
2305894	3050276	6694
3252447	3564448	6963
1637962	3050276	6694
3252447	179194	6963
1906944	2404096	6785
4367532	3118044	6747
3889800	863284	9511
2964617	3910561	6717
3910561	2719871	6803
1906944	2243564	6785
3050276	782987	6711
1906944	4353394	6785
3685466	3780793	7605
3050276	3735985	6700
3910561	515400	6803
3050276	535667	6700
3050276	922773	6700
3510615	1801620	6799
4367532	1748110	6747
3050276	1010783	6700
3050276	3831993	6700
1906944	423474	8158
3050276	4437326	6700
3508117	3293555	6808
3050276	3759361	6796
3050276	47605	6700
3050276	4230790	6700
810710	3889800	6806
3910561	4590250	6803
3050276	2766336	6700
3050276	4516401	6723
3050276	730232	6700
2994517	2200670	6963
3050276	3989964	6693
3050276	3827882	6796
2865117	3050276	6694
896229	3050276	6694
4172349	1493216	6798
3050276	3230444	6700
3050276	2774181	6700
3050276	2888246	6700
1099428	3050276	6694
3050276	2141024	6700
4514417	4100490	6682
3050276	3081892	6796
1323312	2933735	8774
3215606	4172349	6794
3050276	3124551	6700
110752	3050276	6694
4367532	1076464	6747
414823	3910561	6790
3050276	4543223	6700
2986453	1801620	7605
3050276	752083	6700
4514417	1225311	6682
3050276	3863647	6700
3901793	2535905	7232
855538	3889800	7608
3050276	3985959	6700
3050276	4321852	6700
3050276	595409	6700
1906944	220420	6785
3910561	1929784	6803
1906944	4163198	6785
3050276	3101253	6693
1906944	4601035	6797
107246	1801620	7605
4514417	2003259	6682
3889800	4565229	6793
54397	3050276	6694
3050276	2254411	6700
3050276	91112	6700
3050276	3731836	6693
3200657	665408	6804
3050276	1338269	6700
3628740	3910561	6790
1906944	770170	6797
618963	3565537	6787
3910561	2896847	6786
4081380	4452001	8688
4514417	1997396	6682
85866	4367532	6750
1608492	4565229	6787
3050276	3636796	6700
1832467	184801	6804
3050276	780410	6711
3050276	3130256	6700
47905	3050276	6694
4198166	3889800	6806
3050276	1074399	6700
1792365	3050276	6694
694914	3050276	6694
1906944	70977	6785
56204	1906944	7855
4285951	4367532	6750
4580865	1906944	8659
3910561	1156204	6786
1833028	734021	6804
3050276	3612209	6700
3050276	555902	6700
1906944	3633487	6785
4514417	1131314	6682
3252447	4261257	6963
35278	4367532	6750
1906944	20452	6785
2864767	852864	7605
2994517	1068204	6963
3050276	3036833	6700
2360533	1764468	6804
3050276	2045567	6700
3050276	385568	6796
3910561	515400	6792
1262236	3910561	6790
4514417	3447234	6682
3910561	946910	6792
2020187	4438315	6700
3050276	1439076	6700
3910561	1432918	6792
2841796	3050276	6694
1906944	1891572	8158
4514417	427677	6682
1906944	4545970	6785
3050276	2614500	6700
3050276	1140358	6788
1217418	4367532	6750
2118407	2994517	6791
3910561	2610641	6792
4514417	4500840	6682
2627619	1608492	6799
3910561	995035	6795
3050276	655687	6700
3889800	3965707	6793
3460083	1906944	7371
3050276	2351166	6708
1664052	3050276	6694
3910561	3901793	6786
4514417	2794287	6682
3889800	1247448	6800
3050276	1193522	6700
70977	3050276	6694
2832010	2869981	6804
3050276	499497	6700
3050276	1535763	6700
3326500	3910561	6717
1906944	1708620	6785
3050276	1452115	6700
3050276	3411951	6711
1800449	2020187	6694
3910561	3808467	6786
4532698	3050276	6694
3050276	4369400	6693
1338269	3050276	6694
1906944	2143244	6785
4367532	4062056	6747
4514417	1418657	6682
1186960	1906944	7855
3050276	2493183	6700
1906944	2044833	6785
3910561	3473019	7269
3910561	1455292	6792
3050276	21281	6700
3910561	2351166	6792
3567439	4172349	6794
4514417	374286	6682
3050276	946910	6693
3559179	4367532	6750
3050276	4084341	6700
1906944	1245082	6785
3050276	3922243	6711
4367532	2748519	6747
4174904	4367532	6750
4367532	3536590	6747
3050276	3238407	6693
329044	3910561	6784
3910561	263881	6803
3050276	3411933	6693
1555888	1667972	6808
3910561	695918	6803
2104491	3050276	6694
1906944	2723817	6785
1906944	4359442	9650
4172349	3537316	6798
647984	1686681	6878
3050276	3449588	6700
4064475	3910561	6717
4429459	2994517	6791
3376974	3910561	6790
3050276	2538095	6700
3050276	3086232	6711
3188735	3910561	6784
4282524	4367532	6750
4514417	1596749	6682
3050276	1055411	6711
3050276	398298	6700
3910561	233664	6786
4172349	4498699	8994
3050276	3005007	6700
1906944	272814	8158
4514417	4587273	6682
1906944	3597135	6805
3910561	1929784	6792
3221731	3910561	6790
2084061	3050276	6694
4367532	4467935	6747
3050276	2954429	6807
3050276	2934676	6700
4367532	4160144	6747
4514417	4306737	6682
1200599	3050276	6777
4642970	1671436	6809
4367532	2140356	6747
4514417	1638960	6682
3910561	3926724	6803
3050276	2070453	6700
3050276	1046469	6700
4367532	3893734	6747
387075	4172349	6794
3050276	56204	6693
2322463	3910561	6784
4514417	2072452	6682
3050276	990058	6700
3050276	4627506	6700
3050276	1164895	6700
4514417	3760658	6682
3050276	4560582	6700
3050276	4297186	6700
4514417	1922393	6682
3050276	4171932	6700
3050276	3715329	6700
3050276	3670344	6700
4514417	3965797	6682
3050276	124772	6693
3050276	3855202	6711
1906944	3321790	6785
3050276	866536	6693
3889800	4373784	6800
3050276	3237503	6700
3889800	3510615	6793
3050276	2320132	6700
3050276	363610	6700
586028	3889800	6806
3050276	3504908	6700
3050276	1302833	6700
3050276	2524535	6700
1323316	3050276	6694
3050276	3600657	6700
3050276	4243492	6711
2596875	1046198	7605
1906944	2852558	8753
4367532	498767	6747
3050276	418565	6700
1801620	241151	6787
3669754	558094	6966
3050276	3741783	6693
3441862	3050276	6694
3821757	3910561	6784
2700926	4367532	6750
4367532	3218218	6747
3050276	227015	6700
3050276	4114684	6700
3910561	1217326	6792
3050276	501675	6700
3910561	3411933	7269
2616918	3279660	6804
4367532	2700926	6747
3101253	3910561	6784
1973047	4216766	6714
3050276	1824197	6700
3050276	3180492	6700
3050276	442028	6700
3050276	1752446	6700
2020187	281884	6700
3889800	3124569	6800
3050276	430865	6700
3568742	3741783	6808
3050276	4190124	6700
3956074	1906944	7371
3910561	3101253	6803
3050276	3131353	6700
4514417	2648919	6682
4367532	285085	6747
4172349	1555888	6798
3897308	3910561	6784
3050276	4037924	6700
4367532	1217418	6747
35278	3910561	6784
1906944	2422000	6797
3050276	3293555	6693
3889800	2596875	6800
3050276	760630	6796
3808467	3910561	6790
3889800	810710	6800
1143021	4172349	6794
3050276	1189518	6700
3050276	960373	6700
3050276	3621620	6700
4105391	3050276	6694
3910561	761693	6803
873840	3050276	6694
1906944	1323312	6805
3050276	4246468	6700
1949747	4367532	6750
3050276	1800449	6700
1906944	344179	6797
3050276	4028368	6700
4172349	665408	6798
3050276	2009049	6700
1801620	1348495	6809
3050276	2766291	6700
3050276	4545002	6700
3050276	92535	6693
1673070	3050276	6694
414823	3889800	6806
3050276	2609035	6700
3669754	2300892	6966
2611301	2125536	6963
2177000	3910561	6717
3050276	2523022	6700
3050276	4078862	6700
3204771	3910561	9174
2611301	2685336	6963
3050276	1852041	6700
403942	3910561	7881
1906944	442028	6785
179194	4172349	6794
4514417	1158625	6682
3050276	1866692	6700
3050276	3274423	6700
3860221	4367532	6750
2265553	3910561	6784
197218	3910561	6790
3050276	2714712	6700
3654418	4172349	6794
3050276	220420	6700
2685336	2611301	6791
4198166	3910561	6790
3050276	2010257	6700
3050276	1382474	6700
3050276	558958	6719
2512034	1906944	7371
639671	4029325	6808
3050276	947364	6700
1102018	2020187	6694
4172349	2509358	6798
3910561	3326500	6801
3050276	960837	6700
3050276	1200599	6686
3050276	623700	6693
3050276	1731491	6700
1513216	3190424	6791
3788763	3910561	6784
1245082	3050276	6694
3790806	3910561	6784
3050276	4025434	6700
4367532	4590250	6747
3050276	1171306	6700
2994517	3195714	6963
3635944	3910561	6790
1906944	3796158	8158
3050276	1649653	6700
4081380	769789	6809
3050276	3262386	6693
3050276	751028	6700
1906944	3537313	8158
3050276	3358884	6700
4367532	3628429	6747
589402	4367532	6750
3050276	3172312	6796
639671	4172349	6794
3050276	687426	6700
4284657	3502272	6808
3050276	248246	6693
3050276	1162823	6700
3050276	3834520	6700
568929	4367532	6750
2285028	3050276	6694
2611301	558094	6963
311871	2611301	6791
3910561	4213756	6792
3910561	1633678	6792
3050276	2674000	6788
3050276	3596964	6700
1906944	1976884	6785
3050276	2855832	6700
1686681	613775	7566
1906944	1731682	6785
3050276	1501796	6788
568373	3910561	6790
3910561	882173	6786
2688246	3910561	6790
4081380	3642179	8688
4150650	3050276	6694
3050276	1895091	6700
3050276	1565159	6700
1906944	237133	6785
3050276	3889367	6700
3669754	3892919	6966
1501796	1906944	8659
4514417	2146720	6682
1960326	1686681	6878
3910561	1338347	6792
3050276	3002979	6700
4172349	558094	6798
3889800	19508	6800
3050276	346413	6700
370808	3050276	6694
2516594	3910561	7345
2506829	3910561	6717
4367532	2723946	6747
3910561	3238407	6803
3050276	141526	6700
3050276	784823	6796
3910561	2652024	6792
4537859	1638960	6808
4172349	4464469	6798
3050276	499883	6700
3669754	4041827	6966
3050276	432950	6700
1906944	1785089	6785
3050276	2900608	6700
3910561	1322933	6786
3050276	1891572	6796
2923042	4367532	6750
3910561	1536624	7269
4100210	852864	7605
1906944	2068534	6805
3910561	2866240	6792
840758	3889800	7608
1686681	2222809	6779
3910561	2032670	6792
3669754	4585343	6966
4220748	3050276	6694
3050276	857506	6700
3050276	440885	6700
4514417	2585573	6682
3050276	4635887	6700
3050276	453728	6796
3922267	4367532	6750
4065213	3050276	6694
3050276	4644453	6700
3669754	788720	6966
1906944	4232380	6785
4514417	4282524	6682
2375203	3050276	6694
3050276	3809894	6700
4367532	4282524	6747
1262236	898793	7232
3050276	4240482	6700
3050276	3364594	6700
3452348	3050276	6694
3910561	4219940	6786
1906944	3759361	8158
1906944	558204	6785
3050276	2454932	6700
1906944	4395795	8158
2020187	2393387	6830
3910561	3707721	6803
3050276	2020187	7155
3050276	2886488	6700
1906944	702815	6785
4453512	3910561	6790
2586446	3889800	8351
4172349	3748061	6798
2994517	788720	6963
3050276	104273	6693
2476874	3050276	6694
3669754	3748061	6966
3910561	586028	6786
4627506	3050276	6694
3050276	861488	6700
4367532	3789086	6747
3889800	1888112	6800
3050276	4602373	6700
3910561	4302129	7269
4163198	3050276	6694
3050276	3576157	6700
3050276	2196279	6693
2012919	4172349	6794
3050276	1830859	6700
3050276	616489	6700
3050276	4651636	6693
3050276	1927576	6700
4514417	4000158	6682
3910561	1200599	6686
4172349	1668120	6798
3910561	1348495	6786
3050276	3033049	6700
4514417	172992	6682
4367532	104273	6747
1906944	47905	6785
4567308	4367532	6750
714799	1608492	7605
3910561	2339073	6803
903142	1906944	7371
3050276	569149	6700
3669754	1842856	6966
2647055	1801620	7605
3050276	2911327	6693
3050276	2970197	6700
3505702	1973047	6747
4514417	2500415	6682
3050276	1803005	6693
3050276	474799	6700
3050276	1742182	6700
3050276	3392844	6700
3050276	804981	6700
4081380	4120392	8688
1906944	1141115	6785
667582	3050276	6694
592491	1801620	6799
3050276	3797557	6700
3910561	409634	6801
1803005	4367532	6750
4373784	4081380	7605
3050276	2677583	6693
3910561	2866240	6803
3050276	2874154	6700
4514417	1806029	6682
3050276	1098563	6700
3669754	179194	6966
3693803	4367532	6750
2994517	1055677	6963
3050276	4025759	6700
3889800	2036013	6793
4367532	3770898	6747
1493216	3262386	6808
3910561	3218218	6792
3050276	3034316	6711
3910561	568373	6786
3050276	214575	6700
1906944	4242645	8158
4367532	2021981	6747
3889800	2407009	6793
4367532	760926	6747
3050276	2800965	6700
2239888	4172349	6794
4564110	3050276	6694
3050276	1593497	6700
3965707	1801620	6799
4514417	731404	6682
1906944	241503	8753
3050276	4534567	6700
4514417	1432918	6682
1322933	4341522	7605
1906944	3561761	6785
1906944	1905311	6785
1906944	1942653	8753
3050276	523275	6700
3279572	4172349	6794
2671771	3050276	6694
3050276	975913	6700
3910561	1818295	6801
2750220	3910561	6717
3821757	4367532	6750
4514417	235017	6682
3910561	2480889	6803
3910561	3349245	6803
4514417	315041	6682
3889800	1735102	6793
1906944	3808467	6805
3910561	2698045	7269
2709164	3910561	6784
3050276	464829	6700
1906944	838616	6785
4367532	3104813	6747
3050276	1251355	6693
4514417	381560	6682
3050276	4064475	6711
4185388	3050276	6694
1392345	3910561	6790
2954429	3050276	6911
3034316	3910561	6717
3050276	1211552	6700
3050276	1606478	6700
3910561	2973759	6792
3910561	1342242	7269
3050276	3494958	6700
4172349	2933735	8774
3910561	837805	6786
3079092	3889800	6806
3910561	1810397	6792
2427645	2393387	6714
3050276	3111304	6700
4514417	2723946	6682
3050276	2922026	6700
3050276	3995241	6700
3050276	2364620	6693
4514417	1973047	6682
3205164	4367532	6750
3910561	716804	6786
3050276	2237121	6700
3050276	3676776	6700
4367532	1833028	6747
1906944	2181551	6797
3050276	387047	6700
4514417	2303724	6682
3516782	3910561	6784
3050276	1930635	6700
3910561	236817	7269
3910561	3465341	6792
2444107	3910561	6790
3910561	498767	6803
3910561	1232369	6801
1821469	3050276	6694
1906944	2586327	9650
3195714	2994517	6791
4081380	2513996	6787
3050276	3073641	6700
2596875	3889800	6806
4651636	3910561	6784
3050276	880093	6700
3050276	472557	6700
3910561	3118044	6803
4367532	1973047	6747
1906944	4585197	6785
4514417	1917936	6682
3910561	3922267	6792
3050276	2196958	6693
3050276	3243493	6700
3669754	893616	6966
1435911	4172349	6794
3614114	3910561	6717
1392345	312819	7605
3050276	556339	6700
893616	3843984	6791
3050276	2259026	6700
2171633	4367532	6750
1829541	4172349	6794
3050276	2944539	6700
3050276	1228701	6700
3910561	491491	6786
4514417	4197909	6682
4333439	4367532	6750
1906944	8225	6805
3050276	4070372	6700
4359442	3050276	6817
4261257	4172349	6794
3050276	619276	6700
4580361	3050276	6694
1432918	3910561	6784
1906944	1418636	6785
3182309	3050276	6694
3050276	2332413	6700
3050276	3704192	6700
1906944	1712577	6785
4159238	3910561	6784
3050276	782884	6700
3050276	3606197	6700
1247448	3889800	6806
4172349	3564448	6798
2418307	3050276	6694
1205901	1973047	7073
3910561	3457177	6792
1906944	533550	6785
1906944	498880	6797
1906944	464829	6785
457490	4172349	6794
3910561	2611301	8161
1906944	3182309	6785
3843984	3628123	6963
3703143	3889800	7608
3050276	2689034	6700
4514417	39904	6682
2422000	1906944	8659
1906944	87814	8158
3050276	2000449	6700
1842856	2994517	6791
3050276	3214523	6700
2735776	4367532	6750
2784206	3050276	6694
2500950	1801620	6799
3669754	3564448	6966
3050276	741501	6700
3675827	3910561	7345
3910561	2243112	6786
2256405	4367532	6750
3050276	508336	6711
3050276	3755094	6700
3050276	2916755	6700
3050276	2653702	6700
3050276	3447915	6700
4311041	3143935	6879
618963	3889800	8351
1906944	3557186	6785
1608492	2036013	6787
568373	4642970	7605
3050276	876547	6700
3050276	2865117	6700
1075699	4172349	7342
3050276	1481555	6700
3050276	922464	6700
4514417	2433795	6682
3154716	3549976	7169
2051804	3889800	6806
1671436	3910561	6790
3050276	3754047	6700
3889800	1814208	6800
4514417	2719871	6682
1566588	2393387	7102
3050276	1342242	6693
3910561	3079092	6786
19508	3889800	6806
4367532	1943684	6747
498880	3050276	6817
1906944	3844253	6785
3050276	3468862	6693
3050276	574450	6700
2159283	2994517	6791
4514417	2516594	6682
3889800	3958642	6793
3050276	1342009	6700
2652024	3910561	6784
3050276	936005	6693
4514417	1088724	6682
1906944	4172349	6805
3050276	473191	6700
3910561	2973759	6803
3910561	2964617	6801
2029852	3889800	7608
896180	3050276	6694
3050276	3349245	6693
4601035	1906944	7371
3669754	4284657	6966
3536590	4367532	6750
3050276	4574352	6700
3963806	1608492	6799
4514417	3456007	6682
1906944	2782853	6785
3889800	1717508	9511
3910561	2549226	6803
3910561	2318499	6803
3889800	107246	6800
3050276	1927426	6700
3050276	336361	6700
4367532	2143716	6747
3050276	2574019	6700
1906944	3170540	8753
4172349	4292857	6798
4514417	767410	6682
3669754	1360275	6966
3050276	1264069	6700
3050276	795752	6693
2239888	540193	6808
3889800	3972217	6793
3050276	2674068	6700
4226375	4172349	6794
3050276	3646004	6700
3050276	24707	6700
3050276	3106200	6796
3050276	2778519	6700
2379000	3050276	6694
3910561	195682	6792
3050276	4204388	6700
1552652	3050276	6694
3889800	4397957	6800
1906944	568373	6805
3050276	3169350	6700
2020187	4320047	7656
3050276	3997289	6700
3050276	4545970	6700
1906944	1188138	6797
2181551	1906944	7371
4514417	353452	6682
783388	3910561	6790
3050276	2408696	6700
4514417	3269076	6682
3669754	4472617	6966
3050276	2923502	6700
3050276	2211672	6700
3685466	3910561	6790
4367532	2558014	6747
515400	3910561	6784
3657437	1608492	7605
4147651	1906944	8659
3050276	1306674	6700
1906944	1577872	6785
2901454	3050276	6694
3050276	2723817	6700
3050276	3884803	6796
3050276	2739719	6700
3910561	3344912	6803
2045567	3050276	6694
3050276	2138158	6700
3050276	2383483	6700
4514417	300470	6682
3050276	1592327	6700
3910561	2709164	6803
3209980	4367532	6750
1906944	3326069	6797
1162179	4172349	6794
3843984	893616	6963
1076464	4367532	6750
1031160	3050276	6694
3124980	3910561	6790
356646	4367532	6750
4348248	3050276	6694
3669754	3654418	6966
3050276	3382632	6700
3910561	1432918	6803
3050276	4564958	6700
2963732	3050276	6694
3050276	2084574	6700
4514417	4008169	6682
3910561	3234590	6801
1906944	4542126	6785
3910561	1972387	6801
3889800	2497721	6793
3050276	1630100	6700
3050276	3731245	6700
3050276	2961434	6700
3669754	2700138	6966
2851957	3910561	6790
1906944	4176723	8158
1435911	3786373	6808
3050276	51369	6700
3889800	3079092	6800
3537316	104273	6808
2813890	894266	6809
4172349	1133719	6798
2864767	3889800	6806
4514417	3185540	6682
4514417	3582867	6682
3050276	4424799	6700
3050276	2864292	6693
3935109	3050276	6694
4514417	515400	6682
4367532	1884634	6747
4367532	3390135	6747
1236069	2648919	7884
1348495	3889800	6806
1686681	1699623	10034
4258233	3910561	6717
3050276	2087880	6700
3786373	1435911	6804
3460273	3050276	6694
3741783	3568742	6804
3050276	4301700	6700
3050276	1554552	6700
2994517	4464469	6963
1906944	1348649	8753
4367532	2214402	6747
3050276	1010306	6700
3050276	2517110	6700
4431706	3050276	6694
3050276	409901	6700
1906944	4147651	9650
1906944	3636796	6785
3050276	1398096	6700
960837	3050276	6694
3568742	4172349	6794
3889800	4591770	6800
903142	1906944	8659
4367532	3359202	6747
349369	4367532	6750
3050276	3666933	6700
3050276	97306	6693
2393387	1566588	6700
4172349	4541221	6798
3050276	2719360	6700
3050276	331507	6700
3295939	3910561	6784
2020187	1467656	6700
3050276	315279	6711
3050276	1310651	6700
1906944	466296	6785
4642970	2536032	6809
2393387	105009	6822
1595091	4367532	6750
4221433	2020187	7360
220420	3050276	6694
1906944	1153896	8158
3889800	4642970	9511
2994517	3910561	7227
184801	1832467	6808
4514417	1431835	6682
2300892	4172349	6794
4537859	4172349	6794
4367532	3164031	6747
3050276	2350018	6700
3050276	237217	6700
3405938	3190424	6791
3910561	2716210	6801
3399667	165573	7561
1399560	3050276	6694
3910561	3558035	6786
1686681	2535905	11394
1906944	249639	8158
3050276	1905311	6700
1801620	2719739	6787
3050276	2286924	6700
4367532	369950	6747
3889800	4081380	9511
3910561	1134555	8161
1695852	4367532	6750
4653940	3050276	6694
1906944	2634766	8753
3910561	1884634	6792
3164031	4327999	6804
3910561	3614114	6801
4514417	3358072	6682
3050276	1124503	6700
3910561	72030	6803
1603966	3050276	6694
3912375	2393387	6714
3910561	2322463	6792
3000676	3050276	6694
3050276	85866	6693
3050276	4470762	6700
3910561	4369400	6792
3050276	3567429	6700
3050276	4025637	6700
3050276	895621	6700
1675550	4367532	6750
2129620	3910561	6717
2394897	1608492	6799
3889800	90929	6793
2994517	2118407	6963
3050276	3010121	6700
2265553	4367532	6750
3730792	3050276	6694
1756873	4367532	6750
3910561	4174904	6803
3050276	1163440	6700
3050276	4276972	6700
3050276	3209252	6700
1609419	1906944	8659
4514417	3871683	6682
4311041	1686681	6878
4514417	64159	6682
2611301	765258	6963
1116236	3050276	6694
3050276	3502272	6693
4198166	4642970	7605
3910561	810710	6786
3703143	4642970	6799
3118044	3050276	6714
3050276	2963746	6700
4359442	1906944	8659
3050276	2333201	6700
3910561	2647055	6786
1298297	2020187	7360
1906944	820934	6785
3050276	4410098	6700
1133719	4172349	6794
4514417	1106405	6682
3889800	2444107	6800
2864767	3910561	6790
3669754	1073802	6966
4196377	3050276	6694
3910561	488426	6792
2634766	1906944	7891
3537316	4172349	6794
3050276	3308183	6711
4514417	4513088	6682
3050276	3775476	6700
1906944	3928485	6785
3050276	736733	6700
3050276	1976956	6700
3050276	1256736	6700
3050276	3515076	6796
1671436	4642970	7605
613775	3910561	7535
1248576	1075699	7598
1906944	1821469	6785
3050276	1577872	6700
3050276	2143244	6700
3050276	877877	6700
3119916	3050276	6694
3711723	3910561	6784
4367532	1214480	6747
3910561	3308183	6801
3050276	704073	6700
3050276	2456730	6700
4172349	4261257	6798
3050276	4177596	6700
1785089	3050276	6694
3669754	4464469	6966
3547563	3050276	6694
1801620	373232	6787
3050276	873840	6700
4514417	2164340	6682
486244	3050276	6694
4159238	4367532	6750
3910561	4243492	6801
3050276	2014801	6700
4514417	3479658	6682
4367532	4567308	6747
3050276	2420617	6711
4429459	4172349	6794
1906944	4517608	6797
3050276	3410252	6700
4514417	4622682	6682
3050276	2076694	6693
1906944	4574352	6785
430552	4172349	6794
3050276	2848388	6700
3050276	4084561	6700
248246	1897726	6804
1906944	993494	6797
3050276	8484	6700
3050276	2690083	6700
315279	3910561	6717
3050276	3826869	6700
3669754	2118407	6966
3050276	2954757	6693
3050276	144773	6700
3050276	785832	6700
4514417	3301828	6682
259176	3889800	6806
4514417	3865129	6682
3910561	3897308	6803
3910561	387274	6803
4172349	1910712	6798
1906944	2492108	8158
2933735	4172349	8350
3356386	3910561	6717
3050276	1742376	6700
3050276	414530	6700
1592146	3910561	6717
4373620	1973047	6747
4367532	165573	6747
3050276	2252983	6693
3050276	428346	6700
3050276	2418307	6700
2159283	4172349	6794
3910561	1596033	6786
4642970	372438	6809
2253855	3050276	6694
2020187	2456730	6700
3910561	2821358	7269
3050276	4116120	6700
3050276	2549226	6693
3558035	3910561	6790
3050276	220258	6700
665408	3200657	6808
3050276	2556343	6700
1810397	3910561	6784
3050276	2778048	6700
3050276	2847844	6700
3050276	485182	6700
4514417	1497880	6682
4142288	3910561	6784
4514417	1583186	6682
4172349	2239888	6798
3050276	3938068	6796
3050276	903142	6788
3002979	3050276	6694
4367532	3922267	6747
4514417	2544492	6682
1140358	1906944	7371
1686681	1960326	6795
471932	2012919	6804
3050276	4600089	6700
3050276	3852703	6700
4514417	720203	6682
3050276	1667972	6693
2393387	3050276	6694
3050276	3398043	6700
4172349	378638	6798
3910561	2318499	6792
3910561	2842374	6801
3050276	928021	6700
4585343	4172349	6794
3430769	2309763	6804
1136964	4062821	6719
2102250	3910561	6790
1906944	3266630	6785
2066245	4367532	6750
4081380	4219940	6809
1906944	3478260	6805
3910561	2196279	7269
1848073	4367532	6750
3050276	4178013	6700
1205901	613775	6861
1906944	4471117	6785
3050276	2950401	6700
3015636	1801620	7605
3127709	3889800	7608
4445870	2159283	6804
3910561	843258	6803
3050276	1552853	6700
1472235	261030	6808
3050276	4348248	6700
3050276	8359	6700
33201	4367532	6750
4514417	1408475	6682
3910561	369950	6792
3050276	526892	6700
3050276	3472646	6700
3050276	1054262	6700
3050276	2841796	6700
3889800	1392345	6800
3669754	3405938	6966
3050276	1818295	6711
1275829	1106808	6708
3910561	2302982	6801
3050276	3701914	6796
2020187	3050276	6827
3050276	3560265	6700
2594698	3889800	7608
3050276	1421103	6700
4175548	3050276	6694
3050276	4610414	6700
426168	4585343	6804
3050276	3184283	6700
2020187	4221433	7362
1156204	3910561	6790
4514417	1180182	6682
3050276	3987930	6700
806401	4367532	6750
1906944	3836184	6785
3910561	3124569	6786
3473019	3910561	7345
1906944	400840	6785
4172349	4226375	6798
3050276	698238	6700
4367532	2939675	6747
3050276	1937416	6700
3889800	3189312	6793
3050276	2302982	6711
3910561	4651636	6803
259176	3910561	6790
3050276	2278442	6700
1906944	3243493	6785
3050276	607796	6700
450142	4367532	6750
3050276	2442191	6700
3050276	3973910	6700
3456007	4367532	6750
1906944	3080909	6785
795752	4367532	6750
4514417	3256790	6682
3050276	3100593	6700
3050276	356876	6700
3050276	795689	6700
3050276	2582860	6700
1906944	4145294	6785
3295939	4367532	6750
4514417	4552127	6682
3050276	3257562	6700
3910561	3582867	6792
3889800	855538	6793
2339073	3910561	6784
1801620	90929	6787
423032	4367532	6750
3050276	2800307	6711
3910561	2312900	8512
3910561	2652024	6803
3050276	4596670	6700
4514417	4310414	6682
3050276	2618713	6700
1906944	1792365	6785
4514417	3640265	6682
3889800	551888	6800
3910561	798324	6803
1608492	1247448	6809
4062821	1136964	6762
2748519	4367532	6750
3050276	707579	6700
1906944	2618946	6785
3190424	1143021	6963
1336037	4367532	6750
3780793	706151	6809
2367267	4172349	6794
3218218	3910561	6784
4357618	4367532	6750
202516	3050276	6694
3050276	3802670	6700
1906944	1852306	6805
3050276	3189117	6700
3050276	1723741	6700
3050276	348578	6700
4367532	1927060	6747
3889800	372438	6800
3050276	1587880	6700
3050276	228448	6700
3050276	2543413	6700
2513996	4081380	6799
1596033	3889800	6806
3050276	1255791	6700
4169178	253821	6804
4135906	4367532	6750
1906944	3472748	6785
3050276	75921	6700
2718461	3910561	6784
1906944	507629	6805
3910561	3221731	6786
3050276	3723738	6700
3050276	488426	6693
2053498	3050276	6694
695918	4367532	6750
623700	3910561	6784
3669754	4292857	6966
3050276	2655082	6700
2745355	1686681	6878
225136	3889800	8351
159109	3910561	6784
3565537	618963	6799
3050276	390866	6700
1906944	1385664	6785
2020187	3050276	6932
3050276	1589623	6796
4367532	2719871	6747
4514417	623700	6682
1906944	3701914	8158
3050276	4580361	6700
3910561	4159238	6803
1837357	4367532	6750
4642970	2036558	6787
1906944	1664276	6785
1906944	2945757	6785
2994517	4429459	6963
3050276	1595091	6693
4552843	3050276	6817
310636	3910561	10739
3669754	1007642	6966
3050276	3452348	6700
3050276	1016852	6700
4514417	3226721	6682
2312767	3910561	6790
1906944	1162823	6785
3731932	3050276	6694
3050276	739730	6700
3050276	2020187	6765
2140356	4367532	6750
312819	1392345	6809
3050276	1076464	6693
4514417	3287899	6682
4341522	1322933	6809
3050276	427585	6700
2512034	1906944	8659
4081380	3150675	6787
2484109	4367532	6750
1906944	4552843	9650
3050276	4471562	6700
4514417	2352076	6682
3050276	3326500	6711
3050276	2418697	6700
3050276	4617368	6693
3669754	1688999	6966
2652024	4367532	6750
1906944	535667	6785
2549226	3910561	6784
3698740	4367532	6750
3910561	3638473	7269
1801620	2500950	6787
3050276	2902514	6700
3050276	2533970	6693
3910561	3926724	6792
1906944	3641741	6797
3050276	4250556	6700
4514417	2852177	6682
3050276	202540	6700
3249298	1910712	6804
1906944	2974474	6805
4514417	2742189	6682
3910561	1225311	7269
1906944	836023	10065
3050276	4400848	6700
3050276	523496	6700
1906944	2253855	6785
995035	3910561	6878
1906944	591472	6785
387274	3910561	6784
3050276	3205191	6700
3050276	4453568	6693
3382543	3910561	6777
3537316	2611301	6791
4514417	2777070	6682
3492099	4172349	6794
4519771	3050276	6694
576537	3836585	6808
2851957	512473	7605
4514417	504469	6682
4172349	4393240	6798
4172349	1778504	6798
4472617	2611301	6791
2986453	3889800	6806
4367532	4587273	6747
3050276	13165	6693
2206208	3910561	6784
3050276	359166	6711
1906944	1370138	8158
3050276	545879	6700
3050276	1424442	6700
3050276	3141302	6700
4514417	2542867	6682
4514417	2877795	6682
3889800	1322933	6800
3050276	3796158	6796
4514417	3200657	6682
3050276	834364	6700
2611301	3215606	6963
2159283	4445870	6808
3910561	2085089	6792
3050276	3986293	6700
4514417	644213	6682
3050276	3641741	6788
3279660	2616918	6808
647984	4100490	6879
3889800	3112428	6800
4514417	1722862	6682
3050276	3468737	6700
3889800	507629	6793
3910561	1336037	7269
1513216	4172349	6794
3050276	500499	6700
1906944	3624912	6785
1906944	4359442	6797
3195714	4172349	6794
3050276	969079	6700
145116	4498699	7312
3050276	194980	6700
3050276	3081677	6700
3050276	4313329	6700
3050276	4603499	6700
3050276	1575899	6700
3782854	4367532	6750
3050276	1985233	6700
3910561	370667	6792
3731836	3910561	7227
1906944	1332423	8158
3050276	2886031	6711
4081380	4018467	6787
1888112	3889800	6806
1906944	4653940	6785
3050276	2054148	6700
336539	4367532	6750
3050276	1679908	6700
3050276	3464572	6700
3050276	3114399	6700
3238407	3910561	6784
3050276	3725199	6700
4367532	4622682	6747
3910561	866536	6792
4514417	723403	6682
4081380	4543223	8688
1906944	2959658	6785
3050276	2335672	6700
769789	4081380	7605
3050276	125364	6700
3050276	3567289	6700
3910561	399082	6786
3050276	2393387	6698
143238	3050276	6694
3050276	594777	6700
3241360	3910561	6790
4642970	4198166	6809
1608492	840758	6787
3910561	2252983	6803
4216766	3050276	6694
1906944	578914	8158
1906944	1099266	6785
3050276	3915485	6700
3050276	1649365	6700
4172349	2700138	6798
4514417	911664	6682
1397337	2648919	7276
3910561	2087439	6792
1906944	342731	6785
3050276	1372993	6700
3910561	1884634	6803
4081380	2051804	6809
3262386	1493216	6804
3050276	4420739	6700
1383366	3910561	7345
3050276	440703	6700
2222809	3910561	6744
3050276	410304	6700
1821769	3910561	6717
4514417	3298825	6682
4590250	3910561	6784
1906944	1501796	6797
1686681	2143171	10034
4367532	2549226	6747
4514417	1076464	6682
3050276	4023443	6700
4172349	1472235	6798
3910561	4011017	6801
3910561	15446	6803
3050276	370808	6700
1906944	2685454	6785
3050276	3209925	6700
3050276	3813198	6700
1686681	852864	10034
1906944	2841796	6785
3050276	3282893	6700
2723817	3050276	6694
3514117	3910561	6717
4367532	1803005	6747
1906944	3558035	6805
3050276	555055	6700
1200599	3910561	6777
1963322	3050276	6694
3910561	1748110	6792
3050276	4165827	6700
4367532	96959	6747
3050276	2265553	6693
3050276	4489558	6700
4514417	2727251	6682
3910561	195682	6803
1906944	3975891	8158
3050276	892793	6700
3050276	706927	6700
3050276	3913271	6700
4514417	2293271	6682
3050276	2596007	6700
3050276	4587273	6693
3050276	1534706	6700
1906944	4412383	6785
3050276	4213756	6708
3050276	3841510	6700
4367532	2484109	6747
3843984	4655664	6963
3922267	3910561	6784
4545970	3050276	6694
4514417	2788169	6682
3889800	3901793	6800
1609419	1906944	7371
3050276	2149501	6700
2020187	3154716	6700
4514417	1877833	6682
2243112	3889800	6806
1906944	4467552	8753
3910561	2954757	6792
3050276	3800560	6700
3050276	229226	6700
1131314	4367532	6750
4367532	3840922	6747
1906944	2299216	6785
2020187	3746031	6700
3910561	4587273	6803
3050276	4289289	6700
3050276	246090	6700
1897411	3912649	6808
4429459	936005	6808
3669754	765258	6966
1864442	3910561	7345
4172349	3567439	6798
3050276	113960	6700
3050276	4289889	6700
367038	4367532	6750
4172349	3937743	6798
3050276	426168	6693
3050276	2510662	6700
3050276	2195470	6700
3050276	2217752	6788
1906944	1501796	9650
790406	3910561	6717
3050276	601311	6700
3050276	769298	6700
3050276	1420750	6700
4514417	1210482	6682
574450	3050276	6694
4367532	3813701	6747
3050276	2253855	6700
795689	3050276	6694
3050276	2287709	6700
3050276	1099266	6700
3050276	1668887	6700
4367532	2171633	6747
3050276	718673	6700
3050276	237133	6700
2442191	3050276	6694
3050276	3154716	6700
3050276	3472748	6700
3050276	2379720	6700
3863593	4642970	6799
2260501	3780793	7605
3050276	3226326	6693
1906944	1004841	6785
3050276	403942	6723
3050276	818861	6700
898793	2596875	7559
3143935	4367532	6750
1906944	2009049	6785
3050276	56606	6693
4607746	4367532	6750
3050276	1748192	6700
4642970	2497721	6787
3669754	873315	6966
4367532	2476369	6747
3050276	4591869	6700
3910561	2994517	8161
3910561	3390883	6803
3910561	1810397	6803
4367532	509885	6747
3050276	2506829	6711
4514417	1343154	6682
3050276	1390310	6693
3050276	1147405	6700
3050276	1322617	6700
1435911	2611301	6791
3050276	2101270	6700
3050276	4434241	6700
3050276	3234590	6711
3050276	3816941	6700
1266822	3050276	6694
3050276	3351345	6700
1906944	2911327	8753
3050276	2409483	6700
3910561	427677	6792
3958642	4081380	6799
3050276	400840	6700
3910561	4292829	7269
1639750	3889800	6806
1906944	743948	6797
3050276	714882	6700
3050276	181050	6700
1214480	4367532	6750
1707647	3910561	6784
3657437	3910561	6790
1104592	2020187	6694
3050276	2672723	6700
1906944	4018467	6805
2651864	3050276	6694
1906944	2418307	6785
3735985	3050276	6694
3050276	1710524	6700
3050276	283678	6700
4587273	4367532	6750
3050276	190408	6700
4514417	2760690	6682
3050276	3282640	6700
1906944	2622098	6785
1906944	734503	6785
4514417	1272935	6682
4514417	1733394	6682
551688	873315	6804
2994517	1842856	6963
3910561	2198619	6786
3050276	3873802	6700
3050276	542	6700
1608492	414823	6809
4172349	4284657	6798
3050276	4111215	6700
3889800	1279932	6800
4074018	3910561	6717
2611301	311871	6963
3050276	2845992	6700
3910561	3757068	6801
3050276	2020187	6698
2198619	3889800	6806
4095440	3190424	6791
1906944	2217752	9650
4100210	3889800	6806
3050276	314725	6700
893616	4453568	6808
4172349	873315	6798
1483212	3050276	6817
3112428	1046198	7605
3669754	2758409	6966
3910561	3341400	6803
4367532	3860221	6747
3910561	3821757	6792
4514417	951156	6682
3050276	1838966	6700
3910561	3601276	6792
4374894	3910561	6790
4367532	4169971	6747
4514417	1988363	6682
4514417	1619509	6682
4103874	3050276	6694
533550	3050276	6694
3114399	2020187	6694
4367532	3723817	6747
4172349	3163316	6798
3910561	3359202	6803
3460529	4367532	6750
3050276	3182338	6700
56606	3910561	6784
3669754	4541221	6966
2393387	3565537	6807
3050276	6707	6700
1452035	3910561	6717
1154049	4367532	6750
4172349	4321825	6798
3050276	1537261	6700
4135431	2477634	6808
3518691	2020187	6694
3050276	1468037	6700
2774181	3050276	6694
3050276	2507520	6700
2685336	4172349	6794
2508380	3910561	6790
2318499	3050276	6714
3549976	3154716	7170
4367532	3782854	6747
946910	3910561	6784
3889800	568373	6800
3050276	3489611	6700
4172349	1897411	6798
237133	3050276	6694
1906944	4490597	6785
3050276	255438	6700
3889800	1133266	6800
3050276	2622098	6700
3050276	3322075	6700
2143171	2294900	6809
3326069	1906944	7371
3050276	4649685	6788
3050276	4629294	6700
1075699	1248576	7603
4514417	3706419	6682
4464469	4172349	6794
3050276	4479293	6700
1906944	2509389	6805
3889800	840758	6793
3050276	3924119	6700
618963	1323312	6787
4172349	2159283	6798
3050276	2391031	6700
3050276	548399	6700
816889	1686681	6790
3050276	540467	6693
3050276	1418636	6700
3050276	3341400	6693
3050276	2608612	6700
3050276	3112537	6693
3958609	4367532	6750
4514417	1214480	6682
4514417	639507	6682
3050276	1433672	6700
4514417	1248576	6682
3154716	1397337	7259
369950	4367532	6750
1906944	2076694	8753
104273	4367532	6750
1452115	3050276	6694
3050276	1571207	6700
3910561	4285951	6792
1906944	2556343	6785
3050276	669637	6700
4367532	1215484	6747
3124569	3910561	6790
3050276	2159814	6700
4514417	3195165	6682
1608492	2626480	6787
3050276	2765860	6700
1633678	3910561	6784
3596300	3910561	6790
4367532	2032670	6747
3050276	2432079	6700
4514417	2944133	6682
3050276	1890811	6700
3050276	2613878	6700
3628429	4367532	6750
2626480	1608492	6799
2419481	3910561	7345
618963	4172349	6809
2572269	3910561	6790
4029325	4367532	6750
3050276	3149690	6700
3050276	3416691	6700
3050276	3821749	6700
555786	3910561	6790
3050276	1127441	6700
1906944	3687834	6785
4514417	2196279	6682
3050276	2084061	6700
3050276	4493162	6700
3910561	1864442	7269
3050276	957231	6700
3050276	253533	6700
3050276	4429476	6700
3910561	2265553	6792
3910561	894266	6786
3910561	423032	6792
1906944	3884803	8158
852864	2864767	6809
2450499	3050276	6694
2407009	3889800	7608
3910561	1592146	6801
3050276	3821757	6693
3050276	625463	6700
3050276	208212	6700
3910561	3061149	6786
3910561	1803005	6792
3910561	2954757	6803
1699623	753336	6809
3050276	2379000	6700
105009	2020187	6816
3050276	4349351	6700
3050276	114736	6700
2994517	2461649	6963
3050276	3836184	6700
3050276	1310509	6700
1046198	2596875	6809
4367532	4607746	6747
471932	4367532	6750
1906944	1091602	6785
769789	3910561	6790
1906944	3060085	6805
3910561	3709464	6801
1188138	3050276	6817
1906944	1228701	6785
3669754	2309763	6966
1906944	3196736	6785
1708620	3050276	6694
3050276	2020187	9179
104273	3537316	6804
3050276	3512174	6700
3502272	4284657	6804
233664	3910561	6790
400840	3050276	6694
3050276	3976950	6700
1236069	187120	7580
4172349	2453411	6798
3050276	2487658	6700
4514417	2634766	6682
1906944	4146425	8158
3050276	2800484	6700
3050276	440499	6700
3843984	2869981	6963
3050276	2995712	6700
3050276	2089998	6693
3910561	1821769	6801
3050276	264094	6700
3050276	1192898	6700
3050276	2104491	6700
1717508	3889800	8351
3889800	2547063	6800
3050276	3669676	6700
3748061	3468862	6808
1906944	2181551	9650
3669754	2386231	6966
4514417	437778	6682
2424947	3910561	6717
1906944	4297	6785
3050276	2402241	6700
3889800	1917800	9511
4172349	3195714	6798
3635944	4642970	7605
2139997	3910561	6784
3050276	3988525	6700
3050276	4323613	6700
3050276	486244	6700
3050276	1664276	6700
2386231	4172349	6794
4514417	1806696	6682
3050276	1839312	6796
3050276	942844	6700
3050276	669188	6700
3050276	1022242	6796
3050276	948040	6700
1906944	1609419	9650
2087439	4367532	6750
3050276	3210073	6700
2648919	1236069	7225
2665684	3910561	6717
3050276	2393387	6700
3910561	780410	6801
417901	3910561	6717
1477635	3050276	6694
3050276	3325764	6700
3910561	3534673	6792
1906944	1323316	6785
4514417	1929784	6682
3390883	4367532	6750
1906944	2794246	6785
2198619	3910561	6790
2986453	3910561	6790
3050276	3122913	6700
3910561	1070858	6801
1906944	926378	6785
3050276	3210140	6700
4601035	1906944	8659
3050276	3674534	6700
409634	3910561	6717
3050276	1127772	6700
3050276	185223	6700
3279660	4172349	6794
3050276	663431	6796
1106808	1275829	6714
4367532	3460529	6747
3050276	3836585	6693
4367532	2966812	6747
3669031	3050276	6694
4649685	1906944	7371
3910561	578326	6802
1801620	107246	6809
184801	4172349	6794
2766405	2788169	6808
1906944	1338269	6785
1906944	3938068	8158
4367532	4362271	6747
3050276	3080909	6700
3050276	26596	6700
4369400	3910561	6784
4081380	3958642	6787
3050276	503858	6700
3050276	1852446	6796
1906944	2591768	6785
3050276	2119988	6700
3910561	2718461	6803
3050276	3881185	6700
4514417	3227763	6682
3050276	2652024	6693
3780793	2260501	6809
1906944	2674000	6797
3205191	3050276	6694
3050276	3737725	6700
3050276	4549638	6700
1852306	3910561	6790
1906944	2179713	6785
1293388	3889800	6806
4565229	3889800	7608
3910561	85866	6803
3669754	3215606	6966
2393387	3502272	6708
3910561	2506829	6801
4655689	4172349	6794
1906944	2594698	6805
3050276	1747280	6700
1596033	3780793	7605
4514417	2351694	6682
4172349	2300892	6798
3050276	4564110	6700
3050276	2010990	6700
3050276	2266428	6700
3889800	241151	6793
3889800	3635944	6800
3050276	2680167	6700
3050276	2404096	6700
1906944	2722794	6797
3050276	2195608	6700
4367532	2205975	6747
3050276	2875767	6700
3050276	782129	6700
2196279	3910561	7345
1906944	2508380	6805
1906944	1838966	6785
4514417	2616918	6682
3050276	4158206	6700
3050276	1748110	6693
360699	3910561	6790
3910561	92535	6792
4172349	4383842	6798
3910561	3269076	6803
3050276	3634882	6700
1906944	398298	6785
3050276	3533928	6700
4172349	576537	6798
3164031	4367532	6750
3520430	3889800	6806
3910561	3897308	6792
365933	3050276	6694
4514417	2291391	6682
1764146	4172349	6794
3910561	488426	6803
1906944	727606	6785
3050276	1096206	6700
3050276	2698045	6693
3252447	878800	6963
1906944	3764972	6785
3050276	4279207	6700
3050276	238743	6693
4514417	693664	6682
4021611	3910561	6784
1906944	4591739	8158
3050276	4349145	6700
4412383	3050276	6694
3050276	2095242	6700
4367532	2940973	6747
4145294	3050276	6694
3889800	592491	6793
3050276	1218700	6700
4380884	3050276	6694
3050276	2044659	7176
3910561	589402	6792
4514417	3786373	6682
3050276	3819973	6700
3050276	1070858	6711
291894	3910561	6717
4172349	2670818	6798
1815016	4367532	6750
3050276	3855328	6796
4219940	3910561	6790
3050276	3192717	6796
1906944	1664052	6785
4514417	3516782	6682
3805399	3050276	6694
3050276	1827965	6700
3050276	4404533	6700
3910561	4213756	6803
3889800	3963806	6793
4367532	450142	6747
1906944	3010121	6785
1475738	3050276	6694
4172349	3154716	6913
3910561	4135906	6803
3050276	2866240	6693
3050276	1399560	6700
1517244	2745443	6804
4367532	1154049	6747
2420617	3910561	6717
1906944	1107657	6785
3050276	1708620	6700
2677583	3910561	6784
3050276	849126	6700
3050276	657200	6700
2966812	4367532	6750
47535	1093098	6881
3050276	1225424	6693
3050276	1446809	6700
3889800	3596300	6800
1666467	3050276	6694
3050276	369950	6693
2087439	3910561	6784
3050276	3944931	6700
3050276	10596	6700
4642970	2735966	6787
1906944	1945316	6785
2871903	4367532	6750
3910561	149861	6792
3910561	2584903	6786
1778504	1033040	6808
4514417	663689	6682
1906944	3154716	6785
3050276	210580	6700
3910561	1392345	6786
3050276	3426343	6700
3050276	4214668	6700
2846260	2334026	6785
3050276	4472138	6700
4514417	906823	6682
2722794	1906944	8659
105009	2393387	6816
3050276	2383992	6700
3669754	1555888	6966
3163316	4172349	6794
3050276	613802	6693
894266	2813890	7605
3050276	4242694	6700
1960326	1531723	6879
2800307	3910561	6717
4514417	785588	6682
4514417	1800981	6682
2444107	3889800	6806
3050276	1579171	6700
3050276	3647185	6700
31799	3050276	6694
3050276	2738040	6700
4321825	4172349	6794
4537027	4367532	6750
1906944	2220698	6785
1906944	4065213	6785
3050276	826205	6700
3922243	3910561	6717
3050276	2402034	6700
1731682	3050276	6694
4367532	3877862	6747
3889800	1293388	6800
224766	4367532	6750
3050276	4560177	6700
1906944	2984982	8158
2535905	716804	7559
4367532	3788763	6747
4367532	3205164	6747
3050276	4542574	6700
1906944	1140358	6797
3050276	2131653	6700
2719871	3910561	6784
1906944	2085632	6785
4367532	938613	6747
3221731	3889800	6806
3050276	4011390	6700
3669754	665408	6966
3910561	4386107	6786
3910561	263881	6792
3050276	3790259	6700
1501796	3050276	6817
3910561	3514117	6801
3910561	2322463	6803
3050276	2574177	6700
1801620	2547063	6809
1851656	1906944	7891
4172349	1007642	6798
3050276	642822	6700
4367532	2871903	6747
4367532	85866	6747
3050276	4580865	6788
4367532	2990912	6747
1906944	1800449	6785
3910561	2260501	6786
1247448	1608492	7605
1973047	1205901	6962
15446	3050276	6714
576537	4172349	6794
3050276	3026563	6700
2536032	3889800	6806
3050276	3232119	6693
3050276	3763480	6700
2837921	3910561	6717
3050276	525649	6700
3910561	2930782	6996
2393387	1566588	7112
3050276	1024094	6700
3050276	329384	6700
4367532	3601276	6747
2558014	4367532	6750
3050276	1475738	6700
3050276	3011396	6700
1224014	4367532	6750
4655664	3958609	6808
3050276	2633651	6700
1906944	3488341	6785
1545096	3050276	6694
507629	4081380	6799
3050276	780719	6700
4552843	1906944	7371
3189312	4642970	6799
3050276	1537798	6711
4367532	3295939	6747
1360275	4172349	6794
1735102	4642970	6799
3050276	3242792	6700
3050276	1658063	6700
4008189	3050276	6694
1783237	3910561	6790
3050276	763907	6700
3910561	3086232	6801
3910561	761693	6792
4367532	2146720	6747
1906944	3081892	8158
2059687	3910561	7345
4543223	4081380	7558
837805	3910561	6790
3910561	35278	6803
1596033	3910561	6790
3050276	1836211	6700
4514417	2560100	6682
3050276	603208	6693
1906944	3680158	6785
3050276	468108	6700
3050276	423474	6796
3050276	1135097	6700
1143021	3190424	6791
3050276	3783064	6700
4367532	3529940	6747
4321825	3843984	6791
4514417	3428301	6682
4588191	491491	6809
450142	3910561	7345
1247008	3050276	6694
3050276	4176723	6796
4514417	1897293	6682
1906944	2142510	6785
3050276	1622786	6700
1032893	1906944	7371
2846260	1323312	6805
1906944	714799	6805
4514417	2994701	6682
3050276	1207267	6700
3889800	563152	6793
2214402	4367532	6750
3050276	3069116	6700
4172349	3102233	6798
1437171	3910561	6784
3050276	330719	6700
2716210	3910561	6717
3910561	3731836	8161
837805	852864	7605
372438	4642970	7605
3050276	3170540	6693
1686681	816889	6786
1608492	3124569	6809
3050276	2177000	6711
4172349	765258	6798
1906944	1022242	8158
4172349	184801	6798
1348495	1801620	7605
1968772	3050276	6694
1906944	4649685	9650
3411933	4367532	6750
2782853	3050276	6694
1323312	2393387	6911
866536	3910561	6784
2896847	3910561	6790
3669754	3568742	6966
3910561	3261177	6792
2020187	727606	6700
2020187	108391	7082
2685336	220350	6808
3050276	2778231	6700
3468862	3748061	6804
3910561	3516782	6803
3050276	1091544	6700
3050276	4189670	6700
3050276	2829602	6700
1068204	2994517	6791
2363637	3910561	6790
843258	3910561	6784
4514417	1352820	6682
3669754	1435911	6966
4514417	4443135	6682
4172349	387075	6798
4514417	4286637	6682
2363637	4642970	7605
623636	1073802	6804
3567931	3050276	6694
351574	3910561	6717
3910561	1539315	6803
3050276	3295932	6700
1906944	634827	6785
3910561	2085089	6803
3050276	3582867	6693
3050276	3927338	6700
3050276	3518691	6700
1814208	1608492	7605
1906944	2667919	6785
3050276	3281434	6700
3050276	1438509	6700
4323243	3163316	6804
1675550	3910561	6784
3050276	2980852	6700
3050276	591472	6700
4081380	2859297	6809
3050276	2200226	6700
3669754	1897726	6966
2700138	4172349	6794
4514417	3360286	6682
3843984	4321825	6963
3050276	345418	6700
3050276	1917313	6700
4514417	3457177	6682
3910561	360699	6786
4514417	1993445	6682
3050276	4487300	6700
3050276	4542126	6700
4172349	3632772	6798
1555888	4172349	6794
3910561	3711723	6803
1906944	4580865	9650
4514417	1249296	6682
2198619	1390032	7605
3050276	394789	6796
3910561	4587273	6792
3910561	107246	6786
3050276	1177432	6700
241503	1906944	7891
3050276	884805	6700
3889800	3015636	6800
3050276	1366577	6700
3102233	2089998	6808
3910561	1795059	6792
90929	3889800	7608
3050276	3099901	6700
1046198	228691	6809
3050276	31141	6700
1906944	4323730	6785
3050276	2546879	6700
1906944	2647107	6785
3050276	3495865	6796
3050276	2607049	6700
4514417	2913158	6682
3215606	654433	6808
4473601	4367532	6750
3050276	4071319	6700
3390883	3910561	6784
3050276	4383917	6700
1608492	3127709	6787
3050276	505634	6700
3050276	54397	6700
3050276	1057307	6700
3050276	1272648	6700
4367532	1815016	6747
1906944	2483957	8158
3050276	3970145	6700
1906944	1128877	6805
1906944	1366577	6785
3855202	3910561	6717
253821	4172349	6794
3050276	471932	6693
3050276	2117389	6700
3050276	47905	6700
107246	3889800	6806
2308129	3050276	6694
1906944	3157510	6785
3050276	830400	6700
3050276	3096285	6700
3050276	2523389	6700
3669754	4537859	6966
4514417	4367475	6682
4367532	568929	6747
3910561	3723817	7269
3050276	3645071	6700
1906944	4431706	6785
1906944	2476874	6785
4514417	3346019	6682
3910561	2508380	6786
3628123	779829	6808
4100210	3910561	6790
1906944	4187957	6805
3050276	2638018	6700
1906944	1906816	6805
3050276	1924399	6700
2254562	3910561	6784
4514417	3143447	6682
2312767	3889800	6806
3910561	4369400	6803
2085089	3910561	6784
3050276	2799283	6700
3910561	2252983	6792
3050276	335439	6700
1906944	3216195	6785
3269076	3910561	6784
4588191	2444107	6809
1225311	3910561	7345
3050276	53204	6711
1906944	2772341	8158
3050276	2020187	6700
3605358	3050276	6694
379045	3910561	6790
3669754	378638	6966
4367532	1456403	6747
4172349	618963	7605
4590313	3889800	6806
1906944	298189	8158
4172349	179194	6798
4172349	4002910	6798
233664	4642970	7605
1801620	3510615	6787
3910561	4607746	6803
3050276	1475800	6700
3050276	4328759	6700
1906944	1467656	6785
3050276	841154	6700
3050276	1942653	6693
3910561	3516782	6792
3050276	2648919	6693
1906944	3641741	9650
634827	3050276	6694
4514417	722009	6682
3050276	747952	6796
3050276	4422199	6700
3050276	3859460	6700
4514417	4588127	6682
3780793	4397957	6809
3050276	1275772	6700
342731	3050276	6694
4292829	3910561	7345
3910561	313156	6801
3050276	979132	6700
4514417	1426952	6682
3050276	763538	6700
3050276	277890	6700
3050276	986509	6700
3050276	1246057	6700
4514417	236011	6682
3910561	1076464	6792
4071102	3050276	6694
437435	3889800	7608
3050276	1379875	6700
1906944	4580865	6797
3785508	3050276	6694
3642179	4081380	7558
4514417	1004186	6682
3050276	2322463	6693
3050276	2317758	6700
4514417	1633678	6682
1906944	857506	6785
2915682	3492099	6804
3050276	609891	6700
4514417	4419724	6682
4514417	209801	6682
1906944	3287700	6805
3050276	2665684	6711
3321790	3050276	6694
3050276	2903113	6700
3050276	4192529	6796
3910561	4453512	6786
3050276	2785731	6700
3050276	239250	6700
3342392	3910561	6904
3050276	4378211	6700
4514417	1924983	6682
3910561	4617368	6803
1073815	4367532	6750
3050276	773200	6700
589402	3910561	6784
3050276	2607137	6693
1073802	2611301	6791
3050276	4134985	6700
3472748	3050276	6694
3359202	4367532	6750
3050276	87156	6700
4514417	3263847	6682
4514417	4096885	6682
3050276	2476874	6700
4514417	1740223	6682
1906944	3114399	6785
4514417	2996296	6682
3050276	3651808	6700
3568742	2611301	6791
1906944	4519771	6785
3150675	4081380	6799
3050276	2044833	6700
1905311	3050276	6694
4367532	1756873	6747
1906944	687562	6785
3050276	1295387	6700
4367532	4333439	6747
687562	3050276	6694
4514417	2508872	6682
4081380	1998326	6787
3910561	3582867	6803
3050276	2186364	6700
3889800	3685466	6800
4327999	1579489	6791
4172349	253821	6798
3050276	3378246	6700
2368470	4367532	6750
3669754	2159283	6966
3050276	1065770	6700
878800	3252447	6791
3050276	4114106	6700
3050276	3757068	6711
3050276	3708475	6700
3050276	1711394	6700
893616	4172349	6794
3901793	1046198	7605
2766405	4172349	6794
3910561	3460529	6803
1392345	3889800	6806
3910561	3373583	6792
4514417	4044001	6682
3196736	3050276	6694
4367532	1837357	6747
3050276	2734315	6700
1639750	1608492	7605
3910561	197218	6786
4172349	3492099	6798
1338347	3910561	6784
3050276	900243	6700
3050276	265127	6700
3050276	4488371	6693
3050276	1545450	6700
3050276	1075964	6700
4514417	49197	6682
285085	4367532	6750
2594698	1801620	6799
3050276	4090564	6700
4514417	1197710	6682
2477634	4135431	6804
3050276	2348833	6693
4323723	1801620	7605
3050276	2327583	6700
855538	1801620	6799
3910561	540467	6792
4425288	3050276	6694
3529940	4367532	6750
3050276	512092	6700
2618946	3050276	6694
3910561	3101253	6792
3050276	3766782	6700
3889800	373232	6793
3669754	2670818	6966
2523405	1106808	10149
4172349	3892919	6798
3127709	1608492	6799
3050276	4327099	6693
4081380	788467	6787
3050276	3399667	8266
4514417	4543727	6682
1906944	960837	6785
816889	1900891	6913
3050276	1780321	6700
3050276	1272001	6700
1906944	1340054	6785
1906944	1545096	6785
4514417	590200	6682
2147381	4172349	6794
1229029	3050276	6694
3050276	3584145	6700
838616	3050276	6694
3843984	1829541	6963
4642970	2363637	6809
3910561	3596300	6786
3910561	2419481	7269
430552	3433137	6791
3050276	995035	6693
3050276	4162428	6700
3050276	2452122	6700
4187957	3910561	6790
3910561	4397957	6786
3910561	753336	6786
4172349	3568742	6798
1906944	2859297	6805
2945757	3050276	6694
3050276	1330052	6700
3050276	1929612	6700
4514417	3741783	6682
3050276	423032	6693
3050276	3755663	6700
1470729	3910561	6717
3050276	1600043	6700
3050276	1141115	6700
3050276	409634	6711
1906944	3460083	6797
1906944	3073641	6785
3050276	27530	6700
3910561	1312086	6803
4514417	2284667	6682
3050276	810261	6700
3050276	51063	6700
734503	3050276	6694
1224506	3050276	6694
3030013	4367532	6750
3050276	573468	6700
3050276	202516	6700
3253261	4367532	6750
3889800	3520430	6800
2611301	873315	6963
3050276	541452	6700
1906944	3813198	6785
3050276	2798031	6796
1070826	3910561	6790
1906944	3863647	6785
2719739	3889800	7608
3050276	3303787	6700
1906944	1452115	6785
3050276	4602988	6700
3050276	1740835	6693
4514417	4153103	6682
3473019	4367532	6750
3050276	2662847	6700
3050276	4071102	6700
4514417	165573	6682
3910561	735864	6786
3641741	1906944	7371
1906944	4610414	6785
3910561	235017	6803
1906944	1322617	6785
3050276	2945609	6711
1801620	2986453	6809
3050276	4452001	6700
3760658	1829541	6804
3050276	4310660	6700
3910561	3238407	6792
4514417	2982693	6682
4514417	1263355	6682
3050276	4476222	6700
4393240	4172349	6794
3050276	1528698	6700
3050276	1756041	6700
3050276	3124361	6700
387274	4367532	6750
4367532	1325211	6747
3050276	4500953	6700
3050276	2784407	6700
4397957	3780793	7605
3910561	2102250	6786
3910561	1707647	6803
3050276	1375941	6700
3050276	574063	6700
3050276	3832483	6700
1906944	3495865	8158
3910561	1537798	6801
2095238	4367532	6750
214847	613802	6808
3698740	3910561	6784
1801620	2594698	6787
3050276	2236579	6700
3079092	3780793	7605
3050276	3976477	6700
3050276	3488341	6700
1906944	210580	6785
3050276	2761672	6700
4514417	3431100	6682
498767	4367532	6750
1906944	784823	8158
1906944	239250	6785
3050276	1549213	6700
3050276	2220698	6700
3050276	1410159	6700
840758	1608492	6799
2828928	3910561	6717
2911327	1906944	7891
4514417	3030013	6682
3050276	2633059	6700
3780793	3079092	6809
1906944	663431	8158
1906944	1649653	6785
1906944	242972	7307
313156	3910561	6717
3050276	3989210	6700
2939675	4367532	6750
3910561	3685466	6786
3050276	687562	6700
3050276	2243564	6700
3910561	2583916	6801
3050276	1810397	6693
4514417	4445870	6682
4514417	410932	6682
3050276	2169127	6700
3428301	4367532	6750
3050276	2784206	6700
3050276	2082407	6700
3910561	359166	6801
4514417	2082599	6682
3050276	4646298	6700
3050276	2682515	6700
3050276	3137175	6700
3050276	3473019	6693
3447234	3910561	7345
2036013	1608492	6799
1906816	3050276	6911
3050276	4248640	6700
3910561	1076464	6803
3050276	2953158	6700
3561761	3050276	6694
558958	3050276	6762
3910561	2677583	6803
3050276	3327921	6700
3669754	639671	6966
3050276	3660729	6700
3669754	3163316	6966
4354714	3050276	6694
3050276	3846734	6700
3050276	2424947	6711
1906944	230066	6805
3050276	3118044	6708
3628123	3843984	6791
3050276	2759001	6700
3910561	1437171	6792
2085632	3050276	6694
2954757	3910561	6784
4472617	4140037	6808
1906944	2260501	6805
3050276	3953879	6700
3050276	390182	6700
3050276	1247008	6700
3910561	3824385	6803
4514417	3024234	6682
2610641	3910561	6784
3050276	3379379	6700
3050276	425569	6700
3050276	3709464	6711
3669754	3208851	6966
3050276	625027	6700
3050276	1311265	6700
3050276	4478690	6693
3669754	2200670	6966
1906944	4580361	6785
1906944	2713827	6785
214847	4172349	6794
3050276	1031160	6700
4514417	3004399	6682
3359202	3910561	6784
3050276	4252780	6700
3050276	1945316	6700
3050276	1632172	6700
3050276	4018071	6700
4172349	2897281	6798
3910561	2830951	6801
3050276	325287	6700
4514417	3744613	6682
4642970	3703143	6787
4514417	3969415	6682
3050276	249639	6796
2745355	4164185	6879
3910561	2719871	6792
3910561	2718461	6792
3050276	3342392	6723
3843984	2367267	6963
3050276	3326069	6788
3050276	2788597	6700
4514417	1616622	6682
1906944	3339309	6785
4081380	4542126	8688
4172349	2497571	6798
1906944	1016852	6785
3261177	3910561	6784
3669754	1055677	6966
3050276	836023	6693
2036013	3889800	7608
3843984	110384	6963
1906944	3000676	6785
491491	4588191	7605
3050276	1462228	6700
3050276	1605902	6700
3373583	4367532	6750
3050276	996534	6700
3050276	4158738	6796
3050276	1229918	6700
1906944	3068348	6785
3050276	2480889	6693
2404096	3050276	6694
1686681	4642970	10034
3534673	3910561	6784
4367532	1336037	6747
3910561	2886031	6801
3061149	3910561	6790
4172349	3889800	6806
3910561	3295939	6792
1906944	2344399	9650
3050276	2812380	6700
3433137	430552	6963
2258934	3050276	6694
2963472	3050276	6694
3050276	2718461	6693
3050276	1332423	6796
3050276	1499387	6796
3641741	1906944	8659
613775	505625	7043
1016852	3050276	6694
3050276	4281478	6700
3050276	4117852	6700
2523022	3050276	6694
4514417	2200237	6682
3910561	3788763	6792
4514417	3373942	6682
3050276	2915682	6693
3050276	4011017	6711
3050276	3713925	6700
776985	4172349	6794
3050276	4007638	6700
3910561	1455292	6803
1906944	769789	6805
751955	3910561	6790
4367532	2095238	6747
1906944	4103874	6785
3050276	3435129	6700
3050276	499680	6700
3050276	743490	6700
3669754	3937743	6966
894266	3889800	6806
4253575	3910561	6904
3050276	2959658	6700
3502141	3843984	6791
3910561	3356386	6801
1906944	3515191	6785
3050276	143238	6700
3050276	820934	6700
3050276	1104758	6700
1906944	121732	6785
4172349	639671	6798
3050276	4590250	6693
3050276	1452035	6711
3050276	1540142	6700
3050276	2129620	6711
3050276	1436291	6700
3050276	1798357	6700
3279572	3795839	6808
3050276	2398501	6700
3050276	1054782	6700
2549226	4367532	6750
2509358	4172349	6794
1899768	3050276	6694
4323723	3889800	6806
3050276	4301494	6700
1906944	2523389	6785
2647107	3050276	6694
3910561	2222809	6779
4028546	2994517	6791
3050276	2054658	6700
3050276	2788169	6693
1608492	3376974	6809
1906944	1362607	8158
3050276	4437712	6700
3910561	379045	6786
669637	3050276	6694
1649365	3050276	6694
3465341	3910561	6784
4514417	4154687	6682
3050276	934453	6700
3050276	4374255	6700
2591768	3050276	6694
4367532	1536624	6747
3958609	4655664	6804
4359442	1906944	7371
3050276	4060670	6700
4498699	145116	9046
2930782	3910561	6790
4172349	110384	6798
1115954	618963	6926
3050276	3176432	6700
3633487	3050276	6694
3050276	3464853	6700
3195714	576627	6808
1848073	3910561	6784
3050276	539672	6700
3050276	1311550	6700
1608492	1888112	6809
3050276	4297	6700
3050276	1220056	6700
3889800	4342986	9511
3050276	3633487	6700
1706203	1012951	6808
3050276	1271995	6700
4514417	112148	6682
1857771	4367532	6750
3050276	3681686	6700
3050276	4105391	6700
3050276	1217326	6693
3050276	4072756	6700
4367532	4174904	6747
3221731	4081380	7605
4367532	3346019	6747
1906944	2084431	6785
3050276	3816858	6700
1906944	3859460	6785
3050276	466296	6700
3190424	4002910	6963
3050276	3576529	6700
3050276	694914	6700
3050276	2472813	6700
3889800	970194	6793
4514417	2048525	6682
3050276	4240124	6700
572393	110384	6804
4514417	3601276	6682
3050276	2125961	6700
3041310	4367532	6750
4514417	2089998	6682
3910561	2954429	6786
1608492	3963806	6787
3050276	634606	6693
3050276	4174904	6693
3050276	2203260	6796
3050276	2104392	6700
3669754	878800	6966
253821	4169178	6808
1924523	3910561	6790
3050276	1407509	6700
1906944	4473616	6785
4172349	2461649	6798
3050276	2023722	6700
1586039	3910561	6790
3910561	769789	6786
3050276	207751	6700
1134555	3910561	7227
4514417	3206019	6682
1279932	3889800	6806
3050276	1508485	6700
4467552	1906944	7891
4514417	743402	6682
1357204	3050276	6694
4367532	4159238	6747
4514417	3355290	6682
3050276	2517636	6700
3050276	2639196	6700
1906944	3976477	6785
3910561	2129620	6801
3050276	4292765	6796
3326069	1906944	8659
2239867	1906944	7891
3050276	615881	6700
1070858	3910561	6717
1906944	4601035	9650
3050276	1308481	6700
4514417	2208572	6682
3050276	4065213	6700
3050276	2772341	6796
4367532	3143935	6747
4367532	2648919	6747
1906944	2734315	6785
1906944	2054658	6785
1906944	3460273	6785
2548178	3050276	6694
1686681	3399667	8267
2125536	2611301	6791
2711422	4367532	6750
3050276	1385664	6700
3050276	2636115	6700
1906944	1483212	6797
3050276	4539626	6700
4367532	3473019	6747
1906944	56204	7307
3050276	718986	6700
3050276	3669031	6700
767410	1906944	7891
1906944	3079092	6805
3050276	3106221	6700
3050276	3465676	6700
1322933	3889800	6806
3050276	3124554	6700
3910561	2348833	6792
3747065	4172349	6794
3910561	2265553	6803
3050276	4333439	6693
4514417	159109	6682
3050276	487629	6700
551888	3889800	6806
3050276	2905155	6700
654433	3215606	6804
1501796	1906944	7371
4040727	4367532	6750
4367532	4357618	6747
372438	3910561	6790
1906944	2586327	6797
3889800	1348495	6800
3910561	2206208	6792
4514417	4114873	6682
4367532	367038	6747
3050276	1340054	6700
1765029	1906944	8659
3050276	4511970	6700
4514417	229922	6682
3050276	1275829	6700
1906944	1091544	6785
3050276	2718461	6708
4471117	3050276	6694
3043508	4367532	6750
3910561	1247448	6786
1342242	3910561	7345
1719292	3050276	6694
3050276	1664052	6700
4514417	165671	6682
1906944	1297220	6785
3050276	4629680	6700
3910561	2851957	6786
3565537	2933735	8774
665408	4172349	6794
2658966	3050276	6694
3050276	1772001	6700
4472617	4172349	6794
3050276	281884	6700
3050276	3035014	6700
3050276	1564003	6700
3050276	1918093	6700
4514417	1001493	6682
2299216	3050276	6694
3050276	3196146	6700
3050276	944073	6700
4514417	546232	6682
1906944	2574019	6785
3050276	4283354	6700
1906944	996534	6785
1906944	4649685	6797
780410	3910561	6717
3050276	3381601	6700
4514417	4002695	6682
3050276	2888124	6700
1906944	3214523	6785
3889800	2626480	6793
3050276	4175548	6700
3910561	3118044	6792
3050276	3931602	6700
2054658	3050276	6694
1906944	3580961	6797
1340054	3050276	6694
3050276	2375377	6700
4593232	179194	6804
3344912	3910561	6784
3050276	3915209	6700
3050276	3266630	6700
3910561	3226326	7269
2020187	2451497	6700
3050276	4135040	6700
3050276	458353	6700
3863647	3050276	6694
3118044	3910561	6784
239250	3050276	6694
2613162	3050276	6694
1906944	4380884	6785
3723817	3910561	7345
3050276	2713827	6700
4574352	3050276	6694
3910561	1437171	6803
3050276	828916	6700
3910561	3390883	6792
3050276	3534673	6693
1906944	551922	9650
1906944	2512034	6797
3564448	3252447	6791
1906944	4279207	6785
4367532	2087439	6747
3050276	263881	6693
1455292	4367532	6750
1906944	615881	6785
3116891	3050276	6694
1537798	3910561	6717
2497721	3889800	7608
4626542	3050276	6694
3910561	4064475	6801
2344399	1906944	7371
498767	3910561	6784
1906944	75921	6785
3050276	4062830	6700
4514417	3810987	6682
221134	3910561	6789
2393387	2196279	6707
3910561	369950	6803
1906944	3855328	8158
1906944	1477635	6785
3050276	2516594	6693
4367532	603208	6747
2393387	2020187	8264
3154716	1236069	7430
3520430	3780793	7605
1608492	3889800	8351
2611301	1688999	6963
1906944	542044	6785
3050276	3844253	6700
3638473	3910561	7345
4172349	2125536	6798
3050276	643098	6700
4514417	2863935	6682
3050276	798324	6708
1906944	385568	8158
3050276	1294004	6700
3050276	1721901	6700
3910561	15446	6792
3050276	1719292	6700
3050276	1671382	6700
3490519	1906944	7891
2032670	3910561	6784
4514417	360325	6682
3154716	3050276	6694
1906944	1031160	6785
3910561	2312767	6786
3050276	4083106	6700
3086232	3910561	6717
3050276	528929	6700
3502141	4172349	6794
3910561	3252447	8161
4172349	3654418	6798
2735966	4642970	6799
124772	3910561	6784
1906944	1399560	6785
4580865	1906944	7371
2143716	4367532	6750
634606	3405938	6804
4514417	2527879	6682
2747278	4367532	6750
2574019	3050276	6694
3910561	3359202	6792
3050276	2828928	6711
3050276	129827	6700
311871	4172349	6794
3050276	2229748	6700
1579489	1764146	6963
3050276	1153896	6796
3050276	4078064	6700
4367532	761693	6747
3050276	1626877	6700
3050276	1136964	6700
3050276	110752	6700
3910561	551888	6786
3050276	2087439	6693
1906944	2510749	6785
1046198	3901793	6809
3050276	213920	6700
3050276	1027147	6700
1906944	2308129	6785
2852558	1906944	7891
3508117	3252447	6791
1228701	3050276	6694
3050276	1225311	6693
3050276	3302710	6700
4514417	223966	6682
1906944	2688246	6805
3050276	1986860	6700
3050276	2651864	6700
3836184	3050276	6694
2456730	3050276	6694
3050276	3164031	6693
3050276	2842159	6700
3910561	3788763	6803
4467935	4367532	6750
1350493	3050276	6694
1133719	3069000	6808
2533970	1162179	6804
3050276	2506307	6700
1783237	4081380	7605
3050276	3356970	6700
3050276	3523279	6700
187120	1236069	7229
3050276	2576595	6700
3050276	3798711	6700
3050276	4042305	6700
1455292	3910561	6784
1686681	4311041	6795
3050276	2053498	6700
1906944	1773555	6785
3910561	3190424	8161
1668887	3050276	6694
3836585	4367532	6750
1906944	3175537	6785
3889800	3221731	6800
1906944	1009856	6785
3910561	1293388	6786
3669754	3683831	6966
3050276	3474153	6700
3889800	788467	6793
1906944	2053498	6785
4170137	2125536	6804
3050276	2992008	6700
4514417	3145381	6682
96959	4367532	6750
2674000	3050276	6817
1906944	2931364	6785
3910561	3703385	6801
4243492	3910561	6717
4642970	1156204	6809
3050276	1458187	6700
3050276	4609896	6700
3050276	2874723	6700
993494	1906944	8659
882173	3910561	6790
3050276	4140037	6693
3050276	3795839	6693
3050276	3326326	6700
1906944	2946434	6785
4367532	3043508	6747
2393387	1323312	6807
464829	3050276	6694
2745443	4172349	6794
3050276	2934896	6700
1924523	1608492	7605
3780793	2584903	6809
3050276	1266822	6700
3050276	2556123	6700
3050276	717354	6700
613802	214847	6804
2480889	4367532	6750
3050276	1119531	6700
4147651	1906944	7371
2186643	3050276	6694
3910561	3447234	7269
4514417	3491354	6682
1906944	1483212	9650
2674000	1906944	7371
2278442	3050276	6694
3889800	1156204	6800
1906944	54397	6785
1906944	1673070	6785
3050276	925798	6700
491491	3889800	6806
1906944	1348495	6805
3050276	2366478	6700
4367532	4032976	6747
4367532	3698740	6747
4514417	1803005	6682
3050276	1044578	6700
1186960	1906944	7891
3050276	1533993	6700
3050276	87814	6796
3226326	3910561	7345
3910561	3390135	6792
1810397	4367532	6750
4514417	92908	6682
3910561	351574	6801
3050276	4492109	6700
3050276	3620065	6700
3102233	4172349	6794
3999618	3050276	6694
2147381	2611301	6791
3910561	2143716	7269
3910561	2572269	6786
4367532	4040727	6747
1906944	2045567	6785
2794287	1360275	6804
4028546	4172349	6794
1906944	2906492	8158
3050276	2850988	6700
3050276	222654	6693
1326173	3910561	6784
3910561	2596875	6786
4622682	4367532	6750
3190424	3405938	6963
3050276	4298988	6700
3050276	1093246	6700
3669754	1513216	6966
1756873	3910561	6784
3910561	3218218	6803
3050276	4490597	6700
2020187	1298297	7362
3050276	1697636	6700
4172349	457490	6798
3669754	4135431	6966
2364620	3910561	6784
82415	4172349	6794
4565229	1608492	6799
3889800	2627619	6793
1600043	3050276	6694
3723817	4367532	6750
3457177	3910561	6784
2309763	3430769	6808
1906944	528764	8158
2217752	1906944	8659
4514417	2953571	6682
3050276	796504	6700
4213756	3910561	6784
1906944	238743	8753
3910561	4373784	6786
551888	3780793	7605
1906944	1103701	6785
3910561	2363637	6786
3050276	2987870	6700
3050276	4322577	6700
4041827	4172349	6794
1906944	2804726	6785
4514417	836023	6682
1667972	1555888	6804
1906944	1188138	9650
3411951	3910561	6717
3050276	2471709	6700
4172349	4041827	6798
2626480	3889800	7608
3050276	1808186	6700
551922	1906944	7371
373232	1801620	6799
4514417	3068714	6682
1906944	2375203	6785
2393387	145116	6700
4095440	4172349	6794
3748061	4172349	6794
3050276	4461457	6700
2143171	810710	6809
4367532	592931	6747
3050276	4004556	6700
4590313	4081380	7605
3050276	3337811	6700
3050276	2591768	6700
1323312	618963	6799
3050276	3069000	6693
3910561	3675827	7269
1906944	4323613	6785
1906944	2722794	9650
1906944	3124551	6785
3550865	3050276	6694
4232380	3050276	6694
3050276	928907	6700
3050276	3916116	6700
3050276	715761	6700
4514417	3422232	6682
4514417	2030133	6682
1906944	1632172	6785
3840922	4367532	6750
2020187	947165	6700
3068348	3050276	6694
3910561	1055411	6801
4172349	1706203	6798
3050276	4545763	6700
3669754	311871	6966
3050276	1847060	6700
3050276	3287899	6693
3683831	4172349	6794
3624912	3050276	6694
3050276	4210539	6700
3050276	4451837	6700
3910561	782987	6801
2351166	3050276	6714
2994517	2300892	6963
1906944	4196377	6785
4367532	2601402	6747
1818295	3910561	6717
3050276	1759922	6796
3669754	1133719	6966
2020187	2393387	6700
4081380	507629	6787
2020187	3518691	6700
3050276	1474465	6700
1906944	1163440	6785
3050276	1616891	6700
1906944	2302556	6785
236817	3910561	7345
3226326	4367532	6750
2451497	2020187	6694
1686681	47535	6686
3889800	1262236	6800
2012919	471932	6808
3050276	2021981	6693
3050276	1090044	6700
3910561	3269076	6792
3050276	3725499	6700
591472	3050276	6694
4514417	1933051	6682
2393387	2020187	6694
788467	4081380	6799
3050276	70977	6700
4342986	3889800	8351
4514417	1106808	6682
4333439	3910561	7345
1803005	3910561	6784
4514417	3711723	6682
3889800	2500950	6793
727606	3050276	6694
1032893	1906944	8659
3050276	1866345	6700
3050276	4404146	6700
4172349	430552	6798
3050276	3379626	6700
1906944	3805399	6785
3050276	515779	6700
3889800	2584903	6800
3910561	387274	6792
3050276	241933	6700
3910561	603208	6803
4367532	2322463	6747
3050276	3687834	6700
3050276	2561335	6700
3844253	3050276	6694
4172349	2200670	6798
1998326	3889800	7608
1906944	3550865	6785
3050276	667582	6700
603208	4367532	6750
3050276	2978386	6700
3050276	1054523	6700
3050276	3021953	6700
4514417	2075379	6682
4367532	1675550	6747
3910561	1579489	8161
3050276	1345593	6700
1348649	1906944	7891
4259522	3910561	6790
3050276	4473336	6700
1906944	56204	8753
1906944	2671771	6785
3889800	2859297	6800
3910561	2339073	6792
3050276	1637962	6700
1091544	3050276	6694
3050276	1430932	6700
4514417	4550230	6682
3910561	3209980	7269
3341400	3910561	6784
1906944	1684437	6805
4588191	1279932	6809
3143935	4311041	6880
4514417	3486993	6682
187120	3910561	6790
3834520	3050276	6694
2584903	3889800	6806
1906944	2648219	6785
3050276	2107358	6700
3050276	2658966	6700
3050276	1972387	6711
1677538	3050276	6694
3050276	2694926	6700
4172349	3279572	6798
3910561	2139997	6803
3050276	1644233	6700
3050276	3559422	6700
4514417	1711472	6682
1906944	483211	6785
3565537	3889800	7608
3050276	1800700	6700
4018467	4081380	6799
1711472	4367532	6750
3050276	2164988	6700
3050276	2096142	6700
3780793	551888	6809
3914027	3050276	6694
3050276	4232380	6700
3050276	2760366	6700
1906944	1229029	6785
3050276	2299216	6700
3910561	4172349	6786
3910561	3344912	6792
4588127	2393387	6714
1910712	4172349	6794
3910561	1595091	6803
3050276	4216836	6700
3050276	3055785	6700
3910561	3720321	6786
3050276	4121865	6796
3050276	4031411	6700
3050276	2390905	6700
3050276	1702949	6796
3050276	1899746	6700
1262236	3889800	6806
3050276	1476748	6700
3050276	369950	6708
3050276	4159238	6693
3050276	2328968	6700
1686681	3780793	10034
1906944	1677538	6785
1088724	4367532	6750
4514417	1231645	6682
3788763	4367532	6750
3910561	259176	6786
4514417	2228181	6682
3050276	241503	6693
3050276	2804190	6700
4655689	2994517	6791
4367532	3226326	6747
3050276	4157377	6700
2294900	3889800	6806
3910561	3855202	6801
2440393	3050276	6694
3050276	3928485	6700
3073641	3050276	6694
4514417	2305293	6682
1906944	2639196	6785
3050276	3452619	6700
3050276	1203422	6700
515400	4367532	6750
770170	1906944	7371
743948	1906944	7371
4514417	2743020	6682
1906944	1609419	6797
3910561	97306	6803
2089998	3102233	6804
3050276	4197131	6700
3050276	4025820	6700
3889800	2029852	6793
1012951	1706203	6804
4585197	3050276	6694
399795	3910561	6717
3050276	1731682	6700
3910561	1312086	6792
3889800	4219940	6800
3050276	3456521	6700
3889800	716804	6800
2626746	3050276	6694
3050276	4521818	6700
779829	3628123	6804
4488371	457490	6804
3910561	2509389	6786
3050276	261030	6693
4452001	4081380	7558
3050276	4007053	6700
4514417	1522614	6682
2020187	4145294	6700
3910561	2032670	6803
2946434	3050276	6694
3050276	120473	6700
2859297	3889800	6806
3910561	3870129	6801
1906944	214575	6785
3050276	4327297	6700
3050276	3501420	6700
765258	4172349	6794
3050276	1256043	6700
3050276	2205975	6693
4514417	3669795	6682
1906944	1357204	6785
3010121	3050276	6694
3050276	973995	6700
2179713	3050276	6694
3050276	3681837	6796
3050276	1762972	6693
3910561	159109	6803
4514417	600694	6682
2645445	3910561	6790
3050276	3253846	6700
13165	1906944	7891
3910561	1452035	6801
1906944	1116236	6785
369950	3910561	6784
2869981	2832010	6808
1906944	3560265	6785
2806331	3050276	6694
3050276	2858263	6700
4367532	481520	6747
3050276	2142510	6700
85866	3910561	6784
4514417	3576702	6682
1106808	2523405	6908
3050276	3986745	6700
238743	1906944	7891
876273	3770898	6879
3050276	1327125	6700
788720	2994517	6791
4367532	3505702	7206
2393387	3912375	6708
3261177	4367532	6750
4367532	1711472	6747
4514417	1154049	6682
1633678	4367532	6750
3050276	3099034	6700
3747065	2994517	6791
1906944	3605358	6785
3050276	3877062	6700
2408696	3050276	6694
1906944	1119227	6797
3780793	2243112	6809
3050276	1116236	6700
3050276	1651152	6700
3910561	4651636	6792
3050276	3897308	6693
873315	2611301	6791
3050276	2138568	6700
3050276	2510749	6700
4514417	268935	6682
3050276	1605351	6700
3050276	2353944	6700
3870129	3910561	6717
3910561	329044	6792
3050276	2621563	6700
220350	2685336	6804
3050276	496482	6700
3050276	3606730	6700
512473	2851957	6809
4514417	933670	6682
3050276	587449	6700
1878574	3050276	6694
3050276	4422174	6700
3669754	2766405	6966
3050276	3680715	6700
3910561	798324	6792
3889800	3558035	6800
2509389	3910561	6790
3050276	1140735	6700
3050276	1229029	6700
4514417	4403417	6682
4514417	1521407	6682
1133266	3910561	6790
3889800	837805	6800
3050276	31799	6700
3050276	1071059	6700
3050276	727606	6700
1906944	4487146	8753
3910561	4135906	6792
3050276	3484020	6700
1906944	2865117	6785
3910561	3465341	6803
4284657	4172349	6794
1906944	4451837	6785
4585343	426168	6808
3050276	1965792	6700
4642970	568373	6809
3050276	1470729	6711
3050276	4602859	6700
4367532	3973019	6747
3050276	2523405	6700
3050276	4464307	6700
1906944	4526500	8158
3050276	303102	6700
3050276	986648	6700
4514417	369375	6682
3050276	1906376	6711
3889800	491491	6800
4367532	1554127	6747
1706203	3843984	6791
3703385	3910561	6717
3669754	1493216	6966
3050276	2025670	6700
1906944	1851656	8753
1686681	3204771	8530
1906944	1266822	6785
3050276	1348147	6700
4514417	774656	6682
1906944	4627506	6785
3910561	3460529	6792
3910561	4374894	6786
3112428	3910561	6790
3114046	3889800	7608
4514417	4054388	6682
4514417	1563702	6682
1906944	770170	9650
4642970	3863593	6787
1906944	3443163	6785
259176	1801620	7605
878800	4172349	6794
3050276	35037	6700
1906944	1099428	6785
1900891	816889	6914
3764972	3050276	6694
1814208	3889800	6806
1906944	1878574	6785
3910561	3376974	6786
1528698	3050276	6694
2205975	4367532	6750
3050276	4467552	6693
11886	3050276	6694
4514417	3707721	6682
179194	3252447	6791
3050276	2206208	6693
3050276	4292829	6693
3050276	2719871	6693
3050276	329044	6693
1686681	3382543	6686
3915485	3050276	6694
3050276	4306041	6796
3050276	4253575	7848
1783237	3889800	6806
1686681	4062821	6802
743948	3050276	6817
3910561	3840922	6803
3050276	4151790	6700
3100593	3050276	6694
2312900	3910561	10739
3502272	2393387	6714
3560265	3050276	6694
3669754	110384	6966
4514417	2346067	6682
3877862	4367532	6750
4367532	4197909	6747
2118407	1579489	6791
4278921	3910561	6784
3050276	1963478	6796
4292857	4172349	6794
1579489	2118407	6963
2685454	3050276	6694
4514417	130458	6682
19508	4642970	7605
1906944	1759922	8158
3910561	2139997	6792
4514417	4292829	6682
4514417	2196958	6682
3050276	1884634	6693
3114399	3050276	6694
4172349	3628123	6798
3050276	1545096	6700
1322617	3050276	6694
4216766	1973047	6708
3889800	1639750	6800
1906944	3565537	6805
1119227	1906944	8659
1906944	2576595	6785
3050276	517883	6796
3910561	3999341	6786
1906944	453728	8158
1906944	3669031	6785
2260501	3889800	6806
3910561	4285951	6803
3889800	414823	6800
3889800	2051804	6800
2301453	3050276	6694
4374894	3889800	6806
1906944	896180	6785
1906944	1600043	6785
3050276	743948	6788
2933735	3565537	8350
3050276	15446	6708
1410159	3050276	6694
3050276	1633596	6700
1906944	2305894	6785
1360275	2794287	6808
3669754	3632772	6966
761693	4367532	6750
3889800	714799	6800
1906944	1835549	8158
3050276	3551448	6700
3050276	1138603	6700
3050276	166511	6700
1906944	3800560	6785
3050276	4146425	6796
3050276	272814	6796
1906944	2687109	6805
3050276	3076315	6700
3910561	2645445	6786
2639196	3050276	6694
4591770	3889800	6806
3892919	4172349	6794
4323613	3050276	6694
1906944	4596670	6785
2118407	2648919	6808
3050276	4137103	6700
3050276	2144586	6700
1906944	1528698	6785
4514417	1838117	6682
1392654	3050276	6694
1801620	4323723	6809
4514417	1740835	6682
3050276	3295939	6693
2536032	3910561	6790
3050276	4355124	6700
3050276	2117858	6700
2994517	3747065	6963
4514417	483341	6682
4197909	4367532	6750
4514417	2973759	6682
344179	1906944	8659
3050276	4607470	6700
3050276	4471117	6700
3050276	3883725	6700
4172349	776985	6798
4327999	3164031	6808
4011017	3910561	6717
4655664	3843984	6791
2084431	3050276	6694
3050276	646333	6700
3910561	1133266	6786
4514417	2252983	6682
2869981	4172349	6794
3050276	3441862	6700
3669754	2125536	6966
3050276	843258	6693
3889800	2363637	6800
4100490	647984	6880
3326069	3050276	6817
613775	1686681	7535
3050276	4323730	6700
3050276	1938457	6700
4514417	3540103	6682
1073802	4172349	6794
2195608	3050276	6694
4327999	4172349	6794
3050276	2488792	6700
4514417	3546562	6682
4367532	2368470	6747
3050276	3258572	6700
4172349	2745443	6798
3050276	3975682	6700
4081380	1783237	6809
3050276	261482	6700
4367532	33201	6747
3050276	2647107	6700
3910561	3643605	6792
4514417	1202957	6682
3669754	1472235	6966
4367532	806401	6747
3211659	3910561	6717
3050276	1099428	6700
3050276	1821769	6723
4514417	3937686	6682
3889800	3657437	6800
3669754	2453411	6966
3050276	4042368	6700
1906944	110752	6785
3050276	212077	6700
3910561	3913982	6923
3050276	4364537	6700
3050276	483451	6700
3050276	1477635	6700
3050276	2285028	6700
3050276	2143716	6693
2181551	1906944	8659
4367532	56606	6747
3050276	2036980	6700
4172349	1829541	6798
3050276	1833028	6693
3050276	1922291	6700
3050276	1646761	6700
4367532	1949747	6747
3050276	156169	6700
1906944	8359	6785
3050276	2869894	6700
3050276	515400	6693
3910561	1470729	6801
3190424	1513216	6963
4367532	795752	6747
3910561	1070826	6786
4367532	3559179	6747
3050276	113199	6700
3824385	3910561	6784
1188138	1906944	8659
2869981	3843984	6791
3628740	3780793	7605
1906944	4248640	6785
3050276	2616918	6693
3162061	3910561	6784
4514417	915321	6682
4367532	1595091	6747
228691	1046198	7605
4514417	478821	6682
