4077278	301288	17
4410796	301288	17
1694778	301288	35
1833938	301288	17
1911319	301288	35
1598176	3050276	17
3954512	684827	1956
2873790	301288	35
4068192	3050276	17
301288	4284051	63
2588703	3050276	17
4156318	301288	35
2874405	3050276	35
1892434	301288	35
2246610	301288	17
2117913	301288	35
3775622	3050276	35
1772916	301288	35
2860031	3050276	17
723422	301288	35
4614481	3050276	35
1862567	3050276	35
360113	3050276	17
1951295	3050276	35
4603866	301288	35
2965331	301288	17
3119408	3050276	17
4179838	301288	35
4577431	3050276	35
86227	3050276	17
1626061	301288	35
1693678	3050276	35
1134257	301288	35
4138142	3050276	17
205759	301288	35
1103550	301288	17
301288	1611775	63
301288	18023	63
2493123	301288	35
2734997	3050276	17
1194433	301288	17
1802405	301288	17
1017574	3050276	17
640912	3050276	35
237504	301288	35
388732	3050276	17
4451861	3050276	17
3606961	301288	35
2448811	3050276	17
2932370	301288	35
3836498	301288	35
2762121	301288	35
4564075	301288	35
2270550	3050276	17
2080950	3050276	17
3944775	301288	17
3306688	301288	17
1033268	3050276	35
301288	2767	63
3709462	301288	35
3487672	301288	17
227409	3050276	35
2147219	3050276	17
2162537	301288	35
3508315	3050276	17
642271	301288	35
1144772	3050276	35
1221810	301288	17
467800	3050276	17
124015	301288	17
3485050	301288	35
3682922	301288	17
2632611	301288	17
326436	3050276	35
473296	301288	17
2592539	3050276	35
275264	3050276	35
2629881	2878236	540
3848843	3050276	35
995189	301288	17
1504614	3050276	17
301288	3237674	63
2019115	301288	35
698687	3050276	35
2748212	3050276	17
3233795	3050276	35
2696847	3050276	35
1643102	301288	17
444570	3050276	17
301288	1728694	63
1396676	301288	35
932260	3050276	17
80643	301288	35
3474167	3050276	35
504038	3050276	35
2280354	301288	17
2342212	301288	35
2108014	301288	35
3538312	3050276	17
2892012	301288	17
3706878	3050276	17
1827242	3050276	35
962882	301288	35
3978430	301288	46
2425389	3050276	35
301288	1680441	38
3932237	3050276	35
1321398	301288	17
1769445	301288	35
3742783	301288	35
4601074	301288	35
4123607	3050276	35
4587448	301288	17
1515141	3050276	35
2378382	3050276	35
2892668	301288	35
2112974	301288	35
234787	3050276	17
1728694	3050276	35
3131910	3050276	17
1245122	3050276	35
876086	3050276	35
4183037	301288	17
2646593	3050276	35
974462	3050276	35
2712062	3050276	17
1091097	301288	17
1943992	3050276	17
1865157	3050276	35
3912765	3050276	35
2589333	3050276	17
4332283	3050276	17
1638588	301288	17
1943992	301288	17
3961502	301288	17
1234803	301288	35
4334788	301288	17
109332	3050276	17
1234428	3050276	17
1072735	301288	17
898531	3050276	35
2861611	3050276	17
3350338	301288	17
615227	301288	32
823362	301288	17
3519594	301288	35
4037329	3050276	17
3082430	301288	35
797866	301288	35
2860031	301288	17
451419	3050276	17
2917230	3050276	35
2901674	301288	17
4598775	301288	35
4190407	301288	17
939923	3050276	35
1855559	3050276	17
775304	301288	17
2917230	301288	46
1848207	3050276	35
824838	3050276	35
4411017	301288	47
4147822	3050276	17
301288	2320153	63
1007144	3050276	17
4598928	301288	35
4288811	3050276	35
3532213	3050276	17
4220901	3050276	35
2644267	301288	35
725175	301288	35
301288	4321305	63
3282806	301288	35
1273258	301288	17
3888116	3050276	35
2041619	301288	35
2757782	3050276	35
1072735	3050276	17
2133325	301288	46
2601447	3050276	17
1100370	3050276	17
1578360	301288	17
301288	2192198	63
1078356	3050276	35
1620033	301288	35
96902	3050276	35
3496629	3050276	35
3090089	301288	32
3363311	301288	17
301288	4049742	63
761845	3050276	35
3140281	301288	46
1646455	3050276	35
3300843	246788	72
4057360	301288	17
1315612	3050276	35
2478256	301288	46
4155137	3050276	17
2480059	301288	17
301288	1635878	38
3603944	301288	17
3266647	301288	17
34494	3050276	35
239327	3050276	17
3545221	3050276	17
2935463	301288	35
1396208	301288	35
1894580	3050276	17
313236	301288	17
3204368	301288	35
3516058	3050276	17
932015	3050276	35
1864542	301288	32
4506819	301288	47
3976627	301288	35
252556	3050276	17
500821	301288	17
56366	3050276	17
1611775	301288	35
1766089	301288	35
1321935	301288	17
1894580	301288	17
3351263	3050276	17
1977157	3050276	17
388507	301288	35
620516	301288	35
2857664	3050276	17
946307	301288	17
2050257	301288	46
1527012	301288	17
3642786	301288	35
2911409	301288	35
2960586	301288	17
349748	301288	35
4541630	301288	17
242373	3050276	17
4574748	3050276	17
390690	3050276	17
3561563	3050276	17
80643	3050276	35
2563009	301288	35
3953762	3050276	17
4019833	301288	17
1908214	3050276	35
1680441	3050276	17
1865157	301288	46
4396975	246788	142
4518490	3050276	17
4481202	301288	35
3601860	301288	35
2741991	3050276	17
1846434	3050276	35
607967	301288	17
1060745	1984024	77
663697	3050276	35
2388997	301288	35
4080342	301288	35
3870772	3050276	17
1790881	301288	35
3649702	3050276	17
363242	3050276	17
716437	3050276	17
2155509	301288	35
3733730	3050276	35
2846774	301288	46
2894887	3050276	35
1029741	301288	35
2626607	3050276	17
1483220	301288	46
301288	3775640	63
3075698	301288	17
2720719	3050276	17
4411017	3050276	35
1257531	3050276	17
4610342	301288	17
1436184	301288	17
1818326	301288	17
830648	3050276	17
370411	3050276	17
1926276	3050276	35
4124747	301288	35
999165	301288	47
3059293	3050276	35
3492414	301288	35
3591371	301288	35
1517889	301288	35
4222724	3050276	17
246788	4396975	145
2483661	301288	17
3875849	3050276	17
324071	3050276	17
1080368	3050276	17
2656302	3050276	35
4614481	301288	46
1442308	301288	17
3193838	3050276	17
2134067	301288	35
1113402	3050276	17
478447	301288	35
975994	301288	17
246788	3300843	80
4453121	301288	17
2418679	301288	32
2147184	301288	17
2097582	301288	35
3300843	3050276	17
389097	301288	35
3340611	301288	17
323766	301288	35
3631054	301288	35
3128992	301288	17
4091105	301288	17
3527849	301288	35
1694778	3050276	35
3960475	3050276	17
278621	301288	17
3909202	3050276	35
4284051	301288	35
4540471	3050276	17
4377771	301288	35
4410796	3050276	17
246982	301288	17
455078	3050276	35
4014491	3050276	35
3829697	301288	35
2302190	301288	35
2372072	301288	46
3282806	301288	46
237994	3050276	17
3353156	301288	35
3193838	301288	17
1284157	301288	46
3022218	3050276	17
521297	301288	35
2911907	301288	17
145482	3050276	17
1102843	301288	35
3535853	301288	17
908495	3050276	35
162264	301288	17
1911319	3050276	35
301288	4603866	63
2329928	301288	35
3353337	301288	46
2404923	301288	35
827464	301288	35
2895878	301288	35
2573105	301288	35
992423	3050276	35
796203	3050276	35
590548	301288	35
3645273	3050276	35
1225238	3050276	17
1620704	301288	17
2592539	301288	35
3870772	301288	17
4486123	301288	17
301288	2162537	63
2435042	301288	35
3317657	3050276	17
3875914	301288	35
301288	3618386	63
1552401	301288	35
477746	3050276	35
2856124	301288	17
1088282	3050276	35
1230959	3050276	17
3516688	3050276	17
2478256	301288	35
659218	3050276	35
640912	301288	35
2066269	2570281	87
2941110	3050276	35
4065163	3050276	35
3841049	3050276	35
1832821	3050276	17
3557336	3050276	35
1586259	301288	35
3103725	301288	17
227409	301288	35
427973	301288	424
3931030	301288	35
741559	3050276	35
4408501	301288	35
537220	3050276	35
1209377	3050276	35
1723979	3050276	17
4141315	301288	35
246788	427973	421
3708023	3050276	35
4111826	301288	17
404874	3050276	35
4338375	3050276	17
3501654	301288	17
4058540	301288	35
1390654	301288	17
1302051	3050276	35
4122089	301288	17
52488	301288	17
1226649	3050276	17
1439052	301288	35
301288	3848843	63
301288	3739611	63
3725668	3050276	17
1198357	3050276	17
1209377	301288	35
1324473	301288	17
427990	301288	35
4306598	3050276	35
443707	301288	17
902652	301288	17
2170931	3050276	17
615227	3050276	17
2741991	301288	17
2884634	3050276	17
2358028	3050276	35
1267753	3050276	17
90595	301288	32
96902	301288	47
3128992	3050276	17
1461395	301288	17
2712976	301288	35
465665	301288	35
297416	3050276	35
3023543	301288	32
4403654	301288	35
4638844	3050276	17
642526	301288	17
755080	301288	35
658761	301288	17
1029741	3050276	35
2911409	3050276	35
2408496	3050276	17
496936	301288	35
2677422	3050276	17
1546769	301288	17
4294428	301288	35
2354494	3050276	17
4157892	301288	35
2915270	301288	35
1586259	301288	46
534598	301288	32
4453121	3050276	17
3081204	301288	17
4125325	301288	47
2192203	301288	35
872100	3050276	35
2242328	3050276	17
3863726	301288	17
509574	3050276	35
764569	3050276	35
154687	3050276	17
2594632	301288	17
1060745	4298851	79
1254062	3050276	35
1219265	3050276	35
2931798	301288	35
792048	3050276	35
3792525	3050276	35
1082376	301288	35
1873089	3050276	17
1946507	301288	35
403229	3050276	35
2654213	301288	17
4441694	3050276	35
1051251	301288	17
1295170	3050276	35
1103189	301288	35
301288	3677261	38
2658593	301288	35
3059293	301288	35
1329323	3050276	17
3909202	301288	46
746633	3050276	35
3626957	301288	35
197429	3050276	17
1848207	301288	35
654755	301288	17
3034822	3050276	35
3545221	301288	17
3696128	301288	17
708513	3050276	17
3454993	301288	17
1833938	3050276	17
993602	3050276	17
301288	3999205	63
1105505	301288	35
3687832	3050276	35
963792	3050276	17
1224001	3050276	17
1105505	3050276	35
4153594	3050276	17
3508315	301288	17
2958967	3050276	35
2618461	301288	35
2675756	301288	35
3435506	301288	35
2000195	3050276	17
1660241	3050276	17
3027691	301288	17
66378	301288	35
4249629	3050276	35
614669	3050276	35
4496422	301288	35
439507	301288	35
145482	301288	17
4112029	3050276	35
3364365	3050276	35
2968918	3050276	17
2703837	301288	35
2233334	301288	17
2932370	3050276	35
1282736	301288	17
223091	301288	17
1611426	3050276	35
4298851	1060745	77
842377	3050276	35
2997537	246788	60
3551043	3050276	35
1081305	301288	35
592778	301288	35
4173023	301288	35
4262736	301288	17
2994132	3050276	35
1720239	301288	35
700765	301288	35
3291559	301288	35
530935	3050276	35
2045316	3050276	17
3981662	3050276	35
2578808	3050276	35
160192	301288	35
515242	301288	35
2806570	3050276	35
518979	3050276	17
1809509	3050276	17
2147000	3050276	17
3564008	301288	35
1222138	301288	35
301288	3909202	63
4091105	3050276	17
1074350	301288	17
887905	301288	17
534549	301288	17
4570234	3050276	35
2629373	3050276	17
1809710	3050276	17
4091267	301288	17
2853486	3050276	17
1587560	3050276	35
3012097	3050276	35
366088	3050276	35
1027546	3050276	17
2862291	301288	17
2565025	3050276	17
908210	301288	35
2133325	3050276	35
404245	3050276	17
687740	3050276	35
3546613	3050276	17
4353044	301288	35
3888116	301288	35
4081427	301288	17
3831954	3050276	35
641416	301288	17
2779401	3050276	35
2442421	3050276	17
200833	3050276	35
1267753	301288	32
1052260	301288	17
3487672	3050276	17
1522885	301288	35
2647068	3050276	35
388653	301288	35
1278022	301288	35
634678	3050276	35
2376686	301288	35
2149902	301288	17
2684710	301288	17
3954512	246788	1956
1373444	301288	35
3495499	301288	35
3210305	301288	35
3738971	3050276	17
2863408	3050276	17
3932136	301288	35
690659	3050276	17
577042	3050276	35
1595655	301288	17
782224	3050276	17
4251498	3050276	35
4397334	3050276	35
2587358	3050276	35
4617242	3050276	17
2082058	3050276	17
545677	301288	17
1809710	301288	17
680269	3050276	17
2037039	3050276	17
4102858	301288	17
374848	3050276	17
4092495	3050276	17
2824035	301288	35
3557650	301288	17
3753758	301288	17
199872	301288	35
4457926	3050276	17
3271301	3050276	35
3900869	301288	17
4027510	301288	17
3514104	301288	17
3612092	3050276	35
301568	301288	17
4360257	3050276	35
984582	3050276	35
1534947	3050276	17
4325121	3050276	17
2593119	3050276	35
3483342	301288	35
305497	301288	17
4297960	301288	17
1082376	3050276	35
2158740	301288	17
2706925	301288	35
2000195	301288	17
739253	301288	35
978495	301288	17
253319	301288	17
4084668	301288	35
301288	1219265	63
2855049	3050276	17
2135110	301288	35
2997537	3050276	35
372732	3050276	17
3231933	301288	35
2097582	3050276	35
4627185	3050276	17
504038	301288	35
1381336	301288	35
2961391	3050276	35
3259362	3050276	35
2129597	3050276	35
1336458	301288	35
570361	301288	35
486684	301288	35
3535832	3050276	35
4284051	3050276	35
4606320	301288	17
3115203	3050276	35
1628368	301288	35
3586663	301288	17
1886335	3050276	17
1659225	301288	35
484690	3050276	17
3519210	3050276	17
3489318	301288	35
301288	2388997	63
618132	3050276	17
598068	3050276	35
3243593	3050276	35
4043153	3050276	17
733520	3050276	35
4034245	3050276	17
343899	301288	17
1949577	301288	46
652900	3050276	17
1953046	3050276	17
3867752	3050276	35
2857664	301288	17
935376	3050276	35
3432731	3050276	17
814517	301288	35
411126	3050276	35
1451361	301288	32
4597813	301288	32
4119626	301288	35
4559950	3050276	35
4484002	3050276	17
281535	3050276	35
3975904	301288	35
4314437	301288	35
2693270	3050276	35
1039986	301288	32
746633	301288	35
2840729	3050276	35
624030	3050276	35
4215322	301288	35
1033597	301288	35
3149114	301288	35
3443387	3050276	17
246788	3954512	2109
2316175	301288	35
71846	3050276	17
4493668	3050276	17
359059	3050276	35
2775717	3050276	17
4498208	301288	35
1129190	301288	32
321587	301288	17
464324	301288	17
3032764	301288	17
1453779	3050276	17
2087648	301288	17
2678883	3050276	17
1009226	301288	35
3311124	3050276	35
478713	3050276	35
372332	301288	17
1006407	3050276	17
798552	301288	17
324358	301288	17
1671754	301288	35
1733926	3050276	17
301288	4091267	38
787443	301288	17
4120164	301288	17
3891287	3050276	35
474547	301288	35
1083099	301288	17
3350338	3050276	17
701847	3050276	17
3293262	301288	35
2345576	301288	35
4156318	3050276	35
3740949	301288	35
1034633	301288	35
4408213	301288	35
1508663	3050276	17
3931800	301288	35
4334788	3050276	17
4009739	301288	17
301288	1100370	38
342428	3050276	35
1513060	301288	35
1504484	3050276	17
3829576	301288	17
4214446	3050276	35
234408	3050276	35
1947377	301288	35
3708023	301288	47
12502	3050276	35
590548	301288	46
259189	301288	17
2747547	301288	17
2010713	3050276	35
305497	3050276	17
1865907	3050276	17
1895774	3050276	17
2906353	301288	35
1137433	301288	17
301288	4014491	63
1862567	301288	35
2304960	301288	35
798552	3050276	17
3096679	301288	35
1510051	301288	35
1517803	301288	17
4082700	3050276	35
708513	301288	17
2652634	3050276	35
4214446	301288	35
4314437	3050276	35
2968918	301288	17
4117031	3050276	17
48846	3050276	17
2927642	3050276	35
3414314	301288	17
301288	2632611	38
246788	301288	17
1555501	301288	35
4148419	3050276	17
2171317	301288	35
2656302	301288	35
2185462	3050276	17
2828390	301288	17
1352794	3050276	17
3058631	3050276	35
51486	3050276	35
219264	301288	35
716678	301288	17
1390926	301288	35
4428157	301288	35
1689762	301288	17
4014276	301288	35
329194	3050276	35
1543441	301288	17
543062	3050276	17
4163531	301288	35
409646	3050276	17
2647268	3050276	17
1628368	3050276	35
872359	301288	35
185079	3050276	17
1694864	3050276	17
4432770	301288	35
3913884	3050276	35
2681888	3050276	17
2389108	3050276	17
1111317	3050276	17
301288	2269252	63
4520899	3050276	35
246788	2254268	170
4247350	301288	17
4641257	301288	17
279540	301288	46
1553031	301288	35
2926398	301288	17
2174667	301288	32
3350153	3050276	35
2767	3050276	35
789825	301288	17
1886335	301288	17
123937	3050276	17
301288	592778	63
2230667	301288	35
721342	3050276	17
1596253	3050276	35
2775717	301288	17
1873089	301288	32
4328648	3050276	17
1985460	301288	35
4209264	301288	35
3606961	3050276	35
2814736	3050276	35
1797022	3050276	17
1706438	3050276	17
935376	301288	35
90604	3050276	17
4329260	301288	35
4222724	301288	17
315705	301288	35
2809353	301288	17
4654868	301288	17
3823870	3050276	17
2187759	301288	17
4605577	3050276	35
1338675	3050276	17
3076746	3050276	17
3293262	3050276	35
444570	301288	17
3893725	301288	17
791028	3050276	17
1587560	301288	46
3548207	301288	17
2037039	301288	17
4227334	3050276	17
3764437	301288	17
2747547	3050276	17
3489318	3050276	35
4163755	301288	17
2937061	301288	35
1460537	3050276	35
3677261	301288	32
4442560	301288	17
3308737	301288	35
107948	301288	17
1598963	301288	17
2510093	3050276	17
2080950	301288	17
3396316	301288	17
3404730	3050276	35
1171321	3050276	17
3225761	301288	17
2483954	3050276	35
545677	3050276	17
2504811	301288	35
1392744	301288	35
1524951	3050276	35
259189	3050276	17
1962574	3050276	17
2402583	3050276	17
1441069	301288	35
154687	301288	17
1314002	3050276	17
4209987	301288	35
824838	301288	35
2559574	301288	17
1065938	3050276	17
3632363	301288	17
3733944	3050276	35
827464	3050276	35
2729386	301288	17
2647011	3050276	35
3505755	3050276	35
4428157	3050276	35
464610	301288	35
2685775	301288	17
4451861	301288	17
2586681	301288	17
3618386	301288	35
4031743	301288	35
634765	301288	35
2435952	3050276	35
2483817	3050276	35
2678883	301288	17
4130191	301288	35
1396676	3050276	35
2735506	3050276	35
1819592	3050276	35
3350153	301288	35
1468392	301288	32
2889762	3050276	17
301288	2072870	38
4024596	3050276	17
3001086	3050276	35
1134724	3050276	17
755863	3050276	17
1947377	3050276	35
4232261	3050276	35
1338708	301288	35
1060745	1919322	79
3120179	3050276	35
2243094	3050276	17
1002804	3050276	17
4320690	301288	35
4279768	3050276	17
920688	3050276	17
2017093	301288	35
1060745	1469409	77
501409	3050276	35
3090089	301288	17
1474248	301288	35
597620	3050276	35
1956745	301288	17
1492954	3050276	35
440425	3050276	17
1437553	301288	17
1539861	4514417	215
505080	301288	17
1057468	301288	17
337184	301288	17
4338375	301288	17
3293285	301288	35
2605429	301288	35
2735099	301288	35
2435952	301288	35
831180	301288	35
3670909	301288	35
1453376	301288	35
297472	3050276	35
3444081	301288	17
1908970	3050276	17
1300126	301288	35
1404508	3050276	35
83784	301288	47
2565615	3050276	35
4052217	301288	35
2881087	301288	35
4621063	3050276	35
3893194	301288	17
725175	3050276	35
2994132	301288	35
354380	3050276	35
1984024	1060745	79
2510055	301288	17
4546426	301288	35
164055	3050276	17
2862088	3050276	17
3263131	3050276	35
1877622	301288	17
4280022	301288	35
1637963	3050276	17
4422356	3050276	35
301288	2725660	63
810374	301288	35
4487670	3050276	35
2718442	3050276	17
3243593	301288	35
4353740	301288	35
4508482	301288	17
1396820	3050276	35
3351263	301288	32
1065938	301288	17
6124	3050276	35
4471780	301288	17
3440824	301288	46
3702057	301288	46
154171	301288	35
397857	3050276	35
1875221	3050276	17
4654868	3050276	17
4441694	301288	35
324071	301288	17
3282806	3050276	35
3153020	3050276	35
3164959	301288	17
791028	301288	17
4491865	301288	35
2373625	301288	35
301288	3412959	63
4006456	301288	35
1432332	301288	35
2559539	301288	35
2208253	3050276	17
2293598	3050276	35
3640857	301288	17
4293532	301288	35
3975137	301288	32
1926474	3050276	17
1984041	3050276	17
537301	3050276	17
2831319	3050276	17
1083030	3050276	35
3900869	3050276	17
3972587	3050276	17
449543	3050276	17
3932187	3050276	35
1360245	3050276	17
3139885	3050276	17
301288	4161215	63
301288	1921091	38
4069448	301288	35
4380148	301288	35
2631052	3050276	35
3181788	3050276	35
2590668	301288	35
1729262	3050276	17
4481402	301288	17
4531850	3050276	35
3829576	3050276	17
1081181	3050276	17
3518054	301288	35
4588024	3050276	35
595533	3050276	35
1390654	3050276	17
1151465	3050276	35
4514679	3050276	17
2559574	3050276	17
4422085	301288	35
1639459	301288	35
3145908	301288	35
1131797	3050276	35
3981199	3050276	17
1017574	301288	17
88775	301288	35
1545289	301288	17
246788	4514417	6
3318892	301288	35
597620	301288	35
1327606	301288	35
301288	608010	63
1596253	301288	35
2659201	301288	17
641416	3050276	17
2589496	3050276	35
3939687	301288	17
3443152	3050276	17
1219265	301288	46
1103427	3050276	17
2179491	301288	17
4169380	3050276	35
2650389	3050276	17
4014740	301288	17
2965331	3050276	17
301288	4311849	63
3310090	301288	46
1704217	3050276	35
809823	3050276	35
4321305	3050276	35
654020	301288	35
397685	301288	17
840073	301288	17
2073048	3050276	17
4471978	3050276	35
3353337	3050276	35
1524951	301288	35
301288	1456054	63
219264	3050276	35
904070	3050276	17
312990	301288	17
3149829	3050276	17
4358666	301288	17
2269887	301288	32
2872622	3050276	35
2632611	3050276	17
362888	301288	17
3889556	301288	35
3566689	3050276	35
4420692	3050276	35
1643687	301288	17
4153594	301288	17
2894887	301288	35
4501090	3050276	17
830233	3050276	35
746769	3050276	35
3422138	3050276	17
3919379	3050276	17
2549389	301288	17
3260013	3050276	35
1676427	3050276	17
1692661	301288	17
1587560	301288	35
3953762	301288	17
3900551	3050276	17
3353337	301288	35
3812339	3050276	17
1039986	3050276	17
1049540	3050276	35
145334	301288	17
2010713	301288	35
2469806	3050276	35
840079	3050276	35
2951876	301288	35
541472	3050276	17
4571234	301288	17
1469409	1060745	79
4481203	3592153	503
1638588	3050276	17
1772167	3050276	17
3574259	301288	17
301288	180419	38
1145183	301288	35
634921	3050276	17
3630847	3050276	35
1005054	301288	35
3662580	301288	35
4231111	301288	17
1152501	3050276	35
1643102	3050276	17
1892434	301288	46
2625912	301288	17
15608	301288	35
4155818	301288	47
714113	3050276	17
101560	3050276	35
1772639	3050276	17
30277	3050276	35
1900040	3050276	17
3231265	3050276	17
301288	2372072	63
1534014	301288	35
2347954	3050276	17
721342	301288	17
3600343	301288	17
4639462	3050276	35
4466546	301288	35
2549389	3050276	17
1772708	301288	17
1661554	301288	35
1557076	3050276	17
2374151	301288	17
1671754	3050276	35
2650459	301288	35
3566841	3050276	17
3704337	301288	17
4600423	3050276	17
3219153	3050276	35
755863	301288	17
2134787	301288	35
199872	3050276	35
492115	3050276	17
3762019	301288	35
4362027	3050276	35
3848843	301288	46
3951999	3050276	17
3893821	301288	35
4635882	3050276	17
3386220	301288	35
3531967	301288	35
3401467	3050276	35
2968678	3050276	17
3779264	3050276	17
2171317	3050276	35
1194114	3050276	17
79905	301288	17
1052260	3050276	17
3031509	301288	17
2246583	3050276	17
4487670	301288	35
12502	301288	35
21221	301288	35
1953046	301288	17
2026923	301288	17
4045320	3050276	35
4408501	3050276	35
1088282	301288	35
752647	3050276	17
79905	3050276	17
4488013	301288	17
3614287	3050276	35
3575522	301288	17
4405745	3050276	35
1626263	301288	35
340702	301288	35
2706554	301288	17
1161566	301288	17
2192198	301288	35
929752	3050276	35
634765	3050276	35
301288	2647068	63
3428213	301288	35
3206252	301288	35
613212	301288	349
3782217	301288	32
3537369	301288	35
2960586	3050276	17
301288	3474167	63
3553863	3050276	17
965478	3050276	35
892177	301288	35
992423	301288	35
4418880	301288	35
5820	3050276	17
4604864	301288	17
2168682	301288	17
3502852	3050276	17
709618	3050276	35
3839404	3050276	17
1635176	3050276	35
3772448	3050276	35
1103189	3050276	35
2045079	301288	17
778843	301288	35
874734	301288	35
1294522	3050276	17
4353740	3050276	35
215528	3050276	35
3661095	301288	35
4049742	301288	35
634888	301288	35
534549	3050276	17
4642867	3050276	35
1940782	3050276	17
1307436	3050276	35
797866	3050276	35
1949577	3050276	35
279540	3050276	35
1626263	301288	47
4488013	3050276	17
61829	3050276	35
4095041	3050276	35
2157392	301288	35
2302190	301288	46
1060745	4514417	6
2685775	3050276	17
1339354	3050276	17
214218	301288	35
2118368	301288	17
375929	301288	17
3454088	301288	17
545914	301288	35
3003865	3050276	17
1143687	3050276	17
3560818	3050276	35
2732274	3050276	17
2580139	3050276	17
2269252	3050276	35
3582326	301288	17
2281647	301288	35
301288	1348891	63
788829	301288	17
205801	3050276	35
2682320	301288	17
301288	4229350	63
2080780	301288	17
3479482	3050276	17
2840729	301288	35
1633816	301288	17
4415694	3050276	35
2087648	3050276	17
2165567	301288	35
2082058	301288	17
4638844	301288	17
3690433	3050276	35
1756493	301288	17
1524036	301288	35
3976627	3050276	35
3318892	3050276	35
3147438	301288	17
1498467	3050276	17
3977363	301288	17
814517	301288	46
2420570	3050276	35
939923	301288	35
1225140	3050276	17
3181788	301288	35
1651948	3050276	17
1212445	3050276	35
3645558	301288	17
3205168	301288	17
4279768	301288	31
4095475	3050276	17
1081181	301288	17
1790942	301288	35
3495246	301288	17
255697	301288	17
278909	301288	35
76070	301288	35
634888	301288	47
3075980	301288	35
2381491	3050276	35
4483340	301288	17
48005	3050276	17
2156902	3050276	35
3153558	3050276	35
2246583	301288	17
301288	4573663	63
3359829	301288	46
3177687	301288	17
161723	301288	17
2745752	301288	17
4610342	3050276	17
1021902	3050276	35
301288	2099078	63
4155818	301288	35
3478481	301288	35
396790	301288	17
1524036	3050276	35
247115	301288	35
4055000	3050276	35
1420036	3050276	35
370411	301288	17
1322657	3050276	35
4359357	301288	35
2593119	301288	35
3640857	3050276	17
1029953	3050276	17
4481202	3050276	35
324358	3050276	17
427990	3050276	35
624082	3050276	35
3031757	3050276	17
3192629	3050276	17
173238	3050276	35
672577	3050276	35
2688353	301288	17
970561	301288	35
1766089	3050276	35
1574307	301288	17
2404923	3050276	35
3972928	301288	17
3175810	3050276	35
4500389	301288	35
2534249	301288	35
37841	3050276	17
2483817	301288	35
3702057	3050276	35
4183379	301288	35
246788	3740949	145
4196600	3050276	35
2614109	301288	17
3662675	3050276	17
2085385	301288	17
3206252	3050276	35
543739	3050276	17
3729053	3050276	17
3753380	3050276	17
950996	301288	35
436221	3050276	35
3962900	3050276	35
1096714	301288	17
2387303	301288	46
2855368	301288	35
778682	3050276	35
3973827	3050276	35
4306598	301288	35
3557336	301288	35
2713219	3050276	17
2926398	3050276	17
1976609	3050276	35
121327	3050276	17
2493123	3050276	35
1300751	3050276	35
3269	301288	35
4635882	301288	17
305031	301288	17
2570281	1060745	2126
305031	3050276	17
1053203	301288	17
1661881	3050276	35
3088505	301288	35
1384848	3050276	35
3910514	301288	17
3506637	301288	35
3495499	3050276	35
4008392	301288	35
3521002	3050276	35
107449	3050276	35
4242838	301288	35
1426102	301288	17
3560818	301288	35
2486422	301288	17
4130311	3050276	35
56296	3050276	17
2394936	3050276	17
3759368	301288	17
342428	301288	35
4506819	3050276	35
1680441	301288	32
589623	3050276	17
2174667	3050276	17
1396896	3050276	35
3064504	301288	17
1260470	301288	17
1611775	3050276	35
675265	301288	17
4628067	301288	17
2378586	301288	35
2639305	3050276	35
3964604	301288	47
1441069	3050276	35
211964	301288	35
3564220	3050276	17
4209071	3050276	17
2818018	3050276	17
4033819	301288	17
15608	3050276	35
3253596	301288	35
602683	301288	35
4516541	3050276	35
2789844	301288	35
1818326	3050276	17
4229350	301288	35
2142925	301288	17
3550580	301288	35
1643687	3050276	17
4325121	301288	17
301288	3733944	63
3762019	3050276	35
3364365	301288	35
2885774	3050276	35
1370118	3050276	17
3935686	301288	35
4642867	301288	35
1809509	301288	17
4358666	3050276	17
2178348	301288	35
2479424	3050276	35
3501654	3050276	17
1946983	3050276	35
2885774	301288	35
504627	301288	17
1595655	3050276	17
2697990	3050276	17
3754112	3050276	35
1828199	3050276	17
4234540	301288	17
3881304	3050276	17
3643767	301288	17
1453253	301288	35
1307534	301288	35
2720654	301288	17
723422	3050276	35
2108014	3050276	35
2694505	3050276	17
589623	301288	17
38817	301288	35
823401	3050276	17
362888	3050276	17
3973243	3050276	17
4603334	3050276	35
602683	3050276	35
4357261	3050276	35
301288	1740841	63
2780462	3050276	17
3951316	3050276	17
4014491	301288	35
577042	301288	35
2748212	301288	17
4114106	2066269	38
2799149	3050276	17
2985081	301288	35
3308737	3050276	35
1308253	3050276	17
301288	614591	63
1923459	301288	17
1462576	301288	35
2960344	301288	17
3336109	3050276	35
1288725	301288	17
1435264	301288	35
3790418	3050276	17
755080	3050276	35
1872770	301288	35
1656714	301288	35
923322	301288	17
3897327	3050276	17
3805873	3050276	35
884654	3050276	17
1598910	301288	35
3822789	301288	17
4249975	3050276	35
3115988	3050276	35
2215955	301288	46
2418080	3050276	17
3999205	301288	46
3932237	301288	35
1134724	301288	17
3865557	3050276	17
4395044	3050276	17
301288	404245	38
4356945	301288	35
2058964	3050276	17
2144079	301288	17
4034973	3050276	17
1969796	3050276	17
359059	301288	35
3868420	3050276	35
537921	301288	35
4122089	3050276	17
1400586	3050276	35
1683802	301288	35
811269	3050276	35
423715	3050276	17
278689	301288	17
179787	301288	17
2808012	301288	17
1555501	3050276	35
3469069	301288	35
825230	3050276	35
197429	301288	17
297315	301288	32
3363311	3050276	17
1618104	301288	17
196058	3050276	17
301288	1587560	63
4234540	1060745	79
2540924	3050276	35
3518054	3050276	35
3724703	301288	35
4583526	3050276	17
2717500	1060745	79
2911907	3050276	17
109332	301288	17
2719898	3050276	35
2688353	3050276	17
3492414	3050276	35
340702	3050276	35
2659201	3050276	17
4212244	3050276	17
3385305	301288	35
920425	3050276	35
180419	3050276	17
3501922	3050276	35
981901	3050276	17
4573663	301288	46
103259	3050276	35
728345	3050276	17
301288	1230959	38
1553031	3050276	35
2257247	3050276	35
3237674	3050276	35
1399939	301288	17
1579863	301288	35
458604	301288	35
4084668	3050276	35
1689762	3050276	17
2963550	3050276	17
3771317	301288	35
3964604	3050276	35
4641867	3050276	17
205884	301288	17
3472867	301288	46
394241	301288	17
3299127	301288	35
3983576	301288	17
3497262	301288	35
4364753	301288	17
592778	301288	46
301288	3759673	63
2562805	3050276	17
3690433	301288	35
634888	3050276	35
2861755	301288	17
1095929	3050276	17
1704217	301288	35
1483220	3050276	35
1018451	3050276	35
1307534	3050276	35
374306	301288	17
4462339	3050276	17
257330	3050276	35
205759	3050276	35
1659917	301288	17
1148174	3050276	35
1437553	3050276	17
2418080	301288	17
2881087	3050276	35
2583198	301288	17
2020515	3050276	35
665223	301288	35
2226977	301288	46
349223	301288	35
301288	637463	63
3034822	301288	35
1335045	301288	35
3377084	301288	17
301288	465918	63
1982756	3050276	17
301288	1797022	38
1651948	301288	17
2770751	301288	46
3341960	301288	35
3251524	3050276	35
2483954	301288	35
1240382	301288	17
301288	1720239	63
3974842	3050276	17
3615306	3050276	17
3375589	3050276	17
2859531	3050276	35
486684	3050276	35
3951316	301288	17
1396820	301288	35
1599387	3050276	35
82442	301288	46
2400662	301288	17
150781	301288	32
3841474	3050276	35
752647	301288	17
2898963	301288	17
3251524	301288	35
1426621	3050276	35
1070287	3050276	35
730031	301288	35
2187759	3050276	17
1721308	3050276	35
3119408	301288	17
4623098	301288	35
4573663	301288	35
3264800	3050276	35
3609979	301288	35
362119	301288	35
3583313	301288	35
3469069	3050276	35
2060065	301288	17
2824035	3050276	35
1107857	3050276	17
2849764	3050276	35
2795596	3050276	35
2126682	301288	35
4259643	301288	17
4483649	301288	35
4523396	3050276	17
301288	3401467	63
2400031	3050276	17
1053203	3050276	17
684827	301288	17
3603944	3050276	17
999165	301288	35
2700711	3050276	17
3889218	3050276	17
1626061	3050276	35
3855849	301288	17
150132	3050276	35
3743662	3050276	35
932420	301288	35
4044068	301288	17
101560	301288	35
1280207	3050276	17
301288	4614481	63
4082700	301288	35
4062644	3050276	35
301288	3140281	63
2372398	301288	17
3467197	3050276	35
3764342	301288	35
1982756	301288	17
1868271	3050276	17
689241	3050276	17
100992	3050276	17
3529257	3050276	17
1055748	3050276	35
2388997	3050276	35
1339354	301288	17
3406961	301288	46
3797868	3050276	35
1352794	301288	17
1449159	301288	35
3566689	301288	35
1036837	3050276	17
1881790	301288	35
255594	3050276	35
3614287	301288	35
967684	3050276	17
3175810	301288	35
3711885	301288	17
3204587	3050276	17
2354406	301288	35
150781	3050276	17
3317657	301288	17
2878236	719140	134
752597	3050276	17
3862484	3050276	17
3914248	301288	35
1059637	301288	35
4557945	3050276	17
2832465	3050276	17
2170931	301288	17
301288	3312942	38
2779439	3050276	17
2748131	301288	35
3964604	301288	35
4264793	3050276	17
443707	301288	32
301288	2048690	63
3516058	301288	17
2144850	301288	35
3460771	3050276	35
301288	3351263	38
301288	791687	38
1562259	3050276	17
1036837	301288	32
3467197	301288	35
3478883	301288	17
4255265	301288	35
2053441	301288	35
2699991	301288	17
539783	3050276	35
986976	3050276	35
301288	3406961	63
2449621	301288	35
173238	301288	35
4321305	301288	46
133953	3050276	17
1962574	301288	17
4153660	3050276	35
1189298	3050276	17
2668099	3050276	35
1877622	3050276	17
306051	3050276	35
1634361	301288	17
4092495	301288	17
4064552	301288	35
4111680	301288	46
2165567	3050276	35
4148919	301288	35
795904	301288	17
3457493	3050276	35
1539861	3951999	258
39364	301288	17
870768	3050276	35
3538312	301288	17
1628112	3050276	17
3233529	3050276	35
3478883	3050276	17
4311874	301288	35
2476090	3050276	35
2376686	3050276	35
791687	301288	17
281514	301288	17
2123505	301288	35
3140281	3050276	35
2647068	301288	35
1456054	301288	46
1100754	3050276	35
931915	3050276	35
4162598	3050276	35
2602027	3050276	17
2700711	301288	17
3963270	301288	35
1051237	301288	17
4353044	3050276	35
4423847	301288	17
3609979	3050276	35
4052217	3050276	35
2187403	3050276	17
1100415	301288	17
1857581	301288	17
257243	3050276	17
3359829	3050276	35
2026924	301288	17
3111336	301288	35
3130168	3050276	35
1453779	301288	17
205801	301288	35
1986016	3050276	17
3792525	301288	35
1956522	3050276	35
3663941	3050276	17
3459001	3050276	35
4644147	301288	35
301288	4153594	38
130546	3050276	17
2712062	301288	17
3983262	301288	17
1439968	301288	46
4025475	3050276	35
2072870	3050276	17
836091	3050276	17
2449621	3050276	35
301288	440324	38
3808721	3050276	35
854827	3050276	35
211964	3050276	35
98941	301288	17
1161566	3050276	17
1945111	3050276	17
2848587	3050276	17
3962684	3050276	35
2355239	301288	35
3305405	301288	35
3429933	301288	17
2082642	3050276	17
492115	301288	17
4606213	3050276	35
2179491	3050276	17
1021902	301288	46
3989505	301288	35
3077605	3050276	17
3231110	301288	35
836091	301288	17
3682922	3050276	17
4211083	301288	35
2638783	3050276	17
3032764	3050276	17
761993	301288	17
2846364	3050276	35
120355	3050276	35
4222421	301288	17
2780462	301288	17
1976609	301288	35
179787	3050276	17
929752	301288	35
3649702	301288	17
2130644	301288	35
3104195	3050276	35
61829	301288	35
1192109	301288	35
4406138	301288	35
1258117	3050276	35
3715529	3050276	35
301288	1320178	38
3759673	301288	35
1281747	301288	47
4487046	301288	17
3401467	301288	46
842377	301288	35
1474248	301288	46
1985404	301288	17
196058	301288	17
2093297	3050276	35
2004135	301288	17
3520054	301288	17
951423	3050276	17
3147438	3050276	17
3445261	3050276	35
3926183	3050276	17
1720064	301288	17
1420036	301288	35
215528	301288	35
1262420	301288	17
1803756	301288	17
290666	301288	35
2017093	301288	46
2947886	301288	35
3472867	301288	35
3899835	3050276	35
3663941	301288	17
4249629	301288	35
38817	3050276	35
1586259	3050276	35
2138803	3050276	17
2212804	301288	35
4330328	301288	17
4304597	301288	35
999165	3050276	35
3961502	3050276	17
323766	3050276	35
4251498	301288	46
510382	3050276	17
3191290	301288	35
3972793	3050276	35
1707573	301288	46
301288	659218	63
4604864	1060745	79
4105351	3050276	17
970561	3050276	35
2863408	301288	17
3974842	301288	17
3340611	3050276	17
608010	301288	35
1400586	301288	35
1069107	3050276	17
4332283	301288	17
2400031	301288	17
2719348	301288	35
4420692	301288	35
1060745	516500	32
107449	301288	35
2478256	3050276	35
2821506	3050276	35
3035302	3050276	17
850991	301288	35
3478893	3050276	17
1756493	3050276	17
1029901	301288	35
979613	301288	17
3936019	301288	17
2637977	301288	17
642271	3050276	35
1729505	3050276	35
4255959	301288	17
1504898	301288	35
2080780	3050276	17
2675756	301288	47
699563	301288	35
3548207	3050276	17
1877823	3050276	17
2719045	3050276	17
2861755	3050276	17
2435042	3050276	35
3311124	301288	35
1090998	3050276	17
716437	301288	17
805286	3050276	17
630385	3050276	35
3178222	3050276	35
219129	301288	17
791687	301288	31
3459001	301288	35
3742613	3050276	35
2019115	3050276	35
518979	301288	17
4070794	301288	35
112385	3050276	35
1058954	3050276	35
2708779	301288	35
1162580	301288	17
1194433	3050276	17
2175854	3050276	17
2786854	301288	17
3468060	3050276	17
3401467	301288	35
1553758	301288	35
2716392	301288	17
3104195	301288	35
4573663	3050276	35
1946881	3050276	17
4009839	3050276	35
4135149	3050276	17
321587	3050276	17
2639305	301288	35
2323200	301288	47
2473887	301288	17
190002	301288	17
3311587	301288	35
3547337	301288	35
2908783	3050276	17
788829	3050276	17
4244854	301288	35
719140	2878236	540
3361064	301288	17
190002	3050276	17
429481	3050276	17
178111	3050276	35
843034	301288	32
3098212	301288	17
3979555	301288	35
3832299	301288	35
2226977	3050276	35
1117531	3050276	17
2771858	3050276	35
4652897	3050276	35
1399939	3050276	17
3656454	3050276	17
403229	301288	35
1387210	3050276	35
1156308	3050276	17
2646593	301288	35
301288	1707573	63
2713481	301288	35
3540928	3050276	35
3583313	3050276	35
4368881	301288	17
3050276	4114106	18
1462576	3050276	35
325529	3050276	17
4144394	3050276	35
3960967	301288	35
3715529	301288	35
150781	301288	17
3629220	301288	35
1144772	301288	35
857537	301288	35
4461255	3050276	35
4252601	3050276	17
1921030	301288	35
301288	236620	18
931915	301288	35
1336253	301288	17
4621063	301288	46
514955	301288	17
3233933	3050276	17
325176	3050276	35
2871732	3050276	17
1244722	301288	17
4202080	301288	17
2950585	3050276	35
4305023	301288	46
1148698	3050276	17
204392	3050276	35
4258595	301288	35
1738826	3050276	17
1117531	301288	17
1031771	3050276	17
1279425	3050276	35
301288	4070794	63
1047259	3050276	35
96902	301288	35
1510051	3050276	35
4111826	3050276	17
2999290	301288	17
1419978	301288	17
2645592	301288	35
3606140	301288	35
301288	1599387	63
1051237	3050276	17
1234428	301288	17
315705	3050276	35
411126	301288	35
2397198	3050276	17
1102843	3050276	35
1579863	3050276	35
297472	301288	35
2520016	3050276	17
2050257	3050276	35
1728694	301288	46
4294428	3050276	35
3973243	301288	17
84077	3050276	17
1197335	301288	17
719140	301288	17
3831954	301288	35
3899835	301288	35
2387303	301288	35
2465432	3050276	17
1006407	301288	17
2408496	301288	17
3253619	3050276	35
2562805	301288	17
3054251	301288	46
1059637	3050276	35
2067247	301288	17
2778379	3050276	35
2409425	301288	35
4138142	301288	17
3932415	301288	17
4438396	3050276	17
2693270	301288	35
301288	2134067	63
1329352	301288	17
2758608	3050276	35
2758608	301288	35
3662675	301288	17
1264743	3050276	17
2102392	301288	35
1091363	301288	17
698687	301288	35
18023	3050276	35
23872	301288	35
1979880	3050276	17
2878236	2570281	1781
359816	3050276	17
3191935	301288	35
854827	301288	35
185079	301288	17
1923980	301288	35
1396953	3050276	35
2556256	301288	35
412219	3050276	35
2718442	301288	17
2243094	301288	17
301288	1088282	63
979613	3050276	17
112385	301288	35
4607557	301288	35
246788	923867	80
2344581	3050276	35
380515	3050276	35
2778520	3050276	35
1360449	3050276	17
2263933	301288	35
2269252	301288	35
267346	301288	35
3435506	3050276	35
3425661	3050276	35
3934526	301288	17
1045813	301288	35
3647980	301288	17
246788	2997537	62
3782936	301288	17
2082642	301288	17
2588703	301288	17
4095475	301288	17
1436776	301288	17
3670909	3050276	35
1819532	301288	35
728468	3050276	17
3893725	3050276	17
684827	1638561	76
219282	301288	17
3979237	3050276	35
1118423	301288	17
440425	301288	17
1742781	301288	35
3120179	301288	35
301288	2478256	63
4426548	301288	17
3795571	301288	17
1088282	301288	46
3483342	3050276	35
634678	301288	35
2703979	3050276	35
3716094	3050276	35
1741890	301288	46
1997204	301288	17
2808012	3050276	17
313236	3050276	17
3733944	301288	46
275236	3050276	17
1057531	301288	35
3053821	301288	17
237994	301288	17
4628067	3050276	17
2720719	3050276	32
637463	301288	46
2909409	3050276	35
4593939	301288	17
1651098	3050276	35
1599216	3050276	35
463864	3050276	17
4250469	3050276	17
1423625	2039298	103
3293285	3050276	35
465665	3050276	35
2115238	3050276	17
3412959	301288	46
3753779	3050276	17
3340746	3050276	35
2156902	301288	35
2590265	301288	35
3001086	301288	35
1148981	3050276	17
4424130	301288	17
90595	301288	17
2246610	3050276	17
1692996	301288	35
2044681	301288	32
3284859	301288	17
2450682	301288	17
145334	3050276	17
4628902	301288	17
2245128	3050276	17
4500389	3050276	35
4447691	3050276	35
2176598	3050276	35
3042021	301288	17
1717987	3050276	17
4516541	301288	35
301288	281514	38
3042021	3050276	17
1297853	301288	35
3880512	301288	17
1634361	3050276	17
1605291	301288	17
1904609	3050276	17
83784	3050276	35
2719348	3050276	35
4045320	301288	35
831180	3050276	35
3733944	301288	35
3327508	3050276	35
4538133	3050276	35
301288	3311124	63
301288	2246583	38
1993050	3050276	35
4422704	3050276	35
3852620	3050276	17
2147184	3050276	17
2210233	3050276	35
4627185	301288	17
301288	1534014	63
4625698	3050276	17
901373	3050276	35
2684710	3050276	17
1295170	301288	35
951423	301288	17
2289072	3050276	17
2864384	301288	17
301288	4048387	38
2296894	301288	35
1004659	301288	35
2112727	301288	17
4386872	3050276	35
2447077	301288	17
1522885	3050276	35
301288	1262495	63
2063653	301288	17
950996	3050276	35
2061985	301288	17
4403654	3050276	35
3910514	3050276	17
4587448	3050276	17
3472867	3050276	35
132797	301288	17
1790881	3050276	35
1267753	301288	17
1777344	301288	35
429481	301288	17
1320178	3050276	17
30277	301288	35
106635	3050276	17
680269	301288	17
3759673	301288	46
2988167	3050276	35
1193899	301288	35
2972530	3050276	35
1074350	3050276	17
4226033	3050276	17
4566280	3050276	17
4123607	301288	35
4462030	301288	17
1953790	3050276	17
2771858	301288	35
2298491	301288	17
4302673	3050276	17
2414232	3050276	35
4582806	3050276	35
2066291	301288	17
2565187	301288	35
3283033	301288	35
516500	301288	24
1973483	3050276	35
4639462	301288	35
3960967	301288	47
1383473	3050276	35
301288	1553031	63
2821506	301288	35
1294522	301288	32
3618386	3050276	35
3283033	3050276	35
4589424	301288	35
3488833	301288	46
1106808	3050276	17
2565025	301288	17
123937	301288	17
1611775	301288	47
3730379	301288	17
4640352	3050276	17
2645592	3050276	35
301288	1125669	38
2563410	3050276	35
2563410	301288	35
3962900	301288	35
246788	3050276	17
301288	1413329	63
4095041	301288	35
1295587	3050276	17
1461395	3050276	17
4598775	3050276	35
1060745	236620	31
3377084	3050276	17
2066269	3050276	17
2631052	301288	35
585998	3050276	35
572103	3050276	17
3291210	301288	46
3514104	3050276	17
4127835	3050276	35
1870823	3050276	35
2379616	301288	35
598068	301288	35
2175854	301288	17
4329260	3050276	35
691771	3050276	17
301288	150781	38
4196600	301288	35
1118423	3050276	17
56732	301288	46
3226859	301288	17
375929	3050276	17
329194	301288	35
1021182	301288	35
474547	3050276	35
2178348	3050276	35
2701988	301288	35
9448	301288	35
3932136	3050276	35
1628112	301288	17
2474096	3050276	35
3536166	301288	35
301288	2418679	38
301568	3050276	17
3402391	301288	35
1451361	3050276	17
3114822	301288	17
301288	2248737	63
395584	3050276	17
3772448	301288	35
301288	3956262	63
9448	3050276	35
3282806	301288	47
1550408	3050276	35
1772167	301288	17
1546352	301288	35
2085385	3050276	17
3698724	301288	17
3076749	3050276	17
3956262	301288	46
24128	301288	46
71846	301288	17
4129682	3050276	35
1639459	3050276	35
3248642	3050276	17
2034921	3050276	17
301288	1029953	38
4438396	301288	17
2720654	3050276	17
2372072	3050276	35
1244722	2878236	540
2345576	3050276	35
427973	246788	808
984582	301288	35
1650257	3050276	17
730031	3050276	35
3740949	246788	142
2566545	3050276	35
1219265	301288	35
301288	3090089	38
3075980	3050276	35
354380	301288	35
1929160	3050276	17
2632510	3050276	35
4423782	3050276	17
1515796	301288	35
2185462	301288	17
3139885	301288	17
2431215	301288	17
3353156	3050276	35
4229096	3050276	17
4471780	3050276	17
3050276	2720719	38
1896319	301288	35
691771	301288	17
3196705	301288	35
1330358	301288	17
795904	3050276	17
1377937	3050276	35
1392744	3050276	35
1639966	3050276	35
2245128	301288	17
451419	301288	32
3326158	301288	17
3123751	3050276	35
986976	301288	35
2049314	3050276	17
1676952	301288	35
3730004	3050276	17
3875849	301288	17
1307694	3050276	35
205642	3050276	17
281535	301288	35
2807653	3050276	17
3474167	301288	35
2660254	3050276	35
4014491	301288	46
1129190	301288	17
3646023	3050276	35
714875	3050276	35
4322763	301288	17
4603866	3050276	35
3900551	301288	17
2703979	301288	35
257330	301288	35
2281647	3050276	35
2693098	301288	35
3841049	301288	35
301288	3782217	38
1609280	301288	35
637128	301288	17
404245	301288	32
613212	3050276	35
3245447	3050276	17
1078385	301288	35
3120139	3050276	35
724783	3050276	17
301288	1773276	63
4465157	301288	17
1562259	301288	17
4037329	301288	17
2358028	301288	35
1281747	3050276	35
2550428	301288	35
3456567	301288	17
3043888	3050276	17
3730379	3050276	17
689241	301288	17
3249376	301288	35
4631968	301288	35
4397334	301288	35
3250804	301288	17
3600343	3050276	17
2675756	3050276	35
4515880	301288	35
4496422	3050276	35
4058540	3050276	35
1275054	301288	35
3707847	3050276	17
510601	301288	17
3775640	3050276	35
3725668	301288	17
301288	1451361	38
856996	3050276	35
3010995	301288	35
4625698	301288	17
1330358	3050276	17
2872622	301288	35
107948	3050276	17
553243	301288	17
2414232	301288	35
2770751	3050276	35
1103427	301288	17
301288	160192	63
2021364	301288	17
1113402	301288	17
2908922	301288	35
4493668	301288	17
1229140	3050276	17
2579474	301288	46
3253596	3050276	35
3753507	301288	35
3436805	301288	17
2252660	301288	17
637463	301288	35
3702057	301288	35
4155137	301288	17
2725660	301288	35
2598470	301288	35
3119187	3050276	35
3742613	301288	35
1102930	301288	35
2233334	3050276	17
3754112	301288	35
4215322	3050276	35
4129682	301288	35
1442650	301288	17
3275649	3050276	35
699286	301288	17
779814	3050276	17
1311020	301288	35
2650459	3050276	35
805605	301288	17
3244322	3050276	35
809823	301288	35
2625912	3050276	17
301288	1284157	63
4510592	3050276	17
2563265	301288	35
301288	4002731	63
4505024	301288	17
1752917	301288	35
2615827	3050276	35
3932187	301288	35
2378586	3050276	35
3438013	301288	35
4364753	3050276	17
301288	2917230	63
2072870	301288	32
1100754	301288	35
301288	2269887	38
1063623	301288	35
1971085	301288	35
336166	3050276	17
279540	301288	35
4571234	3050276	17
1545473	301288	17
4093956	301288	35
3817128	3050276	17
362254	301288	35
3975496	301288	46
2939989	1060745	79
4177922	3050276	17
1786631	301288	17
2747292	301288	35
761234	301288	17
4311849	301288	35
2373625	3050276	35
2584585	3050276	17
4153594	301288	32
751016	301288	17
1626263	3050276	35
3076749	301288	17
3979555	3050276	35
4025475	301288	35
1436184	3050276	17
1139050	3050276	35
1322657	301288	35
3913884	301288	35
1508208	3050276	500
1546344	3050276	17
1496698	3050276	17
3934526	3050276	17
2298491	3050276	17
4147425	301288	35
3429933	3050276	17
33774	301288	35
1278022	3050276	35
2873790	3050276	35
1122453	301288	35
114045	301288	35
5820	301288	17
3297788	301288	47
997441	301288	17
4561590	301288	35
3012441	3050276	17
2549611	301288	17
3043888	301288	17
1805167	301288	17
764569	301288	35
3022218	301288	17
2736902	3050276	35
4478635	3050276	17
2144079	3050276	17
2832465	301288	17
3440824	301288	35
3919379	301288	17
2918670	3050276	17
1793282	3050276	35
2594732	301288	17
2594732	3050276	17
1692661	3050276	17
2651180	3050276	35
2706554	3050276	17
932420	3050276	35
3118581	301288	35
1728694	301288	35
4009667	3050276	35
3738971	301288	17
3568800	3050276	17
3496629	301288	47
1439052	3050276	35
1624369	301288	35
18023	301288	35
1906653	301288	35
1254062	301288	35
286048	3050276	35
716678	3050276	17
4377771	301288	46
1125669	301288	32
4002731	3050276	35
3733730	301288	35
2520016	301288	17
521297	3050276	35
751016	3050276	17
1581712	301288	17
967684	301288	17
3808721	301288	35
532773	3050276	35
4532263	301288	17
2572808	3050276	17
301288	624082	63
285534	3050276	17
2061985	3050276	17
1323617	3050276	17
44009	301288	35
1534947	301288	17
4499528	301288	35
2048690	301288	46
3829697	3050276	35
3211422	3050276	35
4157892	3050276	35
4192946	3050276	17
1051251	3050276	17
3651732	3050276	17
40719	301288	32
2323200	301288	35
3537369	3050276	35
4622721	3050276	35
1128497	3050276	17
2483292	301288	17
839604	3050276	35
1529126	301288	17
1031771	301288	17
2691221	3050276	35
1544019	3050276	35
81475	3050276	17
4453784	301288	17
3730753	301288	17
1282736	3050276	17
503613	301288	35
2028796	301288	17
455078	301288	35
1908214	301288	35
3002000	301288	35
4465157	3050276	17
4031743	3050276	35
1348891	3050276	35
2201980	3050276	35
1306285	301288	17
3558191	301288	17
4069448	3050276	35
4104882	301288	17
1502091	3050276	17
301288	4247666	63
170757	301288	35
2712681	301288	17
3862484	301288	17
1684743	301288	35
3558191	3050276	17
353208	301288	35
698963	301288	17
2859531	301288	35
3136186	301288	35
3520054	3050276	17
1121732	301288	17
779814	301288	17
331044	3050276	35
1192109	3050276	35
669355	301288	35
304321	301288	17
2628381	301288	17
1946983	301288	35
4253453	3050276	35
4396975	3050276	35
4141288	3050276	17
81475	301288	17
301288	1864542	38
698687	301288	46
904070	301288	17
1030332	3050276	35
1182921	301288	35
2499736	3050276	17
4574935	301288	35
2045079	3050276	17
4094673	3050276	17
3443152	301288	17
2632611	301288	32
4572480	301288	35
2795596	301288	46
4225491	3050276	17
614591	301288	46
3226859	3050276	17
257243	301288	17
1498467	301288	17
2230667	3050276	35
4067970	3050276	35
344583	3050276	17
3945031	301288	17
301288	2215955	63
1226649	301288	17
2985081	3050276	35
4270300	301288	35
684827	3515944	71
2270550	301288	17
3026370	3050276	17
3532213	301288	17
1007144	301288	17
4232261	301288	35
1121821	301288	17
2425069	301288	17
2686794	3050276	35
3266647	3050276	17
1327606	3050276	35
3667443	3050276	17
170700	3050276	35
778682	301288	35
42853	301288	17
1414375	301288	17
3618526	3050276	35
1039986	301288	17
1080368	301288	17
3979237	301288	35
2958967	301288	46
423284	301288	35
698963	3050276	17
1788424	3050276	17
2498220	301288	17
3310090	3050276	35
1543441	3050276	17
3237867	301288	35
2862291	3050276	17
3882194	3050276	17
4619898	301288	17
1122453	3050276	35
1419967	301288	35
52488	3050276	17
2165293	301288	17
4598928	301288	46
2666397	3050276	35
3200476	301288	35
2476090	301288	35
4503880	3050276	17
1921091	301288	32
965478	301288	35
301288	1949577	63
2681888	301288	17
130546	301288	17
3771317	3050276	35
1148698	301288	17
334687	3050276	17
3912765	301288	35
458604	301288	46
3418346	301288	17
4139895	3050276	35
1927544	3050276	35
1735938	301288	35
2716392	3050276	17
1609502	3050276	35
2117393	301288	17
1904609	301288	17
301288	2133325	63
4405745	301288	35
457903	3050276	17
2357462	3050276	17
972081	301288	35
2977104	3050276	35
928028	3050276	35
3233529	301288	35
2549611	3050276	17
997441	3050276	17
2778379	301288	35
2703837	3050276	35
3456567	3050276	17
4251498	301288	35
3291210	301288	35
1595413	3050276	35
416365	3050276	35
2728031	301288	35
1581712	3050276	17
3437231	301288	35
782274	301288	46
4212244	301288	17
1656714	3050276	35
4255265	3050276	35
1182667	301288	17
200833	301288	35
1979816	301288	35
553070	3050276	17
1215749	3050276	17
2188950	3050276	17
2192203	3050276	35
869858	301288	17
3925097	3050276	17
3696128	3050276	17
23872	3050276	35
1660241	301288	17
301288	3973827	63
3914248	3050276	35
1100370	301288	32
311217	301288	17
4603334	301288	35
301288	2579474	63
3972587	301288	17
2896609	3050276	17
3101594	301288	17
2066269	1147064	2653
1110445	3050276	35
1262495	3050276	35
242373	301288	17
2316175	3050276	35
904540	301288	17
702171	301288	35
2599979	301288	17
1377471	301288	17
3064504	3050276	17
3335974	301288	35
3248642	301288	17
1609280	3050276	35
301288	3702057	63
4202080	3050276	17
150132	301288	35
301288	3092563	63
1145183	3050276	35
4547386	301288	35
2035220	301288	17
1527012	3050276	17
1659225	3050276	35
1553758	3050276	35
4043153	301288	17
2479424	301288	35
325529	301288	17
3931800	3050276	35
322694	3050276	17
3989897	3050276	35
1162580	3050276	17
3092563	301288	46
3491564	3050276	17
3053821	3050276	17
3981662	301288	35
3516688	301288	17
1143687	301288	17
2528938	301288	17
4161215	3050276	35
3347103	3050276	35
4429518	3050276	35
1786909	3050276	35
2605429	3050276	35
3269	3050276	35
1061084	301288	35
997693	301288	35
1199585	3050276	17
2192198	301288	46
585998	301288	46
69756	3050276	35
1002829	301288	35
1641571	3050276	35
2050617	3050276	17
3582326	3050276	17
1021182	3050276	35
684398	3050276	35
1300504	301288	35
1734372	301288	47
1022201	3050276	35
2426999	3050276	35
1253616	3050276	35
3263131	301288	35
2018500	301288	17
3902554	3050276	17
306051	301288	35
2400837	3050276	17
301288	2761128	63
301288	1865157	63
1546352	3050276	35
2452755	301288	17
298826	3050276	35
301288	1468392	38
3638603	301288	46
4574935	3050276	35
505080	3050276	17
4153220	3050276	17
3983262	3050276	17
1387210	301288	35
2534249	3050276	35
3615306	301288	17
4583526	301288	17
4559950	301288	35
363242	301288	17
974462	301288	35
3338891	3050276	35
3753779	301288	17
312990	3050276	17
2392507	301288	17
1131797	301288	35
4232328	301288	35
4330328	3050276	17
4360257	301288	35
3535853	3050276	17
301288	3353156	63
493180	3050276	17
2898963	3050276	17
2735099	3050276	35
1515796	3050276	35
1723979	301288	17
4280022	3050276	35
48846	301288	17
878592	3050276	17
1896319	3050276	35
396687	301288	35
253319	3050276	17
2791834	3050276	17
301288	4345913	38
690659	301288	17
2016464	301288	17
25828	3050276	17
180419	301288	32
301288	1077040	63
3521002	301288	35
301288	1300504	63
3744950	3050276	17
1877823	301288	17
2140318	3050276	17
2652634	301288	35
489980	3050276	17
3422780	3050276	17
3059842	301288	17
4476173	301288	17
2696312	3050276	17
4570234	301288	35
3939687	3050276	17
3667443	301288	17
3978430	3050276	35
1090517	301288	17
1199585	301288	17
3951999	1539861	257
529121	301288	17
3211422	301288	35
2578808	301288	35
2375964	301288	35
3579031	301288	17
3069448	3050276	35
301288	1474248	63
3740949	3050276	35
4220901	301288	35
4418880	3050276	35
4024596	301288	17
699563	3050276	35
1779957	3050276	17
2909409	301288	35
618132	301288	17
3022350	3050276	35
2486962	301288	17
893900	3050276	35
247772	301288	17
539338	3050276	17
1797022	301288	17
1599387	301288	46
2120155	301288	35
537301	301288	32
2581468	3050276	35
3462968	3050276	35
275264	301288	35
2296894	3050276	35
255594	301288	46
2066269	4514417	6
3755080	3050276	17
3557650	3050276	17
3776105	3050276	35
2647268	301288	17
2686794	301288	35
2665526	3050276	35
1741890	3050276	35
1061084	3050276	35
1921030	3050276	35
2226977	301288	35
3478893	301288	17
4423782	301288	17
689637	301288	17
878592	301288	17
1021902	301288	35
1360245	301288	17
2393901	301288	35
3575522	3050276	17
3551043	301288	35
658111	301288	17
1008448	3050276	35
2020452	301288	35
1261098	3050276	17
184048	3050276	17
281514	3050276	17
3642786	3050276	35
477746	301288	35
2488565	3050276	35
501409	301288	35
3191935	3050276	35
1057531	3050276	35
2328610	3050276	17
1331453	3050276	35
4125325	3050276	35
2020452	3050276	35
825230	301288	35
405143	301288	17
301288	3459001	63
1321398	3050276	17
2706925	3050276	35
2480059	3050276	17
203090	301288	17
4317851	3050276	17
1297853	3050276	35
1090998	301288	17
3989897	301288	35
3130168	301288	35
1962253	3050276	17
1190732	3050276	35
1404508	301288	35
2149902	3050276	17
1262495	301288	46
301288	2126682	63
3440824	3050276	35
2175245	3050276	17
3975496	301288	35
2696312	301288	17
1962253	301288	17
4161215	301288	35
4380148	3050276	35
2717500	301288	17
2392507	3050276	17
3347103	301288	35
1091097	3050276	17
545914	3050276	35
2941110	301288	35
301288	1892434	63
2354406	301288	47
1921091	3050276	17
1609502	301288	35
2293598	301288	35
3468060	301288	17
4505024	3050276	17
1148174	301288	35
728345	301288	17
3753507	3050276	35
2635326	301288	35
3329997	3050276	35
4416324	301288	17
1945111	301288	17
3210305	3050276	35
2688727	301288	17
1504614	301288	17
4225676	3050276	35
1892434	3050276	35
1442308	3050276	17
1060745	2717500	77
301288	2174667	38
2774628	3050276	35
4501090	301288	17
3704337	3050276	17
301288	3359829	63
1754479	3050276	35
3724790	301288	17
2761128	301288	35
1542238	301288	35
301288	24128	63
449543	301288	17
1034633	3050276	35
1517803	3050276	17
2538997	301288	35
100992	301288	17
1849011	3050276	35
702171	3050276	35
1413329	301288	46
297416	301288	35
728468	301288	17
1985404	3050276	17
2447077	3050276	17
2761128	301288	46
4117031	301288	32
2383035	301288	17
776362	301288	17
928028	301288	35
301288	814517	63
2972530	301288	35
2950585	301288	35
2579369	3050276	17
687740	301288	35
4006456	3050276	35
4153660	301288	35
1260470	3050276	17
4466546	3050276	35
2968678	301288	17
3576842	3050276	35
2538997	3050276	35
337184	3050276	17
4540161	3050276	35
3445261	301288	35
2118368	3050276	17
1008448	301288	35
3025955	3050276	17
2947886	3050276	35
3412959	3050276	35
163387	301288	35
1911369	3050276	17
4434648	301288	17
1314002	301288	17
1720570	3050276	35
301288	2193400	63
4139807	3050276	35
4059435	3050276	35
4022279	301288	17
2844126	301288	17
2896609	301288	17
4422704	301288	35
2112974	3050276	35
4415694	301288	35
3776106	301288	35
1867538	301288	17
2586681	3050276	17
2862088	301288	17
1598785	3050276	35
1033051	301288	17
1240382	3050276	17
1900040	301288	32
2524404	3050276	35
4009739	3050276	17
1589743	301288	35
374848	301288	17
3337832	301288	17
2618461	3050276	35
4597813	3050276	17
400185	3050276	17
165356	3050276	35
3645273	301288	35
870768	301288	35
1065893	3050276	17
301288	1103427	38
1396352	3050276	17
114045	3050276	35
2034921	301288	17
2929918	301288	17
2565187	3050276	35
3244322	301288	35
864306	3050276	17
1492954	301288	35
1598785	301288	35
1111317	301288	17
365241	3050276	17
898531	301288	35
3054251	3050276	35
362254	3050276	35
3707847	301288	17
301288	1352794	38
1252729	3050276	35
1202574	301288	17
3846740	3050276	17
1454735	3050276	35
4233227	3050276	35
1047259	301288	35
1049540	301288	35
2016641	3050276	35
3863726	3050276	17
3748461	301288	17
1459961	301288	35
2757782	301288	35
640626	301288	35
2133325	301288	35
4468576	3050276	35
624030	301288	35
778843	3050276	35
2351657	301288	17
2389108	301288	17
1684743	3050276	35
2215955	301288	35
1169432	301288	17
1803452	301288	35
4115813	301288	35
650229	301288	35
4304597	3050276	35
301288	4598928	63
1096966	3050276	17
2982994	3050276	35
1496698	301288	17
301288	1129190	38
2747612	3050276	17
1737077	301288	35
11063	301288	17
4258595	3050276	35
380962	301288	32
3178222	301288	35
4130311	301288	35
4015015	3050276	17
1060745	4234540	77
4229350	301288	46
1516783	3050276	35
3059842	3050276	17
1423625	3592153	503
4483649	3050276	35
1828199	301288	17
1528618	301288	17
301288	3655028	63
2256029	301288	17
465918	301288	46
1986016	301288	17
1805167	3050276	17
3648516	3050276	17
1374159	3050276	17
334687	301288	17
3316070	301288	35
301288	1741890	63
3945031	3050276	17
3297788	3050276	35
3524737	301288	17
1855559	301288	17
538927	3050276	35
534655	301288	35
301288	2560151	38
331044	301288	35
4422085	3050276	35
301288	2712976	63
1969826	301288	35
1690425	301288	35
3960475	301288	17
162264	3050276	17
4091267	3050276	17
120355	301288	35
3826671	301288	35
2892668	3050276	35
1306285	3050276	17
4434648	3050276	17
233008	3050276	35
3396251	301288	17
1650257	301288	17
724783	301288	17
2406523	3050276	17
2060065	3050276	17
1396208	3050276	35
2320153	3050276	35
396790	3050276	17
2690813	3050276	35
965695	3050276	35
4406138	3050276	35
4139895	301288	35
2402583	301288	17
2387303	3050276	35
1057468	3050276	17
86227	301288	17
2184365	3050276	17
880249	301288	35
4204675	301288	35
3724790	3050276	17
537921	3050276	35
1694864	301288	17
1827242	301288	35
301288	1435748	63
1571847	3050276	17
1224001	301288	17
3225761	3050276	17
2323200	3050276	35
4415387	301288	35
3823870	301288	17
2681345	301288	17
4204675	3050276	35
3224561	301288	35
1979816	3050276	35
1123932	3050276	35
2269887	3050276	17
48005	301288	17
1802440	3050276	17
984698	301288	35
568401	3050276	35
3889218	301288	17
3568800	301288	17
3891287	301288	35
4070794	301288	46
1261098	301288	17
874734	3050276	35
3564008	3050276	35
2256029	3050276	17
3931030	3050276	35
2381491	301288	35
3149114	3050276	35
2384796	3050276	17
4111680	3050276	35
2053441	3050276	35
4094673	301288	17
3054251	301288	35
1363855	3050276	35
3422598	3050276	35
137000	3050276	17
3962550	301288	17
1015263	301288	17
3934652	3050276	17
1005695	301288	35
1370118	301288	17
3373259	301288	35
2720719	1539861	257
3795571	3050276	17
1720603	3050276	17
2409425	3050276	35
751882	3050276	17
4605577	301288	35
1865907	301288	17
2492262	3050276	35
2626310	301288	17
1656699	3050276	35
696128	3050276	17
4051630	301288	35
2879317	301288	35
3758059	301288	35
496936	3050276	35
1143194	301288	17
1792238	301288	35
450102	3050276	17
3709207	301288	35
2644267	3050276	35
1513060	3050276	35
1096966	301288	17
1222138	3050276	35
3443387	301288	17
2397198	301288	17
2465432	301288	17
4557430	3050276	17
3882605	301288	17
3734563	3050276	17
2988167	301288	35
246788	1088670	17
4119626	3050276	35
4607557	3050276	35
3546613	301288	17
4306399	3050276	35
464324	3050276	17
2855368	3050276	35
2269252	301288	46
301288	3210305	63
3139682	3050276	35
4141315	3050276	35
1419978	3050276	17
1718607	301288	17
1542238	3050276	35
2320153	301288	35
2934305	301288	17
2584585	301288	17
1546360	3050276	35
3716094	301288	35
2126045	301288	35
1002829	3050276	35
3576842	301288	35
746769	301288	35
3118581	3050276	35
219282	3050276	17
1979880	301288	17
4104882	3050276	17
1574540	301288	46
1832821	301288	17
3832299	3050276	35
4174691	301288	35
2263933	3050276	35
4320690	3050276	35
1539861	2720719	258
1281747	301288	35
349748	3050276	35
2284200	3050276	35
2355239	3050276	35
1338675	301288	17
3359829	301288	35
1435748	301288	46
2767	301288	35
2713481	3050276	35
504627	3050276	17
843316	3050276	17
301288	3975137	38
2230667	301288	46
3654080	301288	35
2048690	3050276	35
922275	3050276	17
2833745	301288	17
1718607	3050276	17
3822789	3050276	17
3090089	3050276	17
121327	301288	17
4070675	301288	17
353208	3050276	35
2833745	3050276	17
3501922	301288	35
4148919	3050276	35
409646	301288	17
3661095	3050276	35
2302190	3050276	35
3114822	3050276	17
4034973	301288	17
3655028	301288	35
2878236	2629881	134
3103725	3050276	17
3527849	3050276	35
2469806	301288	35
537220	301288	35
532773	301288	35
1169468	301288	35
3730004	301288	17
3782633	301288	17
1587109	301288	35
684827	3050276	17
3999205	3050276	35
1070663	3050276	35
1162036	3050276	17
607736	301288	17
892177	3050276	35
3305405	3050276	35
1929065	3050276	35
3724703	3050276	35
3568699	301288	35
1731876	301288	17
42853	3050276	17
634921	301288	17
1728534	301288	17
2383157	301288	35
3485050	3050276	35
610268	3050276	35
610268	301288	35
1655746	3050276	17
1194114	301288	17
3379724	3050276	35
233008	301288	35
4246775	3050276	17
3893194	3050276	17
786576	3050276	35
2698399	3050276	17
4416970	301288	35
530935	301288	35
3438013	3050276	35
1392855	301288	17
3444004	3050276	17
2102392	3050276	35
1675031	301288	17
346942	301288	17
1202574	3050276	17
1846434	301288	35
3631054	3050276	35
1546769	3050276	17
1819532	3050276	35
2619179	301288	35
1018451	301288	35
2677750	3050276	35
2025333	3050276	35
1721308	301288	35
4588024	301288	35
3386220	3050276	35
2167113	3050276	35
4476173	3050276	17
40170	3050276	35
120174	3050276	35
2728031	3050276	35
1712260	301288	35
3271301	301288	35
301288	1294522	38
4619898	3050276	17
106635	301288	17
301288	1973483	63
872100	301288	35
301288	534598	38
301288	3425661	63
2193400	301288	35
2319033	3050276	17
4247350	3050276	17
3739611	301288	35
301288	4305023	63
2377587	301288	35
301288	843034	38
2579474	3050276	35
2638783	301288	17
2372568	3050276	17
2747292	3050276	35
3192629	301288	17
4487422	301288	35
4475025	3050276	17
2632510	301288	35
3069448	301288	35
3638603	301288	35
1225238	301288	17
4082459	3050276	35
480706	301288	17
1906653	301288	46
1729417	3050276	35
3921369	3050276	35
776362	3050276	17
267346	3050276	35
56732	301288	35
4510592	301288	17
1721892	301288	32
2809353	3050276	17
3123751	301288	35
1338782	3050276	17
1456054	301288	35
3466207	301288	17
1090517	3050276	17
4009839	301288	35
1754479	301288	35
1867538	3050276	17
301288	3759368	38
3612092	301288	35
52470	3050276	17
1189298	301288	17
4244854	3050276	35
1557076	301288	17
4049742	301288	46
3888123	3050276	35
733520	301288	35
1752917	3050276	35
1620033	3050276	35
3313764	301288	17
4029235	3050276	35
2861611	301288	17
1598910	3050276	35
2155509	3050276	35
3519594	3050276	35
3975904	3050276	35
4353993	301288	17
4163755	3050276	17
2732274	301288	17
3975137	3050276	17
1742781	3050276	35
3120139	301288	35
2093198	301288	17
301288	4624287	38
1307436	301288	35
2580139	301288	17
696128	301288	17
325176	301288	35
163387	3050276	35
3092563	301288	35
3496468	3050276	17
2499736	301288	17
993602	301288	17
1495211	301288	17
301288	1906653	63
258987	3050276	35
1539861	2039298	234
2889762	301288	17
132797	3050276	17
3002000	3050276	35
362119	3050276	35
1005695	3050276	35
1735938	3050276	35
2193400	3050276	35
3428213	3050276	35
4614481	301288	35
13065	301288	35
465918	3050276	35
3375589	301288	17
44009	3050276	35
301288	1267753	38
2374151	3050276	17
4582806	301288	35
301288	467800	38
1960482	3050276	35
4516384	301288	17
3782217	3050276	17
663697	301288	35
3775640	301288	35
4582000	3050276	17
1849011	301288	35
2878236	652900	134
301288	1900040	38
4259643	3050276	17
2333982	3050276	17
442592	3050276	35
4317851	301288	17
620516	3050276	35
1323617	301288	17
2474096	301288	35
464610	3050276	35
155268	3050276	35
2707010	301288	35
2159605	301288	17
178111	301288	35
570361	3050276	35
920134	301288	35
1203674	3050276	35
1169432	3050276	17
301288	3978430	63
1676427	301288	17
1868271	301288	17
4622721	301288	35
3021210	3050276	35
2678190	301288	35
2448811	301288	17
439507	301288	46
2372398	3050276	17
301288	1295587	38
1550408	301288	35
1676952	3050276	35
3826091	3050276	35
4131370	3050276	17
3242538	301288	17
1284157	301288	35
1136536	301288	17
1772639	301288	17
2268547	3050276	17
1598963	3050276	17
1300504	301288	46
3312942	301288	32
3551043	301288	46
3956262	3050276	35
128025	301288	35
739093	301288	17
443707	3050276	17
4298851	301288	17
3479482	301288	17
4481203	1334405	652
3378754	3050276	17
1707573	301288	35
1655746	301288	17
2058964	301288	17
3651732	301288	17
478447	3050276	35
2528378	301288	17
25828	301288	17
2099078	301288	46
823401	301288	17
301288	3310090	63
608010	3050276	35
336261	3050276	35
1788424	301288	17
1008766	301288	17
2393901	3050276	35
3022350	301288	35
45746	3050276	17
395584	301288	17
2390407	3050276	35
2686794	301288	46
3655028	3050276	35
822096	301288	35
1618104	3050276	17
608375	3050276	17
1030549	3050276	35
1929065	301288	35
2029902	3050276	35
4247666	3050276	35
2347954	301288	17
2483292	3050276	17
1468392	3050276	17
3934652	301288	17
614591	301288	35
537220	301288	46
1779957	301288	17
301288	2185462	38
380962	3050276	17
3337832	3050276	17
792048	301288	35
534598	3050276	17
2425389	301288	35
4155818	3050276	35
1134792	3050276	17
3065781	301288	35
4153220	301288	17
1659917	3050276	17
901373	301288	35
1381336	3050276	35
1872770	3050276	35
4486321	3050276	17
541472	301288	17
1203674	301288	35
10250	3050276	17
4031828	3050276	35
3200002	3050276	17
4192946	301288	17
1102930	3050276	35
4359357	3050276	35
1864542	3050276	17
3327508	301288	47
1545473	3050276	17
301288	1078385	63
281514	301288	32
3149829	301288	17
301288	3580263	63
2431215	3050276	17
2707010	301288	46
2175575	3050276	35
4205601	3050276	17
2814736	301288	35
1197335	3050276	17
539783	301288	35
3859246	3050276	35
324560	3050276	35
301288	1036837	38
1169468	3050276	35
624082	301288	46
3297259	301288	35
4247666	301288	35
10750	301288	17
2615827	301288	35
3897846	301288	17
997693	3050276	35
1993050	301288	35
4294792	3050276	35
1646455	301288	35
3478785	301288	17
4112029	301288	35
2707010	3050276	35
2906353	3050276	35
1029953	301288	17
301288	82442	63
2099078	301288	35
3474167	301288	46
1734372	3050276	35
2029902	301288	35
4621063	301288	35
2592782	301288	35
1984024	1088670	17
1005054	3050276	35
214218	3050276	35
1215749	301288	17
39364	3050276	17
2428027	301288	35
822096	3050276	35
1623853	301288	17
1311020	3050276	35
543739	301288	17
484690	301288	17
714875	301288	35
3313764	3050276	17
840079	301288	35
2721991	3050276	35
2112704	301288	17
2694467	3050276	35
4577431	301288	47
130948	3050276	17
2469559	3050276	35
3996162	3050276	17
2307307	301288	35
385431	301288	17
2006571	301288	35
782274	3050276	35
4631968	3050276	35
2383157	3050276	35
1139050	301288	35
301288	2230667	63
920688	301288	17
160192	3050276	35
7488	301288	35
2400662	3050276	17
2425069	3050276	17
4294792	301288	35
1275054	3050276	35
2094457	301288	35
1728534	3050276	17
1213528	3050276	35
2614109	3050276	17
2147219	301288	17
2041619	3050276	35
3461858	3050276	17
290666	3050276	35
4190407	3050276	17
3378754	301288	17
4644147	3050276	35
3944775	3050276	17
1854600	3050276	17
90595	3050276	17
4061951	301288	17
543062	301288	17
1312300	301288	35
1374159	301288	17
278621	3050276	17
3759368	3050276	17
2242328	301288	17
1198357	301288	17
3115988	301288	35
4431718	3050276	35
1083099	3050276	17
2559539	3050276	35
2492262	301288	35
2799149	301288	17
82442	301288	35
2280354	3050276	17
4640352	301288	17
1640930	3050276	35
896647	301288	17
3327508	301288	35
367699	3050276	17
3739611	3050276	35
3889556	3050276	35
2377587	3050276	35
3782633	3050276	17
1396896	301288	35
3012441	301288	17
972157	3050276	35
4380306	301288	17
154516	301288	17
2895878	3050276	35
869858	3050276	17
608010	301288	46
3590343	301288	17
244801	3050276	17
3759368	301288	32
1295058	301288	17
40170	301288	35
4377771	3050276	35
301288	2284200	63
2307307	3050276	35
4048387	301288	32
165356	301288	35
2025351	301288	35
3474887	246788	73
798120	301288	17
307163	301288	17
3519210	301288	17
3233795	301288	35
2018500	3050276	17
4019833	3050276	17
2026923	3050276	17
4576479	301288	35
933155	3050276	17
4443692	301288	35
4070794	3050276	35
3977124	3050276	35
4416835	301288	35
203090	3050276	17
1937103	3050276	35
1110445	301288	35
3210305	301288	46
4091267	301288	32
2725660	3050276	35
1734372	301288	35
239327	301288	17
3306688	3050276	17
1336253	3050276	17
301288	1721892	38
3897327	301288	17
2935463	3050276	35
1635878	3050276	17
2268979	301288	35
1565826	3050276	17
234408	301288	35
2157852	301288	17
2864561	301288	17
4478635	301288	17
1940782	301288	17
1255658	301288	35
1123932	301288	35
2257247	301288	35
1033597	3050276	35
1392577	301288	17
4523396	301288	17
713666	301288	17
2949872	301288	35
1125669	3050276	17
3413667	3050276	35
3926183	301288	17
336261	301288	35
592778	3050276	35
202313	301288	17
4397334	301288	46
1085921	3050276	17
3198055	3050276	35
521103	3050276	17
1866779	3050276	35
3888123	301288	35
1224798	3050276	35
4655856	3050276	17
1242141	3050276	35
1707573	3050276	35
1772916	3050276	35
4124747	3050276	35
4081427	3050276	17
857537	3050276	35
301288	173238	63
3111336	3050276	35
4068192	301288	17
2142925	3050276	17
1030549	301288	35
2342212	3050276	35
1295587	301288	17
3353034	3050276	35
1033268	301288	35
2602027	301288	17
301288	297315	38
397857	301288	35
301288	255594	63
3759673	3050276	35
4500587	3050276	17
1903760	301288	35
2681345	3050276	17
4356945	3050276	35
3960967	3050276	35
1029953	301288	32
901160	301288	17
482748	3050276	35
2550233	301288	17
972157	301288	35
4055000	301288	35
2069563	301288	35
1442705	301288	35
2985516	301288	35
4487046	3050276	17
2719045	301288	17
231921	3050276	17
1623853	3050276	17
2934305	3050276	17
2488565	301288	35
4648633	301288	35
1680459	301288	35
2691221	301288	35
3983576	3050276	17
3353034	301288	35
1729417	301288	35
2384796	301288	17
3341544	3050276	35
1022826	3050276	17
2770751	301288	35
1321935	3050276	17
3709462	3050276	35
3101594	3050276	17
573356	301288	17
4523396	301288	32
1419967	3050276	35
2795596	301288	35
4062644	301288	35
4500587	301288	17
2304960	3050276	35
2569311	3050276	35
247772	3050276	17
4484002	301288	17
2157852	3050276	17
4163531	3050276	35
1211360	3050276	35
4415387	3050276	35
3569032	3050276	17
416365	301288	35
4617242	301288	17
3461858	301288	17
1690425	3050276	35
4429518	301288	35
4486321	301288	17
301288	3023543	38
3875914	3050276	35
4300220	3050276	17
4242838	3050276	35
301288	3488833	63
663223	3050276	35
1245122	301288	35
2093198	3050276	17
2126682	3050276	35
1960482	301288	35
1740841	301288	35
1045813	3050276	35
4311849	301288	46
1717987	301288	84
744081	301288	17
1193812	3050276	17
278689	3050276	17
2003445	301288	35
2401016	301288	46
4102858	3050276	17
1197997	301288	35
3987042	301288	35
2856124	3050276	17
2294841	3050276	17
2025351	3050276	35
246788	2285178	80
1307694	301288	35
2123505	3050276	35
307163	3050276	17
56732	3050276	35
4443692	3050276	35
2026924	3050276	17
4588024	301288	47
170700	301288	35
4008392	3050276	35
160243	301288	17
521103	301288	17
193035	3050276	17
2832465	301288	32
2671640	3050276	35
301288	4652897	63
336166	301288	17
4593939	3050276	17
2362999	3050276	35
2688727	3050276	17
1618215	3050276	17
699286	3050276	17
1589743	3050276	35
3897846	3050276	17
839604	301288	35
665223	3050276	35
463864	301288	17
1786909	301288	35
416796	3050276	17
600548	3050276	17
1773276	301288	46
4362027	301288	35
3454088	3050276	17
887905	3050276	17
2212804	3050276	35
1545289	3050276	17
1171321	301288	17
3925097	301288	17
3574259	3050276	17
1495211	3050276	17
4127835	301288	35
2284200	301288	35
1449159	3050276	35
3645558	3050276	17
219129	3050276	17
1029901	3050276	35
1720239	3050276	35
981901	301288	17
4114106	3050276	22
3140281	301288	35
301288	2050257	63
3711885	3050276	17
585998	301288	35
645957	3050276	35
630385	301288	35
3775640	301288	46
2879317	3050276	35
761845	301288	35
3412959	301288	35
4247666	301288	46
3092563	3050276	35
1377471	3050276	17
2354406	3050276	35
932015	301288	35
285534	301288	17
13065	3050276	35
34494	301288	35
1638561	3515944	52
265824	301288	17
4498208	3050276	35
675265	3050276	17
1435748	3050276	35
2590265	3050276	35
3311124	301288	46
235001	301288	17
3867752	301288	35
610537	301288	47
301288	3975496	63
390690	301288	17
3859246	301288	35
1077040	301288	46
1100415	3050276	17
1234803	3050276	35
1529126	3050276	17
2456960	301288	17
297315	3050276	17
2748131	3050276	35
2535747	301288	35
3586663	3050276	17
4249975	246788	142
547551	3050276	35
902652	3050276	17
1230959	301288	32
2647011	301288	35
4424130	3050276	17
2063653	3050276	17
1911369	301288	17
1262495	301288	35
3550580	3050276	35
1224717	301288	35
760309	3050276	17
2254268	246788	66
1413329	3050276	35
4623098	3050276	35
2206384	3050276	35
301288	205759	63
2025333	301288	35
157216	3050276	17
4031828	301288	35
2252660	3050276	17
4057360	3050276	17
1392577	3050276	17
2442820	3050276	35
1329352	3050276	17
1070287	301288	35
4183037	3050276	17
2963958	3050276	17
1949577	301288	35
2394936	301288	17
2957723	3050276	17
4541630	3050276	17
1985321	301288	35
684398	301288	35
2931798	3050276	35
2372072	301288	35
4115813	3050276	35
1002804	301288	17
2818018	301288	17
500821	3050276	17
2016641	301288	35
416796	301288	17
489980	301288	17
4652897	301288	35
1300126	3050276	35
549443	301288	17
301288	3291210	63
365376	3050276	17
3748461	3050276	17
4589424	3050276	35
4442560	3050276	17
1857581	3050276	17
1436776	3050276	17
3882605	3050276	17
3457493	301288	35
21221	3050276	35
2745752	3050276	17
2175245	301288	17
2658593	3050276	35
3882194	301288	31
3865557	301288	17
4161215	301288	46
3177687	3050276	17
3697368	3050276	35
2807653	301288	17
1069107	301288	17
4368881	3050276	17
3460771	301288	35
4302673	301288	17
136993	3050276	17
4518490	301288	17
3198055	301288	35
3010995	3050276	35
246788	3474887	143
4499528	3050276	35
2504811	3050276	35
372732	301288	17
1162036	301288	17
2589333	301288	17
1091363	3050276	17
3855849	3050276	17
4139807	301288	35
3963270	3050276	35
1258117	301288	35
301288	4117031	38
2949872	3050276	35
791687	3050276	17
2957723	301288	17
3312942	3050276	17
2767	301288	46
385431	3050276	17
2401896	3050276	17
2428027	3050276	35
301288	145482	38
458604	3050276	35
1311994	301288	35
4557945	301288	17
45746	301288	17
557302	3050276	17
301288	613212	240
1009226	3050276	35
3200002	301288	17
2888700	301288	17
3425661	301288	35
301288	2846774	63
2320153	301288	46
1534014	301288	46
2010713	301288	46
3231110	3050276	35
2483661	3050276	17
24128	3050276	35
4067564	301288	35
2563009	3050276	35
3973827	301288	35
157216	301288	17
2583198	3050276	17
3841474	301288	35
4027510	3050276	17
2831319	301288	17
2831252	301288	17
713666	3050276	17
2004135	3050276	17
301288	279540	63
3580263	3050276	35
301288	585998	63
689872	301288	35
2599979	3050276	17
645957	301288	35
2401016	3050276	35
82442	3050276	35
3773675	3050276	17
2185299	301288	35
4310235	301288	17
301288	1595413	63
2650389	301288	17
654755	3050276	17
2050617	301288	17
2671640	301288	35
4626969	3050276	35
212233	301288	17
457903	301288	17
2581468	301288	35
3730753	3050276	17
965695	301288	35
3661095	301288	47
246788	1508208	143
4209071	301288	17
3511523	3050276	17
4323342	301288	17
1384848	301288	35
2268979	3050276	35
2201980	301288	35
2168682	3050276	17
4370673	3050276	35
2020515	301288	35
4133526	301288	35
3316070	3050276	35
90908	301288	17
4416835	3050276	35
365376	301288	17
4514417	1539861	156
433727	3050276	17
301288	3440824	63
2038929	301288	17
4082459	301288	35
1460537	301288	47
4432770	3050276	35
2650715	301288	35
3921369	301288	35
301288	3282806	63
3580263	301288	46
2878236	1244722	134
2712976	3050276	35
2779401	301288	35
56296	301288	17
3075180	3050276	35
388653	3050276	35
19378	301288	35
1134792	301288	17
51486	301288	35
3758059	3050276	35
510601	3050276	17
2206384	301288	35
3394584	301288	17
359816	301288	17
4566280	301288	17
3196705	3050276	35
136993	301288	17
2590668	3050276	35
2066291	3050276	17
3474887	3050276	500
1279425	301288	35
2406968	3050276	35
1733926	301288	17
2712976	301288	46
4014740	3050276	17
2126682	301288	46
4093318	301288	35
4475025	301288	17
3989505	3050276	35
1439968	301288	35
4412601	3050276	17
235001	3050276	17
4080342	3050276	35
1985460	3050276	35
297275	3050276	17
4034245	301288	17
1574540	3050276	35
1956522	301288	35
3341544	301288	35
493180	301288	17
4002731	301288	46
2165293	3050276	17
3404730	301288	35
2650900	301288	17
1151465	301288	35
610537	3050276	35
4503880	301288	17
1257531	301288	17
4328648	301288	17
4173023	3050276	35
1190732	301288	35
3972793	301288	35
4179838	3050276	35
4480731	3050276	17
1008766	3050276	17
1373444	3050276	35
2917230	301288	35
237504	3050276	35
1440210	3050276	17
301288	642271	63
1194914	3050276	17
3396251	3050276	17
3075180	301288	35
130737	301288	17
3250804	3050276	17
3579031	3050276	17
4471978	301288	35
1060745	2570281	2624
2567616	301288	35
170757	301288	47
4111680	301288	35
372332	3050276	17
3233933	301288	17
301288	1453376	63
3026370	301288	17
301288	2401016	63
3353156	301288	46
2778520	301288	35
2716283	3050276	35
18023	301288	46
2786854	3050276	17
2701988	3050276	35
4305023	301288	35
1971085	3050276	35
772622	3050276	35
2567616	3050276	35
650229	3050276	35
1731876	3050276	17
3790418	301288	17
666703	3050276	17
1469409	3050276	17
3058556	3050276	35
2879080	3050276	35
90908	3050276	17
322694	301288	17
1834800	301288	35
394241	3050276	17
1797022	301288	32
3084322	3050276	35
4481402	3050276	17
1060745	2939989	77
4598928	3050276	35
796203	301288	35
856996	301288	35
3076746	301288	17
4225676	301288	35
1147064	2066269	2502
4655856	301288	17
1312300	3050276	35
3839404	301288	17
3341960	3050276	35
1081305	3050276	35
184048	301288	17
658761	3050276	17
775952	3050276	17
539338	301288	17
2761128	3050276	35
1300504	3050276	35
304321	3050276	17
3885846	3050276	35
2268547	301288	17
1211360	301288	35
1929160	301288	17
1772708	3050276	17
1737339	301288	35
4124200	3050276	17
301288	4603334	63
3437231	3050276	35
1213528	301288	35
4576479	3050276	35
1633816	3050276	17
4141288	301288	17
1680459	3050276	35
4306399	301288	35
2598765	3050276	35
2328610	301288	17
3885846	301288	35
2939989	1088670	17
2888700	3050276	17
4423847	3050276	17
2560151	301288	32
3515944	684827	74
3515944	246788	74
2140318	301288	17
3501256	301288	35
670899	3050276	35
2254268	3050276	35
760309	301288	17
3706878	301288	17
301288	2044681	38
2576560	301288	17
1534014	3050276	35
1917336	3050276	35
1464468	3050276	35
2319033	301288	17
872359	3050276	35
1618215	301288	17
3402391	3050276	35
2856516	3050276	17
2929918	3050276	17
1152501	301288	35
4582000	301288	17
1181568	301288	35
2563265	3050276	35
2579369	301288	17
2848587	301288	17
1661554	3050276	35
388507	3050276	35
2126045	3050276	35
1453253	3050276	35
3311587	3050276	35
3406961	301288	35
4416970	3050276	35
2570281	4481203	68
2383035	3050276	17
2576560	3050276	17
706141	3050276	17
1937103	301288	35
2668099	301288	35
3491564	301288	17
4250469	301288	17
3058556	301288	35
301288	1873089	38
4577431	301288	35
4268271	3050276	17
1973483	301288	35
3084322	301288	35
2788909	301288	35
2693098	3050276	35
1439968	3050276	35
301288	1586259	63
4603866	301288	46
4064552	3050276	35
1181568	3050276	35
1022826	301288	17
412219	301288	35
2112727	3050276	17
752597	301288	17
709618	301288	35
4130191	3050276	35
1769445	3050276	35
810374	3050276	35
3677261	3050276	17
876086	301288	35
4051630	3050276	35
4386872	301288	35
154516	3050276	17
791687	301288	32
1738826	301288	17
2049314	301288	17
450102	301288	17
3115203	301288	46
1439945	3050276	17
3145908	3050276	35
2458117	3050276	17
1128497	301288	17
88775	3050276	35
2985516	3050276	35
4416324	3050276	17
3136186	3050276	35
3025955	301288	17
365241	301288	17
103259	301288	35
2044681	3050276	17
2158740	3050276	17
223716	301288	17
3439467	3050276	35
1063623	3050276	35
2831252	3050276	17
1997355	301288	17
3439467	301288	35
3591371	3050276	35
2528378	3050276	17
1900040	301288	17
642271	301288	46
4516384	3050276	17
3698724	3050276	17
3230687	301288	17
275954	3050276	17
787443	3050276	17
3618526	301288	35
2093297	301288	35
1866779	301288	35
374306	3050276	17
2958967	301288	35
972081	3050276	35
2579474	301288	35
1078356	301288	35
3836498	3050276	35
798120	3050276	17
1348891	301288	46
4532263	3050276	17
301288	2949872	63
301288	3353337	63
3629220	3050276	35
1338708	3050276	35
1335045	3050276	35
2176598	301288	35
1865157	301288	35
66378	3050276	35
3744950	301288	17
2351657	3050276	17
301288	1946983	63
3950123	3050276	17
515242	3050276	35
2651180	301288	35
3580263	301288	35
3962185	301288	17
4093956	3050276	35
3237674	301288	46
2406523	301288	17
2072870	301288	17
3516257	301288	35
301288	4621063	63
3540928	301288	35
343899	3050276	17
2035220	3050276	17
223716	3050276	17
3535832	301288	35
3130788	301288	35
3299127	3050276	35
3589728	301288	35
2215955	3050276	35
4288811	301288	35
4486123	3050276	17
3249376	3050276	35
404874	301288	35
4114106	3050276	24
4067564	3050276	35
2951876	3050276	35
1552401	3050276	35
3436805	3050276	17
2626607	301288	17
1740841	301288	46
4147425	3050276	35
2949872	301288	46
4264793	301288	17
3058631	301288	35
1311994	3050276	35
510382	301288	17
1015263	3050276	17
1737339	3050276	35
301288	1021902	63
4357261	301288	35
4453784	3050276	17
3237674	301288	35
1295058	3050276	17
3868420	301288	35
3231265	301288	17
3531967	3050276	35
4601074	3050276	35
4561590	301288	46
2138803	301288	17
2999290	3050276	17
4395044	301288	17
3568699	3050276	35
805286	301288	17
3534633	3050276	35
2452755	3050276	17
2063186	301288	35
403612	3050276	17
2535747	3050276	35
1692996	3050276	35
2650900	3050276	17
1435748	301288	35
805605	3050276	17
411787	301288	17
2378382	301288	35
3776106	3050276	35
3228389	3050276	17
2294841	301288	17
3454993	3050276	17
595533	301288	35
553243	3050276	17
205884	3050276	17
2569311	301288	35
4514679	301288	17
2119771	3050276	17
1320178	301288	32
2927642	301288	35
3291210	3050276	35
2130644	3050276	35
3601860	3050276	35
1969796	301288	17
3095606	3050276	35
1683802	3050276	35
3753758	3050276	17
3848843	301288	35
3478785	3050276	17
2333982	301288	17
301288	1039986	38
301288	974462	63
2690813	301288	35
1675031	3050276	17
4543551	301288	35
3687832	301288	35
397685	3050276	17
2878236	2856516	134
2789844	3050276	35
3219153	301288	35
3739611	301288	46
255697	3050276	17
2081107	3050276	17
2861647	3050276	35
3501066	301288	35
3536166	3050276	35
3643767	3050276	17
706141	301288	17
1502091	301288	17
624082	301288	35
2510093	301288	17
1605291	3050276	17
214660	301288	17
607736	3050276	17
301288	2387303	63
1107857	301288	17
4211083	3050276	35
2073048	301288	17
128025	3050276	35
4411017	301288	35
4408213	3050276	35
1329323	301288	17
2708779	3050276	35
1083030	301288	35
3975496	3050276	35
1147064	3050276	1262
666703	301288	17
4468576	301288	35
244801	301288	17
3981199	301288	17
782224	301288	17
120174	301288	35
3782936	3050276	17
3506637	3050276	35
275236	301288	17
4626969	301288	35
2548399	3050276	35
557302	301288	17
4133526	3050276	35
3865757	301288	35
3119187	301288	35
301288	56732	63
1453376	3050276	35
3962185	3050276	17
3308953	3050276	17
978495	3050276	17
1773276	3050276	35
864306	301288	17
1684743	301288	47
1042226	301288	17
2654213	3050276	17
2540924	301288	35
4033819	3050276	17
1022201	301288	35
3422598	301288	35
3080142	301288	35
1331660	301288	17
1331453	301288	35
4345913	3050276	17
1693678	301288	35
3338891	301288	35
2008489	301288	17
2961391	301288	35
301288	2017093	63
19378	3050276	35
439507	3050276	35
4311874	3050276	35
2134067	3050276	35
4162598	301288	35
1611775	301288	46
448206	301288	35
1638014	301288	35
3797868	301288	35
654020	3050276	35
880249	3050276	35
663223	301288	35
2698399	301288	17
751882	301288	17
1638561	3515944	75
1127592	3050276	17
3881304	301288	17
946307	3050276	17
2498220	3050276	17
1396352	301288	17
2524404	301288	35
3245447	301288	17
170757	3050276	35
2918670	301288	17
1078385	301288	46
301288	4251498	63
301288	4111680	63
1819532	301288	46
4461723	3050276	35
2210233	301288	35
3708674	3050276	17
1741890	301288	35
2846364	301288	35
3139682	301288	35
1242099	3050276	17
301288	3551043	63
4557430	301288	17
1252729	301288	35
2067247	3050276	17
1336458	3050276	35
2791834	301288	17
4572480	3050276	35
3805873	301288	35
1078385	3050276	35
2094457	3050276	35
3242538	3050276	17
1054221	3050276	17
1365986	301288	17
2607260	3050276	35
2747612	301288	17
2008489	3050276	17
4209987	3050276	35
411787	3050276	17
1834800	3050276	35
301288	4523396	38
4540161	301288	35
4468576	301288	47
2289072	301288	17
2550428	3050276	35
2185462	301288	32
923867	246788	72
4346439	3050276	17
2762121	3050276	35
396687	3050276	35
1377937	301288	35
3336109	301288	35
2420570	301288	35
3896099	301288	35
3776105	301288	35
1390926	3050276	35
1442705	3050276	35
3977124	301288	35
614591	3050276	35
164055	301288	17
301288	4597813	38
3511523	301288	17
1255658	3050276	35
1127592	301288	17
2365759	301288	35
236620	301288	22
3459001	301288	46
775952	301288	17
2574687	301288	35
2879080	301288	35
3896099	3050276	35
2458117	301288	17
301288	84077	404
3237867	3050276	35
2049997	3050276	35
3648516	301288	17
923867	3050276	17
568401	301288	35
2120155	3050276	35
3501066	3050276	35
2050257	301288	35
4641867	301288	17
7488	3050276	35
2418679	3050276	17
1042226	3050276	17
904540	3050276	17
3012097	301288	35
1973483	301288	46
2864384	3050276	17
1331660	3050276	17
1516783	301288	35
1574307	3050276	17
4515880	3050276	35
920134	3050276	35
4222421	3050276	17
2069563	3050276	35
3935686	3050276	35
1054221	301288	17
3326158	3050276	17
4135149	301288	17
4059435	301288	35
1666185	3050276	17
2550233	3050276	17
3987042	301288	46
1641571	301288	35
4624287	301288	32
301288	451419	38
326436	301288	35
436221	301288	35
4120164	3050276	17
2117913	3050276	35
482748	301288	35
861664	301288	17
1182667	3050276	17
1352794	301288	32
2257588	3050276	17
4231111	3050276	17
2650715	3050276	35
1904633	301288	17
344583	301288	17
1712260	3050276	35
3216977	3050276	17
1912785	3050276	17
4148419	301288	17
1107492	3050276	17
346942	3050276	17
4293532	3050276	35
1383473	301288	35
4048387	301288	17
4648633	3050276	35
69756	301288	35
1459961	3050276	35
193035	301288	17
301288	4377771	63
637128	3050276	17
2135110	3050276	35
1058954	301288	35
3164959	3050276	17
4652897	301288	46
1442650	3050276	17
3422138	301288	17
3742783	3050276	35
4050462	3050276	17
1006014	3050276	17
3444004	301288	17
2725660	301288	46
1528618	3050276	17
3230687	3050276	17
2565615	301288	35
3553863	301288	17
3077605	301288	17
739253	3050276	35
4564075	3050276	35
388732	301288	17
1085921	301288	17
3533781	301288	35
52470	301288	17
538927	301288	35
2362999	301288	47
1587109	3050276	35
861664	3050276	17
4641257	3050276	17
3618386	301288	46
2528938	3050276	17
3516257	3050276	35
3958551	301288	35
3505755	301288	35
4466546	301288	46
1300751	301288	35
2134787	3050276	35
1055748	301288	35
3381606	3050276	17
1508208	246788	73
1953790	301288	17
1426621	301288	35
4067970	301288	35
205759	301288	46
4323342	3050276	17
4538133	301288	35
4093318	3050276	35
360113	301288	17
2081107	301288	17
1544019	301288	35
2867165	301288	35
2486962	3050276	17
4029235	301288	35
2192198	3050276	35
3880512	3050276	17
4603334	301288	46
1121732	3050276	17
1288725	3050276	17
1737077	301288	46
4262736	3050276	17
2855368	301288	46
1881790	3050276	35
1729262	301288	17
1253616	301288	35
963792	301288	17
658111	3050276	17
568612	301288	17
1724678	301288	17
301288	615227	38
3428213	301288	46
3297259	3050276	35
2867165	3050276	35
882843	301288	35
3987042	3050276	35
2129597	301288	35
3319316	3050276	17
2372568	301288	17
301288	2855368	63
37841	301288	17
3495246	3050276	17
1103550	3050276	17
2285178	246788	72
3335974	3050276	35
160243	3050276	17
301288	2795596	63
908210	3050276	35
3534633	301288	35
1599216	301288	35
133953	301288	17
614669	301288	35
4574748	301288	17
2712681	3050276	17
2846774	3050276	35
1456054	3050276	35
246788	4249975	145
267217	301288	35
145482	301288	32
301288	1737077	63
204392	301288	35
4014276	3050276	35
3329997	301288	35
1720064	3050276	17
2721991	301288	35
4520899	301288	35
1566171	3050276	35
3536393	3050276	35
975994	3050276	17
1997355	3050276	17
1793282	301288	35
301288	2707010	63
1229140	301288	17
2809469	3050276	17
4380306	3050276	17
1917336	301288	35
301288	4246775	38
2573105	3050276	35
3200476	3050276	35
1070386	301288	17
3302832	301288	17
840073	3050276	17
922275	301288	17
2208253	301288	17
3497262	3050276	35
642526	3050276	17
1505237	301288	17
234787	301288	17
1504484	301288	17
3589728	3050276	35
2144850	3050276	35
2426999	301288	35
3156072	3050276	17
1422746	3050276	35
4297960	3050276	17
1574540	301288	35
154171	3050276	35
2406968	301288	35
3418346	3050276	17
4447691	301288	35
3564220	301288	17
3865757	3050276	35
367699	301288	17
2694467	301288	35
1070386	3050276	17
1737077	3050276	35
2677750	301288	35
4431718	301288	35
4422356	301288	35
2185299	3050276	35
1315612	301288	35
4508482	3050276	17
4229350	3050276	35
1365986	3050276	17
3590343	3050276	17
995189	3050276	17
301288	90595	38
301288	4397334	63
3394584	3050276	17
1635176	301288	35
1095929	301288	17
2660254	301288	35
1553031	301288	46
3413667	301288	35
3646023	301288	35
2960344	3050276	17
2390407	301288	35
1946507	3050276	35
2719898	301288	35
90604	301288	17
549443	3050276	17
2378850	3050276	35
4147822	301288	17
2188950	301288	17
349223	3050276	35
1302051	301288	35
4403718	301288	35
1224798	301288	35
3115203	301288	35
1003298	3050276	35
301288	40719	38
1525969	301288	35
2049997	301288	35
984698	3050276	35
2117393	3050276	17
3632363	3050276	17
974462	301288	46
4284051	301288	46
301288	3115203	63
607967	3050276	17
843034	3050276	17
301288	2832465	38
1242099	301288	17
640626	3050276	35
4233227	301288	35
672577	301288	35
301288	4561590	63
1803756	3050276	17
40719	3050276	17
2354494	301288	17
1468392	301288	17
1611426	301288	35
1640930	301288	35
3936019	3050276	17
155268	301288	35
4462030	3050276	17
2545764	301288	17
2344581	301288	35
590548	3050276	35
3779264	301288	17
4311849	3050276	35
161723	3050276	17
1895774	301288	17
231921	301288	17
3529257	301288	17
301288	4466546	63
3566841	301288	17
1720239	301288	46
923322	3050276	17
3379724	301288	35
2095430	301288	35
2788909	3050276	35
2589496	301288	35
782274	301288	35
3485397	3050276	35
1919322	301288	17
2647068	301288	46
298826	301288	35
4346439	301288	17
1273258	3050276	17
3956262	301288	35
4321305	301288	35
3617291	3050276	35
2678190	3050276	35
2375964	3050276	35
1517889	3050276	35
2545764	3050276	17
3466207	3050276	17
4300220	301288	17
1946881	301288	17
2796896	3050276	35
3708023	301288	35
3437305	3050276	35
3547337	301288	47
3013988	3050276	35
10750	3050276	17
3310090	301288	35
761234	3050276	17
1363855	301288	35
684827	3954512	2109
2592782	3050276	35
669355	3050276	35
1639966	301288	35
726239	301288	17
1721892	3050276	17
3547337	3050276	35
2003445	3050276	35
1923980	3050276	35
4403718	3050276	35
3234754	301288	35
2285178	3050276	17
2112704	3050276	17
962882	3050276	35
2697990	301288	17
509574	301288	35
480706	3050276	17
689872	3050276	35
1324473	3050276	17
2892012	3050276	17
2629373	301288	17
2716283	301288	35
4174691	3050276	35
2400837	301288	17
3444081	3050276	17
1096714	3050276	17
1182921	3050276	35
1030332	301288	35
1721892	301288	17
3081204	3050276	17
301288	1483220	63
3655028	301288	46
1454735	301288	35
3204587	301288	17
3153020	301288	35
811269	301288	35
3978430	301288	35
1786631	3050276	17
465918	301288	35
1661881	301288	35
1197997	3050276	35
3437305	301288	35
2147000	301288	17
366088	301288	35
1504898	3050276	35
503613	3050276	35
3023543	3050276	17
2637977	3050276	17
3478481	3050276	35
1919322	1060745	77
2864561	3050276	17
301288	439507	63
4412601	301288	17
1221810	3050276	17
4628902	3050276	17
3204368	3050276	35
4229096	301288	17
1027546	301288	17
4353993	3050276	17
3697368	301288	35
1413329	301288	35
3406961	3050276	35
267217	3050276	35
1903760	3050276	35
572103	301288	17
1923459	3050276	17
3606140	3050276	35
3764342	3050276	35
2796896	301288	35
3031757	301288	17
3205168	3050276	17
1156308	301288	17
2473887	3050276	17
2677422	301288	17
2666397	301288	35
920425	301288	35
1024914	301288	35
2982994	301288	35
473296	3050276	17
2908783	301288	17
2626310	3050276	17
4169380	301288	35
4253453	301288	35
1033051	3050276	17
4481203	2570281	103
1134257	3050276	35
3095606	301288	35
1004659	3050276	35
4462339	301288	17
4561590	3050276	35
4543551	3050276	35
2365759	3050276	35
3259362	301288	35
2774628	301288	35
3647980	3050276	17
301288	537220	63
1946983	301288	46
786576	301288	35
4270300	3050276	35
932260	301288	17
1926474	301288	17
2145773	3050276	35
2016464	3050276	17
3902554	301288	17
3826671	3050276	35
1148981	301288	17
4048387	3050276	17
3253619	301288	35
2729386	3050276	17
3028687	301288	35
1003298	301288	35
609658	301288	17
3013988	301288	35
3743662	301288	35
3231933	3050276	35
2450682	3050276	17
2401896	301288	17
4461723	301288	35
4061951	3050276	17
1422746	301288	35
4547386	3050276	35
2699991	3050276	17
2248737	301288	35
3826091	301288	35
2601447	301288	17
701847	301288	17
3536297	3050276	35
301288	537301	38
700765	3050276	35
2574687	3050276	35
301288	4226033	38
4009667	301288	35
2696847	301288	35
4232328	3050276	35
1819592	301288	35
301288	516500	18
380962	301288	17
3334920	301288	35
3962550	3050276	17
2095430	3050276	35
2456960	3050276	17
2849764	301288	35
2119771	301288	17
3536297	301288	35
2193400	301288	46
1720603	301288	17
478713	301288	35
1637963	301288	17
2628381	3050276	17
274846	3050276	17
3462968	301288	35
3775622	301288	35
3561563	301288	17
1505237	3050276	17
130948	301288	17
600548	301288	17
1984041	301288	17
3909202	301288	35
2066269	4114106	32
4183379	3050276	35
726239	3050276	17
4205601	301288	17
1295587	301288	32
2846774	301288	35
286048	301288	35
2379616	3050276	35
2727955	3050276	35
3027691	3050276	17
3502852	301288	17
3501256	3050276	35
901160	3050276	17
4624287	3050276	17
850991	3050276	35
1440210	301288	17
1065893	301288	17
3308953	301288	17
3319316	301288	17
301288	3472867	63
4022279	3050276	17
258987	301288	35
3021210	301288	35
843316	301288	17
2017093	3050276	35
301288	2226977	63
1024914	3050276	35
275954	301288	17
3302832	3050276	17
547551	301288	35
4370673	301288	35
1432332	3050276	35
3156072	301288	17
3284859	3050276	17
2115238	301288	17
3334920	3050276	35
2861647	301288	35
1392855	3050276	17
2162537	3050276	35
1719129	3050276	17
3432731	301288	17
1875221	301288	17
1740841	3050276	35
3950123	301288	17
2167113	301288	35
3999205	301288	35
823362	3050276	17
1212445	301288	35
212233	3050276	17
1464468	301288	35
1719129	301288	17
534655	3050276	35
2908922	3050276	35
1396953	301288	35
830233	301288	35
789825	3050276	17
3536393	301288	35
130737	3050276	17
1638014	3050276	35
1525969	3050276	35
3708674	301288	17
1720570	301288	35
301288	1439968	63
3738087	301288	17
1792238	3050276	35
3096679	3050276	35
2510055	3050276	17
3275649	301288	35
896647	3050276	17
4252601	301288	17
440324	3050276	17
4065163	301288	35
1348891	301288	35
744081	3050276	17
2284200	301288	46
4491865	3050276	35
3773675	301288	17
2028796	3050276	17
423715	301288	17
568612	3050276	17
659218	301288	35
1453376	301288	46
1565826	301288	17
1651098	301288	35
2736902	301288	35
4226033	301288	32
2469559	301288	35
3080142	3050276	35
4546426	3050276	35
3709207	3050276	35
137000	301288	17
608375	301288	17
2856516	2878236	540
301288	3638603	63
884654	301288	17
714113	301288	17
1773276	301288	35
3414314	3050276	17
1435264	3050276	35
761993	3050276	17
2548399	301288	35
24128	301288	35
3973827	301288	46
124015	3050276	17
160192	301288	46
1724678	3050276	17
4268271	301288	17
1242141	301288	35
1861167	301288	17
896932	3050276	17
301288	2010713	63
3164599	3050276	17
3340746	301288	35
1985321	3050276	35
2695992	301288	17
1595413	301288	46
301288	782274	63
1912785	301288	17
3654080	3050276	35
1006014	301288	17
56366	301288	17
1997204	3050276	17
1009789	3050276	17
609658	3050276	17
830648	301288	17
433727	301288	17
2063186	3050276	35
3755080	301288	17
3075698	3050276	17
1546344	301288	17
4124200	301288	17
2635326	3050276	35
3996162	301288	17
2045316	301288	17
2329928	3050276	35
1103427	301288	32
1598176	301288	17
1284157	3050276	35
1515141	301288	35
2682320	3050276	17
2006571	3050276	35
1262420	3050276	17
4337341	301288	35
3638603	3050276	35
4357261	301288	47
1566171	301288	35
1571847	301288	17
1193812	301288	17
4144394	301288	35
4606320	3050276	17
246982	3050276	17
2442421	301288	17
4322763	3050276	17
2607260	301288	35
3956391	3050276	35
2963958	301288	17
2157392	3050276	35
3972928	3050276	17
2594632	3050276	17
3617291	301288	35
442592	301288	35
3082430	3050276	35
1729505	301288	35
3381606	301288	17
2901674	3050276	17
4227334	301288	17
301288	443707	38
467800	301288	32
301288	590548	63
311217	3050276	17
2977104	301288	35
6124	301288	35
659218	301288	46
2566545	301288	35
2162537	301288	46
4483340	3050276	17
775304	3050276	17
689637	3050276	17
3956391	301288	35
3630847	301288	35
2884634	301288	17
2734997	301288	17
3852620	301288	17
1439945	301288	17
10250	301288	17
933155	301288	17
2442820	301288	35
4540471	301288	17
301288	3428213	63
3065781	3050276	35
1790942	3050276	35
1070663	301288	35
652900	2878236	540
2598765	301288	35
1143194	3050276	17
516500	1060745	38
1136536	3050276	17
2779439	301288	17
4461255	301288	35
1706438	301288	17
214660	3050276	17
247115	3050276	35
3958551	3050276	35
301288	2302190	63
2587358	301288	35
3977363	3050276	17
3003865	301288	17
4255959	3050276	17
1077040	301288	35
2713219	301288	17
1620704	3050276	17
3234754	3050276	35
1802440	301288	17
1423625	1334405	652
4070675	3050276	17
3224561	3050276	35
2855049	301288	17
514955	3050276	17
1546360	301288	35
2871732	301288	17
4049742	3050276	35
2447798	3050276	17
1224717	3050276	35
2099078	3050276	35
893900	301288	35
2248737	301288	46
3488833	301288	35
173238	301288	46
553070	301288	17
301288	2958967	63
3260013	301288	35
2735506	301288	35
33774	3050276	35
2038929	3050276	17
2937061	3050276	35
223091	3050276	17
4002731	301288	35
1414375	3050276	17
1624369	3050276	35
1870823	301288	35
896932	301288	17
3291559	3050276	35
2844126	3050276	17
301288	380962	38
4310235	3050276	17
1861167	3050276	17
670899	301288	35
2619179	3050276	35
3422780	301288	17
3028687	3050276	35
1137433	3050276	17
2021364	3050276	17
2184365	301288	17
4177922	301288	17
440324	301288	32
76070	3050276	35
1194914	301288	17
3738087	3050276	17
3893821	3050276	35
3817128	301288	17
448206	3050276	35
1060745	4604864	77
4337341	3050276	35
2187403	301288	17
2963550	301288	17
274846	301288	17
3524737	3050276	17
423284	3050276	35
1264743	301288	17
573356	3050276	17
3228389	301288	17
1777344	3050276	35
3074597	3050276	35
464610	301288	47
301288	3054251	63
741559	301288	35
1280207	301288	17
380515	301288	35
1045639	301288	35
3485397	301288	35
324560	301288	35
4131370	301288	17
1225140	301288	17
2694505	301288	17
1908970	301288	17
3846740	301288	17
3164599	301288	17
301288	1819532	63
1508663	301288	17
1802405	3050276	17
4044068	3050276	17
3361064	3050276	17
4426548	3050276	17
1045639	3050276	35
882843	3050276	35
202313	3050276	17
405143	3050276	17
2048690	301288	35
3373259	3050276	35
301288	698687	63
2175575	301288	35
772622	301288	35
4606213	301288	35
1951295	301288	35
2809469	301288	17
4487422	3050276	35
1107492	301288	17
3812339	301288	17
3729053	301288	17
1656699	301288	35
908495	301288	35
2134067	301288	46
301288	2770751	63
3626957	3050276	35
2727955	301288	35
3131910	301288	17
2357462	301288	17
3753380	301288	17
301288	458604	63
3488833	3050276	35
2853486	301288	17
4345913	301288	32
4246775	301288	32
4209264	3050276	35
400185	301288	17
610537	301288	35
2874405	301288	35
1338782	301288	17
4457926	301288	17
3550580	301288	47
297275	301288	17
1969826	3050276	35
3191290	3050276	35
2695992	3050276	17
3396316	3050276	17
11063	3050276	17
2572808	301288	17
3074597	301288	35
4480731	301288	17
3932415	3050276	17
1193899	3050276	35
4600423	301288	17
1904633	3050276	17
1956745	3050276	17
3385305	3050276	35
4305023	3050276	35
4105351	301288	17
2378850	301288	35
3496468	301288	17
2665526	301288	35
2556256	3050276	35
2246583	301288	32
3153558	301288	35
4531850	301288	35
2560151	3050276	17
1077040	3050276	35
3656454	301288	17
3533781	3050276	35
637463	3050276	35
1906653	3050276	35
2598470	3050276	35
3264800	301288	35
3764437	3050276	17
1121821	3050276	17
246788	3515944	71
4225491	301288	17
1666185	301288	17
1308253	301288	17
1360449	301288	17
2806570	301288	35
98941	3050276	17
1977157	301288	17
252556	301288	17
2828390	3050276	17
84077	301288	346
205642	301288	17
1426102	3050276	17
2629881	301288	17
4015015	301288	17
739093	3050276	17
3962684	301288	35
2159605	3050276	17
1578360	3050276	17
3569032	301288	17
4050462	301288	17
2388997	301288	46
2401016	301288	35
1129190	3050276	17
265824	3050276	17
3088505	3050276	35
301288	2686794	63
1635878	301288	32
1009789	301288	17
529121	3050276	17
389097	3050276	35
3023543	301288	17
3734563	301288	17
301288	3987042	63
403612	301288	17
236620	301288	24
3031509	3050276	17
1927544	301288	35
2248737	3050276	35
2257588	301288	17
2145773	301288	35
2915270	3050276	35
814517	3050276	35
278909	3050276	35
4077278	3050276	17
3130788	3050276	35
1926276	301288	35
2486422	3050276	17
1854600	301288	17
3098212	3050276	17
1803452	3050276	35
2447798	301288	17
3216977	301288	17
3662580	3050276	35
3425661	301288	46
3035302	301288	17
1474248	3050276	35
301288	1574540	63
301288	4077278	6693
301288	4410796	6693
301288	1694778	6711
301288	1833938	6693
301288	1911319	6711
3050276	1598176	6693
684827	3954512	8632
301288	2873790	6711
3050276	4068192	6693
4284051	301288	6739
3050276	2588703	6693
301288	4156318	6711
3050276	2874405	6711
301288	1892434	6711
301288	2246610	6693
301288	2117913	6711
3050276	3775622	6711
301288	1772916	6711
3050276	2860031	6693
301288	723422	6711
3050276	4614481	6711
3050276	1862567	6711
3050276	360113	6693
3050276	1951295	6711
301288	4603866	6711
301288	2965331	6693
3050276	3119408	6693
301288	4179838	6711
3050276	4577431	6711
3050276	86227	6693
301288	1626061	6711
3050276	1693678	6711
301288	1134257	6711
3050276	4138142	6693
301288	205759	6711
301288	1103550	6693
1611775	301288	6739
18023	301288	6739
301288	2493123	6711
3050276	2734997	6693
301288	1194433	6693
301288	1802405	6693
3050276	1017574	6693
3050276	640912	6711
301288	237504	6711
3050276	388732	6693
3050276	4451861	6693
301288	3606961	6711
3050276	2448811	6693
301288	2932370	6711
301288	3836498	6711
301288	2762121	6711
301288	4564075	6711
3050276	2270550	6693
3050276	2080950	6693
301288	3944775	6693
301288	3306688	6693
3050276	1033268	6711
2767	301288	6739
301288	3709462	6711
301288	3487672	6693
3050276	227409	6711
3050276	2147219	6693
301288	2162537	6711
3050276	3508315	6693
301288	642271	6711
3050276	1144772	6711
301288	1221810	6693
3050276	467800	6693
301288	124015	6693
301288	3485050	6711
301288	3682922	6693
301288	2632611	6693
3050276	326436	6711
301288	473296	6693
3050276	2592539	6711
3050276	275264	6711
2878236	2629881	7216
3050276	3848843	6711
301288	995189	6693
3050276	1504614	6693
3237674	301288	6739
301288	2019115	6711
3050276	698687	6711
3050276	2748212	6693
3050276	3233795	6711
3050276	2696847	6711
301288	1643102	6693
3050276	444570	6693
1728694	301288	6739
301288	1396676	6711
3050276	932260	6693
301288	80643	6711
3050276	3474167	6711
3050276	504038	6711
301288	2280354	6693
301288	2342212	6711
301288	2108014	6711
3050276	3538312	6693
301288	2892012	6693
3050276	3706878	6693
3050276	1827242	6711
301288	962882	6711
301288	3978430	6722
3050276	2425389	6711
1680441	301288	6714
3050276	3932237	6711
301288	1321398	6693
301288	1769445	6711
301288	3742783	6711
301288	4601074	6711
3050276	4123607	6711
301288	4587448	6693
3050276	1515141	6711
3050276	2378382	6711
301288	2892668	6711
301288	2112974	6711
3050276	234787	6693
3050276	1728694	6711
3050276	3131910	6693
3050276	1245122	6711
3050276	876086	6711
301288	4183037	6693
3050276	2646593	6711
3050276	974462	6711
3050276	2712062	6693
301288	1091097	6693
3050276	1943992	6693
3050276	1865157	6711
3050276	3912765	6711
3050276	2589333	6693
3050276	4332283	6693
301288	1638588	6693
301288	1943992	6693
301288	3961502	6693
301288	1234803	6711
301288	4334788	6693
3050276	109332	6693
3050276	1234428	6693
301288	1072735	6693
3050276	898531	6711
3050276	2861611	6693
301288	3350338	6693
301288	615227	6708
301288	823362	6693
301288	3519594	6711
3050276	4037329	6693
301288	3082430	6711
301288	797866	6711
301288	2860031	6693
3050276	451419	6693
3050276	2917230	6711
301288	2901674	6693
301288	4598775	6711
301288	4190407	6693
3050276	939923	6711
3050276	1855559	6693
301288	775304	6693
301288	2917230	6722
3050276	1848207	6711
3050276	824838	6711
301288	4411017	6723
3050276	4147822	6693
2320153	301288	6739
3050276	1007144	6693
301288	4598928	6711
3050276	4288811	6711
3050276	3532213	6693
3050276	4220901	6711
301288	2644267	6711
301288	725175	6711
4321305	301288	6739
301288	3282806	6711
301288	1273258	6693
3050276	3888116	6711
301288	2041619	6711
3050276	2757782	6711
3050276	1072735	6693
301288	2133325	6722
3050276	2601447	6693
3050276	1100370	6693
301288	1578360	6693
2192198	301288	6739
3050276	1078356	6711
301288	1620033	6711
3050276	96902	6711
3050276	3496629	6711
301288	3090089	6708
301288	3363311	6693
4049742	301288	6739
3050276	761845	6711
301288	3140281	6722
3050276	1646455	6711
246788	3300843	6748
301288	4057360	6693
3050276	1315612	6711
301288	2478256	6722
3050276	4155137	6693
301288	2480059	6693
1635878	301288	6714
301288	3603944	6693
301288	3266647	6693
3050276	34494	6711
3050276	239327	6693
3050276	3545221	6693
301288	2935463	6711
301288	1396208	6711
3050276	1894580	6693
301288	313236	6693
301288	3204368	6711
3050276	3516058	6693
3050276	932015	6711
301288	1864542	6708
301288	4506819	6723
301288	3976627	6711
3050276	252556	6693
301288	500821	6693
3050276	56366	6693
301288	1611775	6711
301288	1766089	6711
301288	1321935	6693
301288	1894580	6693
3050276	3351263	6693
3050276	1977157	6693
301288	388507	6711
301288	620516	6711
3050276	2857664	6693
301288	946307	6693
301288	2050257	6722
301288	1527012	6693
301288	3642786	6711
301288	2911409	6711
301288	2960586	6693
301288	349748	6711
301288	4541630	6693
3050276	242373	6693
3050276	4574748	6693
3050276	390690	6693
3050276	3561563	6693
3050276	80643	6711
301288	2563009	6711
3050276	3953762	6693
301288	4019833	6693
3050276	1908214	6711
3050276	1680441	6693
301288	1865157	6722
246788	4396975	6818
3050276	4518490	6693
301288	4481202	6711
301288	3601860	6711
3050276	2741991	6693
3050276	1846434	6711
301288	607967	6693
1984024	1060745	6753
3050276	663697	6711
301288	2388997	6711
301288	4080342	6711
3050276	3870772	6693
301288	1790881	6711
3050276	3649702	6693
3050276	363242	6693
3050276	716437	6693
301288	2155509	6711
3050276	3733730	6711
301288	2846774	6722
3050276	2894887	6711
301288	1029741	6711
3050276	2626607	6693
301288	1483220	6722
3775640	301288	6739
301288	3075698	6693
3050276	2720719	6693
3050276	4411017	6711
3050276	1257531	6693
301288	4610342	6693
301288	1436184	6693
301288	1818326	6693
3050276	830648	6693
3050276	370411	6693
3050276	1926276	6711
301288	4124747	6711
301288	999165	6723
3050276	3059293	6711
301288	3492414	6711
301288	3591371	6711
301288	1517889	6711
3050276	4222724	6693
4396975	246788	6821
301288	2483661	6693
3050276	3875849	6693
3050276	324071	6693
3050276	1080368	6693
3050276	2656302	6711
301288	4614481	6722
301288	1442308	6693
3050276	3193838	6693
301288	2134067	6711
3050276	1113402	6693
301288	478447	6711
301288	975994	6693
3300843	246788	6756
301288	4453121	6693
301288	2418679	6708
301288	2147184	6693
301288	2097582	6711
3050276	3300843	6693
301288	389097	6711
301288	3340611	6693
301288	323766	6711
301288	3631054	6711
301288	3128992	6693
301288	4091105	6693
301288	3527849	6711
3050276	1694778	6711
3050276	3960475	6693
301288	278621	6693
3050276	3909202	6711
301288	4284051	6711
3050276	4540471	6693
301288	4377771	6711
3050276	4410796	6693
301288	246982	6693
3050276	455078	6711
3050276	4014491	6711
301288	3829697	6711
301288	2302190	6711
301288	2372072	6722
301288	3282806	6722
3050276	237994	6693
301288	3353156	6711
301288	3193838	6693
301288	1284157	6722
3050276	3022218	6693
301288	521297	6711
301288	2911907	6693
3050276	145482	6693
301288	1102843	6711
301288	3535853	6693
3050276	908495	6711
301288	162264	6693
3050276	1911319	6711
4603866	301288	6739
301288	2329928	6711
301288	3353337	6722
301288	2404923	6711
301288	827464	6711
301288	2895878	6711
301288	2573105	6711
3050276	992423	6711
3050276	796203	6711
301288	590548	6711
3050276	3645273	6711
3050276	1225238	6693
301288	1620704	6693
301288	2592539	6711
301288	3870772	6693
301288	4486123	6693
2162537	301288	6739
301288	2435042	6711
3050276	3317657	6693
301288	3875914	6711
3618386	301288	6739
301288	1552401	6711
3050276	477746	6711
301288	2856124	6693
3050276	1088282	6711
3050276	1230959	6693
3050276	3516688	6693
301288	2478256	6711
3050276	659218	6711
301288	640912	6711
2570281	2066269	6763
3050276	2941110	6711
3050276	4065163	6711
3050276	3841049	6711
3050276	1832821	6693
3050276	3557336	6711
301288	1586259	6711
301288	3103725	6693
301288	227409	6711
301288	427973	7100
301288	3931030	6711
3050276	741559	6711
301288	4408501	6711
3050276	537220	6711
3050276	1209377	6711
3050276	1723979	6693
301288	4141315	6711
427973	246788	7097
3050276	3708023	6711
301288	4111826	6693
3050276	404874	6711
3050276	4338375	6693
301288	3501654	6693
301288	4058540	6711
301288	1390654	6693
3050276	1302051	6711
301288	4122089	6693
301288	52488	6693
3050276	1226649	6693
301288	1439052	6711
3848843	301288	6739
3739611	301288	6739
3050276	3725668	6693
3050276	1198357	6693
301288	1209377	6711
301288	1324473	6693
301288	427990	6711
3050276	4306598	6711
301288	443707	6693
301288	902652	6693
3050276	2170931	6693
3050276	615227	6693
301288	2741991	6693
3050276	2884634	6693
3050276	2358028	6711
3050276	1267753	6693
301288	90595	6708
301288	96902	6723
3050276	3128992	6693
301288	1461395	6693
301288	2712976	6711
301288	465665	6711
3050276	297416	6711
301288	3023543	6708
301288	4403654	6711
3050276	4638844	6693
301288	642526	6693
301288	755080	6711
301288	658761	6693
3050276	1029741	6711
3050276	2911409	6711
3050276	2408496	6693
301288	496936	6711
3050276	2677422	6693
301288	1546769	6693
301288	4294428	6711
3050276	2354494	6693
301288	4157892	6711
301288	2915270	6711
301288	1586259	6722
301288	534598	6708
3050276	4453121	6693
301288	3081204	6693
301288	4125325	6723
301288	2192203	6711
3050276	872100	6711
3050276	2242328	6693
301288	3863726	6693
3050276	509574	6711
3050276	764569	6711
3050276	154687	6693
301288	2594632	6693
4298851	1060745	6755
3050276	1254062	6711
3050276	1219265	6711
301288	2931798	6711
3050276	792048	6711
3050276	3792525	6711
301288	1082376	6711
3050276	1873089	6693
301288	1946507	6711
3050276	403229	6711
301288	2654213	6693
3050276	4441694	6711
301288	1051251	6693
3050276	1295170	6711
301288	1103189	6711
3677261	301288	6714
301288	2658593	6711
301288	3059293	6711
3050276	1329323	6693
301288	3909202	6722
3050276	746633	6711
301288	3626957	6711
3050276	197429	6693
301288	1848207	6711
301288	654755	6693
3050276	3034822	6711
301288	3545221	6693
301288	3696128	6693
3050276	708513	6693
301288	3454993	6693
3050276	1833938	6693
3050276	993602	6693
3999205	301288	6739
301288	1105505	6711
3050276	3687832	6711
3050276	963792	6693
3050276	1224001	6693
3050276	1105505	6711
3050276	4153594	6693
301288	3508315	6693
3050276	2958967	6711
301288	2618461	6711
301288	2675756	6711
301288	3435506	6711
3050276	2000195	6693
3050276	1660241	6693
301288	3027691	6693
301288	66378	6711
3050276	4249629	6711
3050276	614669	6711
301288	4496422	6711
301288	439507	6711
301288	145482	6693
3050276	4112029	6711
3050276	3364365	6711
3050276	2968918	6693
301288	2703837	6711
301288	2233334	6693
3050276	2932370	6711
301288	1282736	6693
301288	223091	6693
3050276	1611426	6711
1060745	4298851	6753
3050276	842377	6711
246788	2997537	6736
3050276	3551043	6711
301288	1081305	6711
301288	592778	6711
301288	4173023	6711
301288	4262736	6693
3050276	2994132	6711
301288	1720239	6711
301288	700765	6711
301288	3291559	6711
3050276	530935	6711
3050276	2045316	6693
3050276	3981662	6711
3050276	2578808	6711
301288	160192	6711
301288	515242	6711
3050276	2806570	6711
3050276	518979	6693
3050276	1809509	6693
3050276	2147000	6693
301288	3564008	6711
301288	1222138	6711
3909202	301288	6739
3050276	4091105	6693
301288	1074350	6693
301288	887905	6693
301288	534549	6693
3050276	4570234	6711
3050276	2629373	6693
3050276	1809710	6693
301288	4091267	6693
3050276	2853486	6693
3050276	1587560	6711
3050276	3012097	6711
3050276	366088	6711
3050276	1027546	6693
301288	2862291	6693
3050276	2565025	6693
301288	908210	6711
3050276	2133325	6711
3050276	404245	6693
3050276	687740	6711
3050276	3546613	6693
301288	4353044	6711
301288	3888116	6711
301288	4081427	6693
3050276	3831954	6711
301288	641416	6693
3050276	2779401	6711
3050276	2442421	6693
3050276	200833	6711
301288	1267753	6708
301288	1052260	6693
3050276	3487672	6693
301288	1522885	6711
3050276	2647068	6711
301288	388653	6711
301288	1278022	6711
3050276	634678	6711
301288	2376686	6711
301288	2149902	6693
301288	2684710	6693
246788	3954512	8632
301288	1373444	6711
301288	3495499	6711
301288	3210305	6711
3050276	3738971	6693
3050276	2863408	6693
301288	3932136	6711
3050276	690659	6693
3050276	577042	6711
301288	1595655	6693
3050276	782224	6693
3050276	4251498	6711
3050276	4397334	6711
3050276	2587358	6711
3050276	4617242	6693
3050276	2082058	6693
301288	545677	6693
301288	1809710	6693
3050276	680269	6693
3050276	2037039	6693
301288	4102858	6693
3050276	374848	6693
3050276	4092495	6693
301288	2824035	6711
301288	3557650	6693
301288	3753758	6693
301288	199872	6711
3050276	4457926	6693
3050276	3271301	6711
301288	3900869	6693
301288	4027510	6693
301288	3514104	6693
3050276	3612092	6711
301288	301568	6693
3050276	4360257	6711
3050276	984582	6711
3050276	1534947	6693
3050276	4325121	6693
3050276	2593119	6711
301288	3483342	6711
301288	305497	6693
301288	4297960	6693
3050276	1082376	6711
301288	2158740	6693
301288	2706925	6711
301288	2000195	6693
301288	739253	6711
301288	978495	6693
301288	253319	6693
301288	4084668	6711
1219265	301288	6739
3050276	2855049	6693
301288	2135110	6711
3050276	2997537	6711
3050276	372732	6693
301288	3231933	6711
3050276	2097582	6711
3050276	4627185	6693
301288	504038	6711
301288	1381336	6711
3050276	2961391	6711
3050276	3259362	6711
3050276	2129597	6711
301288	1336458	6711
301288	570361	6711
301288	486684	6711
3050276	3535832	6711
3050276	4284051	6711
301288	4606320	6693
3050276	3115203	6711
301288	1628368	6711
301288	3586663	6693
3050276	1886335	6693
301288	1659225	6711
3050276	484690	6693
3050276	3519210	6693
301288	3489318	6711
2388997	301288	6739
3050276	618132	6693
3050276	598068	6711
3050276	3243593	6711
3050276	4043153	6693
3050276	733520	6711
3050276	4034245	6693
301288	343899	6693
301288	1949577	6722
3050276	652900	6693
3050276	1953046	6693
3050276	3867752	6711
301288	2857664	6693
3050276	935376	6711
3050276	3432731	6693
301288	814517	6711
3050276	411126	6711
301288	1451361	6708
301288	4597813	6708
301288	4119626	6711
3050276	4559950	6711
3050276	4484002	6693
3050276	281535	6711
301288	3975904	6711
301288	4314437	6711
3050276	2693270	6711
301288	1039986	6708
301288	746633	6711
3050276	2840729	6711
3050276	624030	6711
301288	4215322	6711
301288	1033597	6711
301288	3149114	6711
3050276	3443387	6693
3954512	246788	8785
301288	2316175	6711
3050276	71846	6693
3050276	4493668	6693
3050276	359059	6711
3050276	2775717	6693
301288	4498208	6711
301288	1129190	6708
301288	321587	6693
301288	464324	6693
301288	3032764	6693
3050276	1453779	6693
301288	2087648	6693
3050276	2678883	6693
301288	1009226	6711
3050276	3311124	6711
3050276	478713	6711
301288	372332	6693
3050276	1006407	6693
301288	798552	6693
301288	324358	6693
301288	1671754	6711
3050276	1733926	6693
4091267	301288	6714
301288	787443	6693
301288	4120164	6693
3050276	3891287	6711
301288	474547	6711
301288	1083099	6693
3050276	3350338	6693
3050276	701847	6693
301288	3293262	6711
301288	2345576	6711
3050276	4156318	6711
301288	3740949	6711
301288	1034633	6711
301288	4408213	6711
3050276	1508663	6693
301288	3931800	6711
3050276	4334788	6693
301288	4009739	6693
1100370	301288	6714
3050276	342428	6711
301288	1513060	6711
3050276	1504484	6693
301288	3829576	6693
3050276	4214446	6711
3050276	234408	6711
301288	1947377	6711
301288	3708023	6723
3050276	12502	6711
301288	590548	6722
301288	259189	6693
301288	2747547	6693
3050276	2010713	6711
3050276	305497	6693
3050276	1865907	6693
3050276	1895774	6693
301288	2906353	6711
301288	1137433	6693
4014491	301288	6739
301288	1862567	6711
301288	2304960	6711
3050276	798552	6693
301288	3096679	6711
301288	1510051	6711
301288	1517803	6693
3050276	4082700	6711
301288	708513	6693
3050276	2652634	6711
301288	4214446	6711
3050276	4314437	6711
301288	2968918	6693
3050276	4117031	6693
3050276	48846	6693
3050276	2927642	6711
301288	3414314	6693
2632611	301288	6714
301288	246788	6693
301288	1555501	6711
3050276	4148419	6693
301288	2171317	6711
301288	2656302	6711
3050276	2185462	6693
301288	2828390	6693
3050276	1352794	6693
3050276	3058631	6711
3050276	51486	6711
301288	219264	6711
301288	716678	6693
301288	1390926	6711
301288	4428157	6711
301288	1689762	6693
301288	4014276	6711
3050276	329194	6711
301288	1543441	6693
3050276	543062	6693
301288	4163531	6711
3050276	409646	6693
3050276	2647268	6693
3050276	1628368	6711
301288	872359	6711
3050276	185079	6693
3050276	1694864	6693
301288	4432770	6711
3050276	3913884	6711
3050276	2681888	6693
3050276	2389108	6693
3050276	1111317	6693
2269252	301288	6739
3050276	4520899	6711
2254268	246788	6846
301288	4247350	6693
301288	4641257	6693
301288	279540	6722
301288	1553031	6711
301288	2926398	6693
301288	2174667	6708
3050276	3350153	6711
3050276	2767	6711
301288	789825	6693
301288	1886335	6693
3050276	123937	6693
592778	301288	6739
301288	2230667	6711
3050276	721342	6693
3050276	1596253	6711
301288	2775717	6693
301288	1873089	6708
3050276	4328648	6693
301288	1985460	6711
301288	4209264	6711
3050276	3606961	6711
3050276	2814736	6711
3050276	1797022	6693
3050276	1706438	6693
301288	935376	6711
3050276	90604	6693
301288	4329260	6711
301288	4222724	6693
301288	315705	6711
301288	2809353	6693
301288	4654868	6693
3050276	3823870	6693
301288	2187759	6693
3050276	4605577	6711
3050276	1338675	6693
3050276	3076746	6693
3050276	3293262	6711
301288	444570	6693
301288	3893725	6693
3050276	791028	6693
301288	1587560	6722
301288	3548207	6693
301288	2037039	6693
3050276	4227334	6693
301288	3764437	6693
3050276	2747547	6693
3050276	3489318	6711
301288	4163755	6693
301288	2937061	6711
3050276	1460537	6711
301288	3677261	6708
301288	4442560	6693
301288	3308737	6711
301288	107948	6693
301288	1598963	6693
3050276	2510093	6693
301288	2080950	6693
301288	3396316	6693
3050276	3404730	6711
3050276	1171321	6693
301288	3225761	6693
3050276	2483954	6711
3050276	545677	6693
301288	2504811	6711
301288	1392744	6711
3050276	1524951	6711
3050276	259189	6693
3050276	1962574	6693
3050276	2402583	6693
301288	1441069	6711
301288	154687	6693
3050276	1314002	6693
301288	4209987	6711
301288	824838	6711
301288	2559574	6693
3050276	1065938	6693
301288	3632363	6693
3050276	3733944	6711
3050276	827464	6711
301288	2729386	6693
3050276	2647011	6711
3050276	3505755	6711
3050276	4428157	6711
301288	464610	6711
301288	2685775	6693
301288	4451861	6693
301288	2586681	6693
301288	3618386	6711
301288	4031743	6711
301288	634765	6711
3050276	2435952	6711
3050276	2483817	6711
301288	2678883	6693
301288	4130191	6711
3050276	1396676	6711
3050276	2735506	6711
3050276	1819592	6711
301288	3350153	6711
301288	1468392	6708
3050276	2889762	6693
2072870	301288	6714
3050276	4024596	6693
3050276	3001086	6711
3050276	1134724	6693
3050276	755863	6693
3050276	1947377	6711
3050276	4232261	6711
301288	1338708	6711
1919322	1060745	6755
3050276	3120179	6711
3050276	2243094	6693
3050276	1002804	6693
301288	4320690	6711
3050276	4279768	6693
3050276	920688	6693
301288	2017093	6711
1469409	1060745	6753
3050276	501409	6711
301288	3090089	6693
301288	1474248	6711
3050276	597620	6711
301288	1956745	6693
3050276	1492954	6711
3050276	440425	6693
301288	1437553	6693
4514417	1539861	6891
301288	505080	6693
301288	1057468	6693
301288	337184	6693
301288	4338375	6693
301288	3293285	6711
301288	2605429	6711
301288	2735099	6711
301288	2435952	6711
301288	831180	6711
301288	3670909	6711
301288	1453376	6711
3050276	297472	6711
301288	3444081	6693
3050276	1908970	6693
301288	1300126	6711
3050276	1404508	6711
301288	83784	6723
3050276	2565615	6711
301288	4052217	6711
301288	2881087	6711
3050276	4621063	6711
301288	3893194	6693
3050276	725175	6711
301288	2994132	6711
3050276	354380	6711
1060745	1984024	6755
301288	2510055	6693
301288	4546426	6711
3050276	164055	6693
3050276	2862088	6693
3050276	3263131	6711
301288	1877622	6693
301288	4280022	6711
3050276	1637963	6693
3050276	4422356	6711
2725660	301288	6739
301288	810374	6711
3050276	4487670	6711
3050276	2718442	6693
301288	3243593	6711
301288	4353740	6711
301288	4508482	6693
3050276	1396820	6711
301288	3351263	6708
301288	1065938	6693
3050276	6124	6711
301288	4471780	6693
301288	3440824	6722
301288	3702057	6722
301288	154171	6711
3050276	397857	6711
3050276	1875221	6693
3050276	4654868	6693
301288	4441694	6711
301288	324071	6693
3050276	3282806	6711
3050276	3153020	6711
301288	3164959	6693
301288	791028	6693
301288	4491865	6711
301288	2373625	6711
3412959	301288	6739
301288	4006456	6711
301288	1432332	6711
301288	2559539	6711
3050276	2208253	6693
3050276	2293598	6711
301288	3640857	6693
301288	4293532	6711
301288	3975137	6708
3050276	1926474	6693
3050276	1984041	6693
3050276	537301	6693
3050276	2831319	6693
3050276	1083030	6711
3050276	3900869	6693
3050276	3972587	6693
3050276	449543	6693
3050276	3932187	6711
3050276	1360245	6693
3050276	3139885	6693
4161215	301288	6739
1921091	301288	6714
301288	4069448	6711
301288	4380148	6711
3050276	2631052	6711
3050276	3181788	6711
301288	2590668	6711
3050276	1729262	6693
301288	4481402	6693
3050276	4531850	6711
3050276	3829576	6693
3050276	1081181	6693
301288	3518054	6711
3050276	4588024	6711
3050276	595533	6711
3050276	1390654	6693
3050276	1151465	6711
3050276	4514679	6693
3050276	2559574	6693
301288	4422085	6711
301288	1639459	6711
301288	3145908	6711
3050276	1131797	6711
3050276	3981199	6693
301288	1017574	6693
301288	88775	6711
301288	1545289	6693
4514417	246788	6682
301288	3318892	6711
301288	597620	6711
301288	1327606	6711
608010	301288	6739
301288	1596253	6711
301288	2659201	6693
3050276	641416	6693
3050276	2589496	6711
301288	3939687	6693
3050276	3443152	6693
301288	1219265	6722
3050276	1103427	6693
301288	2179491	6693
3050276	4169380	6711
3050276	2650389	6693
301288	4014740	6693
3050276	2965331	6693
4311849	301288	6739
301288	3310090	6722
3050276	1704217	6711
3050276	809823	6711
3050276	4321305	6711
301288	654020	6711
301288	397685	6693
301288	840073	6693
3050276	2073048	6693
3050276	4471978	6711
3050276	3353337	6711
301288	1524951	6711
1456054	301288	6739
3050276	219264	6711
3050276	904070	6693
301288	312990	6693
3050276	3149829	6693
301288	4358666	6693
301288	2269887	6708
3050276	2872622	6711
3050276	2632611	6693
301288	362888	6693
301288	3889556	6711
3050276	3566689	6711
3050276	4420692	6711
301288	1643687	6693
301288	4153594	6693
301288	2894887	6711
3050276	4501090	6693
3050276	830233	6711
3050276	746769	6711
3050276	3422138	6693
3050276	3919379	6693
301288	2549389	6693
3050276	3260013	6711
3050276	1676427	6693
301288	1692661	6693
301288	1587560	6711
301288	3953762	6693
3050276	3900551	6693
301288	3353337	6711
3050276	3812339	6693
3050276	1039986	6693
3050276	1049540	6711
301288	145334	6693
301288	2010713	6711
3050276	2469806	6711
3050276	840079	6711
301288	2951876	6711
3050276	541472	6693
301288	4571234	6693
1060745	1469409	6755
3592153	4481203	7179
3050276	1638588	6693
3050276	1772167	6693
301288	3574259	6693
180419	301288	6714
301288	1145183	6711
3050276	634921	6693
3050276	3630847	6711
301288	1005054	6711
301288	3662580	6711
301288	4231111	6693
3050276	1152501	6711
3050276	1643102	6693
301288	1892434	6722
301288	2625912	6693
301288	15608	6711
301288	4155818	6723
3050276	714113	6693
3050276	101560	6711
3050276	1772639	6693
3050276	30277	6711
3050276	1900040	6693
3050276	3231265	6693
2372072	301288	6739
301288	1534014	6711
3050276	2347954	6693
301288	721342	6693
301288	3600343	6693
3050276	4639462	6711
301288	4466546	6711
3050276	2549389	6693
301288	1772708	6693
301288	1661554	6711
3050276	1557076	6693
301288	2374151	6693
3050276	1671754	6711
301288	2650459	6711
3050276	3566841	6693
301288	3704337	6693
3050276	4600423	6693
3050276	3219153	6711
301288	755863	6693
301288	2134787	6711
3050276	199872	6711
3050276	492115	6693
301288	3762019	6711
3050276	4362027	6711
301288	3848843	6722
3050276	3951999	6693
301288	3893821	6711
3050276	4635882	6693
301288	3386220	6711
301288	3531967	6711
3050276	3401467	6711
3050276	2968678	6693
3050276	3779264	6693
3050276	2171317	6711
3050276	1194114	6693
301288	79905	6693
3050276	1052260	6693
301288	3031509	6693
3050276	2246583	6693
301288	4487670	6711
301288	12502	6711
301288	21221	6711
301288	1953046	6693
301288	2026923	6693
3050276	4045320	6711
3050276	4408501	6711
301288	1088282	6711
3050276	752647	6693
3050276	79905	6693
301288	4488013	6693
3050276	3614287	6711
301288	3575522	6693
3050276	4405745	6711
301288	1626263	6711
301288	340702	6711
301288	2706554	6693
301288	1161566	6693
301288	2192198	6711
3050276	929752	6711
3050276	634765	6711
2647068	301288	6739
301288	3428213	6711
301288	3206252	6711
301288	613212	7025
301288	3782217	6708
301288	3537369	6711
3050276	2960586	6693
3474167	301288	6739
3050276	3553863	6693
3050276	965478	6711
301288	892177	6711
301288	992423	6711
301288	4418880	6711
3050276	5820	6693
301288	4604864	6693
301288	2168682	6693
3050276	3502852	6693
3050276	709618	6711
3050276	3839404	6693
3050276	1635176	6711
3050276	3772448	6711
3050276	1103189	6711
301288	2045079	6693
301288	778843	6711
301288	874734	6711
3050276	1294522	6693
3050276	4353740	6711
3050276	215528	6711
301288	3661095	6711
301288	4049742	6711
301288	634888	6711
3050276	534549	6693
3050276	4642867	6711
3050276	1940782	6693
3050276	1307436	6711
3050276	797866	6711
3050276	1949577	6711
3050276	279540	6711
301288	1626263	6723
3050276	4488013	6693
3050276	61829	6711
3050276	4095041	6711
301288	2157392	6711
301288	2302190	6722
4514417	1060745	6682
3050276	2685775	6693
3050276	1339354	6693
301288	214218	6711
301288	2118368	6693
301288	375929	6693
301288	3454088	6693
301288	545914	6711
3050276	3003865	6693
3050276	1143687	6693
3050276	3560818	6711
3050276	2732274	6693
3050276	2580139	6693
3050276	2269252	6711
301288	3582326	6693
301288	2281647	6711
1348891	301288	6739
301288	788829	6693
3050276	205801	6711
301288	2682320	6693
4229350	301288	6739
301288	2080780	6693
3050276	3479482	6693
301288	2840729	6711
301288	1633816	6693
3050276	4415694	6711
3050276	2087648	6693
301288	2165567	6711
301288	2082058	6693
301288	4638844	6693
3050276	3690433	6711
301288	1756493	6693
301288	1524036	6711
3050276	3976627	6711
3050276	3318892	6711
301288	3147438	6693
3050276	1498467	6693
301288	3977363	6693
301288	814517	6722
3050276	2420570	6711
301288	939923	6711
3050276	1225140	6693
301288	3181788	6711
3050276	1651948	6693
3050276	1212445	6711
301288	3645558	6693
301288	3205168	6693
301288	4279768	6707
3050276	4095475	6693
301288	1081181	6693
301288	1790942	6711
301288	3495246	6693
301288	255697	6693
301288	278909	6711
301288	76070	6711
301288	634888	6723
301288	3075980	6711
3050276	2381491	6711
301288	4483340	6693
3050276	48005	6693
3050276	2156902	6711
3050276	3153558	6711
301288	2246583	6693
4573663	301288	6739
301288	3359829	6722
301288	3177687	6693
301288	161723	6693
301288	2745752	6693
3050276	4610342	6693
3050276	1021902	6711
2099078	301288	6739
301288	4155818	6711
301288	3478481	6711
301288	396790	6693
3050276	1524036	6711
301288	247115	6711
3050276	4055000	6711
3050276	1420036	6711
301288	370411	6693
3050276	1322657	6711
301288	4359357	6711
301288	2593119	6711
3050276	3640857	6693
3050276	1029953	6693
3050276	4481202	6711
3050276	324358	6693
3050276	427990	6711
3050276	624082	6711
3050276	3031757	6693
3050276	3192629	6693
3050276	173238	6711
3050276	672577	6711
301288	2688353	6693
301288	970561	6711
3050276	1766089	6711
301288	1574307	6693
3050276	2404923	6711
301288	3972928	6693
3050276	3175810	6711
301288	4500389	6711
301288	2534249	6711
3050276	37841	6693
301288	2483817	6711
3050276	3702057	6711
301288	4183379	6711
3740949	246788	6821
3050276	4196600	6711
301288	2614109	6693
3050276	3662675	6693
301288	2085385	6693
3050276	3206252	6711
3050276	543739	6693
3050276	3729053	6693
3050276	3753380	6693
301288	950996	6711
3050276	436221	6711
3050276	3962900	6711
301288	1096714	6693
301288	2387303	6722
301288	2855368	6711
3050276	778682	6711
3050276	3973827	6711
301288	4306598	6711
301288	3557336	6711
3050276	2713219	6693
3050276	2926398	6693
3050276	1976609	6711
3050276	121327	6693
3050276	2493123	6711
3050276	1300751	6711
301288	3269	6711
301288	4635882	6693
301288	305031	6693
1060745	2570281	8802
3050276	305031	6693
301288	1053203	6693
3050276	1661881	6711
301288	3088505	6711
3050276	1384848	6711
301288	3910514	6693
301288	3506637	6711
3050276	3495499	6711
301288	4008392	6711
3050276	3521002	6711
3050276	107449	6711
301288	4242838	6711
301288	1426102	6693
301288	3560818	6711
301288	2486422	6693
3050276	4130311	6711
3050276	56296	6693
3050276	2394936	6693
301288	3759368	6693
301288	342428	6711
3050276	4506819	6711
301288	1680441	6708
3050276	589623	6693
3050276	2174667	6693
3050276	1396896	6711
301288	3064504	6693
301288	1260470	6693
3050276	1611775	6711
301288	675265	6693
301288	4628067	6693
301288	2378586	6711
3050276	2639305	6711
301288	3964604	6723
3050276	1441069	6711
301288	211964	6711
3050276	3564220	6693
3050276	4209071	6693
3050276	2818018	6693
301288	4033819	6693
3050276	15608	6711
301288	3253596	6711
301288	602683	6711
3050276	4516541	6711
301288	2789844	6711
3050276	1818326	6693
301288	4229350	6711
301288	2142925	6693
301288	3550580	6711
3050276	1643687	6693
301288	4325121	6693
3733944	301288	6739
3050276	3762019	6711
301288	3364365	6711
3050276	2885774	6711
3050276	1370118	6693
301288	3935686	6711
301288	4642867	6711
301288	1809509	6693
3050276	4358666	6693
301288	2178348	6711
3050276	2479424	6711
3050276	3501654	6693
3050276	1946983	6711
301288	2885774	6711
301288	504627	6693
3050276	1595655	6693
3050276	2697990	6693
3050276	3754112	6711
3050276	1828199	6693
301288	4234540	6693
3050276	3881304	6693
301288	3643767	6693
301288	1453253	6711
301288	1307534	6711
301288	2720654	6693
3050276	723422	6711
3050276	2108014	6711
3050276	2694505	6693
301288	589623	6693
301288	38817	6711
3050276	823401	6693
3050276	362888	6693
3050276	3973243	6693
3050276	4603334	6711
3050276	602683	6711
3050276	4357261	6711
1740841	301288	6739
3050276	2780462	6693
3050276	3951316	6693
301288	4014491	6711
301288	577042	6711
301288	2748212	6693
2066269	4114106	6714
3050276	2799149	6693
301288	2985081	6711
3050276	3308737	6711
3050276	1308253	6693
614591	301288	6739
301288	1923459	6693
301288	1462576	6711
301288	2960344	6693
3050276	3336109	6711
301288	1288725	6693
301288	1435264	6711
3050276	3790418	6693
3050276	755080	6711
301288	1872770	6711
301288	1656714	6711
301288	923322	6693
3050276	3897327	6693
3050276	3805873	6711
3050276	884654	6693
301288	1598910	6711
301288	3822789	6693
3050276	4249975	6711
3050276	3115988	6711
301288	2215955	6722
3050276	2418080	6693
301288	3999205	6722
301288	3932237	6711
301288	1134724	6693
3050276	3865557	6693
3050276	4395044	6693
404245	301288	6714
301288	4356945	6711
3050276	2058964	6693
301288	2144079	6693
3050276	4034973	6693
3050276	1969796	6693
301288	359059	6711
3050276	3868420	6711
301288	537921	6711
3050276	4122089	6693
3050276	1400586	6711
301288	1683802	6711
3050276	811269	6711
3050276	423715	6693
301288	278689	6693
301288	179787	6693
301288	2808012	6693
3050276	1555501	6711
301288	3469069	6711
3050276	825230	6711
301288	197429	6693
301288	297315	6708
3050276	3363311	6693
301288	1618104	6693
3050276	196058	6693
1587560	301288	6739
1060745	4234540	6755
3050276	2540924	6711
3050276	3518054	6711
301288	3724703	6711
3050276	4583526	6693
1060745	2717500	6755
3050276	2911907	6693
301288	109332	6693
3050276	2719898	6711
3050276	2688353	6693
3050276	3492414	6711
3050276	340702	6711
3050276	2659201	6693
3050276	4212244	6693
301288	3385305	6711
3050276	920425	6711
3050276	180419	6693
3050276	3501922	6711
3050276	981901	6693
301288	4573663	6722
3050276	103259	6711
3050276	728345	6693
1230959	301288	6714
3050276	1553031	6711
3050276	2257247	6711
3050276	3237674	6711
301288	1399939	6693
301288	1579863	6711
301288	458604	6711
3050276	4084668	6711
3050276	1689762	6693
3050276	2963550	6693
301288	3771317	6711
3050276	3964604	6711
3050276	4641867	6693
301288	205884	6693
301288	3472867	6722
301288	394241	6693
301288	3299127	6711
301288	3983576	6693
301288	3497262	6711
301288	4364753	6693
301288	592778	6722
3759673	301288	6739
3050276	2562805	6693
301288	3690433	6711
3050276	634888	6711
301288	2861755	6693
3050276	1095929	6693
301288	1704217	6711
3050276	1483220	6711
3050276	1018451	6711
3050276	1307534	6711
301288	374306	6693
3050276	4462339	6693
3050276	257330	6711
3050276	205759	6711
301288	1659917	6693
3050276	1148174	6711
3050276	1437553	6693
301288	2418080	6693
3050276	2881087	6711
301288	2583198	6693
3050276	2020515	6711
301288	665223	6711
301288	2226977	6722
301288	349223	6711
637463	301288	6739
301288	3034822	6711
301288	1335045	6711
301288	3377084	6693
465918	301288	6739
3050276	1982756	6693
1797022	301288	6714
301288	1651948	6693
301288	2770751	6722
301288	3341960	6711
3050276	3251524	6711
301288	2483954	6711
301288	1240382	6693
1720239	301288	6739
3050276	3974842	6693
3050276	3615306	6693
3050276	3375589	6693
3050276	2859531	6711
3050276	486684	6711
301288	3951316	6693
301288	1396820	6711
3050276	1599387	6711
301288	82442	6722
301288	2400662	6693
301288	150781	6708
3050276	3841474	6711
301288	752647	6693
301288	2898963	6693
301288	3251524	6711
3050276	1426621	6711
3050276	1070287	6711
301288	730031	6711
3050276	2187759	6693
3050276	1721308	6711
301288	3119408	6693
301288	4623098	6711
301288	4573663	6711
3050276	3264800	6711
301288	3609979	6711
301288	362119	6711
301288	3583313	6711
3050276	3469069	6711
301288	2060065	6693
3050276	2824035	6711
3050276	1107857	6693
3050276	2849764	6711
3050276	2795596	6711
301288	2126682	6711
301288	4259643	6693
301288	4483649	6711
3050276	4523396	6693
3401467	301288	6739
3050276	2400031	6693
3050276	1053203	6693
301288	684827	6693
3050276	3603944	6693
301288	999165	6711
3050276	2700711	6693
3050276	3889218	6693
3050276	1626061	6711
301288	3855849	6693
3050276	150132	6711
3050276	3743662	6711
301288	932420	6711
301288	4044068	6693
301288	101560	6711
3050276	1280207	6693
4614481	301288	6739
301288	4082700	6711
3050276	4062644	6711
3140281	301288	6739
301288	2372398	6693
3050276	3467197	6711
301288	3764342	6711
301288	1982756	6693
3050276	1868271	6693
3050276	689241	6693
3050276	100992	6693
3050276	3529257	6693
3050276	1055748	6711
3050276	2388997	6711
301288	1339354	6693
301288	3406961	6722
3050276	3797868	6711
301288	1352794	6693
301288	1449159	6711
301288	3566689	6711
3050276	1036837	6693
301288	1881790	6711
3050276	255594	6711
301288	3614287	6711
3050276	967684	6693
301288	3175810	6711
301288	3711885	6693
3050276	3204587	6693
301288	2354406	6711
3050276	150781	6693
301288	3317657	6693
719140	2878236	6810
3050276	752597	6693
3050276	3862484	6693
301288	3914248	6711
301288	1059637	6711
3050276	4557945	6693
3050276	2832465	6693
301288	2170931	6693
3312942	301288	6714
3050276	2779439	6693
301288	2748131	6711
301288	3964604	6711
3050276	4264793	6693
301288	443707	6708
2048690	301288	6739
301288	3516058	6693
301288	2144850	6711
3050276	3460771	6711
3351263	301288	6714
791687	301288	6714
3050276	1562259	6693
301288	1036837	6708
301288	3467197	6711
301288	3478883	6693
301288	4255265	6711
301288	2053441	6711
301288	2699991	6693
3050276	539783	6711
3050276	986976	6711
3406961	301288	6739
301288	2449621	6711
301288	173238	6711
301288	4321305	6722
3050276	133953	6693
301288	1962574	6693
3050276	4153660	6711
3050276	1189298	6693
3050276	2668099	6711
3050276	1877622	6693
3050276	306051	6711
301288	1634361	6693
301288	4092495	6693
301288	4064552	6711
301288	4111680	6722
3050276	2165567	6711
301288	4148919	6711
301288	795904	6693
3050276	3457493	6711
3951999	1539861	6934
301288	39364	6693
3050276	870768	6711
301288	3538312	6693
3050276	1628112	6693
3050276	3233529	6711
3050276	3478883	6693
301288	4311874	6711
3050276	2476090	6711
3050276	2376686	6711
301288	791687	6693
301288	281514	6693
301288	2123505	6711
3050276	3140281	6711
301288	2647068	6711
301288	1456054	6722
3050276	1100754	6711
3050276	931915	6711
3050276	4162598	6711
3050276	2602027	6693
301288	2700711	6693
301288	3963270	6711
301288	1051237	6693
3050276	4353044	6711
301288	4423847	6693
3050276	3609979	6711
3050276	4052217	6711
3050276	2187403	6693
301288	1100415	6693
301288	1857581	6693
3050276	257243	6693
3050276	3359829	6711
301288	2026924	6693
301288	3111336	6711
3050276	3130168	6711
301288	1453779	6693
301288	205801	6711
3050276	1986016	6693
301288	3792525	6711
3050276	1956522	6711
3050276	3663941	6693
3050276	3459001	6711
301288	4644147	6711
4153594	301288	6714
3050276	130546	6693
301288	2712062	6693
301288	3983262	6693
301288	1439968	6722
3050276	4025475	6711
3050276	2072870	6693
3050276	836091	6693
3050276	2449621	6711
440324	301288	6714
3050276	3808721	6711
3050276	854827	6711
3050276	211964	6711
301288	98941	6693
3050276	1161566	6693
3050276	1945111	6693
3050276	2848587	6693
3050276	3962684	6711
301288	2355239	6711
301288	3305405	6711
301288	3429933	6693
3050276	2082642	6693
301288	492115	6693
3050276	4606213	6711
3050276	2179491	6693
301288	1021902	6722
301288	3989505	6711
3050276	3077605	6693
301288	3231110	6711
301288	836091	6693
3050276	3682922	6693
301288	4211083	6711
3050276	2638783	6693
3050276	3032764	6693
301288	761993	6693
3050276	2846364	6711
3050276	120355	6711
301288	4222421	6693
301288	2780462	6693
301288	1976609	6711
3050276	179787	6693
301288	929752	6711
301288	3649702	6693
301288	2130644	6711
3050276	3104195	6711
301288	61829	6711
301288	1192109	6711
301288	4406138	6711
3050276	1258117	6711
3050276	3715529	6711
1320178	301288	6714
301288	3759673	6711
301288	1281747	6723
301288	4487046	6693
301288	3401467	6722
301288	842377	6711
301288	1474248	6722
301288	1985404	6693
301288	196058	6693
3050276	2093297	6711
301288	2004135	6693
301288	3520054	6693
3050276	951423	6693
3050276	3147438	6693
3050276	3445261	6711
3050276	3926183	6693
301288	1720064	6693
301288	1420036	6711
301288	215528	6711
301288	1262420	6693
301288	1803756	6693
301288	290666	6711
301288	2017093	6722
301288	2947886	6711
301288	3472867	6711
3050276	3899835	6711
301288	3663941	6693
301288	4249629	6711
3050276	38817	6711
3050276	1586259	6711
3050276	2138803	6693
301288	2212804	6711
301288	4330328	6693
301288	4304597	6711
3050276	999165	6711
3050276	3961502	6693
3050276	323766	6711
301288	4251498	6722
3050276	510382	6693
301288	3191290	6711
3050276	3972793	6711
301288	1707573	6722
659218	301288	6739
1060745	4604864	6755
3050276	4105351	6693
3050276	970561	6711
301288	2863408	6693
301288	3974842	6693
3050276	3340611	6693
301288	608010	6711
301288	1400586	6711
3050276	1069107	6693
301288	4332283	6693
301288	2400031	6693
301288	2719348	6711
301288	4420692	6711
516500	1060745	6708
301288	107449	6711
3050276	2478256	6711
3050276	2821506	6711
3050276	3035302	6693
301288	850991	6711
3050276	3478893	6693
3050276	1756493	6693
301288	1029901	6711
301288	979613	6693
301288	3936019	6693
301288	2637977	6693
3050276	642271	6711
3050276	1729505	6711
301288	4255959	6693
301288	1504898	6711
3050276	2080780	6693
301288	2675756	6723
301288	699563	6711
3050276	3548207	6693
3050276	1877823	6693
3050276	2719045	6693
3050276	2861755	6693
3050276	2435042	6711
301288	3311124	6711
3050276	1090998	6693
301288	716437	6693
3050276	805286	6693
3050276	630385	6711
3050276	3178222	6711
301288	219129	6693
301288	791687	6707
301288	3459001	6711
3050276	3742613	6711
3050276	2019115	6711
301288	518979	6693
301288	4070794	6711
3050276	112385	6711
3050276	1058954	6711
301288	2708779	6711
301288	1162580	6693
3050276	1194433	6693
3050276	2175854	6693
301288	2786854	6693
3050276	3468060	6693
301288	3401467	6711
301288	1553758	6711
301288	2716392	6693
301288	3104195	6711
3050276	4573663	6711
3050276	1946881	6693
3050276	4009839	6711
3050276	4135149	6693
3050276	321587	6693
301288	2639305	6711
301288	2323200	6723
301288	2473887	6693
301288	190002	6693
301288	3311587	6711
301288	3547337	6711
3050276	2908783	6693
3050276	788829	6693
301288	4244854	6711
2878236	719140	7216
301288	3361064	6693
3050276	190002	6693
3050276	429481	6693
3050276	178111	6711
301288	843034	6708
301288	3098212	6693
301288	3979555	6711
301288	3832299	6711
3050276	2226977	6711
3050276	1117531	6693
3050276	2771858	6711
3050276	4652897	6711
3050276	1399939	6693
3050276	3656454	6693
301288	403229	6711
3050276	1387210	6711
3050276	1156308	6693
301288	2646593	6711
1707573	301288	6739
301288	2713481	6711
3050276	3540928	6711
3050276	3583313	6711
301288	4368881	6693
4114106	3050276	6694
3050276	1462576	6711
3050276	325529	6693
3050276	4144394	6711
301288	3960967	6711
301288	3715529	6711
301288	150781	6693
301288	3629220	6711
301288	1144772	6711
301288	857537	6711
3050276	4461255	6711
3050276	4252601	6693
301288	1921030	6711
236620	301288	6694
301288	931915	6711
301288	1336253	6693
301288	4621063	6722
301288	514955	6693
3050276	3233933	6693
3050276	325176	6711
3050276	2871732	6693
301288	1244722	6693
301288	4202080	6693
3050276	2950585	6711
301288	4305023	6722
3050276	1148698	6693
3050276	204392	6711
301288	4258595	6711
3050276	1738826	6693
301288	1117531	6693
3050276	1031771	6693
3050276	1279425	6711
4070794	301288	6739
3050276	1047259	6711
301288	96902	6711
3050276	1510051	6711
3050276	4111826	6693
301288	2999290	6693
301288	1419978	6693
301288	2645592	6711
301288	3606140	6711
1599387	301288	6739
3050276	1051237	6693
301288	1234428	6693
3050276	315705	6711
301288	411126	6711
3050276	2397198	6693
3050276	1102843	6711
3050276	1579863	6711
301288	297472	6711
3050276	2520016	6693
3050276	2050257	6711
301288	1728694	6722
3050276	4294428	6711
301288	3973243	6693
3050276	84077	6693
301288	1197335	6693
301288	719140	6693
301288	3831954	6711
301288	3899835	6711
301288	2387303	6711
3050276	2465432	6693
301288	1006407	6693
301288	2408496	6693
3050276	3253619	6711
301288	2562805	6693
301288	3054251	6722
3050276	1059637	6711
301288	2067247	6693
3050276	2778379	6711
301288	2409425	6711
301288	4138142	6693
301288	3932415	6693
3050276	4438396	6693
301288	2693270	6711
2134067	301288	6739
301288	1329352	6693
3050276	2758608	6711
301288	2758608	6711
301288	3662675	6693
3050276	1264743	6693
301288	2102392	6711
301288	1091363	6693
301288	698687	6711
3050276	18023	6711
301288	23872	6711
3050276	1979880	6693
2570281	2878236	8457
3050276	359816	6693
301288	3191935	6711
301288	854827	6711
301288	185079	6693
301288	1923980	6711
3050276	1396953	6711
301288	2556256	6711
3050276	412219	6711
301288	2718442	6693
301288	2243094	6693
1088282	301288	6739
3050276	979613	6693
301288	112385	6711
301288	4607557	6711
923867	246788	6756
3050276	2344581	6711
3050276	380515	6711
3050276	2778520	6711
3050276	1360449	6693
301288	2263933	6711
301288	2269252	6711
301288	267346	6711
3050276	3435506	6711
3050276	3425661	6711
301288	3934526	6693
301288	1045813	6711
301288	3647980	6693
2997537	246788	6738
301288	3782936	6693
301288	2082642	6693
301288	2588703	6693
301288	4095475	6693
301288	1436776	6693
3050276	3670909	6711
301288	1819532	6711
3050276	728468	6693
3050276	3893725	6693
1638561	684827	6752
301288	219282	6693
3050276	3979237	6711
301288	1118423	6693
301288	440425	6693
301288	1742781	6711
301288	3120179	6711
2478256	301288	6739
301288	4426548	6693
301288	3795571	6693
301288	1088282	6722
3050276	3483342	6711
301288	634678	6711
3050276	2703979	6711
3050276	3716094	6711
301288	1741890	6722
301288	1997204	6693
3050276	2808012	6693
3050276	313236	6693
301288	3733944	6722
3050276	275236	6693
301288	1057531	6711
301288	3053821	6693
301288	237994	6693
3050276	4628067	6693
3050276	2720719	6708
301288	637463	6722
3050276	2909409	6711
301288	4593939	6693
3050276	1651098	6711
3050276	1599216	6711
3050276	463864	6693
3050276	4250469	6693
2039298	1423625	6779
3050276	3293285	6711
3050276	465665	6711
3050276	2115238	6693
301288	3412959	6722
3050276	3753779	6693
3050276	3340746	6711
301288	2156902	6711
301288	2590265	6711
301288	3001086	6711
3050276	1148981	6693
301288	4424130	6693
301288	90595	6693
3050276	2246610	6693
301288	1692996	6711
301288	2044681	6708
301288	3284859	6693
301288	2450682	6693
3050276	145334	6693
301288	4628902	6693
3050276	2245128	6693
3050276	4500389	6711
3050276	4447691	6711
3050276	2176598	6711
301288	3042021	6693
3050276	1717987	6693
301288	4516541	6711
281514	301288	6714
3050276	3042021	6693
301288	1297853	6711
301288	3880512	6693
3050276	1634361	6693
301288	1605291	6693
3050276	1904609	6693
3050276	83784	6711
3050276	2719348	6711
301288	4045320	6711
3050276	831180	6711
301288	3733944	6711
3050276	3327508	6711
3050276	4538133	6711
3311124	301288	6739
2246583	301288	6714
3050276	1993050	6711
3050276	4422704	6711
3050276	3852620	6693
3050276	2147184	6693
3050276	2210233	6711
301288	4627185	6693
1534014	301288	6739
3050276	4625698	6693
3050276	901373	6711
3050276	2684710	6693
301288	1295170	6711
301288	951423	6693
3050276	2289072	6693
301288	2864384	6693
4048387	301288	6714
301288	2296894	6711
301288	1004659	6711
301288	2112727	6693
3050276	4386872	6711
301288	2447077	6693
3050276	1522885	6711
1262495	301288	6739
301288	2063653	6693
3050276	950996	6711
301288	2061985	6693
3050276	4403654	6711
3050276	3910514	6693
3050276	4587448	6693
3050276	3472867	6711
301288	132797	6693
3050276	1790881	6711
301288	1267753	6693
301288	1777344	6711
301288	429481	6693
3050276	1320178	6693
301288	30277	6711
3050276	106635	6693
301288	680269	6693
301288	3759673	6722
3050276	2988167	6711
301288	1193899	6711
3050276	2972530	6711
3050276	1074350	6693
3050276	4226033	6693
3050276	4566280	6693
301288	4123607	6711
301288	4462030	6693
3050276	1953790	6693
301288	2771858	6711
301288	2298491	6693
3050276	4302673	6693
3050276	2414232	6711
3050276	4582806	6711
301288	2066291	6693
301288	2565187	6711
301288	3283033	6711
301288	516500	6700
3050276	1973483	6711
301288	4639462	6711
301288	3960967	6723
3050276	1383473	6711
1553031	301288	6739
301288	2821506	6711
301288	1294522	6708
3050276	3618386	6711
3050276	3283033	6711
301288	4589424	6711
301288	3488833	6722
3050276	1106808	6693
301288	2565025	6693
301288	123937	6693
301288	1611775	6723
301288	3730379	6693
3050276	4640352	6693
3050276	2645592	6711
1125669	301288	6714
3050276	2563410	6711
301288	2563410	6711
301288	3962900	6711
3050276	246788	6693
1413329	301288	6739
301288	4095041	6711
3050276	1295587	6693
3050276	1461395	6693
3050276	4598775	6711
236620	1060745	6707
3050276	3377084	6693
3050276	2066269	6693
301288	2631052	6711
3050276	585998	6711
3050276	572103	6693
301288	3291210	6722
3050276	3514104	6693
3050276	4127835	6711
3050276	1870823	6711
301288	2379616	6711
301288	598068	6711
301288	2175854	6693
3050276	4329260	6711
3050276	691771	6693
150781	301288	6714
301288	4196600	6711
3050276	1118423	6693
301288	56732	6722
301288	3226859	6693
3050276	375929	6693
301288	329194	6711
301288	1021182	6711
3050276	474547	6711
3050276	2178348	6711
301288	2701988	6711
301288	9448	6711
3050276	3932136	6711
301288	1628112	6693
3050276	2474096	6711
301288	3536166	6711
2418679	301288	6714
3050276	301568	6693
301288	3402391	6711
3050276	1451361	6693
301288	3114822	6693
2248737	301288	6739
3050276	395584	6693
301288	3772448	6711
3956262	301288	6739
3050276	9448	6711
301288	3282806	6723
3050276	1550408	6711
301288	1772167	6693
301288	1546352	6711
3050276	2085385	6693
301288	3698724	6693
3050276	3076749	6693
301288	3956262	6722
301288	24128	6722
301288	71846	6693
3050276	4129682	6711
3050276	1639459	6711
3050276	3248642	6693
3050276	2034921	6693
1029953	301288	6714
301288	4438396	6693
3050276	2720654	6693
3050276	2372072	6711
2878236	1244722	7216
3050276	2345576	6711
246788	427973	7484
301288	984582	6711
3050276	1650257	6693
3050276	730031	6711
246788	3740949	6818
3050276	2566545	6711
301288	1219265	6711
3090089	301288	6714
3050276	3075980	6711
301288	354380	6711
3050276	1929160	6693
3050276	2632510	6711
3050276	4423782	6693
301288	1515796	6711
301288	2185462	6693
301288	3139885	6693
301288	2431215	6693
3050276	3353156	6711
3050276	4229096	6693
3050276	4471780	6693
2720719	3050276	6714
301288	1896319	6711
301288	691771	6693
301288	3196705	6711
301288	1330358	6693
3050276	795904	6693
3050276	1377937	6711
3050276	1392744	6711
3050276	1639966	6711
301288	2245128	6693
301288	451419	6708
301288	3326158	6693
3050276	3123751	6711
301288	986976	6711
3050276	2049314	6693
301288	1676952	6711
3050276	3730004	6693
301288	3875849	6693
3050276	1307694	6711
3050276	205642	6693
301288	281535	6711
3050276	2807653	6693
301288	3474167	6711
3050276	2660254	6711
301288	4014491	6722
301288	1129190	6693
3050276	3646023	6711
3050276	714875	6711
301288	4322763	6693
3050276	4603866	6711
301288	3900551	6693
301288	2703979	6711
301288	257330	6711
3050276	2281647	6711
301288	2693098	6711
301288	3841049	6711
3782217	301288	6714
301288	1609280	6711
301288	637128	6693
301288	404245	6708
3050276	613212	6711
3050276	3245447	6693
301288	1078385	6711
3050276	3120139	6711
3050276	724783	6693
1773276	301288	6739
301288	4465157	6693
301288	1562259	6693
301288	4037329	6693
301288	2358028	6711
3050276	1281747	6711
301288	2550428	6711
301288	3456567	6693
3050276	3043888	6693
3050276	3730379	6693
301288	689241	6693
301288	3249376	6711
301288	4631968	6711
301288	4397334	6711
301288	3250804	6693
3050276	3600343	6693
3050276	2675756	6711
301288	4515880	6711
3050276	4496422	6711
3050276	4058540	6711
301288	1275054	6711
3050276	3707847	6693
301288	510601	6693
3050276	3775640	6711
301288	3725668	6693
1451361	301288	6714
3050276	856996	6711
301288	3010995	6711
301288	4625698	6693
3050276	1330358	6693
301288	2872622	6711
3050276	107948	6693
301288	553243	6693
301288	2414232	6711
3050276	2770751	6711
301288	1103427	6693
160192	301288	6739
301288	2021364	6693
301288	1113402	6693
301288	2908922	6711
301288	4493668	6693
3050276	1229140	6693
301288	2579474	6722
3050276	3253596	6711
301288	3753507	6711
301288	3436805	6693
301288	2252660	6693
301288	637463	6711
301288	3702057	6711
301288	4155137	6693
301288	2725660	6711
301288	2598470	6711
3050276	3119187	6711
301288	3742613	6711
301288	1102930	6711
3050276	2233334	6693
301288	3754112	6711
3050276	4215322	6711
301288	4129682	6711
301288	1442650	6693
3050276	3275649	6711
301288	699286	6693
3050276	779814	6693
301288	1311020	6711
3050276	2650459	6711
301288	805605	6693
3050276	3244322	6711
301288	809823	6711
3050276	2625912	6693
1284157	301288	6739
3050276	4510592	6693
301288	2563265	6711
4002731	301288	6739
301288	4505024	6693
301288	1752917	6711
3050276	2615827	6711
301288	3932187	6711
3050276	2378586	6711
301288	3438013	6711
3050276	4364753	6693
2917230	301288	6739
301288	2072870	6708
301288	1100754	6711
2269887	301288	6714
301288	1063623	6711
301288	1971085	6711
3050276	336166	6693
301288	279540	6711
3050276	4571234	6693
301288	1545473	6693
301288	4093956	6711
3050276	3817128	6693
301288	362254	6711
301288	3975496	6722
1060745	2939989	6755
3050276	4177922	6693
301288	1786631	6693
301288	2747292	6711
301288	761234	6693
301288	4311849	6711
3050276	2373625	6711
3050276	2584585	6693
301288	4153594	6708
301288	751016	6693
3050276	1626263	6711
301288	3076749	6693
3050276	3979555	6711
301288	4025475	6711
3050276	1436184	6693
3050276	1139050	6711
301288	1322657	6711
301288	3913884	6711
3050276	1508208	7176
3050276	1546344	6693
3050276	1496698	6693
3050276	3934526	6693
3050276	2298491	6693
301288	4147425	6711
3050276	3429933	6693
301288	33774	6711
3050276	1278022	6711
3050276	2873790	6711
301288	1122453	6711
301288	114045	6711
301288	5820	6693
301288	3297788	6723
301288	997441	6693
301288	4561590	6711
3050276	3012441	6693
301288	2549611	6693
301288	3043888	6693
301288	1805167	6693
301288	764569	6711
301288	3022218	6693
3050276	2736902	6711
3050276	4478635	6693
3050276	2144079	6693
301288	2832465	6693
301288	3440824	6711
301288	3919379	6693
3050276	2918670	6693
3050276	1793282	6711
301288	2594732	6693
3050276	2594732	6693
3050276	1692661	6693
3050276	2651180	6711
3050276	2706554	6693
3050276	932420	6711
301288	3118581	6711
301288	1728694	6711
3050276	4009667	6711
301288	3738971	6693
3050276	3568800	6693
301288	3496629	6723
3050276	1439052	6711
301288	1624369	6711
301288	18023	6711
301288	1906653	6711
301288	1254062	6711
3050276	286048	6711
3050276	716678	6693
301288	4377771	6722
301288	1125669	6708
3050276	4002731	6711
301288	3733730	6711
301288	2520016	6693
3050276	521297	6711
3050276	751016	6693
301288	1581712	6693
301288	967684	6693
301288	3808721	6711
3050276	532773	6711
301288	4532263	6693
3050276	2572808	6693
624082	301288	6739
3050276	285534	6693
3050276	2061985	6693
3050276	1323617	6693
301288	44009	6711
301288	1534947	6693
301288	4499528	6711
301288	2048690	6722
3050276	3829697	6711
3050276	3211422	6711
3050276	4157892	6711
3050276	4192946	6693
3050276	1051251	6693
3050276	3651732	6693
301288	40719	6708
301288	2323200	6711
3050276	3537369	6711
3050276	4622721	6711
3050276	1128497	6693
301288	2483292	6693
3050276	839604	6711
301288	1529126	6693
301288	1031771	6693
3050276	2691221	6711
3050276	1544019	6711
3050276	81475	6693
301288	4453784	6693
301288	3730753	6693
3050276	1282736	6693
301288	503613	6711
301288	2028796	6693
301288	455078	6711
301288	1908214	6711
301288	3002000	6711
3050276	4465157	6693
3050276	4031743	6711
3050276	1348891	6711
3050276	2201980	6711
301288	1306285	6693
301288	3558191	6693
3050276	4069448	6711
301288	4104882	6693
3050276	1502091	6693
4247666	301288	6739
301288	170757	6711
301288	2712681	6693
301288	3862484	6693
301288	1684743	6711
3050276	3558191	6693
301288	353208	6711
301288	698963	6693
301288	2859531	6711
301288	3136186	6711
3050276	3520054	6693
301288	1121732	6693
301288	779814	6693
3050276	331044	6711
3050276	1192109	6711
301288	669355	6711
301288	304321	6693
301288	2628381	6693
301288	1946983	6711
3050276	4253453	6711
3050276	4396975	6711
3050276	4141288	6693
301288	81475	6693
1864542	301288	6714
301288	698687	6722
301288	904070	6693
3050276	1030332	6711
301288	1182921	6711
3050276	2499736	6693
301288	4574935	6711
3050276	2045079	6693
3050276	4094673	6693
301288	3443152	6693
301288	2632611	6708
301288	4572480	6711
301288	2795596	6722
3050276	4225491	6693
301288	614591	6722
3050276	3226859	6693
301288	257243	6693
301288	1498467	6693
3050276	2230667	6711
3050276	4067970	6711
3050276	344583	6693
301288	3945031	6693
2215955	301288	6739
301288	1226649	6693
3050276	2985081	6711
301288	4270300	6711
3515944	684827	6747
301288	2270550	6693
3050276	3026370	6693
301288	3532213	6693
301288	1007144	6693
301288	4232261	6711
301288	1121821	6693
301288	2425069	6693
3050276	2686794	6711
3050276	3266647	6693
3050276	1327606	6711
3050276	3667443	6693
3050276	170700	6711
301288	778682	6711
301288	42853	6693
301288	1414375	6693
3050276	3618526	6711
301288	1039986	6693
301288	1080368	6693
301288	3979237	6711
301288	2958967	6722
301288	423284	6711
3050276	698963	6693
3050276	1788424	6693
301288	2498220	6693
3050276	3310090	6711
3050276	1543441	6693
301288	3237867	6711
3050276	2862291	6693
3050276	3882194	6693
301288	4619898	6693
3050276	1122453	6711
301288	1419967	6711
3050276	52488	6693
301288	2165293	6693
301288	4598928	6722
3050276	2666397	6711
301288	3200476	6711
301288	2476090	6711
3050276	4503880	6693
301288	1921091	6708
301288	965478	6711
1949577	301288	6739
301288	2681888	6693
301288	130546	6693
3050276	3771317	6711
301288	1148698	6693
3050276	334687	6693
301288	3912765	6711
301288	458604	6722
301288	3418346	6693
3050276	4139895	6711
3050276	1927544	6711
301288	1735938	6711
3050276	2716392	6693
3050276	1609502	6711
301288	2117393	6693
301288	1904609	6693
2133325	301288	6739
301288	4405745	6711
3050276	457903	6693
3050276	2357462	6693
301288	972081	6711
3050276	2977104	6711
3050276	928028	6711
301288	3233529	6711
3050276	2549611	6693
3050276	997441	6693
301288	2778379	6711
3050276	2703837	6711
3050276	3456567	6693
301288	4251498	6711
301288	3291210	6711
3050276	1595413	6711
3050276	416365	6711
301288	2728031	6711
3050276	1581712	6693
301288	3437231	6711
301288	782274	6722
301288	4212244	6693
3050276	1656714	6711
3050276	4255265	6711
301288	1182667	6693
301288	200833	6711
301288	1979816	6711
3050276	553070	6693
3050276	1215749	6693
3050276	2188950	6693
3050276	2192203	6711
301288	869858	6693
3050276	3925097	6693
3050276	3696128	6693
3050276	23872	6711
301288	1660241	6693
3973827	301288	6739
3050276	3914248	6711
301288	1100370	6708
301288	311217	6693
301288	4603334	6711
2579474	301288	6739
301288	3972587	6693
3050276	2896609	6693
301288	3101594	6693
1147064	2066269	9329
3050276	1110445	6711
3050276	1262495	6711
301288	242373	6693
3050276	2316175	6711
301288	904540	6693
301288	702171	6711
301288	2599979	6693
301288	1377471	6693
3050276	3064504	6693
301288	3335974	6711
301288	3248642	6693
3050276	1609280	6711
3702057	301288	6739
3050276	4202080	6693
301288	150132	6711
3092563	301288	6739
3050276	1145183	6711
301288	4547386	6711
301288	2035220	6693
3050276	1527012	6693
3050276	1659225	6711
3050276	1553758	6711
301288	4043153	6693
301288	2479424	6711
301288	325529	6693
3050276	3931800	6711
3050276	322694	6693
3050276	3989897	6711
3050276	1162580	6693
301288	3092563	6722
3050276	3491564	6693
3050276	3053821	6693
301288	3981662	6711
301288	3516688	6693
301288	1143687	6693
301288	2528938	6693
3050276	4161215	6711
3050276	3347103	6711
3050276	4429518	6711
3050276	1786909	6711
3050276	2605429	6711
3050276	3269	6711
301288	1061084	6711
301288	997693	6711
3050276	1199585	6693
301288	2192198	6722
301288	585998	6722
3050276	69756	6711
301288	1002829	6711
3050276	1641571	6711
3050276	2050617	6693
3050276	3582326	6693
3050276	1021182	6711
3050276	684398	6711
301288	1300504	6711
301288	1734372	6723
3050276	1022201	6711
3050276	2426999	6711
3050276	1253616	6711
301288	3263131	6711
301288	2018500	6693
3050276	3902554	6693
301288	306051	6711
3050276	2400837	6693
2761128	301288	6739
1865157	301288	6739
3050276	1546352	6711
301288	2452755	6693
3050276	298826	6711
1468392	301288	6714
301288	3638603	6722
3050276	4574935	6711
3050276	505080	6693
3050276	4153220	6693
3050276	3983262	6693
301288	1387210	6711
3050276	2534249	6711
301288	3615306	6693
301288	4583526	6693
301288	4559950	6711
301288	363242	6693
301288	974462	6711
3050276	3338891	6711
301288	3753779	6693
3050276	312990	6693
301288	2392507	6693
301288	1131797	6711
301288	4232328	6711
3050276	4330328	6693
301288	4360257	6711
3050276	3535853	6693
3353156	301288	6739
3050276	493180	6693
3050276	2898963	6693
3050276	2735099	6711
3050276	1515796	6711
301288	1723979	6693
3050276	4280022	6711
301288	48846	6693
3050276	878592	6693
3050276	1896319	6711
301288	396687	6711
3050276	253319	6693
3050276	2791834	6693
4345913	301288	6714
301288	690659	6693
301288	2016464	6693
3050276	25828	6693
301288	180419	6708
1077040	301288	6739
301288	3521002	6711
1300504	301288	6739
3050276	3744950	6693
301288	1877823	6693
3050276	2140318	6693
301288	2652634	6711
3050276	489980	6693
3050276	3422780	6693
301288	3059842	6693
301288	4476173	6693
3050276	2696312	6693
301288	4570234	6711
3050276	3939687	6693
301288	3667443	6693
3050276	3978430	6711
301288	1090517	6693
301288	1199585	6693
1539861	3951999	6933
301288	529121	6693
301288	3211422	6711
301288	2578808	6711
301288	2375964	6711
301288	3579031	6693
3050276	3069448	6711
1474248	301288	6739
3050276	3740949	6711
301288	4220901	6711
3050276	4418880	6711
301288	4024596	6693
3050276	699563	6711
3050276	1779957	6693
301288	2909409	6711
301288	618132	6693
3050276	3022350	6711
301288	2486962	6693
3050276	893900	6711
301288	247772	6693
3050276	539338	6693
301288	1797022	6693
301288	1599387	6722
301288	2120155	6711
301288	537301	6708
3050276	2581468	6711
3050276	3462968	6711
301288	275264	6711
3050276	2296894	6711
301288	255594	6722
4514417	2066269	6682
3050276	3755080	6693
3050276	3557650	6693
3050276	3776105	6711
301288	2647268	6693
301288	2686794	6711
3050276	2665526	6711
3050276	1741890	6711
3050276	1061084	6711
3050276	1921030	6711
301288	2226977	6711
301288	3478893	6693
301288	4423782	6693
301288	689637	6693
301288	878592	6693
301288	1021902	6711
301288	1360245	6693
301288	2393901	6711
3050276	3575522	6693
301288	3551043	6711
301288	658111	6693
3050276	1008448	6711
301288	2020452	6711
3050276	1261098	6693
3050276	184048	6693
3050276	281514	6693
3050276	3642786	6711
301288	477746	6711
3050276	2488565	6711
301288	501409	6711
3050276	3191935	6711
3050276	1057531	6711
3050276	2328610	6693
3050276	1331453	6711
3050276	4125325	6711
3050276	2020452	6711
301288	825230	6711
301288	405143	6693
3459001	301288	6739
3050276	1321398	6693
3050276	2706925	6711
3050276	2480059	6693
301288	203090	6693
3050276	4317851	6693
3050276	1297853	6711
301288	1090998	6693
301288	3989897	6711
301288	3130168	6711
3050276	1962253	6693
3050276	1190732	6711
301288	1404508	6711
3050276	2149902	6693
301288	1262495	6722
2126682	301288	6739
3050276	3440824	6711
3050276	2175245	6693
301288	3975496	6711
301288	2696312	6693
301288	1962253	6693
301288	4161215	6711
3050276	4380148	6711
301288	2717500	6693
3050276	2392507	6693
301288	3347103	6711
3050276	1091097	6693
3050276	545914	6711
301288	2941110	6711
1892434	301288	6739
301288	2354406	6723
3050276	1921091	6693
301288	1609502	6711
301288	2293598	6711
301288	3468060	6693
3050276	4505024	6693
301288	1148174	6711
301288	728345	6693
3050276	3753507	6711
301288	2635326	6711
3050276	3329997	6711
301288	4416324	6693
301288	1945111	6693
3050276	3210305	6711
301288	2688727	6693
301288	1504614	6693
3050276	4225676	6711
3050276	1892434	6711
3050276	1442308	6693
2717500	1060745	6753
2174667	301288	6714
3050276	2774628	6711
301288	4501090	6693
3050276	3704337	6693
3359829	301288	6739
3050276	1754479	6711
301288	3724790	6693
301288	2761128	6711
301288	1542238	6711
24128	301288	6739
301288	449543	6693
3050276	1034633	6711
3050276	1517803	6693
301288	2538997	6711
301288	100992	6693
3050276	1849011	6711
3050276	702171	6711
301288	1413329	6722
301288	297416	6711
301288	728468	6693
3050276	1985404	6693
3050276	2447077	6693
301288	2761128	6722
301288	4117031	6708
301288	2383035	6693
301288	776362	6693
301288	928028	6711
814517	301288	6739
301288	2972530	6711
301288	2950585	6711
3050276	2579369	6693
301288	687740	6711
3050276	4006456	6711
301288	4153660	6711
3050276	1260470	6693
3050276	4466546	6711
301288	2968678	6693
3050276	3576842	6711
3050276	2538997	6711
3050276	337184	6693
3050276	4540161	6711
301288	3445261	6711
3050276	2118368	6693
301288	1008448	6711
3050276	3025955	6693
3050276	2947886	6711
3050276	3412959	6711
301288	163387	6711
3050276	1911369	6693
301288	4434648	6693
301288	1314002	6693
3050276	1720570	6711
2193400	301288	6739
3050276	4139807	6711
3050276	4059435	6711
301288	4022279	6693
301288	2844126	6693
301288	2896609	6693
301288	4422704	6711
3050276	2112974	6711
301288	4415694	6711
301288	3776106	6711
301288	1867538	6693
3050276	2586681	6693
301288	2862088	6693
3050276	1598785	6711
301288	1033051	6693
3050276	1240382	6693
301288	1900040	6708
3050276	2524404	6711
3050276	4009739	6693
301288	1589743	6711
301288	374848	6693
301288	3337832	6693
3050276	2618461	6711
3050276	4597813	6693
3050276	400185	6693
3050276	165356	6711
301288	3645273	6711
301288	870768	6711
3050276	1065893	6693
1103427	301288	6714
3050276	1396352	6693
3050276	114045	6711
301288	2034921	6693
301288	2929918	6693
3050276	2565187	6711
301288	3244322	6711
3050276	864306	6693
301288	1492954	6711
301288	1598785	6711
301288	1111317	6693
3050276	365241	6693
301288	898531	6711
3050276	3054251	6711
3050276	362254	6711
301288	3707847	6693
1352794	301288	6714
3050276	1252729	6711
301288	1202574	6693
3050276	3846740	6693
3050276	1454735	6711
3050276	4233227	6711
301288	1047259	6711
301288	1049540	6711
3050276	2016641	6711
3050276	3863726	6693
301288	3748461	6693
301288	1459961	6711
301288	2757782	6711
301288	640626	6711
301288	2133325	6711
3050276	4468576	6711
301288	624030	6711
3050276	778843	6711
301288	2351657	6693
301288	2389108	6693
3050276	1684743	6711
301288	2215955	6711
301288	1169432	6693
301288	1803452	6711
301288	4115813	6711
301288	650229	6711
3050276	4304597	6711
4598928	301288	6739
3050276	1096966	6693
3050276	2982994	6711
301288	1496698	6693
1129190	301288	6714
3050276	2747612	6693
301288	1737077	6711
301288	11063	6693
3050276	4258595	6711
301288	380962	6708
301288	3178222	6711
301288	4130311	6711
3050276	4015015	6693
4234540	1060745	6753
301288	4229350	6722
3050276	1516783	6711
3050276	3059842	6693
3592153	1423625	7179
3050276	4483649	6711
301288	1828199	6693
301288	1528618	6693
3655028	301288	6739
301288	2256029	6693
301288	465918	6722
301288	1986016	6693
3050276	1805167	6693
3050276	3648516	6693
3050276	1374159	6693
301288	334687	6693
301288	3316070	6711
1741890	301288	6739
3050276	3945031	6693
3050276	3297788	6711
301288	3524737	6693
301288	1855559	6693
3050276	538927	6711
301288	534655	6711
2560151	301288	6714
301288	331044	6711
3050276	4422085	6711
2712976	301288	6739
301288	1969826	6711
301288	1690425	6711
301288	3960475	6693
3050276	162264	6693
3050276	4091267	6693
301288	120355	6711
301288	3826671	6711
3050276	2892668	6711
3050276	1306285	6693
3050276	4434648	6693
3050276	233008	6711
301288	3396251	6693
301288	1650257	6693
301288	724783	6693
3050276	2406523	6693
3050276	2060065	6693
3050276	1396208	6711
3050276	2320153	6711
3050276	396790	6693
3050276	2690813	6711
3050276	965695	6711
3050276	4406138	6711
301288	4139895	6711
301288	2402583	6693
3050276	2387303	6711
3050276	1057468	6693
301288	86227	6693
3050276	2184365	6693
301288	880249	6711
301288	4204675	6711
3050276	3724790	6693
3050276	537921	6711
301288	1694864	6693
301288	1827242	6711
1435748	301288	6739
3050276	1571847	6693
301288	1224001	6693
3050276	3225761	6693
3050276	2323200	6711
301288	4415387	6711
301288	3823870	6693
301288	2681345	6693
3050276	4204675	6711
301288	3224561	6711
3050276	1979816	6711
3050276	1123932	6711
3050276	2269887	6693
301288	48005	6693
3050276	1802440	6693
301288	984698	6711
3050276	568401	6711
301288	3889218	6693
301288	3568800	6693
301288	3891287	6711
301288	4070794	6722
301288	1261098	6693
3050276	874734	6711
3050276	3564008	6711
3050276	2256029	6693
3050276	3931030	6711
301288	2381491	6711
3050276	3149114	6711
3050276	2384796	6693
3050276	4111680	6711
3050276	2053441	6711
301288	4094673	6693
301288	3054251	6711
3050276	1363855	6711
3050276	3422598	6711
3050276	137000	6693
301288	3962550	6693
301288	1015263	6693
3050276	3934652	6693
301288	1005695	6711
301288	1370118	6693
301288	3373259	6711
1539861	2720719	6933
3050276	3795571	6693
3050276	1720603	6693
3050276	2409425	6711
3050276	751882	6693
301288	4605577	6711
301288	1865907	6693
3050276	2492262	6711
301288	2626310	6693
3050276	1656699	6711
3050276	696128	6693
301288	4051630	6711
301288	2879317	6711
301288	3758059	6711
3050276	496936	6711
301288	1143194	6693
301288	1792238	6711
3050276	450102	6693
301288	3709207	6711
3050276	2644267	6711
3050276	1513060	6711
301288	1096966	6693
3050276	1222138	6711
301288	3443387	6693
301288	2397198	6693
301288	2465432	6693
3050276	4557430	6693
301288	3882605	6693
3050276	3734563	6693
301288	2988167	6711
1088670	246788	6693
3050276	4119626	6711
3050276	4607557	6711
301288	3546613	6693
3050276	4306399	6711
3050276	464324	6693
3050276	2855368	6711
301288	2269252	6722
3210305	301288	6739
3050276	3139682	6711
3050276	4141315	6711
3050276	1419978	6693
301288	1718607	6693
3050276	1542238	6711
301288	2320153	6711
301288	2934305	6693
301288	2584585	6693
3050276	1546360	6711
301288	3716094	6711
301288	2126045	6711
3050276	1002829	6711
301288	3576842	6711
301288	746769	6711
3050276	3118581	6711
3050276	219282	6693
301288	1979880	6693
3050276	4104882	6693
301288	1574540	6722
301288	1832821	6693
3050276	3832299	6711
301288	4174691	6711
3050276	2263933	6711
3050276	4320690	6711
2720719	1539861	6934
301288	1281747	6711
3050276	349748	6711
3050276	2284200	6711
3050276	2355239	6711
301288	1338675	6693
301288	3359829	6711
301288	1435748	6722
301288	2767	6711
3050276	2713481	6711
3050276	504627	6693
3050276	843316	6693
3975137	301288	6714
301288	2230667	6722
301288	3654080	6711
3050276	2048690	6711
3050276	922275	6693
301288	2833745	6693
3050276	1718607	6693
3050276	3822789	6693
3050276	3090089	6693
301288	121327	6693
301288	4070675	6693
3050276	353208	6711
3050276	2833745	6693
301288	3501922	6711
3050276	4148919	6711
301288	409646	6693
3050276	3661095	6711
3050276	2302190	6711
3050276	3114822	6693
301288	4034973	6693
301288	3655028	6711
2629881	2878236	6810
3050276	3103725	6693
3050276	3527849	6711
301288	2469806	6711
301288	537220	6711
301288	532773	6711
301288	1169468	6711
301288	3730004	6693
301288	3782633	6693
301288	1587109	6711
3050276	684827	6693
3050276	3999205	6711
3050276	1070663	6711
3050276	1162036	6693
301288	607736	6693
3050276	892177	6711
3050276	3305405	6711
3050276	1929065	6711
3050276	3724703	6711
301288	3568699	6711
301288	1731876	6693
3050276	42853	6693
301288	634921	6693
301288	1728534	6693
301288	2383157	6711
3050276	3485050	6711
3050276	610268	6711
301288	610268	6711
3050276	1655746	6693
301288	1194114	6693
3050276	3379724	6711
301288	233008	6711
3050276	4246775	6693
3050276	3893194	6693
3050276	786576	6711
3050276	2698399	6693
301288	4416970	6711
301288	530935	6711
3050276	3438013	6711
301288	1392855	6693
3050276	3444004	6693
3050276	2102392	6711
301288	1675031	6693
301288	346942	6693
3050276	1202574	6693
301288	1846434	6711
3050276	3631054	6711
3050276	1546769	6693
3050276	1819532	6711
301288	2619179	6711
301288	1018451	6711
3050276	2677750	6711
3050276	2025333	6711
301288	1721308	6711
301288	4588024	6711
3050276	3386220	6711
3050276	2167113	6711
3050276	4476173	6693
3050276	40170	6711
3050276	120174	6711
3050276	2728031	6711
301288	1712260	6711
301288	3271301	6711
1294522	301288	6714
3050276	4619898	6693
301288	106635	6693
1973483	301288	6739
301288	872100	6711
534598	301288	6714
3425661	301288	6739
301288	2193400	6711
3050276	2319033	6693
3050276	4247350	6693
301288	3739611	6711
4305023	301288	6739
301288	2377587	6711
843034	301288	6714
3050276	2579474	6711
301288	2638783	6693
3050276	2372568	6693
3050276	2747292	6711
301288	3192629	6693
301288	4487422	6711
3050276	4475025	6693
301288	2632510	6711
301288	3069448	6711
301288	3638603	6711
301288	1225238	6693
3050276	4082459	6711
301288	480706	6693
301288	1906653	6722
3050276	1729417	6711
3050276	3921369	6711
3050276	776362	6693
3050276	267346	6711
301288	56732	6711
301288	4510592	6693
301288	1721892	6708
3050276	2809353	6693
301288	3123751	6711
3050276	1338782	6693
301288	1456054	6711
301288	3466207	6693
3050276	1090517	6693
301288	4009839	6711
301288	1754479	6711
3050276	1867538	6693
3759368	301288	6714
301288	3612092	6711
3050276	52470	6693
301288	1189298	6693
3050276	4244854	6711
301288	1557076	6693
301288	4049742	6722
3050276	3888123	6711
301288	733520	6711
3050276	1752917	6711
3050276	1620033	6711
301288	3313764	6693
3050276	4029235	6711
301288	2861611	6693
3050276	1598910	6711
3050276	2155509	6711
3050276	3519594	6711
3050276	3975904	6711
301288	4353993	6693
3050276	4163755	6693
301288	2732274	6693
3050276	3975137	6693
3050276	1742781	6711
301288	3120139	6711
301288	2093198	6693
4624287	301288	6714
301288	1307436	6711
301288	2580139	6693
301288	696128	6693
301288	325176	6711
3050276	163387	6711
301288	3092563	6711
3050276	3496468	6693
301288	2499736	6693
301288	993602	6693
301288	1495211	6693
1906653	301288	6739
3050276	258987	6711
2039298	1539861	6910
301288	2889762	6693
3050276	132797	6693
3050276	3002000	6711
3050276	362119	6711
3050276	1005695	6711
3050276	1735938	6711
3050276	2193400	6711
3050276	3428213	6711
301288	4614481	6711
301288	13065	6711
3050276	465918	6711
301288	3375589	6693
3050276	44009	6711
1267753	301288	6714
3050276	2374151	6693
301288	4582806	6711
467800	301288	6714
3050276	1960482	6711
301288	4516384	6693
3050276	3782217	6693
301288	663697	6711
301288	3775640	6711
3050276	4582000	6693
301288	1849011	6711
652900	2878236	6810
1900040	301288	6714
3050276	4259643	6693
3050276	2333982	6693
3050276	442592	6711
301288	4317851	6693
3050276	620516	6711
301288	1323617	6693
301288	2474096	6711
3050276	464610	6711
3050276	155268	6711
301288	2707010	6711
301288	2159605	6693
301288	178111	6711
3050276	570361	6711
301288	920134	6711
3050276	1203674	6711
3050276	1169432	6693
3978430	301288	6739
301288	1676427	6693
301288	1868271	6693
301288	4622721	6711
3050276	3021210	6711
301288	2678190	6711
301288	2448811	6693
301288	439507	6722
3050276	2372398	6693
1295587	301288	6714
301288	1550408	6711
3050276	1676952	6711
3050276	3826091	6711
3050276	4131370	6693
301288	3242538	6693
301288	1284157	6711
301288	1136536	6693
301288	1772639	6693
3050276	2268547	6693
3050276	1598963	6693
301288	1300504	6722
301288	3312942	6708
301288	3551043	6722
3050276	3956262	6711
301288	128025	6711
301288	739093	6693
3050276	443707	6693
301288	4298851	6693
301288	3479482	6693
1334405	4481203	7328
3050276	3378754	6693
301288	1707573	6711
301288	1655746	6693
301288	2058964	6693
301288	3651732	6693
3050276	478447	6711
301288	2528378	6693
301288	25828	6693
301288	2099078	6722
301288	823401	6693
3310090	301288	6739
3050276	608010	6711
3050276	336261	6711
301288	1788424	6693
301288	1008766	6693
3050276	2393901	6711
301288	3022350	6711
3050276	45746	6693
301288	395584	6693
3050276	2390407	6711
301288	2686794	6722
3050276	3655028	6711
301288	822096	6711
3050276	1618104	6693
3050276	608375	6693
3050276	1030549	6711
301288	1929065	6711
3050276	2029902	6711
3050276	4247666	6711
301288	2347954	6693
3050276	2483292	6693
3050276	1468392	6693
301288	3934652	6693
301288	614591	6711
301288	537220	6722
301288	1779957	6693
2185462	301288	6714
3050276	380962	6693
3050276	3337832	6693
301288	792048	6711
3050276	534598	6693
301288	2425389	6711
3050276	4155818	6711
3050276	1134792	6693
301288	3065781	6711
301288	4153220	6693
3050276	1659917	6693
301288	901373	6711
3050276	1381336	6711
3050276	1872770	6711
3050276	4486321	6693
301288	541472	6693
301288	1203674	6711
3050276	10250	6693
3050276	4031828	6711
3050276	3200002	6693
301288	4192946	6693
3050276	1102930	6711
3050276	4359357	6711
3050276	1864542	6693
301288	3327508	6723
3050276	1545473	6693
1078385	301288	6739
301288	281514	6708
301288	3149829	6693
3580263	301288	6739
3050276	2431215	6693
301288	2707010	6722
3050276	2175575	6711
3050276	4205601	6693
301288	2814736	6711
3050276	1197335	6693
301288	539783	6711
3050276	3859246	6711
3050276	324560	6711
1036837	301288	6714
3050276	1169468	6711
301288	624082	6722
301288	3297259	6711
301288	4247666	6711
301288	10750	6693
301288	2615827	6711
301288	3897846	6693
3050276	997693	6711
301288	1993050	6711
3050276	4294792	6711
301288	1646455	6711
301288	3478785	6693
301288	4112029	6711
3050276	2707010	6711
3050276	2906353	6711
301288	1029953	6693
82442	301288	6739
301288	2099078	6711
301288	3474167	6722
3050276	1734372	6711
301288	2029902	6711
301288	4621063	6711
301288	2592782	6711
1088670	1984024	6693
3050276	1005054	6711
3050276	214218	6711
301288	1215749	6693
3050276	39364	6693
301288	2428027	6711
3050276	822096	6711
301288	1623853	6693
3050276	1311020	6711
301288	543739	6693
301288	484690	6693
301288	714875	6711
3050276	3313764	6693
301288	840079	6711
3050276	2721991	6711
301288	2112704	6693
3050276	2694467	6711
301288	4577431	6723
3050276	130948	6693
3050276	2469559	6711
3050276	3996162	6693
301288	2307307	6711
301288	385431	6693
301288	2006571	6711
3050276	782274	6711
3050276	4631968	6711
3050276	2383157	6711
301288	1139050	6711
2230667	301288	6739
301288	920688	6693
3050276	160192	6711
301288	7488	6711
3050276	2400662	6693
3050276	2425069	6693
301288	4294792	6711
3050276	1275054	6711
301288	2094457	6711
3050276	1728534	6693
3050276	1213528	6711
3050276	2614109	6693
301288	2147219	6693
3050276	2041619	6711
3050276	3461858	6693
3050276	290666	6711
3050276	4190407	6693
301288	3378754	6693
3050276	4644147	6711
3050276	3944775	6693
3050276	1854600	6693
3050276	90595	6693
301288	4061951	6693
301288	543062	6693
301288	1312300	6711
301288	1374159	6693
3050276	278621	6693
3050276	3759368	6693
301288	2242328	6693
301288	1198357	6693
301288	3115988	6711
3050276	4431718	6711
3050276	1083099	6693
3050276	2559539	6711
301288	2492262	6711
301288	2799149	6693
301288	82442	6711
3050276	2280354	6693
301288	4640352	6693
3050276	1640930	6711
301288	896647	6693
301288	3327508	6711
3050276	367699	6693
3050276	3739611	6711
3050276	3889556	6711
3050276	2377587	6711
3050276	3782633	6693
301288	1396896	6711
301288	3012441	6693
3050276	972157	6711
301288	4380306	6693
301288	154516	6693
3050276	2895878	6711
3050276	869858	6693
301288	608010	6722
301288	3590343	6693
3050276	244801	6693
301288	3759368	6708
301288	1295058	6693
301288	40170	6711
3050276	4377771	6711
2284200	301288	6739
3050276	2307307	6711
301288	4048387	6708
301288	165356	6711
301288	2025351	6711
246788	3474887	6749
301288	798120	6693
301288	307163	6693
301288	3519210	6693
301288	3233795	6711
3050276	2018500	6693
3050276	4019833	6693
3050276	2026923	6693
301288	4576479	6711
3050276	933155	6693
301288	4443692	6711
3050276	4070794	6711
3050276	3977124	6711
301288	4416835	6711
3050276	203090	6693
3050276	1937103	6711
301288	1110445	6711
301288	3210305	6722
301288	4091267	6708
3050276	2725660	6711
301288	1734372	6711
301288	239327	6693
3050276	3306688	6693
3050276	1336253	6693
1721892	301288	6714
301288	3897327	6693
3050276	2935463	6711
3050276	1635878	6693
301288	2268979	6711
3050276	1565826	6693
301288	234408	6711
301288	2157852	6693
301288	2864561	6693
301288	4478635	6693
301288	1940782	6693
301288	1255658	6711
301288	1123932	6711
301288	2257247	6711
3050276	1033597	6711
301288	1392577	6693
301288	4523396	6693
301288	713666	6693
301288	2949872	6711
3050276	1125669	6693
3050276	3413667	6711
301288	3926183	6693
301288	336261	6711
3050276	592778	6711
301288	202313	6693
301288	4397334	6722
3050276	1085921	6693
3050276	3198055	6711
3050276	521103	6693
3050276	1866779	6711
301288	3888123	6711
3050276	1224798	6711
3050276	4655856	6693
3050276	1242141	6711
3050276	1707573	6711
3050276	1772916	6711
3050276	4124747	6711
3050276	4081427	6693
3050276	857537	6711
173238	301288	6739
3050276	3111336	6711
301288	4068192	6693
3050276	2142925	6693
301288	1030549	6711
3050276	2342212	6711
301288	1295587	6693
3050276	3353034	6711
301288	1033268	6711
301288	2602027	6693
297315	301288	6714
301288	397857	6711
255594	301288	6739
3050276	3759673	6711
3050276	4500587	6693
301288	1903760	6711
3050276	2681345	6693
3050276	4356945	6711
3050276	3960967	6711
301288	1029953	6708
301288	901160	6693
3050276	482748	6711
301288	2550233	6693
301288	972157	6711
301288	4055000	6711
301288	2069563	6711
301288	1442705	6711
301288	2985516	6711
3050276	4487046	6693
301288	2719045	6693
3050276	231921	6693
3050276	1623853	6693
3050276	2934305	6693
301288	2488565	6711
301288	4648633	6711
301288	1680459	6711
301288	2691221	6711
3050276	3983576	6693
301288	3353034	6711
301288	1729417	6711
301288	2384796	6693
3050276	3341544	6711
3050276	1022826	6693
301288	2770751	6711
3050276	1321935	6693
3050276	3709462	6711
3050276	3101594	6693
301288	573356	6693
301288	4523396	6708
3050276	1419967	6711
301288	2795596	6711
301288	4062644	6711
301288	4500587	6693
3050276	2304960	6711
3050276	2569311	6711
3050276	247772	6693
301288	4484002	6693
3050276	2157852	6693
3050276	4163531	6711
3050276	1211360	6711
3050276	4415387	6711
3050276	3569032	6693
301288	416365	6711
301288	4617242	6693
301288	3461858	6693
3050276	1690425	6711
301288	4429518	6711
301288	4486321	6693
3023543	301288	6714
3050276	3875914	6711
3050276	4300220	6693
3050276	4242838	6711
3488833	301288	6739
3050276	663223	6711
301288	1245122	6711
3050276	2093198	6693
3050276	2126682	6711
301288	1960482	6711
301288	1740841	6711
3050276	1045813	6711
301288	4311849	6722
301288	1717987	6760
301288	744081	6693
3050276	1193812	6693
3050276	278689	6693
301288	2003445	6711
301288	2401016	6722
3050276	4102858	6693
301288	1197997	6711
301288	3987042	6711
3050276	2856124	6693
3050276	2294841	6693
3050276	2025351	6711
2285178	246788	6756
301288	1307694	6711
3050276	2123505	6711
3050276	307163	6693
3050276	56732	6711
3050276	4443692	6711
3050276	2026924	6693
301288	4588024	6723
301288	170700	6711
3050276	4008392	6711
301288	160243	6693
301288	521103	6693
3050276	193035	6693
301288	2832465	6708
3050276	2671640	6711
4652897	301288	6739
301288	336166	6693
3050276	4593939	6693
3050276	2362999	6711
3050276	2688727	6693
3050276	1618215	6693
3050276	699286	6693
3050276	1589743	6711
3050276	3897846	6693
301288	839604	6711
3050276	665223	6711
301288	463864	6693
301288	1786909	6711
3050276	416796	6693
3050276	600548	6693
301288	1773276	6722
301288	4362027	6711
3050276	3454088	6693
3050276	887905	6693
3050276	2212804	6711
3050276	1545289	6693
301288	1171321	6693
301288	3925097	6693
3050276	3574259	6693
3050276	1495211	6693
301288	4127835	6711
301288	2284200	6711
3050276	1449159	6711
3050276	3645558	6693
3050276	219129	6693
3050276	1029901	6711
3050276	1720239	6711
301288	981901	6693
3050276	4114106	6698
301288	3140281	6711
2050257	301288	6739
3050276	3711885	6693
301288	585998	6711
3050276	645957	6711
301288	630385	6711
301288	3775640	6722
3050276	2879317	6711
301288	761845	6711
301288	3412959	6711
301288	4247666	6722
3050276	3092563	6711
3050276	1377471	6693
3050276	2354406	6711
301288	932015	6711
301288	285534	6693
3050276	13065	6711
301288	34494	6711
3515944	1638561	6728
301288	265824	6693
3050276	4498208	6711
3050276	675265	6693
3050276	1435748	6711
3050276	2590265	6711
301288	3311124	6722
301288	235001	6693
301288	3867752	6711
301288	610537	6723
3975496	301288	6739
301288	390690	6693
301288	3859246	6711
301288	1077040	6722
3050276	1100415	6693
3050276	1234803	6711
3050276	1529126	6693
301288	2456960	6693
3050276	297315	6693
3050276	2748131	6711
301288	2535747	6711
3050276	3586663	6693
246788	4249975	6818
3050276	547551	6711
3050276	902652	6693
301288	1230959	6708
301288	2647011	6711
3050276	4424130	6693
3050276	2063653	6693
301288	1911369	6693
301288	1262495	6711
3050276	3550580	6711
301288	1224717	6711
3050276	760309	6693
246788	2254268	6742
3050276	1413329	6711
3050276	4623098	6711
3050276	2206384	6711
205759	301288	6739
301288	2025333	6711
3050276	157216	6693
301288	4031828	6711
3050276	2252660	6693
3050276	4057360	6693
3050276	1392577	6693
3050276	2442820	6711
3050276	1329352	6693
301288	1070287	6711
3050276	4183037	6693
3050276	2963958	6693
301288	1949577	6711
301288	2394936	6693
3050276	2957723	6693
3050276	4541630	6693
301288	1985321	6711
301288	684398	6711
3050276	2931798	6711
301288	2372072	6711
3050276	4115813	6711
301288	1002804	6693
301288	2818018	6693
3050276	500821	6693
301288	2016641	6711
301288	416796	6693
301288	489980	6693
301288	4652897	6711
3050276	1300126	6711
301288	549443	6693
3291210	301288	6739
3050276	365376	6693
3050276	3748461	6693
3050276	4589424	6711
3050276	4442560	6693
3050276	1857581	6693
3050276	1436776	6693
3050276	3882605	6693
301288	3457493	6711
3050276	21221	6711
3050276	2745752	6693
301288	2175245	6693
3050276	2658593	6711
301288	3882194	6707
301288	3865557	6693
301288	4161215	6722
3050276	3177687	6693
3050276	3697368	6711
301288	2807653	6693
301288	1069107	6693
3050276	4368881	6693
301288	3460771	6711
301288	4302673	6693
3050276	136993	6693
301288	4518490	6693
301288	3198055	6711
3050276	3010995	6711
3474887	246788	6819
3050276	4499528	6711
3050276	2504811	6711
301288	372732	6693
301288	1162036	6693
301288	2589333	6693
3050276	1091363	6693
3050276	3855849	6693
301288	4139807	6711
3050276	3963270	6711
301288	1258117	6711
4117031	301288	6714
3050276	2949872	6711
3050276	791687	6693
301288	2957723	6693
3050276	3312942	6693
301288	2767	6722
3050276	385431	6693
3050276	2401896	6693
3050276	2428027	6711
145482	301288	6714
3050276	458604	6711
301288	1311994	6711
301288	4557945	6693
301288	45746	6693
3050276	557302	6693
613212	301288	6916
3050276	1009226	6711
301288	3200002	6693
301288	2888700	6693
301288	3425661	6711
2846774	301288	6739
301288	2320153	6722
301288	1534014	6722
301288	2010713	6722
3050276	3231110	6711
3050276	2483661	6693
3050276	24128	6711
301288	4067564	6711
3050276	2563009	6711
301288	3973827	6711
301288	157216	6693
3050276	2583198	6693
301288	3841474	6711
3050276	4027510	6693
301288	2831319	6693
301288	2831252	6693
3050276	713666	6693
3050276	2004135	6693
279540	301288	6739
3050276	3580263	6711
585998	301288	6739
301288	689872	6711
3050276	2599979	6693
301288	645957	6711
3050276	2401016	6711
3050276	82442	6711
3050276	3773675	6693
301288	2185299	6711
301288	4310235	6693
1595413	301288	6739
301288	2650389	6693
3050276	654755	6693
301288	2050617	6693
301288	2671640	6711
3050276	4626969	6711
301288	212233	6693
301288	457903	6693
301288	2581468	6711
3050276	3730753	6693
301288	965695	6711
301288	3661095	6723
1508208	246788	6819
301288	4209071	6693
3050276	3511523	6693
301288	4323342	6693
301288	1384848	6711
3050276	2268979	6711
301288	2201980	6711
3050276	2168682	6693
3050276	4370673	6711
301288	2020515	6711
301288	4133526	6711
3050276	3316070	6711
301288	90908	6693
3050276	4416835	6711
301288	365376	6693
1539861	4514417	6832
3050276	433727	6693
3440824	301288	6739
301288	2038929	6693
301288	4082459	6711
301288	1460537	6723
3050276	4432770	6711
301288	2650715	6711
301288	3921369	6711
3282806	301288	6739
301288	3580263	6722
1244722	2878236	6810
3050276	2712976	6711
301288	2779401	6711
301288	56296	6693
3050276	3075180	6711
3050276	388653	6711
301288	19378	6711
301288	1134792	6693
301288	51486	6711
3050276	3758059	6711
3050276	510601	6693
301288	2206384	6711
301288	3394584	6693
301288	359816	6693
301288	4566280	6693
3050276	3196705	6711
301288	136993	6693
3050276	2590668	6711
3050276	2066291	6693
3050276	3474887	7176
301288	1279425	6711
3050276	2406968	6711
301288	1733926	6693
301288	2712976	6722
3050276	4014740	6693
301288	2126682	6722
301288	4093318	6711
301288	4475025	6693
3050276	3989505	6711
301288	1439968	6711
3050276	4412601	6693
3050276	235001	6693
3050276	4080342	6711
3050276	1985460	6711
3050276	297275	6693
301288	4034245	6693
3050276	1574540	6711
301288	1956522	6711
301288	3341544	6711
301288	493180	6693
301288	4002731	6722
3050276	2165293	6693
301288	3404730	6711
301288	2650900	6693
301288	1151465	6711
3050276	610537	6711
301288	4503880	6693
301288	1257531	6693
301288	4328648	6693
3050276	4173023	6711
301288	1190732	6711
301288	3972793	6711
3050276	4179838	6711
3050276	4480731	6693
3050276	1008766	6693
3050276	1373444	6711
301288	2917230	6711
3050276	237504	6711
3050276	1440210	6693
642271	301288	6739
3050276	1194914	6693
3050276	3396251	6693
301288	3075180	6711
301288	130737	6693
3050276	3250804	6693
3050276	3579031	6693
301288	4471978	6711
2570281	1060745	9300
301288	2567616	6711
301288	170757	6723
301288	4111680	6711
3050276	372332	6693
301288	3233933	6693
1453376	301288	6739
301288	3026370	6693
2401016	301288	6739
301288	3353156	6722
301288	2778520	6711
3050276	2716283	6711
301288	18023	6722
3050276	2786854	6693
3050276	2701988	6711
301288	4305023	6711
3050276	1971085	6711
3050276	772622	6711
3050276	2567616	6711
3050276	650229	6711
3050276	1731876	6693
301288	3790418	6693
3050276	666703	6693
3050276	1469409	6693
3050276	3058556	6711
3050276	2879080	6711
3050276	90908	6693
301288	322694	6693
301288	1834800	6711
3050276	394241	6693
301288	1797022	6708
3050276	3084322	6711
3050276	4481402	6693
2939989	1060745	6753
3050276	4598928	6711
301288	796203	6711
301288	856996	6711
301288	3076746	6693
301288	4225676	6711
2066269	1147064	9178
301288	4655856	6693
3050276	1312300	6711
301288	3839404	6693
3050276	3341960	6711
3050276	1081305	6711
301288	184048	6693
3050276	658761	6693
3050276	775952	6693
301288	539338	6693
3050276	2761128	6711
3050276	1300504	6711
3050276	304321	6693
3050276	3885846	6711
301288	2268547	6693
301288	1211360	6711
301288	1929160	6693
3050276	1772708	6693
301288	1737339	6711
3050276	4124200	6693
4603334	301288	6739
3050276	3437231	6711
301288	1213528	6711
3050276	4576479	6711
3050276	1633816	6693
301288	4141288	6693
3050276	1680459	6711
301288	4306399	6711
3050276	2598765	6711
301288	2328610	6693
301288	3885846	6711
1088670	2939989	6693
3050276	2888700	6693
3050276	4423847	6693
301288	2560151	6708
684827	3515944	6750
246788	3515944	6750
301288	2140318	6693
301288	3501256	6711
3050276	670899	6711
3050276	2254268	6711
301288	760309	6693
301288	3706878	6693
2044681	301288	6714
301288	2576560	6693
3050276	1534014	6711
3050276	1917336	6711
3050276	1464468	6711
301288	2319033	6693
3050276	872359	6711
301288	1618215	6693
3050276	3402391	6711
3050276	2856516	6693
3050276	2929918	6693
301288	1152501	6711
301288	4582000	6693
301288	1181568	6711
3050276	2563265	6711
301288	2579369	6693
301288	2848587	6693
3050276	1661554	6711
3050276	388507	6711
3050276	2126045	6711
3050276	1453253	6711
3050276	3311587	6711
301288	3406961	6711
3050276	4416970	6711
4481203	2570281	6744
3050276	2383035	6693
3050276	2576560	6693
3050276	706141	6693
301288	1937103	6711
301288	2668099	6711
301288	3491564	6693
301288	4250469	6693
301288	3058556	6711
1873089	301288	6714
301288	4577431	6711
3050276	4268271	6693
301288	1973483	6711
301288	3084322	6711
301288	2788909	6711
3050276	2693098	6711
3050276	1439968	6711
1586259	301288	6739
301288	4603866	6722
3050276	4064552	6711
3050276	1181568	6711
301288	1022826	6693
301288	412219	6711
3050276	2112727	6693
301288	752597	6693
301288	709618	6711
3050276	4130191	6711
3050276	1769445	6711
3050276	810374	6711
3050276	3677261	6693
301288	876086	6711
3050276	4051630	6711
301288	4386872	6711
3050276	154516	6693
301288	791687	6708
301288	1738826	6693
301288	2049314	6693
301288	450102	6693
301288	3115203	6722
3050276	1439945	6693
3050276	3145908	6711
3050276	2458117	6693
301288	1128497	6693
3050276	88775	6711
3050276	2985516	6711
3050276	4416324	6693
3050276	3136186	6711
301288	3025955	6693
301288	365241	6693
301288	103259	6711
3050276	2044681	6693
3050276	2158740	6693
301288	223716	6693
3050276	3439467	6711
3050276	1063623	6711
3050276	2831252	6693
301288	1997355	6693
301288	3439467	6711
3050276	3591371	6711
3050276	2528378	6693
301288	1900040	6693
301288	642271	6722
3050276	4516384	6693
3050276	3698724	6693
301288	3230687	6693
3050276	275954	6693
3050276	787443	6693
301288	3618526	6711
301288	2093297	6711
301288	1866779	6711
3050276	374306	6693
301288	2958967	6711
3050276	972081	6711
301288	2579474	6711
301288	1078356	6711
3050276	3836498	6711
3050276	798120	6693
301288	1348891	6722
3050276	4532263	6693
2949872	301288	6739
3353337	301288	6739
3050276	3629220	6711
3050276	1338708	6711
3050276	1335045	6711
301288	2176598	6711
301288	1865157	6711
3050276	66378	6711
301288	3744950	6693
3050276	2351657	6693
1946983	301288	6739
3050276	3950123	6693
3050276	515242	6711
301288	2651180	6711
301288	3580263	6711
301288	3962185	6693
3050276	4093956	6711
301288	3237674	6722
301288	2406523	6693
301288	2072870	6693
301288	3516257	6711
4621063	301288	6739
301288	3540928	6711
3050276	343899	6693
3050276	2035220	6693
3050276	223716	6693
301288	3535832	6711
301288	3130788	6711
3050276	3299127	6711
301288	3589728	6711
3050276	2215955	6711
301288	4288811	6711
3050276	4486123	6693
3050276	3249376	6711
301288	404874	6711
3050276	4114106	6700
3050276	4067564	6711
3050276	2951876	6711
3050276	1552401	6711
3050276	3436805	6693
301288	2626607	6693
301288	1740841	6722
3050276	4147425	6711
301288	2949872	6722
301288	4264793	6693
301288	3058631	6711
3050276	1311994	6711
301288	510382	6693
3050276	1015263	6693
3050276	1737339	6711
1021902	301288	6739
301288	4357261	6711
3050276	4453784	6693
301288	3237674	6711
3050276	1295058	6693
301288	3868420	6711
301288	3231265	6693
3050276	3531967	6711
3050276	4601074	6711
301288	4561590	6722
301288	2138803	6693
3050276	2999290	6693
301288	4395044	6693
3050276	3568699	6711
301288	805286	6693
3050276	3534633	6711
3050276	2452755	6693
301288	2063186	6711
3050276	403612	6693
3050276	2535747	6711
3050276	1692996	6711
3050276	2650900	6693
301288	1435748	6711
3050276	805605	6693
301288	411787	6693
301288	2378382	6711
3050276	3776106	6711
3050276	3228389	6693
301288	2294841	6693
3050276	3454993	6693
301288	595533	6711
3050276	553243	6693
3050276	205884	6693
301288	2569311	6711
301288	4514679	6693
3050276	2119771	6693
301288	1320178	6708
301288	2927642	6711
3050276	3291210	6711
3050276	2130644	6711
3050276	3601860	6711
301288	1969796	6693
3050276	3095606	6711
3050276	1683802	6711
3050276	3753758	6693
301288	3848843	6711
3050276	3478785	6693
301288	2333982	6693
1039986	301288	6714
974462	301288	6739
301288	2690813	6711
3050276	1675031	6693
301288	4543551	6711
301288	3687832	6711
3050276	397685	6693
2856516	2878236	6810
3050276	2789844	6711
301288	3219153	6711
301288	3739611	6722
3050276	255697	6693
3050276	2081107	6693
3050276	2861647	6711
301288	3501066	6711
3050276	3536166	6711
3050276	3643767	6693
301288	706141	6693
301288	1502091	6693
301288	624082	6711
301288	2510093	6693
3050276	1605291	6693
301288	214660	6693
3050276	607736	6693
2387303	301288	6739
301288	1107857	6693
3050276	4211083	6711
301288	2073048	6693
3050276	128025	6711
301288	4411017	6711
3050276	4408213	6711
301288	1329323	6693
3050276	2708779	6711
301288	1083030	6711
3050276	3975496	6711
3050276	1147064	7938
301288	666703	6693
301288	4468576	6711
301288	244801	6693
301288	3981199	6693
301288	782224	6693
301288	120174	6711
3050276	3782936	6693
3050276	3506637	6711
301288	275236	6693
301288	4626969	6711
3050276	2548399	6711
301288	557302	6693
3050276	4133526	6711
301288	3865757	6711
301288	3119187	6711
56732	301288	6739
3050276	1453376	6711
3050276	3962185	6693
3050276	3308953	6693
3050276	978495	6693
3050276	1773276	6711
301288	864306	6693
301288	1684743	6723
301288	1042226	6693
3050276	2654213	6693
301288	2540924	6711
3050276	4033819	6693
301288	1022201	6711
301288	3422598	6711
301288	3080142	6711
301288	1331660	6693
301288	1331453	6711
3050276	4345913	6693
301288	1693678	6711
301288	3338891	6711
301288	2008489	6693
301288	2961391	6711
2017093	301288	6739
3050276	19378	6711
3050276	439507	6711
3050276	4311874	6711
3050276	2134067	6711
301288	4162598	6711
301288	1611775	6722
301288	448206	6711
301288	1638014	6711
301288	3797868	6711
3050276	654020	6711
3050276	880249	6711
301288	663223	6711
301288	2698399	6693
301288	751882	6693
3515944	1638561	6751
3050276	1127592	6693
301288	3881304	6693
3050276	946307	6693
3050276	2498220	6693
301288	1396352	6693
301288	2524404	6711
301288	3245447	6693
3050276	170757	6711
301288	2918670	6693
301288	1078385	6722
4251498	301288	6739
4111680	301288	6739
301288	1819532	6722
3050276	4461723	6711
301288	2210233	6711
3050276	3708674	6693
301288	1741890	6711
301288	2846364	6711
301288	3139682	6711
3050276	1242099	6693
3551043	301288	6739
301288	4557430	6693
301288	1252729	6711
3050276	2067247	6693
3050276	1336458	6711
301288	2791834	6693
3050276	4572480	6711
301288	3805873	6711
3050276	1078385	6711
3050276	2094457	6711
3050276	3242538	6693
3050276	1054221	6693
301288	1365986	6693
3050276	2607260	6711
301288	2747612	6693
3050276	2008489	6693
3050276	4209987	6711
3050276	411787	6693
3050276	1834800	6711
4523396	301288	6714
301288	4540161	6711
301288	4468576	6723
301288	2289072	6693
3050276	2550428	6711
301288	2185462	6708
246788	923867	6748
3050276	4346439	6693
3050276	2762121	6711
3050276	396687	6711
301288	1377937	6711
301288	3336109	6711
301288	2420570	6711
301288	3896099	6711
301288	3776105	6711
3050276	1390926	6711
3050276	1442705	6711
301288	3977124	6711
3050276	614591	6711
301288	164055	6693
4597813	301288	6714
301288	3511523	6693
3050276	1255658	6711
301288	1127592	6693
301288	2365759	6711
301288	236620	6698
301288	3459001	6722
301288	775952	6693
301288	2574687	6711
301288	2879080	6711
3050276	3896099	6711
301288	2458117	6693
84077	301288	7080
3050276	3237867	6711
3050276	2049997	6711
301288	3648516	6693
3050276	923867	6693
301288	568401	6711
3050276	2120155	6711
3050276	3501066	6711
301288	2050257	6711
301288	4641867	6693
3050276	7488	6711
3050276	2418679	6693
3050276	1042226	6693
3050276	904540	6693
301288	3012097	6711
301288	1973483	6722
3050276	2864384	6693
3050276	1331660	6693
301288	1516783	6711
3050276	1574307	6693
3050276	4515880	6711
3050276	920134	6711
3050276	4222421	6693
3050276	2069563	6711
3050276	3935686	6711
301288	1054221	6693
3050276	3326158	6693
301288	4135149	6693
301288	4059435	6711
3050276	1666185	6693
3050276	2550233	6693
301288	3987042	6722
301288	1641571	6711
301288	4624287	6708
451419	301288	6714
301288	326436	6711
301288	436221	6711
3050276	4120164	6693
3050276	2117913	6711
301288	482748	6711
301288	861664	6693
3050276	1182667	6693
301288	1352794	6708
3050276	2257588	6693
3050276	4231111	6693
3050276	2650715	6711
301288	1904633	6693
301288	344583	6693
3050276	1712260	6711
3050276	3216977	6693
3050276	1912785	6693
301288	4148419	6693
3050276	1107492	6693
3050276	346942	6693
3050276	4293532	6711
301288	1383473	6711
301288	4048387	6693
3050276	4648633	6711
301288	69756	6711
3050276	1459961	6711
301288	193035	6693
4377771	301288	6739
3050276	637128	6693
3050276	2135110	6711
301288	1058954	6711
3050276	3164959	6693
301288	4652897	6722
3050276	1442650	6693
301288	3422138	6693
3050276	3742783	6711
3050276	4050462	6693
3050276	1006014	6693
301288	3444004	6693
301288	2725660	6722
3050276	1528618	6693
3050276	3230687	6693
301288	2565615	6711
301288	3553863	6693
301288	3077605	6693
3050276	739253	6711
3050276	4564075	6711
301288	388732	6693
301288	1085921	6693
301288	3533781	6711
301288	52470	6693
301288	538927	6711
301288	2362999	6723
3050276	1587109	6711
3050276	861664	6693
3050276	4641257	6693
301288	3618386	6722
3050276	2528938	6693
3050276	3516257	6711
301288	3958551	6711
301288	3505755	6711
301288	4466546	6722
301288	1300751	6711
3050276	2134787	6711
301288	1055748	6711
3050276	3381606	6693
246788	1508208	6749
301288	1953790	6693
301288	1426621	6711
301288	4067970	6711
301288	205759	6722
3050276	4323342	6693
301288	4538133	6711
3050276	4093318	6711
301288	360113	6693
301288	2081107	6693
301288	1544019	6711
301288	2867165	6711
3050276	2486962	6693
301288	4029235	6711
3050276	2192198	6711
3050276	3880512	6693
301288	4603334	6722
3050276	1121732	6693
3050276	1288725	6693
301288	1737077	6722
3050276	4262736	6693
301288	2855368	6722
3050276	1881790	6711
301288	1729262	6693
301288	1253616	6711
301288	963792	6693
3050276	658111	6693
301288	568612	6693
301288	1724678	6693
615227	301288	6714
301288	3428213	6722
3050276	3297259	6711
3050276	2867165	6711
301288	882843	6711
3050276	3987042	6711
301288	2129597	6711
3050276	3319316	6693
301288	2372568	6693
2855368	301288	6739
301288	37841	6693
3050276	3495246	6693
3050276	1103550	6693
246788	2285178	6748
3050276	3335974	6711
3050276	160243	6693
2795596	301288	6739
3050276	908210	6711
301288	3534633	6711
301288	1599216	6711
301288	133953	6693
301288	614669	6711
301288	4574748	6693
3050276	2712681	6693
3050276	2846774	6711
3050276	1456054	6711
4249975	246788	6821
301288	267217	6711
301288	145482	6708
1737077	301288	6739
301288	204392	6711
3050276	4014276	6711
301288	3329997	6711
3050276	1720064	6693
301288	2721991	6711
301288	4520899	6711
3050276	1566171	6711
3050276	3536393	6711
3050276	975994	6693
3050276	1997355	6693
301288	1793282	6711
2707010	301288	6739
301288	1229140	6693
3050276	2809469	6693
3050276	4380306	6693
301288	1917336	6711
4246775	301288	6714
3050276	2573105	6711
3050276	3200476	6711
301288	1070386	6693
301288	3302832	6693
3050276	840073	6693
301288	922275	6693
301288	2208253	6693
3050276	3497262	6711
3050276	642526	6693
301288	1505237	6693
301288	234787	6693
301288	1504484	6693
3050276	3589728	6711
3050276	2144850	6711
301288	2426999	6711
3050276	3156072	6693
3050276	1422746	6711
3050276	4297960	6693
301288	1574540	6711
3050276	154171	6711
301288	2406968	6711
3050276	3418346	6693
301288	4447691	6711
301288	3564220	6693
3050276	3865757	6711
301288	367699	6693
301288	2694467	6711
3050276	1070386	6693
3050276	1737077	6711
301288	2677750	6711
301288	4431718	6711
301288	4422356	6711
3050276	2185299	6711
301288	1315612	6711
3050276	4508482	6693
3050276	4229350	6711
3050276	1365986	6693
3050276	3590343	6693
3050276	995189	6693
90595	301288	6714
4397334	301288	6739
3050276	3394584	6693
301288	1635176	6711
301288	1095929	6693
301288	2660254	6711
301288	1553031	6722
301288	3413667	6711
301288	3646023	6711
3050276	2960344	6693
301288	2390407	6711
3050276	1946507	6711
301288	2719898	6711
301288	90604	6693
3050276	549443	6693
3050276	2378850	6711
301288	4147822	6693
301288	2188950	6693
3050276	349223	6711
301288	1302051	6711
301288	4403718	6711
301288	1224798	6711
301288	3115203	6711
3050276	1003298	6711
40719	301288	6714
301288	1525969	6711
301288	2049997	6711
3050276	984698	6711
3050276	2117393	6693
3050276	3632363	6693
301288	974462	6722
301288	4284051	6722
3115203	301288	6739
3050276	607967	6693
3050276	843034	6693
2832465	301288	6714
301288	1242099	6693
3050276	640626	6711
301288	4233227	6711
301288	672577	6711
4561590	301288	6739
3050276	1803756	6693
3050276	40719	6693
301288	2354494	6693
301288	1468392	6693
301288	1611426	6711
301288	1640930	6711
3050276	3936019	6693
301288	155268	6711
3050276	4462030	6693
301288	2545764	6693
301288	2344581	6711
3050276	590548	6711
301288	3779264	6693
3050276	4311849	6711
3050276	161723	6693
301288	1895774	6693
301288	231921	6693
301288	3529257	6693
4466546	301288	6739
301288	3566841	6693
301288	1720239	6722
3050276	923322	6693
301288	3379724	6711
301288	2095430	6711
3050276	2788909	6711
301288	2589496	6711
301288	782274	6711
3050276	3485397	6711
301288	1919322	6693
301288	2647068	6722
301288	298826	6711
301288	4346439	6693
3050276	1273258	6693
301288	3956262	6711
301288	4321305	6711
3050276	3617291	6711
3050276	2678190	6711
3050276	2375964	6711
3050276	1517889	6711
3050276	2545764	6693
3050276	3466207	6693
301288	4300220	6693
301288	1946881	6693
3050276	2796896	6711
301288	3708023	6711
3050276	3437305	6711
301288	3547337	6723
3050276	3013988	6711
3050276	10750	6693
301288	3310090	6711
3050276	761234	6693
301288	1363855	6711
3954512	684827	8785
3050276	2592782	6711
3050276	669355	6711
301288	1639966	6711
301288	726239	6693
3050276	1721892	6693
3050276	3547337	6711
3050276	2003445	6711
3050276	1923980	6711
3050276	4403718	6711
301288	3234754	6711
3050276	2285178	6693
3050276	2112704	6693
3050276	962882	6711
301288	2697990	6693
301288	509574	6711
3050276	480706	6693
3050276	689872	6711
3050276	1324473	6693
3050276	2892012	6693
301288	2629373	6693
301288	2716283	6711
3050276	4174691	6711
301288	2400837	6693
3050276	3444081	6693
3050276	1096714	6693
3050276	1182921	6711
301288	1030332	6711
301288	1721892	6693
3050276	3081204	6693
1483220	301288	6739
301288	3655028	6722
301288	1454735	6711
301288	3204587	6693
301288	3153020	6711
301288	811269	6711
301288	3978430	6711
3050276	1786631	6693
301288	465918	6711
301288	1661881	6711
3050276	1197997	6711
301288	3437305	6711
301288	2147000	6693
301288	366088	6711
3050276	1504898	6711
3050276	503613	6711
3050276	3023543	6693
3050276	2637977	6693
3050276	3478481	6711
1060745	1919322	6753
3050276	2864561	6693
439507	301288	6739
301288	4412601	6693
3050276	1221810	6693
3050276	4628902	6693
3050276	3204368	6711
301288	4229096	6693
301288	1027546	6693
3050276	4353993	6693
301288	3697368	6711
301288	1413329	6711
3050276	3406961	6711
3050276	267217	6711
3050276	1903760	6711
301288	572103	6693
3050276	1923459	6693
3050276	3606140	6711
3050276	3764342	6711
301288	2796896	6711
301288	3031757	6693
3050276	3205168	6693
301288	1156308	6693
3050276	2473887	6693
301288	2677422	6693
301288	2666397	6711
301288	920425	6711
301288	1024914	6711
301288	2982994	6711
3050276	473296	6693
301288	2908783	6693
3050276	2626310	6693
301288	4169380	6711
301288	4253453	6711
3050276	1033051	6693
2570281	4481203	6779
3050276	1134257	6711
301288	3095606	6711
3050276	1004659	6711
301288	4462339	6693
3050276	4561590	6711
3050276	4543551	6711
3050276	2365759	6711
301288	3259362	6711
301288	2774628	6711
3050276	3647980	6693
537220	301288	6739
301288	1946983	6722
301288	786576	6711
3050276	4270300	6711
301288	932260	6693
301288	1926474	6693
3050276	2145773	6711
3050276	2016464	6693
301288	3902554	6693
3050276	3826671	6711
301288	1148981	6693
3050276	4048387	6693
301288	3253619	6711
3050276	2729386	6693
301288	3028687	6711
301288	1003298	6711
301288	609658	6693
301288	3013988	6711
301288	3743662	6711
3050276	3231933	6711
3050276	2450682	6693
301288	2401896	6693
301288	4461723	6711
3050276	4061951	6693
301288	1422746	6711
3050276	4547386	6711
3050276	2699991	6693
301288	2248737	6711
301288	3826091	6711
301288	2601447	6693
301288	701847	6693
3050276	3536297	6711
537301	301288	6714
3050276	700765	6711
3050276	2574687	6711
4226033	301288	6714
301288	4009667	6711
301288	2696847	6711
3050276	4232328	6711
301288	1819592	6711
516500	301288	6694
301288	380962	6693
301288	3334920	6711
3050276	3962550	6693
3050276	2095430	6711
3050276	2456960	6693
301288	2849764	6711
301288	2119771	6693
301288	3536297	6711
301288	2193400	6722
301288	1720603	6693
301288	478713	6711
301288	1637963	6693
3050276	2628381	6693
3050276	274846	6693
301288	3462968	6711
301288	3775622	6711
301288	3561563	6693
3050276	1505237	6693
301288	130948	6693
301288	600548	6693
301288	1984041	6693
301288	3909202	6711
4114106	2066269	6708
3050276	4183379	6711
3050276	726239	6693
301288	4205601	6693
301288	1295587	6708
301288	2846774	6711
301288	286048	6711
3050276	2379616	6711
3050276	2727955	6711
3050276	3027691	6693
301288	3502852	6693
3050276	3501256	6711
3050276	901160	6693
3050276	4624287	6693
3050276	850991	6711
301288	1440210	6693
301288	1065893	6693
301288	3308953	6693
301288	3319316	6693
3472867	301288	6739
3050276	4022279	6693
301288	258987	6711
301288	3021210	6711
301288	843316	6693
3050276	2017093	6711
2226977	301288	6739
3050276	1024914	6711
301288	275954	6693
3050276	3302832	6693
301288	547551	6711
301288	4370673	6711
3050276	1432332	6711
301288	3156072	6693
3050276	3284859	6693
301288	2115238	6693
3050276	3334920	6711
301288	2861647	6711
3050276	1392855	6693
3050276	2162537	6711
3050276	1719129	6693
301288	3432731	6693
301288	1875221	6693
3050276	1740841	6711
301288	3950123	6693
301288	2167113	6711
301288	3999205	6711
3050276	823362	6693
301288	1212445	6711
3050276	212233	6693
301288	1464468	6711
301288	1719129	6693
3050276	534655	6711
3050276	2908922	6711
301288	1396953	6711
301288	830233	6711
3050276	789825	6693
301288	3536393	6711
3050276	130737	6693
3050276	1638014	6711
3050276	1525969	6711
301288	3708674	6693
301288	1720570	6711
1439968	301288	6739
301288	3738087	6693
3050276	1792238	6711
3050276	3096679	6711
3050276	2510055	6693
301288	3275649	6711
3050276	896647	6693
301288	4252601	6693
3050276	440324	6693
301288	4065163	6711
301288	1348891	6711
3050276	744081	6693
301288	2284200	6722
3050276	4491865	6711
301288	3773675	6693
3050276	2028796	6693
301288	423715	6693
3050276	568612	6693
301288	659218	6711
301288	1453376	6722
301288	1565826	6693
301288	1651098	6711
301288	2736902	6711
301288	4226033	6708
301288	2469559	6711
3050276	3080142	6711
3050276	4546426	6711
3050276	3709207	6711
301288	137000	6693
301288	608375	6693
2878236	2856516	7216
3638603	301288	6739
301288	884654	6693
301288	714113	6693
301288	1773276	6711
3050276	3414314	6693
3050276	1435264	6711
3050276	761993	6693
301288	2548399	6711
301288	24128	6711
301288	3973827	6722
3050276	124015	6693
301288	160192	6722
3050276	1724678	6693
301288	4268271	6693
301288	1242141	6711
301288	1861167	6693
3050276	896932	6693
2010713	301288	6739
3050276	3164599	6693
301288	3340746	6711
3050276	1985321	6711
301288	2695992	6693
301288	1595413	6722
782274	301288	6739
301288	1912785	6693
3050276	3654080	6711
301288	1006014	6693
301288	56366	6693
3050276	1997204	6693
3050276	1009789	6693
3050276	609658	6693
301288	830648	6693
301288	433727	6693
3050276	2063186	6711
301288	3755080	6693
3050276	3075698	6693
301288	1546344	6693
301288	4124200	6693
3050276	2635326	6711
301288	3996162	6693
301288	2045316	6693
3050276	2329928	6711
301288	1103427	6708
301288	1598176	6693
3050276	1284157	6711
301288	1515141	6711
3050276	2682320	6693
3050276	2006571	6711
3050276	1262420	6693
301288	4337341	6711
3050276	3638603	6711
301288	4357261	6723
301288	1566171	6711
301288	1571847	6693
301288	1193812	6693
301288	4144394	6711
3050276	4606320	6693
3050276	246982	6693
301288	2442421	6693
3050276	4322763	6693
301288	2607260	6711
3050276	3956391	6711
301288	2963958	6693
3050276	2157392	6711
3050276	3972928	6693
3050276	2594632	6693
301288	3617291	6711
301288	442592	6711
3050276	3082430	6711
301288	1729505	6711
301288	3381606	6693
3050276	2901674	6693
301288	4227334	6693
443707	301288	6714
301288	467800	6708
590548	301288	6739
3050276	311217	6693
301288	2977104	6711
301288	6124	6711
301288	659218	6722
301288	2566545	6711
301288	2162537	6722
3050276	4483340	6693
3050276	775304	6693
3050276	689637	6693
301288	3956391	6711
301288	3630847	6711
301288	2884634	6693
301288	2734997	6693
301288	3852620	6693
301288	1439945	6693
301288	10250	6693
301288	933155	6693
301288	2442820	6711
301288	4540471	6693
3428213	301288	6739
3050276	3065781	6711
3050276	1790942	6711
301288	1070663	6711
2878236	652900	7216
301288	2598765	6711
3050276	1143194	6693
1060745	516500	6714
3050276	1136536	6693
301288	2779439	6693
301288	4461255	6711
301288	1706438	6693
3050276	214660	6693
3050276	247115	6711
3050276	3958551	6711
2302190	301288	6739
301288	2587358	6711
3050276	3977363	6693
301288	3003865	6693
3050276	4255959	6693
301288	1077040	6711
301288	2713219	6693
3050276	1620704	6693
3050276	3234754	6711
301288	1802440	6693
1334405	1423625	7328
3050276	4070675	6693
3050276	3224561	6711
301288	2855049	6693
3050276	514955	6693
301288	1546360	6711
301288	2871732	6693
3050276	4049742	6711
3050276	2447798	6693
3050276	1224717	6711
3050276	2099078	6711
301288	893900	6711
301288	2248737	6722
301288	3488833	6711
301288	173238	6722
301288	553070	6693
2958967	301288	6739
301288	3260013	6711
301288	2735506	6711
3050276	33774	6711
3050276	2038929	6693
3050276	2937061	6711
3050276	223091	6693
301288	4002731	6711
3050276	1414375	6693
3050276	1624369	6711
301288	1870823	6711
301288	896932	6693
3050276	3291559	6711
3050276	2844126	6693
380962	301288	6714
3050276	4310235	6693
3050276	1861167	6693
301288	670899	6711
3050276	2619179	6711
301288	3422780	6693
3050276	3028687	6711
3050276	1137433	6693
3050276	2021364	6693
301288	2184365	6693
301288	4177922	6693
301288	440324	6708
3050276	76070	6711
301288	1194914	6693
3050276	3738087	6693
3050276	3893821	6711
301288	3817128	6693
3050276	448206	6711
4604864	1060745	6753
3050276	4337341	6711
301288	2187403	6693
301288	2963550	6693
301288	274846	6693
3050276	3524737	6693
3050276	423284	6711
301288	1264743	6693
3050276	573356	6693
301288	3228389	6693
3050276	1777344	6711
3050276	3074597	6711
301288	464610	6723
3054251	301288	6739
301288	741559	6711
301288	1280207	6693
301288	380515	6711
301288	1045639	6711
301288	3485397	6711
301288	324560	6711
301288	4131370	6693
301288	1225140	6693
301288	2694505	6693
301288	1908970	6693
301288	3846740	6693
301288	3164599	6693
1819532	301288	6739
301288	1508663	6693
3050276	1802405	6693
3050276	4044068	6693
3050276	3361064	6693
3050276	4426548	6693
3050276	1045639	6711
3050276	882843	6711
3050276	202313	6693
3050276	405143	6693
301288	2048690	6711
3050276	3373259	6711
698687	301288	6739
301288	2175575	6711
301288	772622	6711
301288	4606213	6711
301288	1951295	6711
301288	2809469	6693
3050276	4487422	6711
301288	1107492	6693
301288	3812339	6693
301288	3729053	6693
301288	1656699	6711
301288	908495	6711
301288	2134067	6722
2770751	301288	6739
3050276	3626957	6711
301288	2727955	6711
301288	3131910	6693
301288	2357462	6693
301288	3753380	6693
458604	301288	6739
3050276	3488833	6711
301288	2853486	6693
301288	4345913	6708
301288	4246775	6708
3050276	4209264	6711
301288	400185	6693
301288	610537	6711
301288	2874405	6711
301288	1338782	6693
301288	4457926	6693
301288	3550580	6723
301288	297275	6693
3050276	1969826	6711
3050276	3191290	6711
3050276	2695992	6693
3050276	3396316	6693
3050276	11063	6693
301288	2572808	6693
301288	3074597	6711
301288	4480731	6693
3050276	3932415	6693
3050276	1193899	6711
301288	4600423	6693
3050276	1904633	6693
3050276	1956745	6693
3050276	3385305	6711
3050276	4305023	6711
301288	4105351	6693
301288	2378850	6711
301288	3496468	6693
301288	2665526	6711
3050276	2556256	6711
301288	2246583	6708
301288	3153558	6711
301288	4531850	6711
3050276	2560151	6693
3050276	1077040	6711
301288	3656454	6693
3050276	3533781	6711
3050276	637463	6711
3050276	1906653	6711
3050276	2598470	6711
301288	3264800	6711
3050276	3764437	6693
3050276	1121821	6693
3515944	246788	6747
301288	4225491	6693
301288	1666185	6693
301288	1308253	6693
301288	1360449	6693
301288	2806570	6711
3050276	98941	6693
301288	1977157	6693
301288	252556	6693
3050276	2828390	6693
301288	84077	7022
301288	205642	6693
3050276	1426102	6693
301288	2629881	6693
301288	4015015	6693
3050276	739093	6693
301288	3962684	6711
3050276	2159605	6693
3050276	1578360	6693
301288	3569032	6693
301288	4050462	6693
301288	2388997	6722
301288	2401016	6711
3050276	1129190	6693
3050276	265824	6693
3050276	3088505	6711
2686794	301288	6739
301288	1635878	6708
301288	1009789	6693
3050276	529121	6693
3050276	389097	6711
301288	3023543	6693
301288	3734563	6693
3987042	301288	6739
301288	403612	6693
301288	236620	6700
3050276	3031509	6693
301288	1927544	6711
3050276	2248737	6711
301288	2257588	6693
301288	2145773	6711
3050276	2915270	6711
3050276	814517	6711
3050276	278909	6711
3050276	4077278	6693
3050276	3130788	6711
301288	1926276	6711
3050276	2486422	6693
301288	1854600	6693
3050276	3098212	6693
3050276	1803452	6711
301288	2447798	6693
301288	3216977	6693
3050276	3662580	6711
301288	3425661	6722
301288	3035302	6693
3050276	1474248	6711
1574540	301288	6739
