1909461	2376528	6
2394678	2376528	6
343080	3515944	71
1345211	3515944	71
3515944	976613	74
546944	3515944	71
4413737	3515944	71
969682	2376528	6
2742254	2376528	6
1888846	3515944	71
2441305	3515944	71
1890501	2376528	6
4050927	3515944	71
927450	2376528	6
1547357	3515944	71
3178636	2376528	6
1519419	2376528	6
3287016	2376528	6
492829	3515944	71
1402399	3515944	71
3545065	2376528	6
3377499	3515944	71
636173	2376528	6
2724556	2198643	192
4416632	2376528	6
3240551	3515944	71
4348695	2376528	6
1589132	3515944	71
2726079	2376528	6
1268079	3515944	71
1030990	2376528	6
3114558	3515944	71
3718896	3515944	71
3293069	2376528	6
4244998	2376528	6
3473654	2376528	6
1879522	3515944	71
4123132	2376528	6
4059848	3515944	71
1554159	3515944	71
1576586	2376528	6
3556930	817319	1347
4462908	2376528	6
523260	2376528	6
1765051	2376528	6
3756975	3515944	71
2477966	2376528	6
341891	3515944	71
1312336	2376528	6
4508482	2376528	6
376823	3515944	71
2001999	3515944	71
2771093	3515944	71
2847730	3515944	71
3844500	3515944	71
2433018	2376528	6
2270241	2376528	6
2369622	2376528	6
2913822	2376528	6
3515944	4333054	74
2938739	3515944	71
104117	3515944	71
837548	3515944	71
1293683	3515944	71
4476729	4476205	135
3029237	2376528	6
1915681	2376528	6
4069952	3515944	71
619399	2376528	6
3790753	2376528	6
3588156	3515944	71
2160154	2376528	6
2405505	2376528	6
718772	3515944	71
1264592	3515944	71
920270	3515944	71
2657569	3515944	71
4316671	2376528	6
2335776	3515944	71
1641681	2376528	6
3977050	2376528	6
287410	2376528	6
797096	2376528	6
3118815	2376528	6
1524063	2376528	6
1292940	3515944	71
2763565	3515944	71
224788	3515944	71
3081027	3515944	71
3324639	2376528	6
2915178	3515944	71
2693343	2376528	6
3632038	2376528	6
2187429	3515944	71
647236	2376528	6
132550	3515944	71
1319143	3515944	71
2232576	3515944	71
3170352	3515944	71
3515944	3883644	74
954169	2376528	6
4486218	3515944	71
1965412	3515944	71
389702	2376528	6
1738696	2376528	6
3624756	3515944	71
1591420	3515944	71
1781493	2376528	6
2857352	3515944	71
1468195	2376528	6
4441866	2376528	6
4238744	2376528	6
1321280	3515944	71
3078914	3515944	71
1007628	3515944	71
4334422	3515944	71
3080243	2376528	6
2886946	3515944	71
297275	3515944	71
4531644	2376528	6
3513649	3515944	71
4155277	2376528	6
1081565	2376528	6
3490313	2376528	6
2911257	2376528	6
2408676	3515944	71
2849899	3515944	71
2675327	3515944	71
2825747	2376528	6
3797654	2376528	6
118235	3515944	71
2889821	2376528	6
3023976	2376528	6
3182123	2376528	6
787676	3515944	71
110497	2376528	6
3515944	242373	74
4526870	2376528	6
3387581	2376528	6
498456	2376528	6
3515944	1941098	74
2788846	3515944	71
1036911	3515944	71
2303520	3515944	71
4014740	2376528	6
2723533	3515944	71
4069308	2376528	6
2433769	3515944	71
380582	3515944	71
548160	3515944	71
3164599	2376528	6
2022281	2376528	6
3969913	3515944	71
552078	2376528	6
504703	3515944	71
3296502	3515944	71
253324	2376528	6
4531023	2376528	6
1034822	2376528	6
4590107	3515944	71
1955340	2376528	6
2019015	3515944	71
1882033	2376528	6
389179	2376528	6
3772295	3515944	71
3571029	2376528	6
1966045	3515944	71
59969	3515944	71
2987790	3515944	71
688844	3515944	71
138813	2376528	6
240145	2376528	6
875957	3515944	71
2758797	3515944	71
1224118	2376528	6
3263998	2376528	6
2565255	2376528	6
2198643	2724556	191
711246	2376528	6
3726735	3515944	71
1123627	2376528	6
1504212	3515944	71
3718547	2376528	6
3908768	3515944	71
931294	3515944	71
181541	2376528	6
1750716	3515944	71
3233552	3515944	71
4432482	2376528	6
998324	3515944	71
3583249	2376528	6
4355651	2376528	6
417459	3515944	71
649447	2376528	6
3331460	3515944	71
3973309	3515944	71
3794348	2376528	6
1452487	2376528	6
4448083	3963090	2089
620830	3515944	71
3773501	2376528	6
591614	3515944	71
2657569	2376528	6
802293	3515944	71
1340167	2376528	6
7204	3515944	71
988016	3515944	71
771509	3515944	71
3804297	2376528	6
2582239	3515944	71
1961838	3515944	71
757779	2376528	6
2784774	2376528	6
1961838	2376528	6
219866	3515944	71
4480023	3515944	71
2078079	2376528	6
2438649	2376528	6
1934070	2376528	6
4269702	3515944	71
759379	3515944	71
4635105	3515944	71
3646005	3515944	71
4144552	2376528	6
602015	2376528	6
3937792	2376528	6
392320	3515944	71
4587626	3515944	71
2037036	2376528	6
2591846	3515944	71
3908723	2376528	6
3767130	2376528	6
447885	2376528	6
1713391	2376528	6
1345820	3515944	71
3184649	3515944	71
1969061	2376528	6
627470	3515944	71
4127370	2376528	6
952749	2376528	6
259325	2376528	6
3759977	2376528	6
194938	3515944	71
2108412	2376528	6
4435538	3515944	71
4113972	3515944	71
3404236	2376528	6
1645160	3515944	71
2384381	3515944	71
1732841	2376528	6
1177278	2376528	6
4088968	3515944	71
2802313	3515944	71
1608787	2376528	6
4268412	2376528	6
3062430	2376528	6
3822850	2376528	6
4560339	2376528	6
3271703	3515944	71
4476044	2376528	6
976829	2376528	6
2912967	2376528	6
3477496	2376528	6
314198	3515944	71
3752882	3515944	71
1966077	2376528	6
2157516	2376528	6
2839693	2376528	6
4263320	3515944	71
3685572	2376528	6
1814401	3515944	71
4417852	3515944	71
4262134	3515944	71
2736444	3515944	71
2691129	2376528	6
2375865	3515944	71
4416666	2376528	6
781063	2376528	6
4035557	2376528	6
1137610	3515944	71
492829	2376528	6
1696649	2376528	6
2913822	3515944	71
1968919	3575737	142
4399496	3515944	71
2319585	2376528	6
808201	2376528	6
2099678	3515944	71
3755666	2376528	6
1815093	3515944	71
4262974	3515944	71
2293587	3515944	71
884992	2376528	6
1568505	3515944	71
2724556	3227347	190
2354088	2376528	6
4025649	2376528	6
4129673	3515944	71
4240472	2376528	6
766697	3515944	71
2842947	2376528	6
732102	3515944	71
4372832	2376528	6
3440911	2376528	6
2157516	3515944	71
354156	3515944	71
592105	3515944	71
2248422	2376528	6
3657145	3515944	71
2470497	3515944	71
2429784	2376528	6
3886727	2376528	6
2097626	3515944	71
198558	2376528	6
2992811	3515944	71
3212497	2376528	6
3129476	2376528	6
3765749	2376528	6
439414	3515944	71
2962897	2376528	6
1424324	3515944	71
2956432	2376528	6
3518980	2376528	215
138774	3515944	71
4488828	2376528	6
2606735	2376528	6
1538625	3515944	71
3456665	2376528	6
3883069	2376528	6
2156480	2376528	6
794942	3515944	71
3799694	3515944	71
4279357	3890674	487
3022756	2376528	6
97824	3515944	71
2095276	3515944	71
607771	3515944	71
3165749	2376528	6
2318006	2376528	6
4466430	2376528	6
3709857	2376528	6
1027716	2376528	6
3490519	3515944	71
3486707	2376528	6
3065922	2376528	6
4308308	2376528	6
2420285	3515944	71
285240	3515944	71
3618592	3515944	71
4233169	2376528	6
918092	3515944	71
3561155	3515944	71
227141	3515944	71
3561336	3515944	71
1632643	3515944	71
2198643	2344598	142
2976983	2376528	6
409550	2376528	6
1906175	2376528	6
3882873	3515944	71
1063609	3515944	71
546944	2376528	6
2834652	2376528	6
2559291	2376528	6
1274645	2376528	6
679648	3515944	71
1033961	2376528	6
2085056	2376528	6
1299224	2376528	6
2782446	2376528	6
3986547	3515944	71
4195300	3515944	71
2201568	2376528	6
2156104	3515944	71
4458892	3515944	71
2868107	2376528	6
238282	3515944	71
4338341	2376528	6
4595039	2376528	6
852433	2376528	6
2758797	2376528	6
354156	2376528	6
3234071	2376528	6
4598742	2376528	6
2804405	3515944	71
3940156	3515944	71
1130332	2376528	6
67482	2376528	6
766861	2376528	6
3515944	2781859	74
891549	3515944	71
3079994	2376528	6
4320083	2376528	6
1902115	3515944	71
3326263	2376528	6
3565448	2376528	6
3374320	3515944	71
1978562	3515944	71
964932	3515944	71
1572104	2376528	6
3331460	2376528	6
2599092	2376528	6
3286237	3515944	71
1482286	2376528	6
904805	2376528	6
956848	2376528	6
870143	3515944	71
3964596	3515944	71
351498	3515944	71
1364233	2376528	6
1112390	3515944	71
341559	3515944	71
4320083	3515944	71
4197821	2376528	6
3507906	2376528	6
1196112	2376528	6
686375	4279357	157
3641111	3515944	71
2012798	2376528	6
1703625	2376528	6
2815224	3515944	71
4187852	2376528	6
692233	3515944	71
762267	2376528	6
4508482	3515944	71
1645710	2376528	6
346484	2376528	6
2561875	3515944	71
1716549	2376528	6
2484268	3515944	71
4097587	3515944	71
1884436	2376528	6
335699	3515944	71
4120083	1699926	992
3979494	2376528	6
2344598	2198643	145
2019015	2376528	6
1697900	2376528	6
188914	3515944	71
741091	2376528	6
2088266	2376528	6
3638436	3515944	71
502429	2376528	6
2118241	3515944	71
1645160	2376528	6
109678	3515944	71
4067839	3515944	71
2915437	3515944	71
1088444	2376528	6
2166483	2376528	6
1620457	3515944	71
461423	3515944	71
64943	3515944	71
3916050	2376528	6
2723280	3515944	71
3000607	2376528	6
3575737	1558441	152
1815559	3515944	71
1048841	3515944	71
976613	2376528	6
3298672	3515944	71
1538625	2376528	6
4184435	2376528	6
305913	2376528	6
2770166	3515944	71
3575737	1968919	152
855078	3515944	71
1062681	3515944	71
1890138	2376528	6
1148629	3515944	71
468518	3515944	71
521707	2376528	6
2651316	2376528	6
4280871	2376528	6
556295	3515944	71
4544807	2376528	6
2027078	3515944	71
3119223	3515944	71
4266299	2376528	6
4581016	3515944	71
3526904	3515944	71
3019218	3515944	71
4176266	2376528	6
4514881	2376528	6
1540571	2376528	6
1485204	2376528	6
2648410	2376528	6
4419824	2376528	6
2267146	3515944	71
4604261	3515944	71
2656931	2376528	6
387816	3515944	71
1573736	2376528	6
1669250	2376528	6
1081850	2376528	6
4377433	3515944	71
3288400	2376528	6
4612045	3515944	71
3515944	2030914	74
4268391	3515944	71
4087345	2376528	6
1037935	3515944	71
4298717	2376528	6
3329009	3515944	71
1221146	3515944	71
2865851	2376528	6
2944455	2376528	6
2190393	2376528	6
441595	2376528	6
233761	3515944	71
3404521	3515944	71
2846137	2376528	6
1108718	3515944	71
1590245	2376528	6
4082927	3515944	71
1061634	3515944	71
1601279	3515944	71
3425979	3515944	71
2762690	3515944	71
3487177	2376528	6
4515990	3515944	71
50928	2376528	6
4615586	3515944	71
2978865	3515944	71
2805752	3515944	71
2869326	2376528	6
4332597	2376528	6
4630762	2376528	6
148557	2376528	6
4505798	2376528	6
3714297	2376528	6
545394	2376528	6
1634598	2376528	6
3466514	3515944	71
1466825	2376528	6
50960	3515944	71
3413586	3515944	71
1656980	3515944	71
1730437	2376528	6
1744183	2376528	6
3966429	2376528	6
3515944	2695190	74
121161	3515944	71
4118779	3515944	71
2383316	3515944	71
1688247	2376528	6
3803214	2376528	6
3526520	3515944	71
718772	2376528	6
3386536	2376528	6
1793817	3515944	71
1410854	2376528	6
2112022	2376528	6
1268079	2376528	6
1560893	3515944	71
2386811	2376528	6
1480424	2376528	6
3453003	3515944	71
2355708	3050276	35
4238401	2376528	6
2782975	3515944	71
451059	2376528	6
648618	3515944	71
1846062	2376528	6
3109710	3515944	71
3343283	2376528	6
2208799	3515944	71
740333	3515944	71
2653279	2376528	6
4505880	2376528	6
4206111	2376528	6
3933471	2376528	6
3728006	2376528	6
4020050	3515944	71
2477880	3515944	71
3284003	2376528	6
4279357	1411687	66
388600	3515944	71
4174300	3515944	71
2182928	2376528	6
2103223	2376528	6
2330130	3515944	71
4594904	2376528	6
1623248	2376528	6
207540	2376528	6
2289174	3515944	71
3140810	3515944	71
594967	3515944	71
1315669	3515944	71
253691	3515944	71
471178	3515944	71
2068636	3515944	71
3751455	2376528	6
1731690	2376528	6
2171674	2376528	6
3961500	3515944	71
151776	2376528	6
799081	3515944	71
4289149	2376528	6
1360181	2376528	6
2376528	3034435	156
2118363	2376528	6
2046025	2376528	6
2184412	2376528	6
1918326	2376528	6
1984736	3515944	71
968750	3515944	71
417459	2376528	6
1665391	2376528	6
799181	2376528	6
1090543	2376528	6
3521884	3515944	71
4127759	2376528	6
1036911	2376528	6
2894500	3515944	71
3787718	3515944	71
817319	1699926	1348
728170	3515944	71
3257533	2376528	6
1253734	3515944	71
423483	2376528	6
3492384	2376528	6
297681	2376528	6
3798573	3515944	71
1258832	2376528	6
3964075	2376528	6
2957476	3515944	71
2784969	3515944	71
4325336	3515944	71
4130456	2376528	6
2171139	3515944	71
703805	2376528	6
2438649	3515944	71
18160	2376528	6
3515944	1394080	74
3058120	3515944	71
444274	2376528	6
2316359	2376528	6
740333	2376528	6
1550526	2376528	6
196930	3515944	71
3140425	3515944	71
1738696	3515944	71
913286	2376528	6
844683	2376528	6
887487	3515944	71
1560111	2376528	6
2787059	3515944	71
4384825	3515944	71
745894	3515944	71
3549996	2376528	6
1159771	2376528	6
2314897	2376528	6
1800679	2376528	6
3227347	3575737	333
4182135	2376528	6
3599284	3515944	71
3775952	2376528	6
2951310	3515944	71
677477	2376528	6
4128582	2376528	6
3448199	3515944	71
2293093	2376528	6
4376266	3515944	71
3841517	2376528	6
3190376	3515944	71
4279958	3515944	71
885714	3515944	71
3507764	2376528	6
3975735	3515944	71
1752561	3515944	71
1151801	2376528	6
2480014	3515944	71
2748584	2376528	6
4639704	2376528	6
1839450	3515944	71
3173240	2724556	2
2914764	3515944	71
687391	2376528	6
3803928	3515944	71
254156	3515944	71
2231129	3515944	71
315025	3515944	71
976613	3515944	71
1167017	3515944	71
1226209	3515944	71
2199513	3515944	71
1763196	3515944	71
4515533	3515944	71
837548	2376528	6
4367181	3515944	71
3314207	3515944	71
4652686	2376528	6
3192962	2376528	6
1295743	3515944	71
2292833	3515944	71
87734	2376528	6
4458892	2376528	6
2429215	3515944	71
3704716	2376528	6
639466	2376528	6
332805	2376528	6
3882	2376528	6
1177456	3515944	71
295997	2376528	6
381308	3515944	71
2490305	2376528	6
1446915	3515944	71
1149831	2376528	6
4216473	3515944	71
2544292	3515944	71
688315	2376528	6
1611599	3515944	71
3663727	2376528	6
677360	2376528	6
2561296	3515944	71
3515944	660629	74
1449017	2376528	6
3491200	3515944	71
4384239	3515944	71
2014792	2376528	6
1363319	2376528	6
1321280	2376528	6
1329774	3515944	71
2256342	2376528	6
3715567	3515944	71
2300219	2376528	6
400329	3515944	71
2988919	3515944	71
965370	2376528	6
2856624	3515944	71
4032443	2376528	6
1691311	2376528	6
1800738	3515944	71
4490508	3515944	71
4395120	2376528	6
1944457	3515944	71
3372870	2376528	6
3515944	810028	74
3251587	2376528	6
1264106	2376528	6
4650905	2376528	6
2681805	2376528	6
962515	2376528	6
2103599	2376528	6
1318004	2376528	6
1434052	2376528	6
3515944	2408500	74
1649831	2376528	6
179188	3515944	71
276040	3515944	71
3065922	3515944	71
3091470	3515944	71
1806212	3515944	71
1640410	3515944	71
2347818	3515944	71
4174205	2376528	6
4369254	2376528	6
3356559	3515944	71
4127510	2376528	6
3650103	2376528	6
1321007	2376528	6
3723540	2376528	6
3181285	2376528	6
405881	2376528	6
2872559	2376528	6
1423551	2376528	6
2128757	3515944	71
2166800	3515944	71
3883644	3515944	71
2302247	3515944	71
2398528	2376528	6
2064593	3515944	71
4130022	2376528	6
1127919	2376528	6
120639	3515944	71
7408	2376528	6
4180325	3515944	71
2293557	3515944	71
4111611	2376528	6
1344268	3515944	71
2129335	2376528	6
325481	2376528	6
3437376	2376528	6
339478	2376528	6
3615191	3050276	47
2771093	2376528	6
1342293	3515944	71
2095644	2376528	6
1865116	3515944	71
3014409	2376528	6
3757004	2376528	6
788358	2376528	6
2234446	3515944	71
4182476	2376528	6
177571	3515944	71
1111875	2376528	6
800959	3515944	71
3402119	2376528	6
2179016	3515944	71
2136794	2376528	6
896893	3515944	71
1096190	2376528	6
178503	3515944	71
444354	2376528	6
3696702	2376528	6
55517	2376528	6
4052977	2376528	6
1511600	2376528	6
1013021	2376528	6
3768398	2376528	6
1313121	3515944	71
1120352	3515944	71
1953290	3515944	71
3937792	3515944	71
4446009	2376528	6
2321917	2376528	6
826268	2376528	6
4408228	2376528	6
3441559	2376528	6
4223852	2376528	6
1270878	2376528	6
2804405	2376528	6
660348	2376528	6
1224137	3515944	71
931294	2376528	6
3515944	101277	74
4038610	3515944	71
1822095	2376528	6
3704776	2376528	6
4185051	2376528	6
3732173	2376528	6
3474596	2376528	6
3437862	3515944	71
16184	3515944	71
680848	2376528	6
1016496	2376528	6
3227347	3050276	35
3515944	2972561	74
2336997	2376528	6
1617950	2376528	6
4163826	2376528	6
1572134	2376528	6
3460089	3515944	71
2004773	2376528	6
1571367	3515944	71
3662354	3515944	71
3468535	2376528	6
1977130	3515944	71
4614822	2376528	6
1207449	2376528	6
2796334	3515944	71
4637083	2376528	6
1392415	2376528	6
1263938	2376528	6
4323052	2376528	6
4195742	3515944	71
593973	3515944	71
2651316	3515944	71
1784274	3515944	71
2379541	3515944	71
4532053	2376528	6
1023510	2376528	6
4015117	2376528	6
412584	2376528	6
3349667	3515944	71
2009120	3515944	71
4080655	2376528	6
2572065	1699926	1324
4182933	2376528	6
935706	2376528	6
3356143	2376528	6
1433772	3515944	71
2053247	2376528	6
57753	3515944	71
621573	3515944	71
3762103	3515944	71
1072830	3515944	71
942636	2376528	6
2032557	3515944	71
4557826	2376528	6
3816014	3515944	71
3731612	2376528	6
1688323	3515944	71
673725	3515944	71
2190494	2376528	6
1565794	3515944	71
4223162	2376528	6
3680879	3515944	71
2839491	2376528	6
2302397	3515944	71
2882839	3515944	71
1934026	3515944	71
2121848	2376528	6
4454573	3515944	71
4654284	2376528	6
3982511	3515944	71
1468269	2376528	6
1780250	3515944	71
3912159	3515944	71
2234770	3515944	71
4302837	2376528	6
3388529	3515944	71
2107472	2376528	6
2662506	2376528	6
3317820	3515944	71
3412785	2376528	6
95469	2376528	6
2386811	3515944	71
3083433	3515944	71
1941098	3515944	71
3168034	2376528	6
570078	3515944	71
39558	2376528	6
2171139	2376528	6
189601	2376528	6
3239330	817319	1347
3987638	3515944	71
4069742	3515944	71
722606	2376528	6
658250	2376528	6
636173	3515944	71
4035342	2376528	6
2639331	2376528	6
1654630	2376528	6
3466514	2376528	6
1251655	3515944	71
926630	3515944	71
3515944	1500965	74
1425075	2376528	6
251279	3515944	71
4010683	3515944	71
1093141	2376528	6
2211398	3515944	71
2336070	3515944	71
2532399	3515944	71
3515944	4462975	74
3515944	2217403	74
81016	2376528	6
2849813	2376528	6
355084	2376528	6
2758843	3515944	71
1357856	3515944	71
3514680	3515944	71
3612685	3515944	71
3694630	2376528	6
636036	2376528	6
990882	2376528	6
3198874	3515944	71
1710746	2376528	6
1377462	3515944	71
879862	2376528	6
4250199	3515944	71
385839	3515944	71
3163758	2376528	6
3631315	3515944	71
4093720	2376528	6
4127838	2376528	6
3714297	3515944	71
1661681	2376528	6
2315889	3515944	71
595191	3515944	71
2840462	3515944	71
174894	2376528	6
1007241	2376528	6
1006351	3515944	71
4216473	2376528	6
1064777	3515944	71
3253774	3515944	71
1221467	2376528	6
4068638	3515944	71
442854	2376528	6
3422443	2376528	6
3139537	2376528	6
2682592	2376528	6
655155	2376528	6
3931648	2376528	6
3150461	3515944	71
4002977	2376528	6
975166	3515944	71
4298446	2376528	6
2548595	3515944	71
850399	3515944	71
3231310	3515944	71
4324687	3515944	71
207982	3515944	71
4578281	3515944	71
1408718	3515944	71
2617548	2376528	6
386121	3515944	71
3061278	2376528	6
3656264	2376528	6
4651500	3515944	71
266469	3515944	71
1716262	2376528	6
3154993	3515944	71
3838346	2376528	6
2732297	2376528	6
167426	3515944	71
951790	2376528	6
1246283	3515944	71
2978229	3515944	71
1753422	3515944	71
3047830	2376528	6
1670959	3515944	71
2838975	3515944	71
1583127	2376528	6
655208	2376528	6
3456665	3515944	71
2978865	2376528	6
1940807	2376528	6
2848740	2376528	6
2094207	3515944	71
4025649	3515944	71
2759118	2376528	6
82160	2376528	6
1110798	2376528	6
1423049	3515944	71
1315878	2376528	6
3803214	3515944	71
2384372	2376528	6
2213234	2376528	6
3794348	3515944	71
2563104	3515944	71
1683279	3515944	71
3633469	3515944	71
1226313	2376528	6
488941	3515944	71
2086388	3515944	71
2032073	2376528	6
978813	2376528	6
1368639	3515944	71
4515199	3515944	71
588975	2376528	6
940849	3515944	71
1381194	2376528	6
1890836	2376528	6
2408372	2376528	6
3193896	2376528	6
3515944	284029	74
851925	3515944	71
2515475	3515944	71
1923735	2376528	6
3657145	2376528	6
1785313	3515944	71
445107	3515944	71
2935117	2376528	6
3298672	2376528	6
79143	2376528	6
3638810	3515944	71
466569	2376528	6
3658868	3515944	71
3885363	3515944	71
1688323	2376528	6
844958	2376528	6
317739	2376528	6
320044	3515944	71
1590245	3515944	71
2727549	3515944	71
341454	3515944	71
1067493	2376528	6
2609750	2376528	6
1581768	3515944	71
1090543	3515944	71
4377433	2376528	6
149461	2376528	6
296128	3515944	71
2652048	3515944	71
3441559	3515944	71
2318006	2198643	137
3515944	1216822	74
3469556	2376528	6
3515944	3464984	74
3621000	3515944	71
660348	3515944	71
1271148	2376528	6
1890138	3515944	71
3668935	3515944	71
738312	2376528	6
3378007	2376528	6
1888080	2376528	6
3374983	3515944	71
1057768	2376528	6
2502680	3515944	71
4060001	3515944	71
3639235	2376528	6
3251587	3515944	71
595191	2376528	6
1716207	3515944	71
4622165	2376528	6
1643269	3515944	71
2169654	2376528	6
3860424	3515944	71
237590	3515944	71
3841010	2376528	6
3132999	2376528	6
4371674	3515944	71
1529044	3515944	71
4348404	2376528	6
1969117	3515944	71
2319585	3515944	71
3025775	3515944	71
2766743	2376528	6
445709	2376528	6
904327	3515944	71
3771484	2376528	6
4339182	3515944	71
4330216	2376528	6
125345	3515944	71
1908497	3515944	71
1933880	2376528	6
1109256	2376528	6
2140689	3515944	71
523814	3515944	71
3610254	3515944	71
1188968	2376528	6
2136220	2376528	6
1329774	2376528	6
715185	3515944	71
2217403	2376528	6
907584	2376528	6
840174	2376528	6
2067512	3515944	71
1592112	2376528	6
1312610	3515944	71
1261840	2376528	6
1665391	3515944	71
2307441	2376528	6
2401092	3515944	71
2061474	3515944	71
2639331	3515944	71
4185727	2376528	6
4116421	3515944	71
279839	2376528	6
2900993	3515944	71
2569253	2376528	6
1289325	3515944	71
2450268	2376528	6
4367685	2376528	6
128046	3515944	71
2938739	2376528	6
4310699	3515944	71
2286811	4120083	262
1497000	3515944	71
3696702	3515944	71
1295743	2376528	6
3149235	2376528	6
1614810	3515944	71
773666	3515944	71
387435	2376528	6
2525640	3515944	71
1321007	3515944	71
1607052	2376528	6
1659147	3515944	71
2036108	2376528	6
2642122	3515944	71
4508862	2376528	6
4379484	3515944	71
2109425	3515944	71
3086913	3515944	71
3406233	2376528	6
1108064	3515944	71
1621123	2376528	6
2606735	3515944	71
1512264	2376528	6
2495047	2376528	6
3175627	3515944	71
4012700	3515944	71
852433	3515944	71
3354374	2376528	6
1644940	2376528	6
1999810	3515944	71
3671348	3515944	71
4501940	3515944	71
2433377	2376528	6
4337587	2376528	6
2459553	3515944	71
1452487	3515944	71
2467434	3515944	71
3166451	3515944	71
4603071	2376528	6
1663454	3515944	71
1193449	3515944	71
3515944	962515	74
3718197	2376528	6
4640261	2376528	6
550610	3515944	71
3967470	2376528	6
4476729	274668	142
2433377	3515944	71
4145939	3515944	71
576922	2376528	6
2836182	3515944	71
2939638	2376528	6
369717	2376528	6
1215709	3515944	71
1333294	3515944	71
2725819	3515944	71
3326534	2376528	6
1023673	2376528	6
485358	2376528	6
4615586	2376528	6
4279357	3050276	35
3772340	3515944	71
1879408	3515944	71
3642478	2376528	6
2757978	3515944	71
83265	2376528	6
4534011	3515944	71
1479170	2376528	6
4571573	3515944	71
3160816	3515944	71
4064187	2376528	6
1937758	2376528	6
1027023	3515944	71
3607428	3515944	71
3284003	3515944	71
1674516	3515944	71
3692787	3515944	71
3377637	2376528	6
1250338	3515944	71
4470780	3515944	71
570333	2376528	6
1895017	2376528	6
2941291	3515944	71
341952	3515944	71
4307064	2376528	6
1160955	3515944	71
2397617	3515944	71
3336072	2376528	6
1713614	3515944	71
4472583	3515944	71
1060859	3515944	71
2092300	2376528	6
1877915	3515944	71
922688	2376528	6
2835405	3515944	71
2217403	3515944	71
1489099	3515944	71
1348275	3515944	71
4527339	2376528	6
918990	2376528	6
1361511	3515944	71
2818181	2376528	6
3725457	2376528	6
941894	2376528	6
1831621	3515944	71
1735174	3515944	71
466569	3515944	71
3904574	2376528	6
1018080	3515944	71
3521884	2376528	6
3553856	2376528	6
188914	2376528	6
2878717	2376528	6
1787518	3515944	71
590485	3515944	71
1738002	2376528	6
2510907	2376528	6
769093	3515944	71
4087601	3515944	71
1937173	2376528	6
2369873	2376528	6
4637083	3515944	71
207982	2376528	6
229496	2376528	6
448749	3515944	71
907334	3515944	71
3819399	2376528	6
11645	2376528	6
4261832	2376528	6
3293796	2376528	6
2994235	3515944	71
1184493	3515944	71
3666027	3515944	71
1073495	2376528	6
4211517	3515944	71
1759392	2376528	6
58026	2376528	6
4394224	2376528	6
3312590	2376528	6
4270301	2376528	6
1530867	3515944	71
3885335	3515944	71
4087601	2376528	6
2383781	2376528	6
4296805	3515944	71
2027449	3515944	71
4412505	2376528	6
1446375	3515944	71
2459717	2376528	6
3397805	3515944	71
4158955	2376528	6
2882839	2376528	6
3152707	2376528	6
3881637	2376528	6
1908497	2376528	6
2724724	2376528	6
1130771	2376528	6
3293069	3515944	71
2206026	2376528	6
3816014	2376528	6
1185738	2376528	6
154158	3515944	71
3406233	3515944	71
3402119	3515944	71
3940156	2376528	6
3515944	312740	74
2230354	3515944	71
2234770	2376528	6
3407316	3515944	71
2829899	2376528	6
1030503	2376528	6
1288084	3515944	71
1558441	3050276	35
3281368	2376528	6
2900813	2376528	6
2698451	3515944	71
2493068	3515944	71
918027	3515944	71
3515944	1586461	74
4316809	3515944	71
3053375	3515944	71
3700550	2376528	6
3399267	3515944	71
2022807	2376528	6
1792078	3515944	71
652181	2376528	6
137066	3515944	71
3879480	3515944	71
647191	2376528	6
788058	2376528	6
1987699	3515944	71
2883642	2376528	6
1191601	3515944	71
570333	3515944	71
219866	2376528	6
2355708	4333054	280
439107	3515944	71
2910715	3515944	71
1745356	2376528	6
2053247	3515944	71
4257779	2376528	6
1235228	2376528	6
3543433	3515944	71
1827873	3515944	71
569686	2376528	6
2246692	3515944	71
4002083	2376528	6
253696	3515944	71
1678918	2376528	6
55904	2376528	6
3861026	2376528	6
855511	2376528	6
227141	2376528	6
2302189	2376528	6
501811	2376528	6
550344	3515944	71
2355708	2724556	2
1231860	2376528	6
3734385	3515944	71
1417974	2376528	6
4339182	2376528	6
2148135	3515944	71
4526870	3515944	71
4591150	3515944	71
3515944	1550927	74
999023	2376528	6
3874069	3515944	71
1180200	2376528	6
555863	2376528	6
87734	3515944	71
1802325	2376528	6
2724724	3515944	71
1492576	3515944	71
196076	2376528	6
1346567	2376528	6
4416666	3515944	71
2692281	2376528	6
446987	2376528	6
3612685	2376528	6
299050	3515944	71
764736	2376528	6
3515944	78098	74
4527339	3515944	71
3515944	355084	74
4574886	2376528	6
2836182	2376528	6
1220370	3515944	71
2357596	2376528	6
4653675	2376528	6
3675841	3515944	71
3492929	2376528	6
1802325	3515944	71
2140735	3515944	71
3595610	4476729	735
3515944	4365683	74
4427318	2376528	6
1026045	3515944	71
3953130	2376528	6
3704917	3515944	71
3872746	2376528	6
138774	2376528	6
3955295	2376528	6
4123154	2376528	6
2303724	3515944	71
1393420	2376528	6
1827873	2376528	6
1903327	2376528	6
3188694	2376528	6
2284903	2376528	6
548	2376528	6
817319	3239330	1348
1171826	2376528	6
3889396	3515944	71
4465520	3515944	71
423441	2376528	6
2521677	2376528	6
444274	3515944	71
2085796	2376528	6
1092376	3515944	71
2703537	3515944	71
3775249	2376528	6
453231	3515944	71
2450486	3515944	71
2985738	2376528	6
4316017	2376528	6
341891	2376528	6
4153405	2376528	6
379905	2376528	6
1076151	2376528	6
3100377	2376528	6
2977726	2376528	6
1188968	3515944	71
3175854	2376528	6
3240878	3515944	71
652181	3515944	71
325892	3515944	71
4069952	2376528	6
1636085	2376528	6
2307414	2376528	6
4113556	3515944	71
2142700	3515944	71
1968919	3575737	66
1648377	2376528	6
2933347	2376528	6
3515944	3957013	74
886364	3515944	71
56388	3515944	71
2237380	3515944	71
4136397	3515944	71
390772	2376528	6
2875523	2376528	6
4290576	2376528	6
1381194	3515944	71
392320	2376528	6
2910000	2376528	6
3831821	3515944	71
4278803	3515944	71
3324294	2376528	6
2580479	3515944	71
1933880	3515944	71
4378542	3515944	71
1230888	3515944	71
3850037	3515944	71
3491200	2376528	6
4271983	3515944	71
1902599	2376528	6
1295587	2376528	6
2888029	3515944	71
794224	2376528	6
1994035	2376528	6
3648716	2376528	6
2583357	2376528	6
3515944	4345978	74
3515944	3783883	74
3663167	2376528	6
1634000	2376528	6
2668357	2376528	6
1244108	2376528	6
1829496	2376528	6
4330847	3515944	71
3391847	3515944	71
3541057	2376528	6
105742	3515944	71
2914211	2376528	6
1599173	2376528	6
2003567	3515944	71
866728	2376528	6
897301	3515944	71
3515944	2427645	74
3784714	2376528	6
4466430	3515944	71
4538697	2376528	6
1151801	3515944	71
4038610	2376528	6
3531732	3515944	71
4474308	3515944	71
2135982	3515944	71
3014409	3515944	71
3511125	3515944	71
3212727	3515944	71
2628679	3515944	71
4279357	4359891	195
3912208	3515944	71
4286170	2376528	6
376823	2376528	6
285240	2376528	6
1868410	3515944	71
2693894	2376528	6
2456907	3515944	71
3763818	2376528	6
4279357	2500656	163
1934026	2376528	6
1148766	3515944	71
3326263	3515944	71
3995852	3515944	71
3429577	3515944	71
3920770	3515944	71
2724556	4279357	41
967015	2376528	6
946985	3515944	71
4572284	2376528	6
2514474	3515944	71
3515944	3695793	74
4369732	2376528	6
3956555	3515944	71
4136397	2376528	6
2208041	2376528	6
505338	2376528	6
4591150	2376528	6
4404910	2376528	6
43149	3515944	71
2816440	3515944	71
2884218	3515944	71
4120083	1829496	5293
987501	3515944	71
3068581	2376528	6
3277560	2376528	6
3548760	2376528	6
3646005	2376528	6
671823	2376528	6
3515944	1769319	74
4394224	3515944	71
3556930	4120083	262
466131	3515944	71
3501838	3515944	71
1124678	2376528	6
2808961	3515944	71
942982	3515944	71
3715618	3515944	71
1088362	2376528	6
949352	2376528	6
4459628	2376528	6
576922	3515944	71
4168042	3515944	71
2737832	2376528	6
4386253	2376528	6
3203392	3515944	71
2061474	2376528	6
3708579	2376528	6
2753173	2376528	6
2202422	3515944	71
1417974	3515944	71
232008	3515944	71
4227732	3515944	71
439107	2376528	6
179846	2376528	6
4050927	2376528	6
3116049	2376528	6
2383316	2376528	6
957984	3515944	71
1229451	2376528	6
534243	2376528	6
4002129	2376528	6
3080140	2376528	6
2705460	2376528	6
3437661	2376528	6
885058	2376528	6
2164697	3515944	71
920270	2376528	6
3961931	3515944	71
3603950	3515944	71
1346105	2376528	6
314198	2376528	6
3501400	2376528	6
1055840	3515944	71
2008293	2376528	6
1352223	2376528	6
3706682	2376528	6
3452323	2376528	6
1348851	3515944	71
1079318	2376528	6
4045734	2376528	6
1807234	2376528	6
1023761	2376528	6
1016565	2376528	6
44487	3515944	71
423664	2376528	6
4476205	4476729	161
1103842	2376528	6
873829	3515944	71
839267	2376528	6
4088968	2376528	6
3816673	2376528	6
4185727	3515944	71
1819818	2376528	6
1246963	2376528	6
4655308	2376528	6
1378018	3515944	71
3276087	2376528	6
2743993	2376528	6
2666770	2376528	6
4232355	2376528	6
9886	2376528	6
145286	3515944	71
1984149	3515944	71
2445337	3515944	71
3651447	3515944	71
2590181	3515944	71
2490305	3515944	71
701885	2376528	6
4365554	2376528	6
4076824	3515944	71
3886932	3515944	71
981279	2376528	6
3184868	2376528	6
182743	3515944	71
2908465	3515944	71
3373483	2376528	6
3770913	2376528	6
1109256	3515944	71
2801197	2376528	6
4102337	3515944	71
4036650	3515944	71
53969	3515944	71
2144902	3515944	71
3857885	3515944	71
4146782	2376528	6
1965941	3515944	71
4290576	3515944	71
2391643	2376528	6
409550	3515944	71
1077833	2376528	6
2242206	2376528	6
1940807	4279357	196
4120083	2286811	992
1342293	2376528	6
1996276	3515944	71
3531203	2376528	6
3743884	3515944	71
1420794	2376528	6
251539	2376528	6
448979	2376528	6
2879854	3515944	71
3653220	2376528	6
1516982	3515944	71
3679809	2376528	6
2785331	3515944	71
3577987	2376528	6
4016371	3515944	71
3204853	3515944	71
2705404	2376528	6
1339222	3515944	71
4575802	2376528	6
2433769	2376528	6
90885	2376528	6
1949498	3515944	71
1919727	3515944	71
2248364	2376528	6
4474246	3515944	71
2580479	2376528	6
454060	3515944	71
4316671	3515944	71
3451824	2376528	6
1890501	3515944	71
3515944	4527339	74
4013777	2376528	6
1730987	3515944	71
3385126	2376528	6
1516982	2376528	6
2952817	2376528	6
4143526	2376528	6
3950528	3515944	71
2746093	2376528	6
4262974	2376528	6
2806363	3515944	71
3515944	1340278	74
1081565	3515944	71
1040850	2376528	6
824831	2376528	6
3371692	2376528	6
2811082	3515944	71
736328	2376528	6
4145939	2376528	6
570419	2376528	6
1454235	3515944	71
2203231	2376528	6
366407	3515944	71
4605741	2376528	6
341061	2376528	6
2601045	3515944	71
515906	2376528	6
3548760	3515944	71
2430743	3515944	71
2554001	3515944	71
3244346	2376528	6
187059	3515944	71
4297551	3515944	71
623237	2376528	6
4404914	2376528	6
4514540	2376528	6
1692983	2376528	6
1591420	2376528	6
4223162	3515944	71
1615689	2376528	6
4253771	3515944	71
4015726	3515944	71
3319316	3515944	71
4500063	2376528	6
3260868	2376528	6
3234430	2376528	6
4064187	3515944	71
4283864	2376528	6
4328978	2376528	6
4121095	3515944	71
1175062	3515944	71
783071	2376528	6
467298	3515944	71
58026	3515944	71
2187187	2376528	6
3561336	2376528	6
6792	3515944	71
80261	3515944	71
886524	2376528	6
4476205	4476729	260
1823670	3515944	71
3306846	3515944	71
2427830	2376528	6
4580932	3515944	71
489626	2376528	6
359197	3515944	71
1568548	3515944	71
2666140	2376528	6
660629	2355708	62
1033961	3515944	71
3037196	2376528	6
2840659	3515944	71
2796601	2376528	6
1903406	3515944	71
4305601	2376528	6
2931209	3515944	71
4476205	4476729	170
1833452	3515944	71
1415888	2376528	6
2163569	3515944	71
4612045	2376528	6
2205693	2376528	6
97662	2376528	6
3834076	2376528	6
3336072	3515944	71
3285258	2376528	6
4347567	3515944	71
766917	3515944	71
2972414	3515944	71
1641562	3515944	71
18160	3515944	71
868446	2376528	6
3380826	3515944	71
134836	3515944	71
21542	3515944	71
432986	2376528	6
3148872	3515944	71
2129047	2376528	6
2382799	2376528	6
998558	3515944	71
4317733	2376528	6
320534	3515944	71
2982737	3515944	71
2004773	3515944	71
4220457	2376528	6
4616921	3515944	71
346484	3515944	71
850399	2376528	6
4128231	2376528	6
3470444	2376528	6
3561809	3515944	71
2486331	2376528	6
3515944	4437656	74
4169672	3515944	71
1743024	3515944	71
4604261	2376528	6
4402996	3515944	71
1979870	2376528	6
2551388	3515944	71
2736444	2376528	6
2136794	3515944	71
4392005	3515944	71
1288084	2376528	6
601619	3515944	71
245323	2376528	6
3595610	2376528	6
3252473	3515944	71
2244908	3515944	71
4486218	2376528	6
2309779	3515944	71
92548	3515944	71
3012195	3515944	71
1946508	2376528	6
2563104	2376528	6
2860140	2376528	6
3410886	3515944	71
441393	3515944	71
2373127	3515944	71
810706	2376528	6
2950296	3515944	71
6917	3515944	71
635967	3515944	71
560461	3515944	71
2107914	3515944	71
1811742	3515944	71
4262239	3515944	71
2538672	3050276	17
1349196	2376528	6
2594156	2376528	6
951790	3515944	71
2423952	2376528	6
1966045	2376528	6
2408372	3515944	71
2321234	3515944	71
3621190	2376528	6
1496185	3515944	71
903918	2376528	6
3199977	3515944	71
232990	2376528	6
911337	2376528	6
2553247	2376528	6
4047095	2376528	6
3470210	2376528	6
1616871	2376528	6
387435	3515944	71
3939960	2376528	6
3622618	2376528	6
3830894	2376528	6
4330284	2376528	6
2337252	2376528	6
3395540	2376528	6
2864943	2376528	6
1049438	3515944	71
1103842	3515944	71
3076147	2376528	6
2569798	2376528	6
1282730	3515944	71
2452470	2376528	6
84093	2376528	6
808201	3515944	71
4194924	2376528	6
2872559	3515944	71
4495864	2376528	6
555863	3515944	71
140566	3515944	71
4222690	2376528	6
531684	2376528	6
3616607	2376528	6
3720270	3515944	71
472111	3515944	71
1880059	3515944	71
2845871	2376528	6
4268391	2376528	6
1506413	2376528	6
3513964	2376528	6
3711759	3515944	71
1812439	2376528	6
2107365	2376528	6
3200838	3515944	71
2723280	2376528	6
1791483	2376528	6
528853	2376528	6
3515944	1787518	74
2532399	2376528	6
340270	3515944	71
2453057	3515944	71
4011605	3515944	71
1937112	2376528	6
1016565	3515944	71
642872	3515944	71
871853	2376528	6
4646564	3515944	71
536317	2376528	6
1785707	3515944	71
1819234	2376528	6
2164923	3515944	71
2582291	3515944	71
2884239	3515944	71
4523461	3515944	71
4369254	3515944	71
681591	2376528	6
2184933	2376528	6
4232425	3515944	71
736328	3515944	71
2638855	2376528	6
3037851	3515944	71
1818905	2376528	6
3434281	2376528	6
4481875	2376528	6
3641069	3515944	71
1906644	3515944	71
2433018	3515944	71
3355908	3515944	71
1923909	2376528	6
3541837	3515944	71
3154993	2376528	6
2584992	2376528	6
4590689	3515944	71
1876802	3515944	71
2756479	3515944	71
688472	2376528	6
793464	3515944	71
1297548	2376528	6
1652828	2376528	6
472281	3515944	71
1936569	2376528	6
3452391	3515944	71
2800110	2376528	6
4075971	3515944	71
2678264	2376528	6
2816846	3515944	71
2978166	2376528	6
1902599	3515944	71
4107626	3515944	71
3034426	3515944	71
3011005	3515944	71
2838975	2376528	6
2848792	2376528	6
2851060	3515944	71
2181212	2376528	6
3354073	3515944	71
1099415	2376528	6
253696	2376528	6
3362017	2376528	6
2140689	2376528	6
384302	2376528	6
3460451	2376528	6
1010372	2376528	6
2771187	3515944	71
1489218	2376528	6
4322889	2376528	6
1518505	3515944	71
2036954	2376528	6
3887554	3515944	71
2364802	2376528	6
1633664	3515944	71
4005782	3515944	71
2122075	2376528	6
1910103	2376528	6
1480398	3515944	71
2075420	2376528	6
4465520	2376528	6
3487177	3515944	71
1023142	3515944	71
2328158	3515944	71
1336709	3515944	71
2977726	3515944	71
2136220	3515944	71
1157765	2376528	6
52528	2376528	6
442577	2376528	6
1999856	3515944	71
3836972	3515944	71
542706	3515944	71
3210418	2376528	6
656275	3515944	71
3747250	2376528	6
3241998	3515944	71
745894	2376528	6
3551859	3515944	71
4561593	2376528	6
4608794	2376528	6
3957013	3515944	71
3156915	2376528	6
1514241	3515944	71
2831375	2376528	6
2559031	2376528	6
3440040	3515944	71
2753173	3515944	71
2693592	3515944	71
3040058	3515944	71
2911366	3515944	71
1155374	3515944	71
3276087	3515944	71
679278	3515944	71
1149831	3515944	71
417587	3515944	71
1574913	3515944	71
778661	2376528	6
2496467	2376528	6
2307441	3515944	71
1354624	2376528	6
4302526	3515944	71
1055136	2376528	6
2666770	3515944	71
2773991	3515944	71
1601391	2376528	6
1047390	3515944	71
2956432	3515944	71
268376	2376528	6
2668357	3515944	71
1883707	3515944	71
2738064	2376528	6
2657391	3515944	71
1903523	3515944	71
4381483	3515944	71
3798706	3515944	71
4342062	2376528	6
1547926	3515944	71
3188694	3515944	71
3772389	3515944	71
3893931	2376528	6
3080183	2376528	6
3099092	3515944	71
1700514	3515944	71
2576070	2376528	6
3857885	2376528	6
315025	2376528	6
640197	3515944	71
607771	2376528	6
2237380	2376528	6
2420285	2376528	6
541609	2376528	6
3515944	2303724	74
1083135	3515944	71
2561875	2376528	6
1273580	3515944	71
3831821	2376528	6
2263323	2376528	6
1215709	2376528	6
1513791	3515944	71
1493892	2376528	6
2969738	2376528	6
3879608	2376528	6
3434392	2376528	6
4384401	3515944	71
3541821	3515944	71
4619936	3515944	71
3724581	2376528	6
2534635	2376528	6
3680039	2376528	6
82160	3515944	71
1927362	2376528	6
2308337	2376528	6
3203946	3515944	71
1488231	3515944	71
770674	3515944	71
1446375	2376528	6
1910103	3515944	71
2885556	3515944	71
4208098	3515944	71
446816	2376528	6
1560893	2376528	6
3790753	3515944	71
1813749	3515944	71
2953584	3515944	71
4045775	3515944	71
61946	2376528	6
2092963	3515944	71
2611115	3515944	71
2834652	3515944	71
4262239	2355708	152
363620	2376528	6
786251	3515944	71
4046697	2376528	6
3515944	1144058	74
2329456	3515944	71
4386253	3515944	71
1301014	2376528	6
1250338	2376528	6
598703	2376528	6
2025449	3515944	71
3425979	2376528	6
3773234	2376528	6
4595872	2376528	6
2768518	3515944	71
1974814	3515944	71
1665759	2376528	6
3515944	2992811	74
297396	3515944	71
2846137	3515944	71
4496184	2376528	6
2599681	2376528	6
413695	2376528	6
2781622	3515944	71
1546822	3515944	71
3546222	3515944	71
1530283	2376528	6
4590107	2376528	6
1137229	3515944	71
3150648	3515944	71
4296292	3515944	71
181541	3515944	71
4104077	3515944	71
2978433	3515944	71
4620615	3515944	71
526839	2376528	6
1940505	2376528	6
1104734	2376528	6
3393351	2376528	6
3445983	3515944	71
4087345	3515944	71
3909745	2376528	6
132918	3515944	71
2667439	3515944	71
251539	3515944	71
447885	3515944	71
1404419	2376528	6
3093651	2376528	6
3471364	2376528	6
2141626	2376528	6
1616271	3515944	71
3375300	3515944	71
2890424	2376528	6
3599284	2376528	6
648643	3515944	71
4309067	3515944	71
2427645	3515944	71
2315017	2376528	6
466592	2376528	6
933439	2376528	6
4152072	2376528	6
2258451	3515944	71
724332	2376528	6
2392423	2376528	6
4344362	3515944	71
4404914	3515944	71
3029862	3515944	71
1781493	3515944	71
1144249	2376528	6
940849	2376528	6
3315313	3515944	71
3162056	3515944	71
4001504	3515944	71
3751609	3515944	71
3382855	3515944	71
4263435	2376528	6
962020	2376528	6
3610885	2376528	6
3492929	3515944	71
1131462	3515944	71
3512934	2376528	6
2012798	3515944	71
3445983	2376528	6
1165957	2376528	6
4289572	3515944	71
3457670	2376528	6
2911553	3515944	71
1981747	2376528	6
841551	3515944	71
4564578	2376528	6
4348404	3515944	71
3155345	2376528	6
2158645	2376528	6
2834348	3515944	71
2539348	3515944	71
3565448	3515944	71
1942347	3515944	71
2645141	2376528	6
4079575	3515944	71
1264201	2376528	6
2154141	2376528	6
1129009	2376528	6
3606598	3515944	71
3974812	2376528	6
2429215	2376528	6
2676609	2376528	6
4242223	2376528	6
472884	2376528	6
3515944	172992	74
288863	2376528	6
1013021	3515944	71
903918	3515944	71
125959	2376528	6
751507	3515944	71
3743884	2376528	6
534243	3515944	71
3683963	2376528	6
3738236	3515944	71
4150919	2376528	6
1221467	3515944	71
3341735	3515944	71
3143728	3515944	71
4082924	3515944	71
1839450	2376528	6
2198643	2318006	487
4529791	3515944	71
3214420	3515944	71
4276536	2376528	6
1108064	2376528	6
839030	3515944	71
1960847	3515944	71
1819725	3515944	71
1403771	3515944	71
930409	3515944	71
893542	3515944	71
266469	2376528	6
3790807	3515944	71
1870728	3515944	71
3022323	2376528	6
302646	3515944	71
1813540	2376528	6
204083	3515944	71
3992503	3515944	71
2783008	2376528	6
1185738	3515944	71
3430166	2376528	6
3212727	2376528	6
3396981	3515944	71
2972561	3515944	71
2950619	3515944	71
2477880	2376528	6
1966077	3515944	71
15143	3515944	71
2796193	3515944	71
2723533	2376528	6
2083887	3515944	71
3798706	2376528	6
3763294	2376528	6
1075615	3515944	71
1837991	3515944	71
3440040	2376528	6
2739755	3515944	71
561851	3515944	71
3480075	2376528	6
50984	2376528	6
2030914	2376528	6
3401054	2376528	6
2920490	3515944	71
1538910	3515944	71
4102812	3515944	71
4046268	2376528	6
317739	3515944	71
299050	2376528	6
3995852	2376528	6
3790807	2376528	6
2691129	3515944	71
608566	2376528	6
2599442	3515944	71
1958814	2376528	6
132918	2376528	6
1813749	2376528	6
1678624	2376528	6
4167816	2376528	6
3466587	2376528	6
3356143	3515944	71
1192670	3515944	71
603760	3515944	71
4242897	3515944	71
898840	3515944	71
4312168	3515944	71
1727330	3515944	71
599588	3515944	71
3437034	3515944	71
2163569	2376528	6
1982324	2376528	6
424481	3515944	71
896893	2376528	6
3000067	3515944	71
2502680	2376528	6
2709835	3515944	71
2086388	2376528	6
1871378	3515944	71
204083	2376528	6
349334	3515944	71
3256622	3515944	71
2959944	3515944	71
1002979	3515944	71
2155879	2376528	6
3961926	2376528	6
3538243	3515944	71
3108897	2376528	6
3656461	3515944	71
2924387	3515944	71
295117	2376528	6
1266759	3515944	71
3260925	2376528	6
671021	3515944	71
728981	3515944	71
584209	2376528	6
4607697	3515944	71
2760555	2376528	6
1885076	2376528	6
1431460	3515944	71
519358	3515944	71
1246963	3515944	71
611120	3515944	71
1562711	2376528	6
4130456	3515944	71
403031	3515944	71
56388	4279357	161
3142889	2376528	6
3898074	2376528	6
3994214	2376528	6
234954	3515944	71
3512226	2376528	6
1644992	2376528	6
1010372	3515944	71
3891745	2376528	6
1233512	3515944	71
86196	3515944	71
1421771	2376528	6
975761	2376528	6
2818181	3515944	71
1400087	2376528	6
2036954	3515944	71
1548677	2376528	6
1010230	2376528	6
1058008	2376528	6
1579914	3515944	71
2246758	2376528	6
2570104	2376528	6
4381969	2376528	6
4544156	2376528	6
2355903	3515944	71
2592632	3515944	71
871416	2376528	6
319554	3515944	71
3307265	3515944	71
2643750	3515944	71
2342808	3515944	71
4057170	3515944	71
1401775	2376528	6
1548910	2376528	6
498456	3515944	71
3848929	3515944	71
3060708	2376528	6
746623	3515944	71
996936	2376528	6
2878717	3515944	71
254785	2376528	6
1875394	3515944	71
3533003	3515944	71
2939541	2376528	6
1438957	2376528	6
2988919	2376528	6
44487	2376528	6
3153786	3515944	71
1461684	2376528	6
2155879	3515944	71
3974812	3515944	71
698430	3515944	71
4496184	3515944	71
3555230	3515944	71
1772379	3515944	71
83063	2376528	6
2991786	3515944	71
3486707	3515944	71
1008755	3515944	71
1489218	3515944	71
4639704	3515944	71
2846683	2376528	6
3813307	3515944	71
4641926	3515944	71
2046025	3515944	71
4384239	2376528	6
351498	2376528	6
3615191	2724556	191
4067189	2376528	6
316976	3515944	71
1460864	2376528	6
4257779	3515944	71
4093720	3515944	71
913755	2376528	6
4504490	3515944	71
1160773	3515944	71
2342083	3515944	71
1484854	3515944	71
1066329	3515944	71
1264592	2376528	6
4128231	3515944	71
1837985	2376528	6
1594425	3515944	71
4191130	3515944	71
2350992	3515944	71
4279162	2376528	6
2284469	3515944	71
3948295	2376528	6
548669	3515944	71
1216165	3515944	71
1760849	3515944	71
4367181	2376528	6
3430522	3515944	71
1819818	3515944	71
1172945	2376528	6
4347918	3515944	71
746623	2376528	6
4024592	2376528	6
2307414	3515944	71
1800738	2376528	6
3404521	2376528	6
3943607	2376528	6
1680347	2376528	6
1087246	3515944	71
2732420	2376528	6
2806363	2376528	6
3394696	2376528	6
4296805	2376528	6
4257952	2376528	6
2650705	3515944	71
2335647	3515944	71
3887086	2376528	6
1378913	3515944	71
3588156	2376528	6
3594127	2376528	6
1501240	3515944	71
335716	3515944	71
515616	2376528	6
1918326	3515944	71
3704776	3515944	71
1214643	3515944	71
1858070	3515944	71
1169349	2376528	6
1800679	3515944	71
639355	3515944	71
690554	3515944	71
1104734	3515944	71
1464340	3515944	71
41243	3515944	71
1455156	3515944	71
182462	2376528	6
668156	2376528	6
1802796	3515944	71
2170058	2376528	6
2202649	2376528	6
254062	3515944	71
313239	3515944	71
2276829	2376528	6
4123132	3515944	71
1313121	2376528	6
2085351	3515944	71
3515944	2149164	74
1856873	3515944	71
1269384	2376528	6
1814401	2376528	6
3765749	3515944	71
1868351	2376528	6
855511	3515944	71
1805273	3515944	71
988016	2376528	6
423441	3515944	71
4462975	3515944	71
3638979	3515944	71
1762918	3515944	71
3914406	3515944	71
3662354	2376528	6
222654	3515944	71
2680175	3515944	71
4657093	3515944	71
2272357	2376528	6
2051706	2376528	6
4500509	3515944	71
3668477	3515944	71
3273054	3515944	71
86171	3515944	71
865323	2376528	6
639466	3515944	71
3119223	2376528	6
1553901	3515944	71
2085351	2376528	6
2859738	3515944	71
2910715	2376528	6
679278	2376528	6
259350	2376528	6
660629	3515944	71
475218	2376528	6
2756362	2376528	6
3078914	2376528	6
3490313	3515944	71
1890140	3515944	71
924191	3515944	71
148543	2376528	6
2890424	3515944	71
48507	2376528	6
4427318	3515944	71
1495865	2376528	6
2198643	2536333	142
2911366	2376528	6
2348885	2376528	6
3673573	3515944	71
3515944	4262239	74
50405	3515944	71
3661505	2376528	6
2930868	2376528	6
930857	2376528	6
375101	3515944	71
4236412	3515944	71
3022756	3515944	71
3715567	2376528	6
4409246	2376528	6
4472583	2376528	6
4586069	2376528	6
1166507	3515944	71
1002979	2376528	6
2023141	3515944	71
1179156	3515944	71
1767666	3515944	71
1424053	3515944	71
122311	3515944	71
2576469	2376528	6
178213	2376528	6
1616271	2376528	6
3561155	2376528	6
2338167	2376528	6
2184107	2376528	6
3192655	2376528	6
600058	2376528	6
400635	3515944	71
2154141	3515944	71
3627180	2376528	6
3517259	3515944	71
3127262	3515944	71
4356054	3515944	71
3076147	4279357	168
4411130	2376528	6
3960153	3515944	71
3538243	2376528	6
3253785	3515944	71
2297448	2376528	6
3902595	2376528	6
2901666	3515944	71
2796193	2376528	6
3775249	3515944	71
3632252	2376528	6
2545534	2376528	6
801903	2376528	6
181737	3515944	71
2068636	2376528	6
1698295	3515944	71
2191486	2376528	6
3816651	3515944	71
1364689	3515944	71
199150	3515944	71
2521677	3515944	71
3167314	2376528	6
4576964	2376528	6
2368043	2376528	6
495334	2376528	6
3253774	2376528	6
3475387	2376528	6
218696	3515944	71
2057049	3515944	71
2556025	2376528	6
56765	3515944	71
4001686	3515944	71
1504212	2376528	6
2946481	2376528	6
224407	2376528	6
3200887	2376528	6
2849090	3515944	71
2148392	3515944	71
1072624	2376528	6
4232369	2376528	6
1299112	3515944	71
3957078	2376528	6
236758	3515944	71
2059302	2376528	6
1875913	2376528	6
3884176	3515944	71
8072	3515944	71
2360774	2376528	6
2000507	3515944	71
942636	3515944	71
556525	2376528	6
3587267	2376528	6
2800711	2376528	6
3821089	3515944	71
2246150	3515944	71
2085056	3515944	71
4155277	3515944	71
1313772	2376528	6
1568548	2376528	6
2086079	3515944	71
3883069	3515944	71
3916050	3515944	71
1142521	2376528	6
1023486	3515944	71
4564578	3515944	71
4488828	3515944	71
2232576	2376528	6
2971094	3515944	71
4368992	3515944	71
3515944	3086913	74
83265	3515944	71
4355651	3515944	71
2441305	2376528	6
3029237	3515944	71
4550903	3515944	71
396286	2376528	6
3234430	3515944	71
4476729	3595610	163
2552008	2376528	6
3515944	1378018	74
1030990	3515944	71
3464984	2376528	6
4188069	2376528	6
957704	2376528	6
3889396	2376528	6
2784774	3515944	71
1905859	3515944	71
195458	2376528	6
3114558	2376528	6
1755842	2376528	6
2695190	3515944	71
3439228	2376528	6
1823571	3515944	71
4535461	2376528	6
469253	3515944	71
648800	3515944	71
1212342	2376528	6
2548775	3515944	71
781308	2376528	6
155435	3515944	71
48507	3515944	71
2960521	2376528	6
2330999	2376528	6
1809006	2376528	6
3415976	2376528	6
1546381	2376528	6
2904502	2376528	6
3692855	2376528	6
1391781	3515944	71
1383684	2376528	6
826381	2376528	6
126225	2376528	6
2087143	3515944	71
619929	3515944	71
652736	3515944	71
3858325	2376528	6
3389426	2376528	6
3739495	2376528	6
4304408	3515944	71
3099422	2376528	6
3834296	3515944	71
2467434	2376528	6
4054099	2376528	6
3575737	3227347	152
355084	3515944	71
1671132	3515944	71
1844259	2376528	6
533830	2376528	6
1594091	3515944	71
4389131	2376528	6
4415443	3515944	71
685666	3515944	71
3118815	3515944	71
3175854	3515944	71
275225	3515944	71
1568505	2376528	6
1439908	3515944	71
3258412	2376528	6
764783	3515944	71
1233709	3515944	71
1906175	3515944	71
4492006	2376528	6
2724556	2969054	192
2569798	3515944	71
3180451	2376528	6
1753422	2376528	6
797096	3515944	71
4573306	3515944	71
2859606	3515944	71
2371029	2376528	6
3404167	3515944	71
3527057	3515944	71
2118180	3515944	71
3470210	3515944	71
1716549	3515944	71
1137355	2376528	6
1826443	3515944	71
4052977	3515944	71
584209	3515944	71
798074	2376528	6
1880059	2376528	6
3271496	3515944	71
3129476	3515944	71
2970685	3515944	71
1944457	2376528	6
3429963	2376528	6
2504092	2376528	6
3258412	3515944	71
3515944	3160816	74
396405	3515944	71
3515944	3407316	74
2066656	3515944	71
1450609	2376528	6
2585357	2376528	6
4286170	3515944	71
3271703	2376528	6
1676639	2376528	6
3821089	2376528	6
3998314	2376528	6
785870	2376528	6
1142557	2376528	6
2922933	2376528	6
2006870	2376528	6
3692855	3515944	71
2523358	2376528	6
1131672	3515944	71
2297448	3515944	71
801917	3515944	71
3661505	3515944	71
2220731	3515944	71
1399744	3515944	71
3030644	3515944	71
3556961	3515944	71
696331	3515944	71
4244998	3515944	71
3978888	2376528	6
278935	3515944	71
4570476	2376528	6
4038503	2376528	6
1862707	2376528	6
3113727	3515944	71
2746093	3515944	71
2721349	3515944	71
1680347	3515944	71
2600588	2376528	6
2697328	3515944	71
1665847	2376528	6
450750	3515944	71
4603505	3515944	71
2164923	2376528	6
1336150	2376528	6
1288265	2376528	6
2332395	3515944	71
4389677	2376528	6
1932739	2376528	6
1744183	3515944	71
1815559	2376528	6
1885235	2376528	6
2571075	3515944	71
1310659	3515944	71
3556930	2376528	215
2805276	3515944	71
3531654	3515944	71
2390355	3515944	71
3232119	2376528	6
588239	3515944	71
1199689	3515944	71
1184493	2376528	6
3126333	2376528	6
1299112	2376528	6
1233709	2376528	6
2765260	3515944	71
3020210	3515944	71
1210403	3515944	71
2148392	2376528	6
152963	3515944	71
3841010	3515944	71
1953631	2376528	6
2504092	3515944	71
3242138	3515944	71
3325532	3515944	71
4643997	2376528	6
635967	2376528	6
2743907	3515944	71
4525911	2376528	6
1375771	2376528	6
2737832	3515944	71
3190844	2376528	6
1657620	2376528	6
1607052	3515944	71
2800110	3515944	71
755798	2376528	6
1124862	3515944	71
48917	2376528	6
793464	2376528	6
547090	2376528	6
3597147	3515944	71
2535704	3515944	71
4377773	2376528	6
731648	3515944	71
1727330	2376528	6
789680	3515944	71
4450364	3515944	71
4095288	3515944	71
1263128	3515944	71
1754819	2376528	6
3019912	2376528	6
1541107	2376528	6
3541368	3515944	71
1787781	2376528	6
3732173	3515944	71
2599092	3515944	71
1824662	2376528	6
3512226	3515944	71
3848929	2376528	6
3407237	2376528	6
790007	3515944	71
3246276	3515944	71
2166722	2376528	6
2495203	3515944	71
4503985	3515944	71
2171068	3515944	71
3700550	3515944	71
1687136	2376528	6
4255677	2376528	6
1610974	3515944	71
4595872	3515944	71
780869	2376528	6
21749	3515944	71
2607221	2376528	6
1498681	3515944	71
929330	2376528	6
648618	2376528	6
2496467	3515944	71
3894917	3515944	71
1440792	2376528	6
881741	3515944	71
1561837	3515944	71
2209007	2376528	6
952749	3515944	71
4453225	2376528	6
4256139	3515944	71
520193	3515944	71
844958	3515944	71
2437648	2376528	6
1112390	2376528	6
2197434	2376528	6
52784	2376528	6
3160816	2376528	6
3998896	2376528	6
972931	2376528	6
145286	2376528	6
2603714	2376528	6
929330	3515944	71
866501	2376528	6
3650103	3515944	71
4293468	3515944	71
2738064	3515944	71
3288089	3515944	71
345144	2376528	6
2742254	3515944	71
1581606	2376528	6
3776889	2376528	6
1278572	2376528	6
4533984	3515944	71
382144	3515944	71
2572065	3556930	1324
2037552	3515944	71
3843680	2376528	6
3556930	2572065	1327
826878	3515944	71
848294	2376528	6
1803237	2376528	6
169271	2376528	6
2853878	2376528	6
4377495	3515944	71
2337776	2376528	6
1375771	3515944	71
4648027	3515944	71
3389007	3515944	71
2129335	3515944	71
2131849	3515944	71
3042886	3515944	71
2380977	3515944	71
2261722	2376528	6
2121830	3515944	71
3426746	2376528	6
3747250	3515944	71
3286931	3515944	71
3654451	2376528	6
2412869	3515944	71
4057183	2376528	6
4002083	3515944	71
2087143	2376528	6
2044731	3515944	71
2999398	2376528	6
3100377	3515944	71
4506757	2376528	6
1300223	2376528	6
1399662	3515944	71
119755	2376528	6
2335938	3515944	71
946985	2376528	6
2775760	2376528	6
2884495	3515944	71
2534174	2376528	6
922648	2376528	6
4311101	3515944	71
2480425	3515944	71
3065211	2376528	6
702313	2376528	6
918044	3515944	71
3099422	3515944	71
2971218	3515944	71
127601	3515944	71
2766195	3515944	71
2392314	3515944	71
1260095	3515944	71
2287670	3515944	71
4364972	2376528	6
4327765	2376528	6
1216165	2376528	6
1908400	2376528	6
1502873	2376528	6
3795890	3515944	71
4612803	2376528	6
3836495	3515944	71
3430522	2376528	6
3515944	1977508	74
1451855	3515944	71
1839596	2376528	6
2329079	3515944	71
2353054	2376528	6
1501240	2376528	6
3638979	2376528	6
1937538	2376528	6
3354073	2376528	6
1260696	2376528	6
2290250	2376528	6
4216011	3515944	71
1868351	3515944	71
1711156	2376528	6
520433	2376528	6
4500063	3515944	71
4630071	2376528	6
531684	3515944	71
341559	2376528	6
140194	3515944	71
4213953	2376528	6
1273419	3515944	71
3515944	3604358	74
97660	3515944	71
1858952	2376528	6
4184435	3515944	71
4493239	3515944	71
1879895	2376528	6
4000269	2376528	6
2244908	2376528	6
4291640	3515944	71
2159469	2376528	6
724332	3515944	71
4476729	1735045	195
1951442	3515944	71
3609059	3515944	71
71587	3515944	71
2698451	2376528	6
1886663	3515944	71
4540384	3515944	71
2884618	3515944	71
1099895	2376528	6
3241998	2376528	6
2553792	3515944	71
3407237	3515944	71
1130771	3515944	71
3842854	3515944	71
1894188	2376528	6
2178591	3515944	71
2222351	2376528	6
120639	2376528	6
2593120	2376528	6
1263128	2376528	6
1937758	3515944	71
3515944	741870	74
4028338	2376528	6
4293818	2376528	6
2109425	2376528	6
2169658	2376528	6
3022560	3515944	71
1878287	3515944	71
887487	2376528	6
1158350	2376528	6
2859562	2376528	6
2445796	2376528	6
522141	2376528	6
3798945	2376528	6
834672	3515944	71
4514881	3515944	71
1142957	2376528	6
4059485	3515944	71
2621853	3515944	71
3257533	3515944	71
3226500	2376528	6
1011713	2376528	6
4044157	2376528	6
3153715	3515944	71
2502382	3515944	71
4486545	2376528	6
913286	3515944	71
3976138	2376528	6
2688999	2376528	6
4579018	3515944	71
848068	3515944	71
2409433	2376528	6
2498218	3515944	71
188339	2376528	6
4207887	2376528	6
3779106	3515944	71
3350936	3515944	71
3703427	2376528	6
4279357	686375	138
1731838	2376528	6
3307576	3515944	71
3845387	2376528	6
358949	2376528	6
3969124	3515944	71
2100108	3515944	71
1063609	2376528	6
3546222	2376528	6
2579959	2376528	6
3515944	3638960	74
3387664	2376528	6
3787624	3515944	71
710626	3515944	71
1399744	2376528	6
998151	3515944	71
1608787	3515944	71
1678624	3515944	71
1835836	2376528	6
542967	2376528	6
98504	2376528	6
672815	2376528	6
55904	3515944	71
2979089	2376528	6
2576609	3515944	71
3902595	3515944	71
3829993	2376528	6
962515	3515944	71
2639260	2376528	6
1548677	3515944	71
1512264	3515944	71
2494407	3515944	71
1745356	3515944	71
2333010	2376528	6
275225	2376528	6
1046123	2376528	6
2938498	2376528	6
570419	3515944	71
4436792	2376528	6
1177456	2376528	6
1692983	3515944	71
3378007	3515944	71
16184	2376528	6
3060708	3515944	71
1292940	2376528	6
2233975	2376528	6
3515944	4311101	74
2249598	2376528	6
97660	2376528	6
3492949	3515944	71
990882	3515944	71
149342	3515944	71
751507	2376528	6
177068	2376528	6
2141124	2376528	6
4493239	2376528	6
3463923	2376528	6
3209222	3515944	71
1598712	2376528	6
3496653	2376528	6
2329456	2376528	6
53996	2376528	6
3804668	2376528	6
3577987	3515944	71
1948745	2376528	6
3484146	3515944	71
4549478	2376528	6
3820540	2376528	6
2338167	3515944	71
2203751	3515944	71
1944361	2376528	6
2554749	3515944	71
1996276	2376528	6
3538067	2376528	6
2141124	3515944	71
1118226	3515944	71
3820301	2376528	6
1699539	2376528	6
4419779	3515944	71
218730	3515944	71
994617	2376528	6
652771	2376528	6
469164	3515944	71
1656132	2376528	6
3307954	2376528	6
4374569	2376528	6
3001759	2376528	6
396286	3515944	71
885714	2376528	6
202144	3515944	71
2715530	2376528	6
3543515	2376528	6
1190208	3515944	71
833498	2376528	6
554110	2376528	6
1044158	2376528	6
3342149	3515944	71
2620706	2376528	6
968750	2376528	6
1537903	2376528	6
3065614	2376528	6
4087997	2376528	6
2092522	2376528	6
1801521	2376528	6
4640261	3515944	71
1289032	3515944	71
922179	2376528	6
3599039	2376528	6
3626653	3515944	71
405157	3515944	71
4636684	3515944	71
1656132	3515944	71
3693581	3515944	71
4622165	3515944	71
2826465	3515944	71
2636034	3515944	71
369717	3515944	71
446816	3515944	71
592105	2376528	6
4651230	2376528	6
1785313	2376528	6
3400479	2376528	6
473480	3515944	71
4066870	2376528	6
1236758	3515944	71
4176266	3515944	71
977839	2376528	6
3484146	2376528	6
2118241	2376528	6
3495701	2376528	6
1433068	2376528	6
572900	2376528	6
4393286	3515944	71
1061604	2376528	6
1251655	2376528	6
533063	2376528	6
2599041	2376528	6
2838107	3515944	71
2257763	3515944	71
213625	2376528	6
1980027	2376528	6
314429	2376528	6
2262546	3515944	71
3314207	2376528	6
2042535	2376528	6
1113178	3515944	71
3521277	2376528	6
1804152	3515944	71
3606598	2376528	6
1080854	2376528	6
196930	2376528	6
2629996	2376528	6
389702	3515944	71
2187187	3515944	71
1555303	3515944	71
1179156	2376528	6
443970	2376528	6
2656931	3515944	71
2429842	3515944	71
4287113	2376528	6
2383781	3515944	71
442538	2376528	6
2767588	3515944	71
1807462	2376528	6
4616921	2376528	6
648643	2376528	6
4584329	3515944	71
3692181	3515944	71
400329	2376528	6
1898049	3515944	71
1480424	3515944	71
2118180	2376528	6
3856568	3515944	71
4624930	3515944	71
2943535	2376528	6
1978677	2376528	6
4642064	2376528	6
1583127	3515944	71
3494404	3515944	71
4220821	2376528	6
1473687	3515944	71
649424	2376528	6
1529136	2376528	6
2206134	3515944	71
2641698	2376528	6
479211	3515944	71
4365554	3515944	71
2591487	2376528	6
4293343	3515944	71
3285460	2376528	6
907584	3515944	71
469253	2376528	6
481172	2376528	6
627718	2376528	6
3023976	3515944	71
866728	3515944	71
3648716	3515944	71
1279399	3515944	71
2201568	3515944	71
2576469	3515944	71
2687316	3515944	71
1308825	3515944	71
3331518	2376528	6
4597136	3515944	71
3741559	2376528	6
3318601	2376528	6
1718363	3515944	71
2295987	3515944	71
254710	2376528	6
323061	3515944	71
810809	2376528	6
3545374	2376528	6
495196	3515944	71
409300	3515944	71
3637704	3515944	71
1910329	2376528	6
972945	2376528	6
870143	2376528	6
1828369	3515944	71
3209222	2376528	6
1641562	2376528	6
1678779	2376528	6
815951	3515944	71
2097626	2376528	6
2110934	3515944	71
1716262	3515944	71
2332395	2376528	6
176024	2376528	6
4470780	2376528	6
323061	2376528	6
3390951	2376528	6
4578745	3515944	71
3704716	3515944	71
3132999	3515944	71
932660	2376528	6
3230883	3515944	71
3014448	2376528	6
2120174	2376528	6
947671	2376528	6
2259674	2376528	6
2178099	2376528	6
3325532	2376528	6
520193	2376528	6
3792170	3515944	71
2006031	3515944	71
2599681	3515944	71
2692423	2376528	6
3118948	3515944	71
4441109	2376528	6
467393	2376528	6
1230888	2376528	6
24780	3515944	71
4361425	3515944	71
3872746	3515944	71
1551735	3515944	71
1793817	2376528	6
2789523	3515944	71
2012370	2376528	6
465944	2376528	6
3952119	2376528	6
3408754	3515944	71
3125260	3515944	71
710626	2376528	6
625437	3515944	71
3961931	2376528	6
2586116	2376528	6
42029	2376528	6
2558348	2376528	6
1345142	3515944	71
296330	2376528	6
2804122	3515944	71
1649620	3515944	71
3721496	3515944	71
1399662	2376528	6
1166507	2376528	6
1704483	3515944	71
3944764	3515944	71
346052	3515944	71
4327124	2376528	6
1020590	3515944	71
233038	2376528	6
2906474	2376528	6
1683279	2376528	6
4262239	2355708	145
3578437	3515944	71
6410	3515944	71
3692787	2376528	6
3986547	2376528	6
2839491	3515944	71
1057768	3515944	71
2213898	3515944	71
3983296	3515944	71
2599041	3515944	71
3532092	2376528	6
1058274	2376528	6
3488136	2376528	6
1788790	2376528	6
2041298	3515944	71
2430743	2376528	6
3215747	2376528	6
2409433	3515944	71
3197086	2376528	6
3960153	2376528	6
495193	3515944	71
1061604	3515944	71
3783751	3515944	71
480293	3515944	71
2849899	2376528	6
4204643	3515944	71
2672129	3515944	71
4266489	3515944	71
4066148	2376528	6
4293343	2376528	6
785870	3515944	71
4233326	2376528	6
234954	2376528	6
97662	3515944	71
441595	3515944	71
3641111	2376528	6
2392314	2376528	6
548	3515944	71
3181621	3515944	71
2602459	3515944	71
2904043	3515944	71
1788790	3515944	71
3385126	3515944	71
3144852	2376528	6
2695190	2376528	6
3955773	3515944	71
1363334	2376528	6
2713546	2376528	6
1978077	3515944	71
2796642	2376528	6
3989964	2376528	6
1870756	3515944	71
4435601	3515944	71
1819234	3515944	71
3033778	3515944	71
4068046	3515944	71
448446	2376528	6
3284139	2376528	6
4476729	4476205	333
2335717	3515944	71
2732297	3515944	71
2261236	2376528	6
1591209	2376528	6
1784255	2376528	6
313239	2376528	6
4635205	2376528	6
431029	2376528	6
296534	3515944	71
4319496	2376528	6
3496662	3515944	71
2138824	3515944	71
3718547	3515944	71
2373127	2376528	6
3543433	2376528	6
1135705	3515944	71
1606425	3515944	71
1509897	3515944	71
3499528	3515944	71
144679	2376528	6
741091	3515944	71
4474551	3515944	71
288863	3515944	71
2840462	2376528	6
2334770	3515944	71
233966	2376528	6
2987929	3515944	71
1295230	2376528	6
2656167	2376528	6
3468535	3515944	71
2692281	3515944	71
647191	3515944	71
155435	2376528	6
2901636	2376528	6
1894632	3515944	71
3231698	2376528	6
488941	2376528	6
1594188	2376528	6
3209874	2376528	6
4067189	3515944	71
3151687	3515944	71
3459511	2376528	6
136353	3515944	71
1504465	2376528	6
3656264	3515944	71
140194	2376528	6
4092683	2376528	6
2602459	2376528	6
1421771	3515944	71
1419156	3515944	71
39558	3515944	71
1354624	3515944	71
4190450	3515944	71
3387081	3515944	71
1592235	2376528	6
2959065	3515944	71
3919636	2376528	6
2337509	3515944	71
1648995	3515944	71
1194885	2376528	6
3670650	2376528	6
202144	2376528	6
4182300	2376528	6
189601	3515944	71
4408228	3515944	71
4654141	2376528	6
2513789	3515944	71
3382447	2376528	6
3734433	2376528	6
2582291	2376528	6
533830	3515944	71
1709407	2376528	6
2709464	2376528	6
2923257	3515944	71
2985738	3515944	71
412584	3515944	71
2783008	3515944	71
1550639	2376528	6
53969	2376528	6
4010683	2376528	6
2145629	2376528	6
904805	3515944	71
4199774	2376528	6
2740010	3515944	71
4118821	2376528	6
344240	2376528	6
597649	3515944	71
1075615	2376528	6
2153277	3515944	71
4490508	2376528	6
1541407	2376528	6
1356169	3515944	71
4083849	3515944	71
1043871	2376528	6
1726858	3515944	71
1646520	3515944	71
1065859	3515944	71
3183650	3515944	71
3166451	2376528	6
3967546	2376528	6
2057761	3515944	71
3695869	2376528	6
1130332	3515944	71
851855	2376528	6
1156196	2376528	6
688472	3515944	71
2727549	2376528	6
388026	2376528	6
972353	3515944	71
3909364	3515944	71
1037935	2376528	6
432986	3515944	71
3970094	2376528	6
4518486	2376528	6
271188	2376528	6
3547675	2376528	6
4045604	3515944	71
3515944	1396777	74
1332320	2376528	6
1228277	2376528	6
1525584	3515944	71
3796265	3515944	71
1229451	3515944	71
3634291	3515944	71
1487158	2376528	6
1538929	2376528	6
1833452	2376528	6
513974	2376528	6
888640	3515944	71
3108897	3515944	71
1606425	2376528	6
2468640	3515944	71
1284513	3515944	71
423483	3515944	71
3398453	2376528	6
1123627	3515944	71
4654332	3515944	71
4153253	3515944	71
2808822	3515944	71
3308170	2376528	6
957984	2376528	6
1372129	2376528	6
1021532	2376528	6
446106	2376528	6
602015	3515944	71
731460	2376528	6
3748588	2376528	6
28521	2376528	6
2736643	2376528	6
4095288	2376528	6
3386536	3515944	71
3683963	3515944	71
4376099	3515944	71
2242206	3515944	71
541609	3515944	71
3515944	2961399	74
1798877	2376528	6
4327124	3515944	71
2922916	2376528	6
962624	3515944	71
3694630	3515944	71
1364727	2376528	6
4464942	2376528	6
871204	3515944	71
926630	2376528	6
3515944	4118337	74
226627	3515944	71
4153253	2376528	6
4190450	2376528	6
2085181	3515944	71
2507041	2376528	6
2911257	3515944	71
830243	3515944	71
3397031	2376528	6
621573	2376528	6
515616	3515944	71
1131	3515944	71
62008	2376528	6
451649	3515944	71
2008293	3515944	71
2604195	2376528	6
4479983	3515944	71
2941703	2376528	6
3923858	3515944	71
1181696	3515944	71
1368639	2376528	6
3394235	2376528	6
3329009	2376528	6
3515944	2129047	74
1023673	3515944	71
4087997	3515944	71
1111516	2376528	6
899212	3515944	71
2513697	3515944	71
4292344	2376528	6
2184933	3515944	71
2484268	2376528	6
4533892	3515944	71
3818546	2376528	6
1823571	2376528	6
3804802	2376528	6
4133726	2376528	6
3933471	3515944	71
4164535	3515944	71
2390355	2376528	6
2849602	3515944	71
565003	3515944	71
414690	2376528	6
3312590	3515944	71
4299526	3515944	71
52784	3515944	71
935321	2376528	6
1352820	3515944	71
1079318	3515944	71
3231698	3515944	71
3307576	2376528	6
1562711	3515944	71
4061082	3515944	71
3380826	2376528	6
3299937	2376528	6
1233475	2376528	6
1314451	3515944	71
1437813	2376528	6
2217077	2376528	6
3263315	2376528	6
2932879	3515944	71
4102812	2376528	6
3737354	3515944	71
990628	2376528	6
2767023	2376528	6
2477966	3515944	71
238899	3515944	71
295117	3515944	71
2184412	3515944	71
548238	3515944	71
2808961	2376528	6
3157064	3515944	71
3575737	1968919	170
2017337	3515944	71
2616070	3515944	71
4353303	2376528	6
2009512	2376528	6
1782396	3515944	71
1166469	2376528	6
3306846	2376528	6
4533984	2376528	6
1749481	3515944	71
1218671	3515944	71
1062312	2376528	6
2122888	3515944	71
240145	3515944	71
4152072	3515944	71
1968919	3050276	35
297681	3515944	71
858710	2376528	6
1832900	2376528	6
3496662	2376528	6
2542331	3515944	71
3679008	2376528	6
3819399	3515944	71
3955411	3515944	71
949352	3515944	71
1291341	2376528	6
738312	3515944	71
4020050	2376528	6
39786	2376528	6
1530283	3515944	71
42029	3515944	71
2025981	3515944	71
1992720	3515944	71
4203827	3515944	71
1065189	3515944	71
148543	3515944	71
4044157	3515944	71
2847730	2376528	6
759379	2376528	6
1449017	3515944	71
3372870	3515944	71
2328158	2376528	6
4284008	3515944	71
1361183	2376528	6
1233475	3515944	71
3000607	3515944	71
1052722	2376528	6
507880	2376528	6
1162052	2376528	6
1424324	2376528	6
2696803	2376528	6
3775945	2376528	6
2849813	3515944	71
4538430	2376528	6
1235228	3515944	71
4462795	3515944	71
233761	2376528	6
2252381	3515944	71
2565255	3515944	71
2200811	2376528	6
3772340	2376528	6
2993360	3515944	71
972945	3515944	71
544859	3515944	71
3734385	2376528	6
2883642	3515944	71
360588	3515944	71
2923731	3515944	71
50928	3515944	71
1984149	2376528	6
4355635	3515944	71
611943	3515944	71
3615191	3050276	35
2999398	3515944	71
3306312	2376528	6
445713	3515944	71
241392	2376528	6
3245882	3515944	71
159905	3515944	71
2907127	3515944	71
2575886	2376528	6
3959557	2376528	6
2919820	2376528	6
800490	3515944	71
3849135	3515944	71
67475	2376528	6
505338	3515944	71
474083	2376528	6
2169891	2376528	6
1597314	3515944	71
1887313	2376528	6
3369565	3515944	71
3465611	2376528	6
3697584	2376528	6
2121848	3515944	71
125959	3515944	71
3328643	2376528	6
4361231	2376528	6
3464984	3515944	71
702846	3515944	71
2037036	3515944	71
708324	3515944	71
4599731	3515944	71
1920318	2376528	6
4188546	3515944	71
2696803	3515944	71
3751609	2376528	6
4613422	3515944	71
939429	3515944	71
1910329	3515944	71
729427	2376528	6
1999504	3515944	71
1046123	3515944	71
2163198	3515944	71
3850037	2376528	6
787927	3515944	71
4239580	2376528	6
934162	3515944	71
2295987	2376528	6
3244796	3515944	71
1241682	2376528	6
260602	2376528	6
2946221	3515944	71
652771	3515944	71
511888	3515944	71
1405437	2376528	6
4451145	2376528	6
2617087	3515944	71
1685627	2376528	6
2153277	2376528	6
4503126	2376528	6
3231603	2376528	6
2725489	2376528	6
1091250	2376528	6
630703	2376528	6
2534174	3515944	71
1300223	3515944	71
790007	2376528	6
4427178	3515944	71
3635714	2376528	6
321120	3515944	71
2336997	3515944	71
3709642	2376528	6
3822696	3515944	71
2659128	2376528	6
603760	2376528	6
2375512	2376528	6
817319	3556930	1348
1231860	3515944	71
2017337	2376528	6
3992026	3515944	71
2419362	3515944	71
4128582	3515944	71
3843680	3515944	71
1165957	3515944	71
625437	2376528	6
1131672	2376528	6
3457670	3515944	71
828602	3515944	71
215117	2376528	6
1378391	2376528	6
1524063	3515944	71
1574913	2376528	6
832808	3515944	71
4376266	2376528	6
2724556	3173240	190
932660	3515944	71
170554	3515944	71
3604344	2376528	6
732811	3515944	71
2184107	3515944	71
2748584	3515944	71
72136	2376528	6
3401741	3515944	71
3391554	2376528	6
4435601	2376528	6
4644029	2376528	6
2410682	3515944	71
3219863	3515944	71
1299224	3515944	71
1585735	3515944	71
3076050	3515944	71
1541790	2376528	6
4120083	3239330	1616
2493068	2376528	6
1258832	3515944	71
2142417	3515944	71
148557	3515944	71
3375300	2376528	6
3983373	2376528	6
2614074	2376528	6
2688999	3515944	71
3421258	2376528	6
1226313	3515944	71
4335532	3515944	71
1415888	3515944	71
3803410	2376528	6
4066148	3515944	71
2638855	3515944	71
2787498	2376528	6
3570459	2376528	6
4279958	2376528	6
3678519	2376528	6
1861106	3515944	71
1492576	2376528	6
556143	3515944	71
3593018	3515944	71
697552	2376528	6
2401092	2376528	6
3932462	2376528	6
2835405	2376528	6
320221	3515944	71
365672	3515944	71
98504	3515944	71
3992503	2376528	6
1052722	3515944	71
58453	3515944	71
1266759	2376528	6
3772389	2376528	6
2854305	3515944	71
3643857	3515944	71
550610	2376528	6
4230076	2376528	6
62834	2376528	6
4307064	3515944	71
386310	3515944	71
3514680	2376528	6
3507906	3515944	71
3776889	3515944	71
2429784	3515944	71
799939	2376528	6
2078079	3515944	71
3275366	2376528	6
4230076	3515944	71
2710564	2376528	6
1058008	3515944	71
3042653	2376528	6
1980027	3515944	71
4442845	2376528	6
3343146	2376528	6
4557826	3515944	71
160106	3515944	71
3819254	3515944	71
4309067	2376528	6
4476452	3515944	71
897416	3515944	71
4525911	3515944	71
4127510	3515944	71
3878415	2376528	6
2858767	2376528	6
4195300	2376528	6
3130742	3515944	71
4649527	3515944	71
4089395	2376528	6
3979494	3515944	71
2675327	2376528	6
1519711	2376528	6
2601045	2376528	6
41243	2376528	6
4353268	3515944	71
2246692	2376528	6
2208041	3515944	71
480873	2376528	6
3037196	3515944	71
2357596	3515944	71
3119729	2376528	6
3762103	2376528	6
385839	2376528	6
4011605	2376528	6
4341582	3515944	71
4088806	3515944	71
4263435	3515944	71
1396390	3515944	71
1765477	3515944	71
3040058	2376528	6
2294412	2376528	6
1400565	3515944	71
4619936	2376528	6
417173	2376528	6
59969	2376528	6
4461613	3515944	71
599220	2376528	6
592035	2376528	6
1379363	3515944	71
3515944	4387665	74
4454573	2376528	6
3085395	3515944	71
4102337	2376528	6
2912764	2376528	6
4556296	2376528	6
1137610	2376528	6
262582	2376528	6
102426	2376528	6
2879854	2376528	6
1536205	3515944	71
67475	3515944	71
4424650	2376528	6
1241682	3515944	71
1062681	2376528	6
1435483	3515944	71
3857535	3515944	71
2317252	2376528	6
1974814	2376528	6
2248422	3515944	71
1937112	3515944	71
2083887	2376528	6
3832526	3515944	71
912031	3515944	71
1071588	3515944	71
4239964	2376528	6
2505106	2376528	6
2692661	2376528	6
2140735	2376528	6
1443436	2376528	6
3192962	3515944	71
3515944	2718474	74
2248364	3515944	71
3417202	3515944	71
2659014	2376528	6
4285788	2376528	6
3716398	2376528	6
3925037	3515944	71
1436869	2376528	6
4351452	3515944	71
468518	2376528	6
3140810	2376528	6
1473687	2376528	6
2912764	3515944	71
4084879	2376528	6
2801239	2376528	6
2355708	660629	60
3941935	3515944	71
193745	3515944	71
3916352	3515944	71
140566	2376528	6
3951132	2376528	6
1264201	3515944	71
2703537	2376528	6
690554	2376528	6
4258622	2376528	6
3545065	3515944	71
473480	2376528	6
3320745	3515944	71
1958814	3515944	71
3722146	2376528	6
1903523	2376528	6
267867	2376528	6
3428825	3515944	71
149461	3515944	71
1273580	2376528	6
4381444	2376528	6
4432482	3515944	71
1402918	3515944	71
1548910	3515944	71
888251	3515944	71
2634823	3515944	71
2231129	2376528	6
875957	2376528	6
2293093	3515944	71
1055078	2376528	6
1087246	2376528	6
4595039	3515944	71
2749259	2376528	6
3429179	2376528	6
4054627	3515944	71
948936	2376528	6
2662148	2376528	6
2734254	2376528	6
2166646	2376528	6
3166446	3515944	71
1671132	2376528	6
2584992	3515944	71
4201909	2376528	6
3957078	3515944	71
2805606	2376528	6
502429	3515944	71
2067512	2376528	6
3225558	2376528	6
2761407	2376528	6
48095	3515944	71
3591111	2376528	6
2678264	3515944	71
1428775	3515944	71
2513789	2376528	6
918092	2376528	6
3577669	2376528	6
771354	3515944	71
3558100	3515944	71
1333593	2376528	6
3798573	2376528	6
2724556	2355708	190
3159477	3515944	71
1333593	3515944	71
1577786	2376528	6
723903	3515944	71
3515944	3356143	74
3824248	3515944	71
523814	2376528	6
4236412	2376528	6
3183650	2376528	6
939429	2376528	6
1731690	3515944	71
3245882	2376528	6
4497308	3515944	71
2675086	2376528	6
4005782	2376528	6
3558800	3515944	71
2914764	2376528	6
1918439	2376528	6
3515944	2456366	74
1592112	3515944	71
3515944	3851487	74
1376202	2376528	6
4651500	2376528	6
3690618	3515944	71
1327907	3515944	71
4169166	3515944	71
4240472	3515944	71
2287052	3515944	71
948674	3515944	71
3226500	3515944	71
1773822	2376528	6
3796265	2376528	6
4593592	3515944	71
1907615	3515944	71
1936569	3515944	71
451059	3515944	71
3314805	2376528	6
1711401	2376528	6
2355903	2376528	6
1060495	2376528	6
1992720	2376528	6
1411687	4279357	145
1246283	2376528	6
3515944	4476205	74
881085	3515944	71
3162558	3515944	71
1420920	2376528	6
3753875	3515944	71
3752882	2376528	6
1937173	3515944	71
63890	3515944	71
4654141	3515944	71
4377495	2376528	6
2855990	2376528	6
181737	2376528	6
2156480	3515944	71
4305967	2376528	6
2199513	2376528	6
1902115	2376528	6
688315	3515944	71
2355708	4262239	333
3142314	2376528	6
4312631	3515944	71
2362352	2376528	6
2762690	2376528	6
835736	3515944	71
4093192	3515944	71
1450609	3515944	71
1896783	2376528	6
4255677	3515944	71
1339222	2376528	6
3941935	2376528	6
2153708	3515944	71
3153715	2376528	6
3651447	2376528	6
3794096	3515944	71
2059139	3515944	71
1842386	2376528	6
1765946	2376528	6
798074	3515944	71
2591846	2376528	6
807361	3515944	71
3641069	2376528	6
2859562	3515944	71
3806057	2376528	6
641711	3515944	71
2480014	2376528	6
4114143	2376528	6
1215649	3515944	71
4479481	3515944	71
671823	3515944	71
3556961	2376528	6
1805273	2376528	6
1984405	2376528	6
1454235	2376528	6
1162052	3515944	71
2088581	2376528	6
1937556	3515944	71
2456324	2376528	6
2446310	3515944	71
3692330	2376528	6
4540384	2376528	6
4087255	3515944	71
3840060	2376528	6
1222908	2198643	196
384986	2376528	6
3695869	3515944	71
1192463	2376528	6
902970	3515944	71
496009	3515944	71
2321912	3515944	71
1662155	3515944	71
1906644	2376528	6
1346105	3515944	71
4163652	2376528	6
1331789	3515944	71
3919636	3515944	71
1157358	3515944	71
67650	3515944	71
4528962	2376528	6
2467528	2376528	6
2263323	3515944	71
2864232	2376528	6
495193	2376528	6
2333010	3515944	71
3257713	3515944	71
1892108	3515944	71
3227347	3575737	66
4383347	2376528	6
2982737	2376528	6
544859	2376528	6
1098737	2376528	6
4213953	3515944	71
656275	2376528	6
826157	2376528	6
467298	2376528	6
1999412	2376528	6
235903	2376528	6
165120	2376528	6
2656167	3515944	71
3475387	3515944	71
2376528	3518980	156
3488136	3515944	71
3113475	3515944	71
3829993	3515944	71
2435125	2376528	6
4510095	2376528	6
1999582	3515944	71
4285788	3515944	71
1696649	3515944	71
1594339	2376528	6
174175	2376528	6
697552	3515944	71
4046697	3515944	71
619929	2376528	6
3165749	3515944	71
4163826	3515944	71
3904574	3515944	71
1002618	2376528	6
3126333	3515944	71
1288265	3515944	71
225381	3515944	71
4359245	2376528	6
3696739	3515944	71
3879270	3515944	71
1041275	3515944	71
1999504	2376528	6
611150	2376528	6
4106602	3515944	71
4143473	2376528	6
1186900	3515944	71
4643997	3515944	71
1364727	3515944	71
2806929	3515944	71
4471873	2376528	6
1437161	3515944	71
1027023	2376528	6
819299	3515944	71
1379363	2376528	6
2287670	2376528	6
4184155	2376528	6
3113475	2376528	6
1049438	2376528	6
3181694	3515944	71
940058	3515944	71
3616133	2376528	6
1408681	3515944	71
2299671	3515944	71
1328265	2376528	6
2920490	2376528	6
3348735	3515944	71
3374320	2376528	6
1578230	3515944	71
3637075	3515944	71
4147572	3515944	71
2855990	3515944	71
2063612	3515944	71
6917	2376528	6
2816440	2376528	6
4416632	3515944	71
4174205	3515944	71
840888	2376528	6
1551735	2376528	6
3382447	3515944	71
4201958	2376528	6
3076050	2376528	6
2886894	3515944	71
3794096	2376528	6
4353635	2376528	6
4538141	2376528	6
2110934	2376528	6
56653	2376528	6
2490568	2376528	6
3879461	2376528	6
2709172	2376528	6
486569	2376528	6
2472433	3515944	71
1010997	3515944	71
3777231	2376528	6
3355002	2376528	6
898097	2376528	6
2950619	2376528	6
3969913	2376528	6
3541821	2376528	6
1730437	3515944	71
3946495	2376528	6
3401741	2376528	6
1130757	2376528	6
3519787	3515944	71
4118779	2376528	6
3515944	2032120	74
1822114	2376528	6
1202081	3515944	71
3787554	3515944	71
2078208	3515944	71
2329079	2376528	6
4045604	2376528	6
4169832	2376528	6
2674903	3515944	71
653690	2376528	6
2433592	2376528	6
4458330	3515944	71
599588	2376528	6
4408865	3515944	71
2675086	3515944	71
1423724	3515944	71
4385045	2376528	6
2358317	2376528	6
2450486	2376528	6
2029882	2376528	6
3989046	3515944	71
1599749	3515944	71
3899536	2376528	6
296330	3515944	71
3433522	2376528	6
1356169	2376528	6
3320794	2376528	6
2100108	2376528	6
3029497	3515944	71
2457515	2376528	6
1879895	3515944	71
2430356	3515944	71
3692330	3515944	71
84606	3515944	71
1487583	3515944	71
799181	3515944	71
3530470	3515944	71
1948745	3515944	71
114856	2376528	6
2321917	3515944	71
911151	2376528	6
1278572	3515944	71
792565	2376528	6
977839	3515944	71
2478601	3515944	71
1100245	2376528	6
2724556	2821476	192
3507764	3515944	71
2554001	2376528	6
3692181	2376528	6
2391643	3515944	71
2415770	2376528	6
2075085	3515944	71
2019568	2376528	6
1825413	3515944	71
2825521	2376528	6
3626653	2376528	6
4350295	2376528	6
701488	2376528	6
3192655	3515944	71
1759145	2376528	6
3803928	2376528	6
4506303	3515944	71
1577786	3515944	71
76567	3515944	71
3923858	2376528	6
692233	2376528	6
2938769	3515944	71
4651209	2376528	6
4412505	3515944	71
4513776	2376528	6
3069507	2376528	6
475218	3515944	71
1844259	3515944	71
4514540	3515944	71
2094207	2376528	6
17971	2376528	6
4629137	2376528	6
4543533	3515944	71
2198643	2344598	60
1325657	3515944	71
4188069	3515944	71
2200491	3515944	71
2559031	3515944	71
677477	3515944	71
3684930	3515944	71
1495784	3515944	71
2208983	3515944	71
1911397	2376528	6
6792	2376528	6
630703	3515944	71
3388529	2376528	6
611150	3515944	71
2337776	3515944	71
2178099	3515944	71
3961926	3515944	71
3049015	3515944	71
2652048	2376528	6
1880919	2376528	6
1289325	2376528	6
1694436	2376528	6
3320745	2376528	6
4129673	2376528	6
3916148	2376528	6
1955340	3515944	71
1541107	3515944	71
1818395	3515944	71
2674152	3515944	71
2190025	3515944	71
4345978	3515944	71
1043871	3515944	71
3210452	3515944	71
2910000	3515944	71
957948	2376528	6
1875913	3515944	71
1468465	3515944	71
508947	3515944	71
1247543	3515944	71
4568245	3515944	71
3307265	2376528	6
1447738	2376528	6
954169	3515944	71
396405	2376528	6
1149883	2376528	6
3568310	2376528	6
3515944	1861724	74
384986	3515944	71
4441866	3515944	71
206144	2376528	6
2022807	3515944	71
4293468	2376528	6
3634291	2376528	6
4582655	2376528	6
3709642	3515944	71
686375	2376528	6
4222690	3515944	71
4475745	3515944	71
4035725	2376528	6
1851876	2376528	6
1416575	3515944	71
3453003	2376528	6
2478601	2376528	6
3515944	2630505	74
3515944	1352820	74
181655	2376528	6
1794196	3515944	71
2840659	2376528	6
519358	2376528	6
587607	2376528	6
660629	2355708	642
805598	2376528	6
3515944	688472	74
2911553	2376528	6
4530368	2376528	6
3798945	3515944	71
3401054	3515944	71
2316359	3515944	71
999023	3515944	71
1765946	3515944	71
3526520	2376528	6
316976	2376528	6
3210452	2376528	6
167426	2376528	6
4578745	2376528	6
3597147	2376528	6
3826345	3515944	71
1979870	3515944	71
114856	3515944	71
4317733	3515944	71
1497000	2376528	6
1725718	2376528	6
3084405	2376528	6
2962897	3515944	71
4399135	3515944	71
2536086	3515944	71
4003977	3515944	71
4608794	3515944	71
3679809	3515944	71
3830389	2376528	6
2993360	2376528	6
1142957	3515944	71
3753875	2376528	6
3868001	3515944	71
1795053	3515944	71
4182135	3515944	71
2856356	2376528	6
3621190	3515944	71
3478834	3515944	71
1925795	2376528	6
2545534	3515944	71
2556025	3515944	71
1318385	2376528	6
3518980	817319	1347
488518	3515944	71
1784274	2376528	6
834672	2376528	6
3515944	103941	74
1763196	2376528	6
884992	3515944	71
3863941	3515944	71
668058	3515944	71
1142169	3515944	71
1349196	3515944	71
35130	3515944	71
822128	2376528	6
4581016	2376528	6
839030	2376528	6
4422609	3515944	71
1511600	3515944	71
3515944	1538041	74
1561837	2376528	6
423664	3515944	71
707181	2376528	6
180223	2376528	6
4506214	2376528	6
2559914	2376528	6
3288089	2376528	6
614434	2376528	6
2337986	3515944	71
2534452	3515944	71
4538082	3515944	71
681606	2376528	6
4516754	3515944	71
3515944	4079575	74
4279162	3515944	71
1398356	2376528	6
1925795	3515944	71
171326	3515944	71
4072390	2376528	6
582262	2376528	6
1403771	2376528	6
4244565	2376528	6
3103470	2376528	6
3107172	2376528	6
3675841	2376528	6
4040343	3515944	71
4312979	2376528	6
3909364	2376528	6
387816	2376528	6
1926934	2376528	6
3193896	3515944	71
2662148	3515944	71
1698295	2376528	6
4012700	2376528	6
2492957	3515944	71
2317252	3515944	71
2408676	2376528	6
3894993	2376528	6
1040850	3515944	71
670933	3515944	71
1334853	2376528	6
4202416	3515944	71
1333294	2376528	6
4385557	2376528	6
2685026	3515944	71
3515944	1065859	74
3081027	2376528	6
2689330	2376528	6
3667489	3515944	71
2721349	2376528	6
3653220	3515944	71
633201	2376528	6
4087255	2376528	6
962020	3515944	71
3515944	1760849	74
3845387	3515944	71
388026	4476729	149
355455	2376528	6
2645234	3515944	71
3515944	3844500	74
1998172	2376528	6
1008755	2376528	6
312740	3515944	71
1253734	2376528	6
3064409	3515944	71
1427508	3515944	71
3115786	2376528	6
4487832	2376528	6
2190025	2376528	6
1703625	3515944	71
2875286	2376528	6
468198	3515944	71
4543533	2376528	6
4030645	3515944	71
424458	2376528	6
4064150	3515944	71
3166939	3515944	71
3597698	3515944	71
3871874	3515944	71
1444010	2376528	6
4476205	3515944	71
2487	2376528	6
4216011	2376528	6
3908768	2376528	6
1142421	2376528	6
1066329	2376528	6
92548	2376528	6
2685026	2376528	6
3493895	3515944	71
4328495	2376528	6
536191	2376528	6
1978677	3515944	71
3116049	3515944	71
1592944	2376528	6
3695793	3515944	71
3932462	3515944	71
2884495	2376528	6
2805276	2376528	6
2821476	2724556	191
3319057	2376528	6
2718474	3515944	71
826381	3515944	71
3528202	3515944	71
1504465	3515944	71
3136374	3515944	71
1965840	3515944	71
474169	3515944	71
1586461	3515944	71
1678918	3515944	71
1754819	3515944	71
4280871	3515944	71
4538430	3515944	71
2362536	2376528	6
1455156	2376528	6
948936	3515944	71
1518505	2376528	6
4338341	3515944	71
3253785	2376528	6
3538067	3515944	71
2484466	3515944	71
3992026	2376528	6
1934070	3515944	71
4560339	3515944	71
1670959	2376528	6
1363334	3515944	71
1498032	3515944	71
711246	3515944	71
3080962	2376528	6
1643269	2376528	6
3711759	2376528	6
2031460	3515944	71
1127762	3515944	71
1023510	3515944	71
4115682	2376528	6
4657093	2376528	6
2213898	2376528	6
1156196	3515944	71
2570104	3515944	71
3759159	3515944	71
699110	3515944	71
3632252	3515944	71
956848	3515944	71
2783013	2376528	6
99027	2376528	6
2261722	3515944	71
1088362	3515944	71
3515944	2801239	74
1538041	3515944	71
1577388	3515944	71
2971094	2376528	6
1004877	2376528	6
3318239	2376528	6
3515944	543102	74
3227347	3050276	47
1127919	3515944	71
439414	2376528	6
3511125	2376528	6
3548030	3515944	71
3603950	2376528	6
899212	2376528	6
3980877	2376528	6
2693894	3515944	71
3474596	3515944	71
4534011	2376528	6
295997	3515944	71
2364802	3515944	71
2098648	3515944	71
1762918	2376528	6
2240649	3515944	71
3761050	3515944	71
3142889	3515944	71
4636684	2376528	6
2336070	2376528	6
4253771	2376528	6
778661	3515944	71
3199977	2376528	6
2232142	3515944	71
3367047	3515944	71
4270301	3515944	71
3673573	2376528	6
2912967	3515944	71
3393351	3515944	71
4144552	3515944	71
911151	3515944	71
83063	3515944	71
542967	3515944	71
2987929	2376528	6
858157	2376528	6
2856624	2376528	6
1788506	2376528	6
292740	2376528	6
1616871	3515944	71
132550	2376528	6
442854	3515944	71
2902637	3515944	71
2782975	2376528	6
591266	2376528	6
3515944	4230843	74
3638960	2376528	6
4475992	3515944	71
848068	2376528	6
4540429	3515944	71
193745	2376528	6
4506214	3515944	71
720296	3515944	71
2681805	3515944	71
4150919	3515944	71
2355708	1166469	276
4209041	2376528	6
4296290	3515944	71
2103223	3515944	71
110497	3515944	71
4436792	3515944	71
2502273	3515944	71
1055840	2376528	6
2347921	3515944	71
330060	3515944	71
4127759	3515944	71
1909411	2376528	6
2118363	3515944	71
2001999	2376528	6
4330847	2376528	6
874408	3515944	71
1274502	2376528	6
1799066	2376528	6
3890674	4279357	137
2249598	3515944	71
4651209	3515944	71
2894500	2376528	6
2433874	2376528	6
2617548	3515944	71
3624756	2376528	6
4066870	3515944	71
2459717	3515944	71
56653	3515944	71
2009120	2376528	6
2240649	2376528	6
1723008	3515944	71
710026	2376528	6
819299	2376528	6
1202520	3515944	71
3311820	3515944	71
927371	2376528	6
4322234	3515944	71
2537795	2376528	6
4187534	2376528	6
526839	3515944	71
3437862	2376528	6
2412869	2376528	6
2634823	2376528	6
2415770	3515944	71
3469556	3515944	71
2800711	3515944	71
2829899	3515944	71
3125260	2376528	6
3617952	2376528	6
2038788	2376528	6
3403249	3515944	71
966465	2376528	6
1562934	2376528	6
1700514	2376528	6
3183864	2376528	6
3721496	2376528	6
3782897	2376528	6
1107265	2376528	6
2719970	3515944	71
3429963	3515944	71
2097047	3515944	71
3404569	3515944	71
4530368	3515944	71
3961500	2376528	6
3099092	2376528	6
560461	2376528	6
2354088	3515944	71
2559914	3515944	71
866973	3515944	71
594069	2376528	6
4501940	2376528	6
128046	2376528	6
3050380	2376528	6
4335074	3515944	71
4653675	3515944	71
2864232	3515944	71
4024592	3515944	71
3370971	2376528	6
2933347	3515944	71
3515944	1282028	74
2502273	2376528	6
53996	3515944	71
4279357	103941	135
1282028	3515944	71
1764156	3515944	71
1326641	2376528	6
1698425	3515944	71
1480398	2376528	6
4305967	3515944	71
3307954	3515944	71
3162558	2376528	6
1688247	3515944	71
3515944	1237616	74
1325657	2376528	6
672234	3515944	71
2491431	3515944	71
3832526	2376528	6
3356559	2376528	6
2160309	2376528	6
1228032	3515944	71
1599173	3515944	71
1065208	2376528	6
1218671	2376528	6
1451427	2376528	6
3741559	3515944	71
2759118	3515944	71
1180472	3515944	71
2684656	2376528	6
3849135	2376528	6
790306	2376528	6
3638436	2376528	6
154158	2376528	6
3513964	3515944	71
1713614	2376528	6
2642122	2376528	6
616028	2376528	6
2661121	3515944	71
802293	2376528	6
1348275	2376528	6
3494404	2376528	6
1076151	3515944	71
97824	2376528	6
4312631	2376528	6
893542	2376528	6
2763370	2376528	6
2430356	2376528	6
2805606	3515944	71
930857	3515944	71
720195	2376528	6
3517662	2376528	6
2200491	2376528	6
3515944	396286	74
3142314	3515944	71
3513649	2376528	6
1469879	3515944	71
3759159	2376528	6
826878	2376528	6
2246150	2376528	6
66274	3515944	71
3995609	2376528	6
529956	2376528	6
2397617	2376528	6
2149164	3515944	71
987786	2376528	6
2768039	3515944	71
1438957	3515944	71
4101542	2376528	6
2252021	3515944	71
3879509	2376528	6
4210611	3515944	71
4114143	3515944	71
1570473	3515944	71
3704917	2376528	6
4355635	2376528	6
1870756	2376528	6
1942102	3515944	71
2030914	3515944	71
3410886	2376528	6
1654630	3515944	71
840888	3515944	71
2186439	2376528	6
652736	2376528	6
1306764	2376528	6
1428775	2376528	6
119755	3515944	71
2227501	2376528	6
1425911	3515944	71
3966429	3515944	71
3692875	3515944	71
1419156	2376528	6
4143526	3515944	71
2884239	2376528	6
4080247	3515944	71
224788	2376528	6
3515944	2542331	74
2582239	2376528	6
3478834	2376528	6
2682592	3515944	71
1486407	2376528	6
1982324	3515944	71
2376936	3515944	71
4587626	2376528	6
1176322	2376528	6
4330284	3515944	71
3004399	3515944	71
3012911	2376528	6
440362	2376528	6
4312979	3515944	71
1743020	2376528	6
552078	3515944	71
3811723	3515944	71
232990	3515944	71
1569899	2376528	6
3926453	2376528	6
1601391	3515944	71
1007712	3515944	71
236758	2376528	6
101277	3515944	71
614186	3515944	71
1224471	2376528	6
1351723	2376528	6
536894	3515944	71
4234189	2376528	6
1709885	3515944	71
2934388	2376528	6
4115039	3515944	71
3802197	2376528	6
2093550	3515944	71
571982	2376528	6
483287	3515944	71
3898074	3515944	71
2753510	2376528	6
3354598	3515944	71
4284383	2376528	6
4451145	3515944	71
2562657	3515944	71
1774542	3515944	71
3874388	3515944	71
2637464	2376528	6
4292344	3515944	71
2816030	3515944	71
2582382	2376528	6
3058028	3515944	71
4550903	2376528	6
1074543	3515944	71
4116743	2376528	6
732811	2376528	6
2541067	3515944	71
2540717	2376528	6
311940	2376528	6
3906514	3515944	71
1428181	2376528	6
296954	2376528	6
740684	2376528	6
2456907	2376528	6
1835836	3515944	71
2465227	3515944	71
1725718	3515944	71
346052	2376528	6
4381969	3515944	71
3232119	3515944	71
3084405	3515944	71
3907683	3515944	71
3887554	2376528	6
3537554	2376528	6
1081850	3515944	71
3697584	3515944	71
4384825	2376528	6
3515944	3879986	74
4251178	3515944	71
681606	3515944	71
1048841	2376528	6
3759410	2376528	6
2114544	2376528	6
127601	2376528	6
4006052	2376528	6
4372680	3515944	71
4635205	3515944	71
1071702	2376528	6
4496605	3515944	71
3400479	3515944	71
3571029	3515944	71
149075	3515944	71
1272975	2376528	6
3185540	3515944	71
1615689	3515944	71
1800006	3515944	71
3150461	2376528	6
2492004	3515944	71
1975867	3515944	71
2617087	2376528	6
518459	3515944	71
2169658	3515944	71
2676609	3515944	71
2169654	3515944	71
4203348	3515944	71
3773234	3515944	71
3966440	2376528	6
3998896	3515944	71
4151292	3515944	71
2979471	3515944	71
648216	2376528	6
792565	3515944	71
3591662	2376528	6
90908	2376528	6
3813307	2376528	6
1464340	2376528	6
859488	2376528	6
2053385	2376528	6
1787676	2376528	6
2971218	2376528	6
3734723	3515944	71
4455332	3515944	71
991013	3515944	71
335699	2376528	6
2049082	3515944	71
934982	3515944	71
2904043	2376528	6
4455332	2376528	6
4547155	2376528	6
2411633	2376528	6
1751136	2376528	6
472281	2376528	6
2978371	3515944	71
1427638	3515944	71
4439610	2376528	6
221570	2376528	6
1612913	2376528	6
64260	3515944	71
1570473	2376528	6
2392864	3515944	71
172346	2376528	6
4515706	3515944	71
71587	2376528	6
2657404	3515944	71
911337	3515944	71
1601279	2376528	6
2922933	3515944	71
1295587	3515944	71
1987979	2376528	6
2875523	3515944	71
2946221	2376528	6
1570870	2376528	6
2938498	3515944	71
4113972	2376528	6
2320196	3515944	71
2932646	3515944	71
3775952	3515944	71
1391220	3515944	71
3515944	2074046	74
1710844	3515944	71
1324219	3515944	71
3667821	2376528	6
1759145	3515944	71
1462896	2376528	6
4201958	3515944	71
530150	3515944	71
3515944	2575767	74
2856356	3515944	71
62951	3515944	71
2337252	3515944	71
1211246	3515944	71
373728	3515944	71
531014	3515944	71
144679	3515944	71
1630428	2376528	6
218696	2376528	6
4325336	2376528	6
4492006	3515944	71
2653231	2376528	6
259325	3515944	71
3556930	2538672	258
2122888	2376528	6
2907127	2376528	6
1468262	3515944	71
3308170	3515944	71
78098	2376528	6
3772952	3515944	71
3275366	3515944	71
3967792	3515944	71
65169	2376528	6
2452065	3515944	71
3764787	3515944	71
4642064	3515944	71
63966	3515944	71
4611080	2376528	6
1784255	3515944	71
3285071	3515944	71
4208960	3515944	71
3976138	3515944	71
1237616	3515944	71
2588712	2376528	6
26022	3515944	71
1211246	2376528	6
3949205	3515944	71
3708999	3515944	71
4210611	2376528	6
1745532	3515944	71
4379484	2376528	6
4271685	3515944	71
831193	2376528	6
1772625	2376528	6
2934388	3515944	71
4089395	3515944	71
1073960	3515944	71
3576606	2376528	6
3519170	3515944	71
549277	3515944	71
3281368	3515944	71
2085181	2376528	6
4195742	2376528	6
2350992	2376528	6
3572240	3515944	71
1428181	3515944	71
1488231	2376528	6
3909430	2376528	6
2186429	2376528	6
3864610	3227347	62
1685312	3515944	71
3604793	3515944	71
3524978	3515944	71
3398453	3515944	71
3019912	3515944	71
1419695	3515944	71
1795053	2376528	6
4056555	3515944	71
3520133	3515944	71
1041275	2376528	6
1854239	3515944	71
3434453	3515944	71
2637545	2376528	6
1295230	3515944	71
2994802	2376528	6
1006351	2376528	6
2687316	2376528	6
3265193	2376528	6
2059139	2376528	6
3078448	3515944	71
4068046	2376528	6
1555303	2376528	6
3184649	2376528	6
4476205	4476729	152
3515944	708324	74
3663727	3515944	71
3413586	2376528	6
4123020	2376528	6
2498218	2376528	6
1743825	3515944	71
3983296	2376528	6
2783013	3515944	71
1120352	2376528	6
3176217	2376528	6
409870	2376528	6
2515075	2376528	6
3515944	4569546	74
3591662	3515944	71
2007338	2376528	6
2355708	1824662	195
1487158	3515944	71
2796642	3515944	71
3515944	562235	74
2614074	3515944	71
472884	3515944	71
2929391	2376528	6
276040	2376528	6
277768	3515944	71
1173247	3515944	71
4115682	3515944	71
1321176	3515944	71
40202	2376528	6
2127385	3515944	71
3515944	2763565	74
4178821	2376528	6
474083	3515944	71
4510095	3515944	71
1828369	2376528	6
3408114	2376528	6
3679008	3515944	71
633361	3515944	71
1495055	3515944	71
3991664	2376528	6
3738236	2376528	6
1909411	3515944	71
2821476	3050276	47
441393	2376528	6
512500	2376528	6
1439908	2376528	6
1759392	3515944	71
994617	3515944	71
3597698	2376528	6
724623	3515944	71
2009512	3515944	71
1743825	2376528	6
2766695	2376528	6
2924387	2376528	6
1073495	3515944	71
3519787	2376528	6
21542	2376528	6
3451824	3515944	71
4035342	3515944	71
3230883	2376528	6
3804802	3515944	71
837736	2376528	6
317054	3515944	71
2038788	3515944	71
2539348	2376528	6
915164	3515944	71
251069	3515944	71
4111611	3515944	71
970377	2376528	6
773775	2376528	6
2286109	2376528	6
1648995	2376528	6
539792	3515944	71
4513533	3515944	71
4500509	2376528	6
1364689	2376528	6
2805845	3515944	71
1156379	2376528	6
3825480	2376528	6
2238455	3515944	71
2449878	2376528	6
2548595	2376528	6
2784243	2376528	6
3982511	2376528	6
1081268	3515944	71
4411953	2376528	6
1199689	2376528	6
3136374	2376528	6
1565794	2376528	6
531636	2376528	6
3531732	2376528	6
1968919	3575737	333
3317591	3515944	71
1202081	2376528	6
282426	2376528	6
4268412	3515944	71
2811082	2376528	6
723903	2376528	6
1346567	3515944	71
4476044	3515944	71
1960847	2376528	6
2103641	2376528	6
3749657	3515944	71
4347307	2376528	6
409870	3515944	71
2040623	2376528	6
2859606	2376528	6
2258451	2376528	6
105742	2376528	6
47194	3515944	71
4302140	3515944	71
3287139	3515944	71
4279357	1940807	195
2500040	2376528	6
49187	2376528	6
384363	3515944	71
4057183	3515944	71
1098834	2376528	6
1570870	3515944	71
972353	2376528	6
7408	3515944	71
1466825	3515944	71
1172945	3515944	71
1685884	3515944	71
3064409	2376528	6
3519170	2376528	6
1001769	2376528	6
633201	3515944	71
1410174	2376528	6
4099524	2376528	6
873141	3515944	71
2037552	2376528	6
94570	2376528	6
3144852	3515944	71
898097	3515944	71
3706618	3515944	71
2785331	2376528	6
1645194	2376528	6
875102	3515944	71
571982	3515944	71
4289149	3515944	71
1460864	3515944	71
3013165	3515944	71
3356345	3515944	71
4283864	3515944	71
3321323	3515944	71
922688	3515944	71
4534706	3515944	71
287519	3515944	71
52528	3515944	71
2804122	2376528	6
442577	3515944	71
2303520	2376528	6
4173972	2376528	6
1214643	2376528	6
3170352	2376528	6
673725	2376528	6
2074471	2376528	6
2398528	3515944	71
3200517	3515944	71
3318239	3515944	71
3466587	3515944	71
1443436	3515944	71
1968919	2724556	2
4293818	3515944	71
2743907	2376528	6
3594127	3515944	71
263234	3515944	71
3515944	3153184	74
3504030	2376528	6
2103599	3515944	71
1312733	3515944	71
4505880	3515944	71
2347921	2376528	6
1990058	3515944	71
4335532	2376528	6
4045775	2376528	6
4203827	2376528	6
1239608	2376528	6
265165	3515944	71
58453	2376528	6
3931648	3515944	71
2645234	2376528	6
4458330	2376528	6
2941648	2376528	6
3404167	2376528	6
4006052	3515944	71
1975867	2376528	6
3474508	3515944	71
466131	2376528	6
4628697	2376528	6
94725	3515944	71
2230354	2376528	6
4544156	3515944	71
722974	3515944	71
1088357	3515944	71
2902637	2376528	6
1636085	3515944	71
2946019	3515944	71
1368716	2376528	6
1919727	2376528	6
2903468	2376528	6
3515944	56388	74
1880919	3515944	71
1934151	2376528	6
4029426	2376528	6
3053375	2376528	6
2023141	2376528	6
2279789	2376528	6
3017627	3515944	71
3930767	3515944	71
3515944	3004399	74
897301	2376528	6
329625	2376528	6
3165236	2376528	6
3515944	4411259	74
830415	3515944	71
3281334	2376528	6
2184087	2376528	6
4191130	2376528	6
3943603	3515944	71
87486	3515944	71
787676	2376528	6
759884	2376528	6
2600588	3515944	71
3331518	3515944	71
1440456	3515944	71
1446915	2376528	6
63890	2376528	6
935321	3515944	71
654833	2376528	6
687586	3515944	71
4643070	3515944	71
360588	2376528	6
969493	2376528	6
3598253	2376528	6
1547357	2376528	6
1318768	3515944	71
1644992	3515944	71
1074543	2376528	6
2534635	3515944	71
3116411	2376528	6
1378913	2376528	6
1711401	3515944	71
2554749	2376528	6
787927	2376528	6
1558441	2724556	2
2166722	3515944	71
3561809	2376528	6
84606	2376528	6
520433	3515944	71
4415771	2376528	6
2183617	2376528	6
2929663	2376528	6
1888305	3515944	71
4395120	3515944	71
1340167	3515944	71
3515944	229922	74
1200883	3515944	71
1389147	3515944	71
4582655	3515944	71
1125598	2376528	6
3779193	2376528	6
3515944	2127385	74
839267	3515944	71
3956555	2376528	6
3395540	3515944	71
4134759	2376528	6
2287067	2376528	6
1434150	2376528	6
888640	2376528	6
2732420	3515944	71
1190208	2376528	6
1315878	3515944	71
4651230	3515944	71
4073425	3515944	71
1803237	3515944	71
1344268	2376528	6
4529791	2376528	6
722606	3515944	71
1001846	3515944	71
381308	2376528	6
1044158	3515944	71
4242155	3515944	71
1158444	3515944	71
704449	2376528	6
195851	3515944	71
1977130	2376528	6
2141626	3515944	71
948674	2376528	6
1885008	3515944	71
43149	2376528	6
382144	2376528	6
2433592	3515944	71
574269	2376528	6
1284513	2376528	6
441287	2376528	6
2433437	2376528	6
4505798	3515944	71
467086	3515944	71
3444729	3515944	71
1578488	3515944	71
1780250	2376528	6
3700611	2376528	6
21169	2376528	6
4208098	2376528	6
4624930	2376528	6
3557282	3515944	71
3260868	3515944	71
265165	2376528	6
4076824	2376528	6
2382799	3515944	71
4616642	3515944	71
907457	3515944	71
1142169	2376528	6
1840284	3515944	71
3836495	2376528	6
3739495	3515944	71
2842312	3515944	71
1026045	2376528	6
480293	2376528	6
3515944	3578437	74
3572240	2376528	6
341061	3515944	71
2424082	3515944	71
2191444	2376528	6
3283292	2376528	6
2217077	3515944	71
2922916	3515944	71
2650853	2376528	6
4168042	2376528	6
4143473	3515944	71
3318719	2376528	6
644357	3515944	71
681591	3515944	71
4045734	3515944	71
4310699	2376528	6
2859738	2376528	6
3198926	2376528	6
3166939	2376528	6
1050764	2376528	6
3879461	3515944	71
3437376	3515944	71
781308	3515944	71
388600	2376528	6
2326074	2376528	6
218730	2376528	6
4476729	388026	276
2047596	2376528	6
3419826	3515944	3372
3766613	2376528	6
1158166	3515944	71
2150228	3515944	71
479211	2376528	6
3886727	3515944	71
1007241	3515944	71
1274645	3515944	71
3654451	3515944	71
2306278	2376528	6
4462795	2376528	6
4427178	2376528	6
1081268	2376528	6
49187	3515944	71
1163762	3515944	71
1077833	3515944	71
2339888	3515944	71
3583320	2376528	6
29386	2376528	6
4118821	3515944	71
3748531	2376528	6
3879608	3515944	71
780727	2376528	6
4040343	2376528	6
1047390	2376528	6
4441624	3515944	71
2916780	3515944	71
831193	3515944	71
3726735	2376528	6
3576606	3515944	71
4332597	3515944	71
231440	3515944	71
1215649	2376528	6
3758416	3515944	71
3470444	3515944	71
3783883	3515944	71
3515944	2590181	74
222506	3515944	71
1471309	2376528	6
3970002	3515944	71
1852020	3515944	71
2517756	3515944	71
1920318	3515944	71
3496653	3515944	71
1383684	3515944	71
3980877	3515944	71
1594339	3515944	71
1592944	3515944	71
4233326	3515944	71
1573324	3515944	71
1142521	3515944	71
3120646	2376528	6
699110	2376528	6
764162	3515944	71
2041298	2376528	6
1634598	3515944	71
2740010	2376528	6
873141	2376528	6
4506757	3515944	71
2181212	3515944	71
4130022	3515944	71
642872	2376528	6
2042564	2376528	6
1983577	2376528	6
3093651	3515944	71
3826345	2376528	6
2289174	2376528	6
3058120	2376528	6
3501400	3515944	71
2578624	3515944	71
2302247	2376528	6
4310470	2376528	6
2350598	2376528	6
998558	2376528	6
3448199	2376528	6
3557282	2376528	6
1810394	2376528	6
902792	3515944	71
2227501	3515944	71
522839	2376528	6
2736643	3515944	71
2166800	2376528	6
1400565	2376528	6
3716625	2376528	6
3022560	2376528	6
3834296	2376528	6
3930767	2376528	6
379905	3515944	71
2495203	2376528	6
201951	2376528	6
3555230	2376528	6
902898	2376528	6
1062312	3515944	71
3167314	3515944	71
3935181	2376528	6
3246276	2376528	6
2465227	2376528	6
3975144	2376528	6
1735045	4476729	196
780879	3515944	71
67482	3515944	71
2138824	2376528	6
915923	3515944	71
4474551	2376528	6
3690618	2376528	6
4574504	2376528	6
1273419	2376528	6
3858325	3515944	71
3737354	2376528	6
4568245	2376528	6
2159469	3515944	71
2337986	2376528	6
522839	3515944	71
1692198	2376528	6
440362	3515944	71
1088444	3515944	71
1329812	2376528	6
325892	2376528	6
2174933	3515944	71
1385787	2376528	6
1484854	2376528	6
1538929	3515944	71
3284139	3515944	71
1537903	3515944	71
182743	2376528	6
599274	3515944	71
2335776	2376528	6
2089744	2376528	6
3568310	3515944	71
765619	3515944	71
1768201	2376528	6
1792078	2376528	6
4322889	3515944	71
1473560	3515944	71
134836	2376528	6
1385787	3515944	71
2261236	3515944	71
1515076	3515944	71
1587367	2376528	6
4356054	2376528	6
2306235	2376528	6
466592	3515944	71
1845443	3515944	71
332805	3515944	71
3713289	2376528	6
1900637	3515944	71
2457330	3515944	71
2104081	2376528	6
4233169	3515944	71
1890140	2376528	6
4316017	3515944	71
163586	2376528	6
3288400	3515944	71
3286237	2376528	6
1799070	3515944	71
1981747	3515944	71
740684	3515944	71
1663454	2376528	6
4506671	3515944	71
317054	2376528	6
4201909	3515944	71
3671348	2376528	6
2931048	2376528	6
2455363	3515944	71
4204643	2376528	6
1937918	3515944	71
824831	3515944	71
66620	2376528	6
4547155	3515944	71
976829	3515944	71
3502709	3515944	71
3198926	3515944	71
2375865	2376528	6
2603714	3515944	71
1872696	3515944	71
4565970	2376528	6
201951	3515944	71
4605348	3515944	71
2692423	3515944	71
2761473	3515944	71
2583357	3515944	71
3974160	2376528	6
1451855	2376528	6
4513776	3515944	71
182462	3515944	71
3019218	2376528	6
3505744	2376528	6
3477496	3515944	71
801476	2376528	6
4372832	3515944	71
2900813	3515944	71
2950296	2376528	6
1170639	3515944	71
1932739	3515944	71
1999810	2376528	6
329625	3515944	71
508947	2376528	6
3104842	2376528	6
3755666	3515944	71
3537554	3515944	71
1799066	3515944	71
253709	3515944	71
2801197	3515944	71
4359891	4279357	196
3265193	3515944	71
2517756	2376528	6
898840	2376528	6
766697	2376528	6
1550927	3515944	71
598703	3515944	71
448979	3515944	71
1202333	3515944	71
3175627	2376528	6
1525163	2376528	6
2130236	2376528	6
1139401	2376528	6
3804297	3515944	71
3616133	3515944	71
417587	2376528	6
3631143	3515944	71
4187534	3515944	71
4244565	3515944	71
2611140	2376528	6
149342	2376528	6
1765051	3515944	71
3591111	3515944	71
1529044	2376528	6
4242223	3515944	71
1432821	2376528	6
3871874	2376528	6
296128	2376528	6
431029	3515944	71
4167816	3515944	71
274075	3515944	71
3515944	3233552	74
3645680	2376528	6
1380126	2376528	6
3196938	3515944	71
2310125	2376528	6
887120	3515944	71
258067	3515944	71
522141	3515944	71
1324219	2376528	6
4557859	2376528	6
57832	3515944	71
3771484	3515944	71
1854066	2376528	6
2334770	2376528	6
724623	2376528	6
912031	2376528	6
924232	2376528	6
1888846	2376528	6
1769319	3515944	71
1214929	2376528	6
3720995	3515944	71
2726308	2376528	6
599274	2376528	6
125345	2376528	6
2724556	4476729	192
2619122	2376528	6
462886	3515944	71
1757008	2376528	6
3533102	2376528	6
3748163	2376528	6
3371944	3515944	71
1169726	3515944	71
1755842	3515944	71
2705404	3515944	71
2850999	2376528	6
504703	2376528	6
1458266	3515944	71
1105008	3515944	71
3680039	3515944	71
1031983	2376528	6
598120	2376528	6
165120	3515944	71
2561296	2376528	6
4077145	2376528	6
4101542	3515944	71
844736	2376528	6
4422609	2376528	6
1831621	2376528	6
3031417	3515944	71
3955295	3515944	71
3397805	2376528	6
3286931	2376528	6
461443	3515944	71
855078	2376528	6
4471873	3515944	71
483287	2376528	6
2842312	2376528	6
2170058	3515944	71
1822095	3515944	71
4515199	2376528	6
2261000	2376528	6
3949205	2376528	6
640197	2376528	6
2578624	2376528	6
2641698	3515944	71
2616628	2376528	6
2106457	3515944	71
2453948	3515944	71
445713	2376528	6
3515944	2138824	74
2761407	3515944	71
3209874	3515944	71
274075	2376528	6
4216675	2376528	6
548238	2376528	6
3830894	3515944	71
1768669	3515944	71
3143728	2376528	6
1350294	2376528	6
1117172	2376528	6
3434281	3515944	71
1073960	2376528	6
3271496	2376528	6
453231	2376528	6
3937710	3515944	71
3765673	3515944	71
600028	2376528	6
3916352	2376528	6
3909745	3515944	71
461423	2376528	6
2511937	2376528	6
3504030	3515944	71
1756460	2376528	6
590485	2376528	6
1612913	3515944	71
3477753	3515944	71
1315669	2376528	6
2182928	3515944	71
2632967	2376528	6
4189438	3515944	71
4368485	3515944	71
3764787	2376528	6
703805	3515944	71
104234	3515944	71
3912159	2376528	6
2006670	3515944	71
409942	2376528	6
891556	3515944	71
130150	2376528	6
2111432	2376528	6
3681121	3515944	71
2900057	2376528	6
2438330	3515944	71
80261	2376528	6
1549524	3515944	71
3526904	2376528	6
848294	3515944	71
3768534	3515944	71
3065211	3515944	71
3455889	3515944	71
564006	3515944	71
2060733	2376528	6
359197	2376528	6
1623248	3515944	71
4538141	3515944	71
1060495	3515944	71
3515944	3231310	74
3014448	3515944	71
3489553	3515944	71
2309779	2376528	6
1452176	3515944	71
2424082	2376528	6
3799694	2376528	6
1764156	2376528	6
2201015	2376528	6
2667427	2376528	6
4392005	2376528	6
3926453	3515944	71
1795685	3515944	71
4382460	2376528	6
397415	3515944	71
2368043	3515944	71
4197821	3515944	71
3430137	2376528	6
1940107	3515944	71
2987496	3515944	71
4523388	3515944	71
3242138	2376528	6
1825715	2376528	6
4419824	3515944	71
2548775	2376528	6
3080243	3515944	71
766861	3515944	71
337546	2376528	6
1010997	2376528	6
1538910	2376528	6
3287016	3515944	71
518472	3515944	71
599639	3515944	71
2012956	3515944	71
2125274	3515944	71
3178582	2376528	6
4556296	3515944	71
4631041	2376528	6
2187429	2376528	6
46007	2376528	6
591614	2376528	6
2805635	3515944	71
3992601	2376528	6
1498032	2376528	6
3119729	3515944	71
701885	3515944	71
1743024	2376528	6
3783751	2376528	6
1409819	2376528	6
721637	2376528	6
3515944	3185540	74
2059302	3515944	71
4499759	3515944	71
4578022	2376528	6
3935181	3515944	71
2747393	2376528	6
3515944	2259459	74
799939	3515944	71
3473654	3515944	71
122311	2376528	6
4123154	3515944	71
3816673	3515944	71
2362536	3515944	71
2409081	3515944	71
1809006	3515944	71
983653	3515944	71
4250199	2376528	6
766917	2376528	6
1842301	2376528	6
3515944	3706618	74
4223983	3515944	71
4023892	3515944	71
2959944	2376528	6
659882	3515944	71
355455	3515944	71
2749259	3515944	71
1787781	3515944	71
2106457	2376528	6
1091250	3515944	71
2961399	3515944	71
570078	2376528	6
3387581	3515944	71
788058	3515944	71
2292459	3515944	71
259350	3515944	71
866973	2376528	6
1018080	2376528	6
2659128	3515944	71
1022332	2376528	6
3355002	3515944	71
349334	2376528	6
2575767	3515944	71
531014	2376528	6
573483	3515944	71
1726775	2376528	6
2104081	3515944	71
759884	3515944	71
4284008	2376528	6
3992139	3515944	71
3952119	3515944	71
741870	3515944	71
4476729	4476205	174
3141428	2376528	6
1079806	2376528	6
659882	2376528	6
3820301	3515944	71
2108283	2376528	6
859972	2376528	6
1099895	3515944	71
3069507	3515944	71
4402996	2376528	6
238899	2376528	6
3679952	3515944	71
3180451	3515944	71
2753510	3515944	71
231440	2376528	6
3520133	2376528	6
3655110	2376528	6
594016	2376528	6
4616642	2376528	6
1175520	3515944	71
4104077	2376528	6
1242643	3515944	71
892090	3515944	71
4347828	2376528	6
3637075	2376528	6
3324294	3515944	71
3768534	2376528	6
298475	2376528	6
424481	2376528	6
4102988	2376528	6
2978433	2376528	6
4271983	2376528	6
1884436	3515944	71
1222908	2376528	6
1030503	3515944	71
1589132	2376528	6
811677	2376528	6
2730209	3515944	71
3643111	3515944	71
1269501	2376528	6
2802250	3515944	71
3505152	3515944	71
224894	3515944	71
1942347	2376528	6
2849602	2376528	6
1518715	3515944	71
4015726	2376528	6
3631143	2376528	6
4188546	2376528	6
3860288	3515944	71
2709172	3515944	71
3367047	2376528	6
4307363	2376528	6
3350936	2376528	6
1978077	2376528	6
3373483	3515944	71
3511390	3515944	71
4046635	2376528	6
2424483	3515944	71
2217958	2376528	6
458071	3515944	71
57832	2376528	6
455820	2376528	6
3638960	3515944	71
4549155	3515944	71
4169832	3515944	71
623237	3515944	71
2952270	3515944	71
554110	3515944	71
1092376	2376528	6
1800604	2376528	6
557802	3515944	71
474169	2376528	6
275167	3515944	71
3111915	2376528	6
2653231	3515944	71
4107626	2376528	6
1352223	3515944	71
2952817	3515944	71
1050764	3515944	71
2162676	3515944	71
4601304	2376528	6
1538770	3515944	71
1740347	2376528	6
3987638	2376528	6
866501	3515944	71
4351662	3515944	71
4158955	3515944	71
2931048	3515944	71
1662155	2376528	6
2957476	2376528	6
3200517	2376528	6
3893931	3515944	71
4209041	3515944	71
872943	3515944	71
4597136	2376528	6
3647059	3515944	71
3517662	3515944	71
3939960	3515944	71
794942	2376528	6
1732660	2376528	6
677360	3515944	71
3263998	3515944	71
2838626	3515944	71
1880765	2376528	6
1868113	2376528	6
2171068	2376528	6
4359891	2376528	6
1597314	2376528	6
1525584	2376528	6
930354	3515944	71
3342149	2376528	6
2886894	2376528	6
2897636	2376528	6
2394678	3515944	71
3862363	3515944	71
1809141	2376528	6
1247543	2376528	6
3885335	2376528	6
1713391	3515944	71
2832746	2376528	6
1080615	2376528	6
3477753	2376528	6
550344	2376528	6
4213616	3515944	71
2092300	3515944	71
1391220	2376528	6
572900	3515944	71
3643857	2376528	6
2715530	3515944	71
3647059	2376528	6
2566919	3515944	71
4347918	2376528	6
3256622	2376528	6
1014210	2376528	6
950452	2376528	6
3080962	3515944	71
2853878	3515944	71
3283292	3515944	71
557802	2376528	6
2316749	2376528	6
3080140	3515944	71
755798	3515944	71
990720	3515944	71
2358317	3515944	71
260602	3515944	71
858710	3515944	71
589177	3515944	71
4316809	2376528	6
1093141	3515944	71
282426	3515944	71
1357856	2376528	6
648279	2376528	6
3370971	3515944	71
1096190	3515944	71
1468269	3515944	71
871853	3515944	71
3104842	3515944	71
3800240	2376528	6
3321323	2376528	6
72136	3515944	71
927528	2376528	6
3203392	2376528	6
2315889	2376528	6
1660146	2376528	6
2772543	3515944	71
3851150	3515944	71
1819725	2376528	6
3183396	3515944	71
999607	2376528	6
4538082	2376528	6
4445508	2376528	6
2525640	2376528	6
3360988	2376528	6
2409081	2376528	6
4082927	2376528	6
2129047	3515944	71
196076	3515944	71
2317442	3515944	71
4515990	2376528	6
3642478	3515944	71
344240	3515944	71
1158350	3515944	71
967006	2376528	6
199150	2376528	6
2042539	3515944	71
1431460	2376528	6
3943603	2376528	6
4178821	3515944	71
4575698	3515944	71
4635105	2376528	6
4373967	3515944	71
2990963	3515944	71
1109584	3515944	71
2637464	3515944	71
1433068	3515944	71
2879742	2376528	6
3777231	3515944	71
1956596	3515944	71
3515944	1411687	74
2954067	2376528	6
4210455	3515944	71
924191	2376528	6
1844152	2376528	6
3765733	2376528	6
3842854	2376528	6
3759977	3515944	71
3082287	2376528	6
3861026	3515944	71
4273724	2376528	6
1055842	2376528	6
3702641	2376528	6
3492726	2376528	6
1261840	3515944	71
3227347	3864610	60
4060001	2376528	6
1519419	3515944	71
4035190	2376528	6
2901636	3515944	71
2756479	2376528	6
4238401	3515944	71
2712688	3515944	71
3708999	2376528	6
2286638	3515944	71
4030645	2376528	6
4549155	2376528	6
552685	3515944	71
1598712	3515944	71
826031	3515944	71
4279357	1411687	142
2923393	2376528	6
967006	3515944	71
1157358	2376528	6
754236	3515944	71
811677	3515944	71
561851	2376528	6
3317457	2376528	6
2540717	3515944	71
998324	2376528	6
3767130	3515944	71
3203946	2376528	6
655208	3515944	71
202535	3515944	71
1561239	2376528	6
913755	3515944	71
627934	3515944	71
707181	3515944	71
2685227	3515944	71
2457330	2376528	6
3668935	2376528	6
3111915	3515944	71
313057	3515944	71
3499382	3515944	71
3440911	3515944	71
3260230	2376528	6
2548465	3515944	71
947369	2376528	6
3404569	2376528	6
3583320	3515944	71
4269702	2376528	6
1111875	3515944	71
2144902	2376528	6
2576850	2376528	6
3285258	3515944	71
1919123	3515944	71
715185	2376528	6
2799189	3515944	71
1541412	3515944	71
172346	3515944	71
4350295	3515944	71
1065208	3515944	71
3684161	2376528	6
2753700	2376528	6
577307	3515944	71
48095	2376528	6
1926934	3515944	71
3152707	3515944	71
366194	3515944	71
3219125	3515944	71
2544292	2376528	6
2086969	2376528	6
1664447	2376528	6
3545374	3515944	71
1088357	2376528	6
222654	2376528	6
1144058	3515944	71
3362017	3515944	71
414690	3515944	71
1903327	3515944	71
1365657	2376528	6
3862363	2376528	6
3836972	2376528	6
2335717	2376528	6
3061278	3515944	71
1083135	2376528	6
3317591	2376528	6
4067839	2376528	6
2456366	3515944	71
2778419	2376528	6
2274877	3515944	71
329360	3515944	71
4026549	2376528	6
991609	3515944	71
3515944	2095276	74
3558800	2376528	6
501811	3515944	71
3969124	2376528	6
1479170	3515944	71
801917	2376528	6
1498681	2376528	6
2060733	3515944	71
3200887	3515944	71
565003	2376528	6
1807462	3515944	71
3944764	2376528	6
941894	3515944	71
4230843	3515944	71
1839352	3515944	71
1649831	3515944	71
3756975	2376528	6
451649	2376528	6
235903	3515944	71
2190393	3515944	71
1660146	3515944	71
1558441	3575737	174
3655110	3515944	71
1934423	3515944	71
57753	2376528	6
4078312	3515944	71
2143831	3515944	71
3082287	3515944	71
1495055	2376528	6
2724556	3464875	190
600028	3515944	71
3778589	3515944	71
3759410	3515944	71
305512	2376528	6
3207892	2376528	6
3926178	3515944	71
2941703	3515944	71
4120083	3239330	992
1787676	3515944	71
3770913	3515944	71
3346468	3515944	71
1327969	3515944	71
2435048	3515944	71
1288095	2376528	6
63087	3515944	71
241392	3515944	71
4324687	2376528	6
3598253	3515944	71
1264106	3515944	71
297894	2376528	6
2985267	2376528	6
15767	3515944	71
174894	3515944	71
3030644	2376528	6
3967792	2376528	6
2164697	2376528	6
1810394	3515944	71
462886	2376528	6
1155374	2376528	6
1854066	3515944	71
3643111	2376528	6
723351	2376528	6
2183617	3515944	71
3775945	3515944	71
817319	3518980	1348
2209007	3515944	71
233966	3515944	71
277653	3515944	71
1546822	2376528	6
2227810	2376528	6
1918439	3515944	71
1318768	2376528	6
1634000	3515944	71
1437161	2376528	6
2552008	3515944	71
3637704	2376528	6
104234	2376528	6
4534706	2376528	6
722974	2376528	6
4376099	2376528	6
1072830	2376528	6
2959065	2376528	6
3860288	2376528	6
2272357	3515944	71
39786	3515944	71
94896	2376528	6
1899715	3515944	71
135028	3515944	71
2939638	3515944	71
773666	2376528	6
680848	3515944	71
3471364	3515944	71
1314451	2376528	6
2252381	2376528	6
471178	2376528	6
4439610	3515944	71
1842301	3515944	71
3961781	3515944	71
4393286	2376528	6
1072840	2376528	6
1577388	2376528	6
1436869	3515944	71
2784243	3515944	71
521707	3515944	71
3799569	3515944	71
4291756	2376528	6
4649527	2376528	6
1408681	2376528	6
4258017	2376528	6
970377	3515944	71
728170	2376528	6
2366338	2355708	196
1630428	3515944	71
3558100	2376528	6
47194	2376528	6
268376	3515944	71
3670650	3515944	71
2622162	3515944	71
1308825	2376528	6
3692875	2376528	6
4516754	2376528	6
1844152	3515944	71
4382460	3515944	71
1934423	2376528	6
1694436	3515944	71
2232142	2376528	6
2908465	2376528	6
1633664	2376528	6
1214929	3515944	71
2092963	2376528	6
1822114	3515944	71
3293796	3515944	71
2875286	3515944	71
3617952	3515944	71
4549478	3515944	71
2302189	3515944	71
3461230	2376528	6
2799189	2376528	6
591266	3515944	71
2697328	2376528	6
837736	3515944	71
278935	2376528	6
3864610	3515944	71
1541790	3515944	71
2591487	3515944	71
121161	2376528	6
3159477	2376528	6
4650905	3515944	71
1425911	2376528	6
2700733	3515944	71
225381	2376528	6
3763818	3515944	71
3318601	3515944	71
4630559	2376528	6
4069742	2376528	6
1228032	2376528	6
4372680	2376528	6
1393270	3515944	71
2559291	3515944	71
4570476	3515944	71
4189438	2376528	6
311940	3515944	71
2941291	2376528	6
806264	3515944	71
320221	2376528	6
1888721	3515944	71
1072840	3515944	71
157695	2376528	6
4344362	2376528	6
101193	2376528	6
1806212	2376528	6
4262239	2355708	170
4606330	3515944	71
4052661	3515944	71
2960521	3515944	71
2453948	2376528	6
702313	3515944	71
975761	3515944	71
957948	3515944	71
2809311	2376528	6
2330130	2376528	6
3879270	2376528	6
213625	3515944	71
1169726	2376528	6
2782446	3515944	71
3541837	2376528	6
1270878	3515944	71
277768	2376528	6
2832746	3515944	71
4366098	2376528	6
5584	3515944	71
2355708	2366338	195
3181621	2376528	6
2941389	2376528	6
1855588	2376528	6
3050380	3515944	71
390772	3515944	71
3502709	2376528	6
672234	2376528	6
904327	2376528	6
4194924	3515944	71
3463923	3515944	71
1361511	2376528	6
2438330	2376528	6
1143555	3515944	71
2510907	3515944	71
1617950	3515944	71
2594156	3515944	71
3763294	3515944	71
50960	2376528	6
2810132	3515944	71
3774668	3515944	71
875102	2376528	6
2423952	3515944	71
2149164	2376528	6
1395823	3515944	71
3556930	4448083	1327
3422468	3515944	71
1789636	3515944	71
3422443	3515944	71
2744744	3515944	71
133944	2376528	6
914011	3515944	71
1487583	2376528	6
1735045	2376528	6
3700611	3515944	71
3761050	2376528	6
441287	3515944	71
1329812	3515944	71
2203751	2376528	6
4030418	2376528	6
1617869	2376528	6
2128757	2376528	6
1899715	2376528	6
1372129	3515944	71
3511390	2376528	6
765619	2376528	6
3376806	2376528	6
4575698	2376528	6
35130	2376528	6
4060920	3515944	71
849090	2376528	6
3835929	3515944	71
4256139	2376528	6
1795685	2376528	6
3153786	2376528	6
982034	2376528	6
3062430	3515944	71
636036	3515944	71
3088047	2376528	6
1773086	3515944	71
1218574	3515944	71
2884618	2376528	6
4291756	3515944	71
1177575	3515944	71
4474246	2376528	6
8072	2376528	6
2816846	2376528	6
3596577	3515944	71
3029862	2376528	6
4461613	2376528	6
4476729	4476205	66
1193449	2376528	6
4380070	3515944	71
3377499	2376528	6
4486545	3515944	71
3992601	3515944	71
3916148	3515944	71
4599731	2376528	6
1726858	2376528	6
4016371	2376528	6
403031	2376528	6
2099678	2376528	6
3490248	2376528	6
2806540	2376528	6
3118830	3515944	71
4451117	2376528	6
541259	3515944	71
3720270	2376528	6
992135	3515944	71
3150648	2376528	6
3252473	2376528	6
446106	3515944	71
4271685	2376528	6
2540439	3515944	71
3075586	2376528	6
3515944	297275	74
1014210	3515944	71
1118226	2376528	6
780727	3515944	71
1664447	3515944	71
626113	3515944	71
3793794	3515944	71
4587466	2376528	6
918027	2376528	6
3725457	3515944	71
1122082	2376528	6
1334853	3515944	71
1427508	2376528	6
1226209	2376528	6
3210418	3515944	71
828450	3515944	71
4052661	2376528	6
3515944	3793794	74
2713546	3515944	71
2190494	3515944	71
2259459	3515944	71
2397280	3515944	71
835736	2376528	6
2320335	3515944	71
3640341	3515944	71
550822	3515944	71
3718197	3515944	71
1698425	2376528	6
3429126	3515944	71
2772543	2376528	6
380582	2376528	6
3058028	2376528	6
4506303	2376528	6
2900993	2376528	6
1851876	3515944	71
4513533	2376528	6
4426704	2376528	6
1604471	2376528	6
897416	2376528	6
1373690	3515944	71
1393270	2376528	6
3492384	3515944	71
4584329	2376528	6
3515944	3526520	74
330060	2376528	6
560423	2376528	6
1023486	2376528	6
262582	3515944	71
3765923	3515944	71
1894632	2376528	6
4134759	4279357	149
3132454	2376528	6
2435125	3515944	71
1547926	2376528	6
2355708	4262239	66
4261832	3515944	71
1752740	2376528	6
849090	3515944	71
1166604	2376528	6
2901666	2376528	6
2801239	3515944	71
384302	3515944	71
2534452	2376528	6
2929391	3515944	71
1965941	2376528	6
873667	2376528	6
786251	2376528	6
279938	3515944	71
2701846	2376528	6
4054099	2355708	735
2849090	2376528	6
3956762	3515944	71
1584840	3515944	71
2667427	3515944	71
1260696	3515944	71
1202333	2376528	6
2062030	2376528	6
279938	2376528	6
1594425	2376528	6
1567734	3515944	71
4203348	2376528	6
1336150	3515944	71
337546	3515944	71
1560111	3515944	71
274668	2376528	6
1591209	3515944	71
1804152	2376528	6
2481169	2376528	6
104117	2376528	6
3882	3515944	71
1578230	2376528	6
2985267	3515944	71
3047830	3515944	71
1220370	2376528	6
784454	3515944	71
2355708	4262239	142
4207887	3515944	71
910777	3515944	71
600058	3515944	71
3950528	2376528	6
2747393	3515944	71
626204	2376528	6
3464875	3050276	35
2376528	3556930	156
2103641	3515944	71
3132454	3515944	71
4079575	2376528	6
2816030	2376528	6
1867861	3515944	71
3515944	4116421	74
2523358	3515944	71
242435	3515944	71
454018	2376528	6
4565970	3515944	71
3114450	3515944	71
773775	3515944	71
1080854	3515944	71
1969061	3515944	71
1537784	2376528	6
1585735	2376528	6
2632967	3515944	71
2028529	2376528	6
3737791	2376528	6
3533003	2376528	6
4266489	2376528	6
4178068	3515944	71
362600	3515944	71
2107914	2376528	6
2025981	2376528	6
1180472	2376528	6
1197813	2376528	6
3586520	3515944	71
1071702	3515944	71
4030418	3515944	71
1118437	2376528	6
4446009	3515944	71
3994214	3515944	71
4289572	2376528	6
4113492	2376528	6
3970002	2376528	6
1909461	3515944	71
4359245	3515944	71
2270241	3515944	71
3920770	2376528	6
688844	2376528	6
86196	2376528	6
3916805	3515944	71
2455363	2376528	6
465944	3515944	71
3499528	2376528	6
3713289	3515944	71
1731838	3515944	71
4185051	3515944	71
2088266	3515944	71
2542331	2376528	6
1815093	2376528	6
1159771	3515944	71
3804668	3515944	71
3290639	3515944	71
2156104	2376528	6
2335938	2376528	6
3909430	3515944	71
728981	2376528	6
3515944	3559179	74
531636	3515944	71
1274460	3515944	71
1809141	3515944	71
3515944	380846	74
927450	3515944	71
1502873	3515944	71
2416636	3515944	71
520237	3515944	71
61946	3515944	71
366407	2376528	6
720195	3515944	71
1411687	3515944	71
2046491	3515944	71
2611140	3515944	71
731460	3515944	71
1197813	3515944	71
3371944	2376528	6
2371029	3515944	71
2134513	3515944	71
915923	2376528	6
2171674	3515944	71
1087444	3515944	71
1425525	3515944	71
4471381	2376528	6
94725	2376528	6
2884218	2376528	6
4411953	3515944	71
1986665	3515944	71
1911444	2376528	6
2579959	3515944	71
687391	3515944	71
3166446	2376528	6
244274	3515944	71
1271148	3515944	71
1194885	3515944	71
1258039	3515944	71
4080655	3515944	71
1862707	3515944	71
2576850	3515944	71
3281334	3515944	71
991013	2376528	6
1572134	3515944	71
4333054	3515944	71
940742	3515944	71
2000507	2376528	6
2162676	2376528	6
2930868	3515944	71
2766743	3515944	71
2929663	3515944	71
2344598	2198643	62
3515944	2536333	74
4227732	2376528	6
1894188	3515944	71
1573324	2376528	6
2456366	2376528	6
2076719	2376528	6
869002	2376528	6
1644096	2376528	6
2604195	3515944	71
3387664	3515944	71
4232425	2376528	6
4302140	2376528	6
1224045	3515944	71
467086	2376528	6
2865851	3515944	71
3353268	2376528	6
2121830	2376528	6
29386	3515944	71
3409756	3515944	71
4030327	3515944	71
2657391	2376528	6
4480023	2376528	6
467393	3515944	71
4083849	2376528	6
286437	3515944	71
2040623	3515944	71
3640127	3515944	71
4153405	3515944	71
4385557	3515944	71
800959	2376528	6
2941389	3515944	71
3749657	2376528	6
4093192	2376528	6
3465611	3515944	71
3348735	2376528	6
3162056	2376528	6
3260230	3515944	71
3017627	2376528	6
1495784	2376528	6
55517	3515944	71
67650	2376528	6
2946019	2376528	6
983653	2376528	6
2314478	2376528	6
40202	3515944	71
2878907	3515944	71
667143	3515944	71
2486331	3515944	71
1801521	3515944	71
1092006	2376528	6
2787059	2376528	6
3400419	2376528	6
1994035	3515944	71
417173	3515944	71
3037851	2376528	6
3684161	3515944	71
822128	3515944	71
2143831	2376528	6
4341582	2376528	6
64604	2376528	6
2481085	2376528	6
4257834	2376528	6
2864943	3515944	71
4593592	2376528	6
4479813	3515944	71
3492726	3515944	71
2674152	2376528	6
1007628	2376528	6
1216822	3515944	71
1410854	3515944	71
1937538	3515944	71
1599749	2376528	6
1291341	3515944	71
3575737	1558441	260
2472433	2376528	6
1887313	3515944	71
157875	3515944	71
1424053	2376528	6
3774668	2376528	6
2383282	3515944	71
1221146	2376528	6
1515076	2376528	6
2739755	2376528	6
253691	2376528	6
4631041	3515944	71
1285860	3515944	71
4321154	3515944	71
3772952	2376528	6
1554159	2376528	6
2001580	3515944	71
4594904	3515944	71
668058	2376528	6
815951	2376528	6
3533102	3515944	71
2198643	1222908	195
1452562	3515944	71
3599039	3515944	71
4528962	3515944	71
292740	3515944	71
1687136	3515944	71
1092381	2376528	6
1380126	3515944	71
3879480	2376528	6
2450210	2376528	6
1500965	3515944	71
962624	2376528	6
661803	2376528	6
2433437	3515944	71
4001686	2376528	6
671021	2376528	6
594069	3515944	71
2327580	2376528	6
2931209	2376528	6
2806929	2376528	6
4451117	3515944	71
1001846	2376528	6
800490	2376528	6
135028	2376528	6
3583249	3515944	71
4203210	2376528	6
3622138	2376528	6
15767	2376528	6
4097587	2376528	6
1943113	2376528	6
3927361	2376528	6
581836	2376528	6
1987699	2376528	6
1984405	3515944	71
1868410	2376528	6
3515944	957704	74
1211406	3515944	71
3157064	2376528	6
1440792	3515944	71
3787624	2376528	6
1305366	3515944	71
1900637	2376528	6
3296502	2376528	6
130150	3515944	71
801476	3515944	71
4266299	3515944	71
1448562	3515944	71
1579914	2376528	6
4174033	3515944	71
964969	2376528	6
2969054	2724556	191
1549524	2376528	6
2854305	2376528	6
1768201	3515944	71
1058274	3515944	71
3452391	2376528	6
2092522	3515944	71
3706682	3515944	71
4441421	3515944	71
2006670	2376528	6
4015117	3515944	71
3610885	3515944	71
4505308	2376528	6
1274460	2376528	6
3165236	3515944	71
735371	3515944	71
242435	2376528	6
871204	2376528	6
3227867	2376528	6
1452562	2376528	6
4113492	3515944	71
4607697	2376528	6
345144	3515944	71
1611599	2376528	6
2767588	2376528	6
627718	3515944	71
1345211	2376528	6
2074046	3515944	71
203355	3515944	71
3382855	2376528	6
1871378	2376528	6
2852472	2376528	6
1846062	3515944	71
3943607	3515944	71
832808	2376528	6
1188090	3515944	71
1839596	3515944	71
4258017	3515944	71
888251	2376528	6
1802796	2376528	6
1541407	3515944	71
1604229	3515944	71
2456324	3515944	71
626204	3515944	71
2919965	3515944	71
1125598	3515944	71
4232369	3515944	71
859972	3515944	71
3948295	3515944	71
3521277	3515944	71
1363319	3515944	71
5584	2376528	6
4651864	3515944	71
4361425	2376528	6
4614822	3515944	71
1108718	2376528	6
1944361	3515944	71
2805635	2376528	6
1710746	3515944	71
3925037	2376528	6
2841992	2376528	6
4279357	4134759	276
1699926	817319	1347
1732660	3515944	71
2978166	3515944	71
593920	3515944	71
4476452	2376528	6
2093550	2376528	6
3183265	3515944	71
3587267	3515944	71
3515944	4082924	74
4353268	2376528	6
1908400	3515944	71
2566919	2376528	6
2944455	3515944	71
2555956	2376528	6
1699926	4120083	262
4645857	2376528	6
3078448	2376528	6
2029882	3515944	71
3464875	2724556	2
3397453	2376528	6
1111516	3515944	71
2366338	2376528	6
1436296	3515944	71
2868107	3515944	71
4159815	2376528	6
1055136	3515944	71
3277560	3515944	71
1364233	3515944	71
1885235	3515944	71
3734723	2376528	6
4399135	2376528	6
103838	2376528	6
828602	2376528	6
4273724	3515944	71
481172	3515944	71
1168727	3515944	71
1418486	2376528	6
4170244	2376528	6
4561593	3515944	71
3635714	3515944	71
1361183	3515944	71
3663167	3515944	71
1192670	2376528	6
1345820	2376528	6
3404236	3515944	71
4127370	3515944	71
2823830	3515944	71
1326641	3515944	71
3317457	3515944	71
1430919	3515944	71
1007712	2376528	6
4417852	2376528	6
4178220	3515944	71
1811742	2376528	6
101369	2376528	6
1079806	3515944	71
597649	2376528	6
3882873	2376528	6
1581606	3515944	71
1657620	3515944	71
174175	3515944	71
1641681	3515944	71
3244796	2376528	6
3989964	3515944	71
3799569	2376528	6
3409756	2376528	6
830415	2376528	6
469164	2376528	6
2888029	2376528	6
1239608	3515944	71
3356345	2376528	6
3955411	2376528	6
2923731	2376528	6
366194	2376528	6
2397280	2376528	6
1644940	3515944	71
4301722	3515944	71
1067493	3515944	71
3520628	3515944	71
735371	2376528	6
1525070	3515944	71
3515944	1773086	74
4590689	2376528	6
3955773	2376528	6
1998172	3515944	71
1002618	3515944	71
2078208	2376528	6
2923257	2376528	6
3341735	2376528	6
289076	2376528	6
1023142	2376528	6
3834076	3515944	71
1718363	2376528	6
1461684	3515944	71
2925077	2376528	6
314429	3515944	71
1927362	3515944	71
644357	2376528	6
2102252	2376528	6
4605348	2376528	6
3765673	2376528	6
3231603	3515944	71
3961781	2376528	6
4174300	2376528	6
1023761	3515944	71
2067177	3515944	71
171326	2376528	6
1087183	3515944	71
4450364	2376528	6
2012956	2376528	6
1027716	3515944	71
3531654	2376528	6
529956	3515944	71
1031983	3515944	71
2585357	3515944	71
560423	3515944	71
588975	3515944	71
289076	3515944	71
2032557	2376528	6
3045535	3515944	71
881085	2376528	6
4351452	2376528	6
3387081	2376528	6
1685312	2376528	6
1511032	3515944	71
2013587	2376528	6
1553901	2376528	6
3879986	3515944	71
3515944	2383282	74
1149378	3515944	71
698344	3515944	71
3494189	2376528	6
2500656	4279357	735
1818395	2376528	6
1558707	2376528	6
3515944	3864610	74
4242155	2376528	6
3430166	3515944	71
2191444	3515944	71
3851150	2376528	6
1482206	3515944	71
242373	3515944	71
1109584	2376528	6
103941	4279357	161
2615394	2376528	6
2159150	2376528	6
4354130	2376528	6
486569	3515944	71
3863941	2376528	6
1525321	2376528	6
4279357	3076147	155
3515944	4061082	74
1059042	3515944	71
3515944	3517259	74
1087183	2376528	6
1571367	2376528	6
197687	3515944	71
3367885	3515944	71
1537784	3515944	71
197687	2376528	6
4489757	2376528	6
3967470	3515944	71
1949498	2376528	6
556295	2376528	6
1965412	2376528	6
102747	3515944	71
1396777	3515944	71
3080183	3515944	71
818511	2376528	6
1477243	2376528	6
1332320	3515944	71
74577	3515944	71
2645141	3515944	71
2286109	3515944	71
1708042	3515944	71
1287143	2376528	6
1572104	3515944	71
3884176	2376528	6
3389426	3515944	71
488518	2376528	6
3640127	2376528	6
2536333	2198643	145
778602	3515944	71
3585876	3515944	71
2233975	3515944	71
3528202	2376528	6
667143	2376528	6
3629757	2376528	6
2046491	2376528	6
2337509	2376528	6
495334	3515944	71
799081	2376528	6
2812852	3515944	71
2659014	3515944	71
2970023	3515944	71
1500965	2376528	6
1604471	3515944	71
2321234	2376528	6
1800604	3515944	71
2763370	3515944	71
1391781	2376528	6
1016496	3515944	71
764162	2376528	6
3428241	3515944	71
1181696	2376528	6
3182123	3515944	71
1110571	2376528	6
4384401	2376528	6
980019	3515944	71
4531644	3515944	71
778602	2376528	6
1144249	3515944	71
3492949	2376528	6
1852020	2376528	6
3618592	2376528	6
1139148	2376528	6
996936	3515944	71
577307	2376528	6
573483	2376528	6
4106602	2376528	6
533063	3515944	71
2781453	2376528	6
3543515	3515944	71
1228277	3515944	71
1215000	2376528	6
3593018	2376528	6
1139148	3515944	71
3515944	3874069	74
2841992	3515944	71
4333054	2355708	193
3532092	3515944	71
1319143	2376528	6
1649620	2376528	6
4531023	3515944	71
4651938	3515944	71
513974	3515944	71
1350956	2376528	6
4367685	3515944	71
4077818	2376528	6
2276829	3515944	71
4169672	2376528	6
1313772	3515944	71
2062654	3515944	71
1573736	3515944	71
1541412	2376528	6
1708042	2376528	6
930409	2376528	6
3011005	2376528	6
48917	3515944	71
4297551	2376528	6
4361231	3515944	71
731648	2376528	6
1947663	2376528	6
265668	3515944	71
320949	3515944	71
620830	2376528	6
3550935	2376528	6
4152695	3515944	71
3461230	3515944	71
4337587	3515944	71
2175735	3515944	71
3830159	2376528	6
3289869	2376528	6
2969054	3050276	47
2166646	3515944	71
2283563	3515944	71
177278	2376528	6
3272982	3515944	71
4383347	3515944	71
3722170	3515944	71
4330786	3515944	71
3515944	4630762	74
1486407	3515944	71
3183396	2376528	6
1336709	2376528	6
1603534	3515944	71
1584840	2376528	6
3239330	4120083	262
4506671	2376528	6
3369565	2376528	6
1167017	2376528	6
1160955	2376528	6
1987155	2376528	6
3845266	2376528	6
3596577	2376528	6
633361	2376528	6
207540	3515944	71
539792	2376528	6
3705792	3515944	71
3460089	2376528	6
1594091	2376528	6
176024	3515944	71
3318908	3515944	71
1525070	2376528	6
21749	2376528	6
2142700	2376528	6
1581768	2376528	6
2075085	2376528	6
2027078	2376528	6
90885	3515944	71
178503	2376528	6
2020142	2376528	6
4276536	3515944	71
4220821	3515944	71
1832900	3515944	71
4387665	3515944	71
2987496	2376528	6
103941	3515944	71
2292459	2376528	6
3083664	2376528	6
648279	3515944	71
3359189	2376528	6
1646520	2376528	6
3829559	2376528	6
3515944	2376936	74
3196938	2376528	6
1513791	2376528	6
1345142	2376528	6
3708579	3515944	71
4557859	3515944	71
2403103	3515944	71
3317820	2376528	6
2006870	3515944	71
2680175	2376528	6
3926178	2376528	6
2885780	3515944	71
3061093	3515944	71
2869326	3515944	71
1537478	3515944	71
922179	3515944	71
1377462	2376528	6
4435538	2376528	6
1826443	2376528	6
851855	3515944	71
1435483	2376528	6
43710	2376528	6
1293683	2376528	6
3822696	2376528	6
2743993	3515944	71
3444729	2376528	6
1188090	2376528	6
3515944	2017762	74
3139537	3515944	71
871416	3515944	71
2468640	2376528	6
1798877	3515944	71
1236758	2376528	6
3042653	3515944	71
1789636	2376528	6
3633469	2376528	6
1157765	3515944	71
3782897	3515944	71
2765260	2376528	6
3974160	3515944	71
1603928	2376528	6
102747	2376528	6
3480075	3515944	71
3515944	2286638	74
3585876	2376528	6
2316749	3515944	71
1842386	3515944	71
4150359	2376528	6
4518486	3515944	71
2222076	3515944	71
3056773	3515944	71
2317442	2376528	6
3151376	2376528	6
2553247	3515944	71
4567474	3515944	71
495196	2376528	6
2098648	2376528	6
55411	2376528	6
446127	2376528	6
3656461	2376528	6
4479813	2376528	6
1732841	3515944	71
1865116	2376528	6
550020	3515944	71
1094519	2376528	6
2576070	3515944	71
3515944	3314207	74
4182476	3515944	71
2768039	2376528	6
1837991	2376528	6
3326534	3515944	71
2267146	2376528	6
56765	2376528	6
94896	3515944	71
617750	2376528	6
4471381	3515944	71
887120	2376528	6
2047596	3515944	71
2475222	3515944	71
4247090	3515944	71
186592	2376528	6
4178068	2376528	6
978813	3515944	71
2685227	2376528	6
3397453	3515944	71
2643750	2376528	6
101882	2376528	6
858157	3515944	71
960166	2376528	6
3474025	2376528	6
2796601	3515944	71
373728	2376528	6
3212497	3515944	71
4296292	2376528	6
1767666	2376528	6
2200811	3515944	71
668156	3515944	71
773612	2376528	6
102426	3515944	71
812091	3515944	71
3151376	3515944	71
3376806	3515944	71
4127838	3515944	71
4059848	2376528	6
4319496	3515944	71
4464449	2376528	6
990628	3515944	71
2022281	3515944	71
783071	3515944	71
1911397	3515944	71
3787448	2376528	6
3359189	3515944	71
4278803	2376528	6
4453225	3515944	71
3430137	3515944	71
4409246	3515944	71
3411846	3515944	71
3515944	1375771	74
3408754	2376528	6
2320335	2376528	6
4239964	3515944	71
1935123	3515944	71
2284469	2376528	6
536191	3515944	71
1614810	2376528	6
2851060	2376528	6
543102	3515944	71
4203210	3515944	71
3768398	3515944	71
2752753	2376528	6
655155	3515944	71
641711	2376528	6
872943	2376528	6
1751136	3515944	71
4601304	3515944	71
2577325	2376528	6
1471309	3515944	71
3570459	3515944	71
4574886	3515944	71
1987979	3515944	71
2571075	2376528	6
1055842	3515944	71
74577	2376528	6
3868001	2376528	6
2515475	2376528	6
3428825	2376528	6
287410	3515944	71
947369	3515944	71
685666	2376528	6
1350956	4476729	196
1946508	3515944	71
2102068	2376528	6
1845443	2376528	6
3042886	2376528	6
3610254	2376528	6
1518715	2376528	6
4284383	3515944	71
2593120	3515944	71
4223983	2376528	6
1704483	2376528	6
136353	2376528	6
2186429	3515944	71
2026220	2376528	6
616028	3515944	71
2953584	2376528	6
2773991	2376528	6
990720	2376528	6
2419362	2376528	6
3468642	3515944	71
175543	3515944	71
2815224	2376528	6
1598361	2376528	6
960166	3515944	71
966205	3515944	71
1872696	2376528	6
62834	3515944	71
4164535	2376528	6
3343283	3515944	71
3324639	3515944	71
2449878	3515944	71
1094519	3515944	71
3728006	3515944	71
3967619	3515944	71
2768518	2376528	6
3766613	3515944	71
1373690	2376528	6
2802313	2376528	6
1898049	2376528	6
2810132	2376528	6
1305366	2376528	6
3515944	1538929	74
11645	3515944	71
3527057	2376528	6
1436296	2376528	6
3995609	3515944	71
881741	2376528	6
3439228	3515944	71
851925	2376528	6
4056555	2376528	6
4579018	2376528	6
3286086	2376528	6
2237361	3515944	71
3784714	3515944	71
1055078	3515944	71
3991523	3515944	71
723351	3515944	71
4637226	2376528	6
1142421	3515944	71
4023892	2376528	6
36691	2376528	6
4519726	2376528	6
4580932	2376528	6
2283231	2376528	6
3000067	2376528	6
4080247	2376528	6
3967619	2376528	6
1669250	3515944	71
1651001	3515944	71
891549	2376528	6
4369463	3515944	71
2706188	2376528	6
828450	2376528	6
3991523	2376528	6
1258039	2376528	6
126225	3515944	71
2869976	3515944	71
2735775	2376528	6
536894	2376528	6
4348695	3515944	71
159905	2376528	6
4220457	3515944	71
2410323	3515944	71
4347523	3515944	71
2083904	2376528	6
1393420	3515944	71
3209277	2376528	6
204445	2376528	6
2088581	3515944	71
409942	3515944	71
4538697	3515944	71
90908	3515944	71
3394696	3515944	71
1743020	3515944	71
769093	2376528	6
3805134	2376528	6
2850999	3515944	71
4255058	2376528	6
2213234	3515944	71
3830513	2376528	6
3885363	2376528	6
2555956	3515944	71
964932	2376528	6
1604229	2376528	6
2806971	2376528	6
3149235	3515944	71
2423676	2376528	6
2643027	2376528	6
3638810	2376528	6
1904294	2376528	6
4630071	3515944	71
2097796	2376528	6
4654332	2376528	6
2154190	2376528	6
3492715	3515944	71
3530470	2376528	6
826157	3515944	71
3814959	2376528	6
3332771	3515944	71
1010230	3515944	71
1451427	3515944	71
1691311	3515944	71
3085395	2376528	6
2066656	2376528	6
4475745	2376528	6
4047095	3515944	71
444354	3515944	71
4111678	2376528	6
195458	3515944	71
4369732	3515944	71
3500347	3515944	71
3153218	3515944	71
2533344	2376528	6
1350294	3515944	71
2202018	2376528	6
3914406	2376528	6
4364972	3515944	71
4206111	3515944	71
271687	2376528	6
2805845	2376528	6
2112022	3515944	71
76567	2376528	6
1969518	2376528	6
1444010	3515944	71
1144977	2376528	6
3500347	2376528	6
1890836	3515944	71
1750716	2376528	6
792495	3515944	71
3975144	3515944	71
1447738	3515944	71
62951	2376528	6
2314897	3515944	71
253709	2376528	6
2409544	2376528	6
2283231	3515944	71
204445	3515944	71
1996042	3515944	71
294521	3515944	71
3031417	2376528	6
1592235	3515944	71
2838107	2376528	6
3865614	3515944	71
4611080	3515944	71
3029660	3515944	71
2845871	3515944	71
3429179	3515944	71
489626	3515944	71
1937918	2376528	6
1409819	3515944	71
292197	3515944	71
2053385	3515944	71
1146248	3515944	71
4056559	2376528	6
806264	2376528	6
2775760	3515944	71
3181285	3515944	71
4064150	2376528	6
1269501	3515944	71
3716398	3515944	71
3403249	2376528	6
2003567	2376528	6
1496185	2376528	6
3706220	2376528	6
3140458	3515944	71
3681121	2376528	6
3489835	2376528	6
3964947	2376528	6
2154190	3515944	71
263234	2376528	6
4349531	2376528	6
2784969	2376528	6
1437813	3515944	71
3515944	2326074	74
3806057	3515944	71
1940505	3515944	71
4152695	2376528	6
4035557	3515944	71
1282730	2376528	6
169596	3515944	71
2724556	1968919	190
2923393	3515944	71
614186	2376528	6
50984	3515944	71
4567474	2376528	6
3413862	2376528	6
3343146	3515944	71
1432821	3515944	71
4247090	2376528	6
1327969	2376528	6
3609059	2376528	6
4207008	2376528	6
4281405	2376528	6
4544807	3515944	71
3748531	3515944	71
1400087	3515944	71
1871884	3515944	71
2628679	2376528	6
1137355	3515944	71
1383997	2376528	6
10386	3515944	71
3318719	3515944	71
3865614	2376528	6
274668	4476729	145
2788846	2376528	6
2581915	3515944	71
1698349	3515944	71
2238455	2376528	6
3515944	2941703	74
588239	2376528	6
2903731	2376528	6
2308337	3515944	71
3553856	3515944	71
1580191	2376528	6
163586	3515944	71
4576964	3515944	71
3029497	2376528	6
302646	2376528	6
1410174	3515944	71
1462896	3515944	71
4654284	3515944	71
4208960	2376528	6
4533892	2376528	6
935706	3515944	71
2979089	3515944	71
2355708	4262239	545
1744303	3515944	71
458071	2376528	6
1327907	2376528	6
2853871	3515944	71
2202018	3515944	71
3058033	2376528	6
548160	2376528	6
3622138	3515944	71
2705689	3515944	71
4503985	2376528	6
3748163	3515944	71
1621123	3515944	71
4410164	3515944	71
4310470	3515944	71
3515944	3515394	74
2969738	3515944	71
3757004	3515944	71
2320196	2376528	6
3377637	3515944	71
1567734	2376528	6
2838626	2376528	6
2312567	2376528	6
1002839	2376528	6
710026	3515944	71
1969117	2376528	6
3515944	2979471	74
3621000	2376528	6
2114544	3515944	71
2884724	2376528	6
2954067	3515944	71
251069	2376528	6
3411846	2376528	6
159741	3515944	71
3857037	2376528	6
3168034	3515944	71
4001504	2376528	6
3911723	3515944	71
4202416	2376528	6
2310125	3515944	71
1289032	2376528	6
1854239	2376528	6
3991664	3515944	71
1418486	3515944	71
1163762	2376528	6
4347523	2376528	6
296954	3515944	71
2131849	2376528	6
3474025	3515944	71
254785	3515944	71
1934151	3515944	71
3538438	3515944	71
2791619	3515944	71
4513051	2376528	6
810706	3515944	71
3064860	2376528	6
773612	3515944	71
215117	3515944	71
1618332	3515944	71
3879509	3515944	71
587607	3515944	71
1034822	3515944	71
1175520	2376528	6
3512934	3515944	71
1495865	3515944	71
4169166	2376528	6
3068581	3515944	71
1001769	3515944	71
4389131	3515944	71
696331	2376528	6
520237	2376528	6
1855588	3515944	71
3133550	2376528	6
4262239	2355708	418
1883707	2376528	6
4459628	3515944	71
3239330	4120083	997
2505106	3515944	71
2709464	3515944	71
101193	3515944	71
4646564	2376528	6
4353303	3515944	71
2622162	2376528	6
4503126	3515944	71
4299526	2376528	6
2234446	2376528	6
3091436	2376528	6
2941648	3515944	71
1904294	3515944	71
1861724	3515944	71
967015	3515944	71
3975735	2376528	6
2450210	3515944	71
3511655	2376528	6
1001518	2376528	6
4513051	3515944	71
4648027	2376528	6
1540571	3515944	71
3977050	3515944	71
1092006	3515944	71
3420593	3515944	71
3607428	2376528	6
3459511	3515944	71
764783	2376528	6
3428241	2376528	6
1825715	3515944	71
305512	3515944	71
4415443	2376528	6
4043969	2376528	6
2202422	2376528	6
198558	3515944	71
4111678	3515944	71
3173240	3050276	35
133944	3515944	71
1716207	2376528	6
1277489	2376528	6
4088806	2376528	6
3267712	3515944	71
2429441	2376528	6
3163758	3515944	71
1149378	2376528	6
1031046	2376528	6
1312610	2376528	6
3715618	2376528	6
138813	3515944	71
1021532	3515944	71
4578022	3515944	71
4476729	2724556	191
2222076	2376528	6
1129009	3515944	71
2599442	2376528	6
1168727	2376528	6
2287052	2376528	6
4464942	3515944	71
4095010	3515944	71
497261	3515944	71
902970	2376528	6
159741	2376528	6
653080	2376528	6
1965840	2376528	6
1603928	3515944	71
109678	2376528	6
1509897	2376528	6
4328495	3515944	71
3577669	3515944	71
202535	2376528	6
2357480	2376528	6
1224118	3515944	71
4584499	2376528	6
2834348	2376528	6
4443131	3515944	71
2637545	3515944	71
2661121	2376528	6
1297548	3515944	71
3750962	2376528	6
2638710	2376528	6
2860140	3515944	71
3524978	2376528	6
3429126	2376528	6
3349667	2376528	6
1031046	3515944	71
574269	3515944	71
2608785	2376528	6
2369873	3515944	71
454018	3515944	71
1131189	2376528	6
232008	2376528	6
238103	2376528	6
2481169	3515944	71
696202	2376528	6
2636034	2376528	6
2619122	3515944	71
1999856	2376528	6
2725489	3515944	71
721637	3515944	71
1210403	2376528	6
2095644	3515944	71
152963	2376528	6
4481875	3515944	71
3120646	3515944	71
3674936	3515944	71
704449	3515944	71
1557987	3515944	71
1376202	3515944	71
203355	2376528	6
2357480	3515944	71
879862	3515944	71
4351662	2376528	6
3371692	3515944	71
3515944	2758843	74
3787554	2376528	6
3702641	3515944	71
2848740	3515944	71
1468195	3515944	71
320534	2376528	6
3550935	3515944	71
3515944	2257763	74
2203882	3515944	71
2490568	3515944	71
2705689	2376528	6
1813540	3515944	71
1735174	2376528	6
3140458	2376528	6
3663928	3515944	71
2946481	3515944	71
2831375	3515944	71
550020	2376528	6
3083664	3515944	71
2086969	3515944	71
1977508	3515944	71
3433522	3515944	71
1905859	2376528	6
358949	3515944	71
927528	3515944	71
2293587	2376528	6
3407366	3515944	71
2806971	3515944	71
1617570	3515944	71
1191601	2376528	6
1304650	2376528	6
2086079	2376528	6
1757008	3515944	71
1632643	2376528	6
4605741	3515944	71
1304650	3515944	71
1006311	2376528	6
4410164	2376528	6
4304408	2376528	6
3369112	2376528	6
653080	3515944	71
4279357	56388	135
4505308	3515944	71
2153708	2376528	6
4474308	2376528	6
1999582	2376528	6
788358	3515944	71
2611115	2376528	6
417476	2376528	6
1423551	3515944	71
1923909	3515944	71
1105008	2376528	6
443970	3515944	71
4486910	2376528	6
3272982	2376528	6
1620457	2376528	6
4036650	2376528	6
1807234	3515944	71
26022	2376528	6
4408865	2376528	6
1301014	3515944	71
4182300	3515944	71
2787498	3515944	71
2938769	2376528	6
2435048	2376528	6
4487832	3515944	71
2569253	3515944	71
3434392	3515944	71
2062030	3515944	71
3183864	3515944	71
3065519	3515944	71
3627180	3515944	71
3346468	2376528	6
2925077	3515944	71
3604793	2376528	6
4365683	3515944	71
3148872	2376528	6
1940107	2376528	6
1098737	3515944	71
4115039	2376528	6
954583	3515944	71
3703427	3515944	71
1876802	2376528	6
175543	2376528	6
4515533	2376528	6
3391847	2376528	6
1882033	3515944	71
2734254	3515944	71
2648410	3515944	71
3964075	3515944	71
3515944	4248403	74
2970023	2376528	6
2553792	2376528	6
1489099	2376528	6
3515944	4118779	74
320044	2376528	6
1711156	3515944	71
625232	2376528	6
1772625	3515944	71
4369463	2376528	6
541259	2376528	6
1318004	3515944	71
2057761	2376528	6
2411633	3515944	71
341952	2376528	6
3273054	2376528	6
3800240	3515944	71
3505744	3515944	71
2290250	3515944	71
2014792	3515944	71
4502073	2376528	6
224407	3515944	71
2033889	3515944	71
1652828	3515944	71
2450268	3515944	71
2191486	3515944	71
1098834	3515944	71
3328643	3515944	71
3200838	2376528	6
2208983	2376528	6
180223	3515944	71
1749481	2376528	6
3907683	2376528	6
305913	3515944	71
4643070	2376528	6
2767023	3515944	71
2306235	3515944	71
137066	2376528	6
2036108	3515944	71
4336600	2376528	6
1310659	2376528	6
1617869	3515944	71
79143	3515944	71
4598742	3515944	71
297894	3515944	71
3720995	2376528	6
1880765	3515944	71
4117284	3515944	71
3165291	3515944	71
1587367	3515944	71
496009	2376528	6
2274877	2376528	6
790306	3515944	71
987501	2376528	6
226627	2376528	6
608566	3515944	71
1656980	2376528	6
294521	2376528	6
781063	3515944	71
296534	2376528	6
167756	2376528	6
924193	2376528	6
4497308	2376528	6
1730987	2376528	6
3494189	3515944	71
4029426	3515944	71
1224471	3515944	71
564006	2376528	6
4486910	3515944	71
1888080	3515944	71
3612388	3515944	71
2347818	2376528	6
275167	2376528	6
614434	3515944	71
4327765	3515944	71
4349531	3515944	71
1328265	3515944	71
3857037	3515944	71
2475222	2376528	6
4242897	2376528	6
36691	3515944	71
3461738	2376528	6
4499759	2376528	6
969493	3515944	71
2657404	2376528	6
1709885	2376528	6
2693343	3515944	71
2939541	3515944	71
2025449	2376528	6
1872951	2376528	6
65169	3515944	71
2447634	3515944	71
1402399	2376528	6
3964596	2376528	6
639355	2376528	6
2878907	2376528	6
3956762	2376528	6
1699926	2572065	1327
3668477	2376528	6
653690	3515944	71
2684656	3515944	71
2808822	2376528	6
951932	2376528	6
151776	3515944	71
2150228	2376528	6
1888305	2376528	6
2062654	2376528	6
4321154	2376528	6
4043969	3515944	71
4374569	3515944	71
1976165	3515944	71
179846	3515944	71
2884724	3515944	71
445709	3515944	71
1651001	2376528	6
2492957	2376528	6
1953631	3515944	71
2315017	3515944	71
4651938	2376528	6
2429441	3515944	71
2287067	3515944	71
3674936	2376528	6
4072390	3515944	71
4353635	3515944	71
2943997	2376528	6
2095276	2376528	6
84093	3515944	71
3057370	2376528	6
3133550	3515944	71
1659147	2376528	6
3391554	3515944	71
737127	3515944	71
4092683	3515944	71
4651864	2376528	6
2943535	3515944	71
2514474	2376528	6
3314805	3515944	71
4612803	3515944	71
2536333	3515944	71
4393797	3515944	71
4497190	2376528	6
2757978	2376528	6
2122095	2376528	6
2019568	3515944	71
325481	3515944	71
1448562	2376528	6
1192463	3515944	71
1549481	3515944	71
4426704	3515944	71
3961727	2376528	6
2730209	2376528	6
455820	3515944	71
1166469	2355708	149
4502073	3515944	71
2206134	2376528	6
1398356	3515944	71
651804	3515944	71
35835	2376528	6
329360	2376528	6
1368716	3515944	71
622485	3515944	71
384363	2376528	6
593920	2376528	6
1149883	3515944	71
1738002	3515944	71
1514241	2376528	6
1987155	3515944	71
3803410	3515944	71
2724556	3615191	192
1287143	3515944	71
4133080	3515944	71
4334422	2376528	6
2227810	3515944	71
3878415	3515944	71
1004877	3515944	71
3155345	3515944	71
1674516	2376528	6
3091436	3515944	71
3286086	3515944	71
3541057	3515944	71
1888874	3515944	71
2581915	2376528	6
78098	3515944	71
4587466	3515944	71
1892108	2376528	6
844683	3515944	71
1880853	3515944	71
3091470	2376528	6
2919965	2376528	6
1337618	2376528	6
2535704	2376528	6
3881637	3515944	71
2032120	3515944	71
1457161	2376528	6
3515944	3964641	74
66620	3515944	71
2207733	3515944	71
4078312	2376528	6
4628697	3515944	71
1610974	2376528	6
245323	3515944	71
4323052	3515944	71
3079994	3515944	71
2639260	3515944	71
1285860	2376528	6
3890674	2376528	6
4464449	3515944	71
179188	2376528	6
1942102	2376528	6
3820540	3515944	71
3959557	3515944	71
3515944	3198874	74
454060	2376528	6
2350598	3515944	71
3354374	3515944	71
771509	2376528	6
380846	2376528	6
3093288	2376528	6
965370	3515944	71
7204	2376528	6
1148766	2376528	6
3320794	3515944	71
3045535	2376528	6
893475	3515944	71
1458805	2376528	6
2794435	3515944	71
2650853	3515944	71
2802250	2376528	6
2376976	3515944	71
3604344	3515944	71
4298717	3515944	71
321120	2376528	6
1337618	3515944	71
1202520	2376528	6
413695	3515944	71
3093288	3515944	71
3718896	2376528	6
2766695	3515944	71
2511937	3515944	71
3022323	3515944	71
3499382	2376528	6
3515944	254156	74
187059	2376528	6
885058	3515944	71
4574504	3515944	71
2348885	3515944	71
4099524	3515944	71
3737791	3515944	71
3916805	2376528	6
507880	3515944	71
4368485	2376528	6
3153218	2376528	6
2586116	3515944	71
2541067	2376528	6
4257952	3515944	71
552685	2376528	6
1765477	2376528	6
3893695	2376528	6
3912208	2376528	6
2446310	2376528	6
3075586	3515944	71
3015181	3515944	71
2494407	2376528	6
4054627	2376528	6
253324	3515944	71
1756460	3515944	71
3164599	3515944	71
10386	2376528	6
4302526	2376528	6
375101	2376528	6
4569546	3515944	71
627470	2376528	6
3515944	2642122	74
4335074	2376528	6
3631315	2376528	6
421663	3515944	71
2620706	3515944	71
409300	2376528	6
265668	2376528	6
2279789	3515944	71
4411259	3515944	71
2987790	2376528	6
1215000	3515944	71
2108412	3515944	71
185621	2376528	6
3970094	3515944	71
145916	3515944	71
1947431	2376528	6
4287113	3515944	71
2689330	3515944	71
4385045	3515944	71
918044	2376528	6
1983577	3515944	71
2020142	3515944	71
1340278	3515944	71
1567352	3515944	71
4630762	3515944	71
127847	3515944	71
1769240	2376528	6
1872725	2376528	6
992135	2376528	6
1867744	2376528	6
221570	3515944	71
1733222	2376528	6
810809	3515944	71
2588712	3515944	71
3639235	3515944	71
1423724	2376528	6
3437034	2376528	6
2919820	3515944	71
2915178	2376528	6
1824662	2355708	196
3575737	3227347	170
3964947	3515944	71
3515944	589177	74
4035725	3515944	71
442538	3515944	71
2064593	2376528	6
1745532	2376528	6
17971	3515944	71
2643027	3515944	71
3792170	2376528	6
902898	3515944	71
649447	3515944	71
1645194	3515944	71
2198643	3050276	35
2766195	2376528	6
2781622	2376528	6
1947663	3515944	71
3244346	3515944	71
2122095	3515944	71
2752753	3515944	71
2753700	3515944	71
3538438	2376528	6
21169	3515944	71
1699926	2376528	215
3541368	2376528	6
2205693	3515944	71
2294412	3515944	71
186592	3515944	71
3978888	3515944	71
1550526	3515944	71
1537478	2376528	6
4069308	3515944	71
3551859	2376528	6
754236	2376528	6
1244108	3515944	71
1525140	2376528	6
1990058	2376528	6
4456952	2376528	6
4084879	3515944	71
3515944	4371674	74
1517792	2376528	6
2900057	3515944	71
6410	2376528	6
886364	2376528	6
1177278	3515944	71
2001902	2376528	6
3906514	2376528	6
127847	2376528	6
2518322	2376528	6
271188	3515944	71
826031	2376528	6
3020210	2376528	6
1923735	3515944	71
3685572	3515944	71
2492004	2376528	6
1394080	3515944	71
2582382	3515944	71
3830389	3515944	71
1678779	3515944	71
1131189	3515944	71
1969518	3515944	71
3750962	3515944	71
3355908	2376528	6
2701846	3515944	71
363620	3515944	71
2355303	2376528	6
3183265	2376528	6
3299937	3515944	71
3211514	2376528	6
2120174	3515944	71
868446	3515944	71
942982	2376528	6
2805752	2376528	6
1878287	2376528	6
672815	3515944	71
3468642	2376528	6
3559179	3515944	71
3013165	2376528	6
2865390	2376528	6
3118948	2376528	6
910777	2376528	6
2085753	2376528	6
3056773	2376528	6
4182933	3515944	71
518472	2376528	6
2719970	2376528	6
4298446	3515944	71
924193	3515944	71
4393797	2376528	6
46007	3515944	71
2760555	3515944	71
2768530	3515944	71
3629757	3515944	71
4354130	3515944	71
1550639	3515944	71
2543965	2376528	6
3966440	3515944	71
2410323	2376528	6
1558441	3575737	333
2762590	2376528	6
1774542	2376528	6
1348851	2376528	6
185621	3515944	71
3548030	2376528	6
2726079	3515944	71
548669	2376528	6
3787448	3515944	71
818511	3515944	71
2842947	3515944	71
2284903	3515944	71
4117284	2376528	6
2459127	3515944	71
3886932	2376528	6
4441421	2376528	6
1200883	2376528	6
2761473	2376528	6
103838	3515944	71
3407981	3515944	71
2262546	2376528	6
1469879	2376528	6
593973	2376528	6
3680879	2376528	6
3515944	2205693	74
62008	3515944	71
3407165	2376528	6
2001902	3515944	71
380846	3515944	71
229922	3515944	71
536317	3515944	71
4118337	3515944	71
3993988	3515944	71
4223852	3515944	71
950452	3515944	71
1557987	2376528	6
2672129	2376528	6
2903468	3515944	71
3515944	2085351	74
3113727	2376528	6
3793762	3515944	71
3351690	3515944	71
3835929	2376528	6
3367885	2376528	6
3645680	3515944	71
4495864	3515944	71
3461738	3515944	71
3779106	2376528	6
784454	2376528	6
542706	2376528	6
2045929	3515944	71
95469	3515944	71
918990	3515944	71
3684930	2376528	6
254062	2376528	6
2794435	2376528	6
1416575	2376528	6
2848792	3515944	71
1158444	2376528	6
4210455	2376528	6
2184087	3515944	71
780869	3515944	71
3353268	3515944	71
81016	3515944	71
648216	3515944	71
873667	3515944	71
933439	3515944	71
2706188	3515944	71
4558442	3515944	71
2445796	3515944	71
1389147	2376528	6
3214420	2376528	6
1799070	2376528	6
801903	3515944	71
3176217	3515944	71
1137229	2376528	6
172992	3515944	71
2405505	3515944	71
4187852	3515944	71
3251669	2376528	6
3413862	3515944	71
3034426	2376528	6
2916780	2376528	6
3830513	3515944	71
972931	3515944	71
170554	2376528	6
3816651	2376528	6
1999412	3515944	71
2375512	3515944	71
3027651	2376528	6
1791483	3515944	71
3173240	3050276	47
4017126	3515944	71
258067	2376528	6
4032443	3515944	71
3065614	3515944	71
1360181	3515944	71
594016	3515944	71
1705541	3515944	71
1260095	2376528	6
2744744	2376528	6
1700333	2376528	6
3289869	3515944	71
4251178	2376528	6
2943997	3515944	71
3240551	2376528	6
991609	2376528	6
3390951	3515944	71
2607221	3515944	71
1146248	2376528	6
2042535	3515944	71
4523461	2376528	6
1947431	3515944	71
472111	2376528	6
2879742	3515944	71
3845266	3515944	71
3280532	2376528	6
3492715	2376528	6
1177575	2376528	6
4120083	3556930	992
2207733	2376528	6
2416636	2376528	6
3515944	3319316	74
1425075	3515944	71
2135982	2376528	6
969682	3515944	71
1124678	3515944	71
930354	2376528	6
3460451	3515944	71
1951442	2376528	6
3515944	3419826	175
924232	3515944	71
1144977	3515944	71
4336600	3515944	71
1378391	3515944	71
195851	2376528	6
94570	3515944	71
4057170	2376528	6
1342126	3515944	71
648800	2376528	6
3992139	2376528	6
1886663	2376528	6
4002129	3515944	71
3531203	3515944	71
3184868	3515944	71
1342126	2376528	6
4035190	3515944	71
3227347	2724556	2
1251368	2376528	6
1425525	2376528	6
922648	3515944	71
3734433	3515944	71
3758416	2376528	6
980019	2376528	6
569686	3515944	71
1143555	2376528	6
3825480	3515944	71
954583	2376528	6
892090	2376528	6
4584499	3515944	71
298475	3515944	71
2885780	2376528	6
3857535	2376528	6
297396	2376528	6
2763565	2376528	6
1812439	3515944	71
1525140	3515944	71
4377773	3515944	71
3967546	3515944	71
3061093	2376528	6
3285460	3515944	71
177068	3515944	71
3025775	2376528	6
1001518	3515944	71
3280532	3515944	71
1648377	3515944	71
1211406	2376528	6
975166	2376528	6
1076844	3515944	71
1100245	3515944	71
1861303	3515944	71
3103470	3515944	71
3178582	3515944	71
3421258	3515944	71
2500656	2376528	6
2978229	2376528	6
2134513	2376528	6
3960901	2376528	6
1647969	2376528	6
2759495	2376528	6
2085796	3515944	71
3412785	3515944	71
2906474	3515944	71
3181694	2376528	6
3407165	3515944	71
3049015	2376528	6
4368992	2376528	6
1166604	3515944	71
2392423	3515944	71
3814959	3515944	71
1733222	3515944	71
1956596	2376528	6
4060920	2376528	6
3818546	3515944	71
277653	2376528	6
1065189	2376528	6
4199774	3515944	71
3772295	2376528	6
3064860	3515944	71
2222351	3515944	71
80858	2376528	6
3696739	2376528	6
3225558	3515944	71
2869976	2376528	6
2662506	3515944	71
2089744	3515944	71
2122075	3515944	71
1482206	2376528	6
3515944	4443131	74
2102252	3515944	71
2027449	2376528	6
3332771	2376528	6
2744974	2376528	6
4305601	3515944	71
2125274	2376528	6
3891745	3515944	71
4147572	2376528	6
389179	3515944	71
3515944	4121095	74
4255058	3515944	71
4238744	3515944	71
2042539	2376528	6
2107472	3515944	71
833498	3515944	71
1148629	2376528	6
2515075	3515944	71
271687	3515944	71
3417202	2376528	6
450750	2376528	6
3260925	3515944	71
3612388	2376528	6
2203231	3515944	71
2914211	3515944	71
4279357	2724556	125
2045929	2376528	6
2145629	3515944	71
4262134	2376528	6
698344	2376528	6
528853	3515944	71
1107265	3515944	71
4159815	3515944	71
4038503	3515944	71
2017762	3515944	71
3706220	3515944	71
2026220	3515944	71
238103	3515944	71
2186439	3515944	71
4571573	2376528	6
3666027	2376528	6
940742	2376528	6
2500040	3515944	71
1242643	2376528	6
4578281	2376528	6
1825413	2376528	6
907334	2376528	6
3207892	3515944	71
2502382	2376528	6
3731612	3515944	71
3860424	2376528	6
343080	2376528	6
3795890	2376528	6
1420920	3515944	71
365672	2376528	6
1071588	2376528	6
2206026	3515944	71
2142417	2376528	6
3722146	3515944	71
1665847	3515944	71
3709857	3515944	71
3127262	2376528	6
859488	3515944	71
4641926	2376528	6
2778419	3515944	71
4437656	3515944	71
3318908	2376528	6
2735775	3515944	71
545394	3515944	71
3434453	2376528	6
3234071	3515944	71
2771187	2376528	6
874326	3515944	71
1312653	2376528	6
4655308	3515944	71
3489835	3515944	71
341454	2376528	6
4448083	3556930	1324
2306278	3515944	71
3994528	2376528	6
2102068	3515944	71
874326	2376528	6
1603534	2376528	6
238282	2376528	6
2397389	3515944	71
1272975	3515944	71
873829	2376528	6
3515944	1870728	74
4017126	2376528	6
2335647	2376528	6
2459127	2376528	6
1525163	3515944	71
4479481	2376528	6
1130757	3515944	71
1867861	2376528	6
982034	3515944	71
1665759	3515944	71
3515944	2000507	74
2299671	2376528	6
386121	2376528	6
2650705	2376528	6
795384	2376528	6
2097047	2376528	6
3705792	2376528	6
177278	3515944	71
4263320	2376528	6
1976165	2376528	6
4089831	2376528	6
1160773	2376528	6
3575737	1968919	145
3961727	3515944	71
1861106	2376528	6
64260	2376528	6
4572284	3515944	71
3863031	3515944	71
1430919	2376528	6
2342083	2376528	6
251279	2376528	6
63966	2376528	6
1124862	2376528	6
1562934	3515944	71
1699539	3515944	71
1092381	3515944	71
164788	2376528	6
4077818	3515944	71
2160309	3515944	71
3953130	3515944	71
3773173	3515944	71
86171	2376528	6
1943113	3515944	71
2826465	2376528	6
3899536	3515944	71
365075	2376528	6
1782396	2376528	6
1452176	2376528	6
789680	2376528	6
2768530	2376528	6
3501838	2376528	6
101369	3515944	71
2158645	3515944	71
807361	2376528	6
737127	2376528	6
792495	2376528	6
661803	3515944	71
1122082	3515944	71
1710844	2376528	6
770674	2376528	6
3107172	3515944	71
1888874	2376528	6
145916	2376528	6
4014740	3515944	71
3989046	2376528	6
1458805	3515944	71
1752740	3515944	71
891556	2376528	6
947671	3515944	71
4257834	3515944	71
178213	3515944	71
181655	3515944	71
547090	3515944	71
2355708	4054099	163
1127762	2376528	6
3773173	2376528	6
3190376	2376528	6
4504490	2376528	6
4515706	2376528	6
167756	3515944	71
1486179	2376528	6
3227867	3515944	71
2592632	2376528	6
601619	2376528	6
2857352	2376528	6
4151292	2376528	6
1879522	2376528	6
592035	3515944	71
2034580	3515944	71
2097796	3515944	71
687586	2376528	6
805598	3515944	71
3622618	3515944	71
2913834	2376528	6
4230843	2376528	6
1279399	2376528	6
319554	2376528	6
1536633	2376528	6
4307363	3515944	71
4281405	3515944	71
582262	3515944	71
1099415	3515944	71
4368399	2376528	6
313057	2376528	6
2438265	3515944	71
3490519	2376528	6
485358	3515944	71
2759495	3515944	71
267867	3515944	71
2108283	3515944	71
1861303	2376528	6
446987	3515944	71
222506	2376528	6
4075971	2376528	6
1858952	3515944	71
1022332	3515944	71
2538672	3556930	257
4216675	3515944	71
2693592	2376528	6
1871884	2376528	6
3219863	2376528	6
2705460	3515944	71
2481085	3515944	71
4248403	3515944	71
64943	2376528	6
4173972	3515944	71
2710564	3515944	71
3811723	2376528	6
3667821	3515944	71
4342062	3515944	71
966465	3515944	71
424458	3515944	71
194938	2376528	6
3640341	2376528	6
4476729	1350956	195
3306312	3515944	71
3083433	2376528	6
3983373	3515944	71
1131462	2376528	6
2166483	3515944	71
1517792	3515944	71
279839	3515944	71
2932646	2376528	6
55411	3515944	71
3065519	2376528	6
2074471	3515944	71
1318385	3515944	71
550822	2376528	6
2376976	2376528	6
2789523	2376528	6
2576609	2376528	6
3830159	3515944	71
627934	2376528	6
1414788	3515944	71
1312733	2376528	6
981279	3515944	71
1196112	3515944	71
4381444	3515944	71
810028	3515944	71
4637226	3515944	71
1840284	2376528	6
2034580	2376528	6
3722170	2376528	6
4558442	2376528	6
3515944	1969061	74
2825521	3515944	71
1644096	3515944	71
2756362	3515944	71
4322234	2376528	6
4456952	3515944	71
2629996	3515944	71
3863031	2376528	6
2006031	2376528	6
35835	3515944	71
1395823	2376528	6
320949	2376528	6
720296	2376528	6
4030327	2376528	6
3723540	3515944	71
1773822	3515944	71
3841517	3515944	71
445107	2376528	6
1594188	3515944	71
1569899	3515944	71
440554	2376528	6
3231310	2376528	6
3711217	3515944	71
3515944	812091	74
2148135	2376528	6
3407366	2376528	6
1698349	2376528	6
3311820	2376528	6
2970685	2376528	6
3315313	2376528	6
1433772	2376528	6
43710	3515944	71
1351723	3515944	71
562385	2376528	6
4089831	3515944	71
3263315	3515944	71
1823670	2376528	6
3251669	3515944	71
1218011	2376528	6
3114450	2376528	6
3437661	3515944	71
2491431	2376528	6
2438265	2376528	6
1288095	3515944	71
2302397	2376528	6
1752561	2376528	6
1482286	3515944	71
1685627	3515944	71
2381243	2376528	6
1468262	2376528	6
3632038	3515944	71
2467528	3515944	71
3515944	3575737	74
1877915	2376528	6
448749	2376528	6
3422468	2376528	6
4497190	3515944	71
4150359	3515944	71
2057049	2376528	6
497261	2376528	6
2852472	3515944	71
1477243	3515944	71
3893695	3515944	71
1617570	2376528	6
4399496	2376528	6
2913834	3515944	71
3394235	3515944	71
3874388	2376528	6
3994528	3515944	71
331922	2376528	6
4258622	3515944	71
830243	2376528	6
2344598	2376528	6
4575802	3515944	71
2076719	3515944	71
1312336	3515944	71
1224045	2376528	6
4613422	2376528	6
998151	2376528	6
4113556	2376528	6
4389677	3515944	71
286437	2376528	6
2886946	2376528	6
2951310	2376528	6
3711217	2376528	6
2806540	3515944	71
1676639	3515944	71
2536086	2376528	6
2609750	3515944	71
1002839	3515944	71
1647969	3515944	71
3951132	3515944	71
2327580	3515944	71
2700733	2376528	6
1156379	3515944	71
448446	3515944	71
2169891	3515944	71
915164	2376528	6
287519	2376528	6
1468465	2376528	6
386310	2376528	6
2220731	2376528	6
3287139	2376528	6
2259674	3515944	71
696202	3515944	71
2888594	3515944	71
757779	3515944	71
1919123	2376528	6
118235	2376528	6
1175062	2376528	6
2049082	2376528	6
2197434	3515944	71
1511032	2376528	6
1885076	3515944	71
2575886	3515944	71
2381243	3515944	71
2217958	3515944	71
940058	2376528	6
1365657	3515944	71
723591	3515944	71
3829423	2376528	6
1772379	2376528	6
4146782	3515944	71
480873	3515944	71
4059485	2376528	6
3474508	2376528	6
233038	3515944	71
1937556	2376528	6
2376528	1699926	156
4071742	2376528	6
3911723	2376528	6
1486179	3515944	71
611943	2376528	6
3147543	2376528	6
4123020	3515944	71
1885008	2376528	6
2031460	2376528	6
1875394	2376528	6
2548465	2376528	6
670933	2376528	6
2513697	2376528	6
3109710	2376528	6
2044731	2376528	6
1135705	2376528	6
1212342	3515944	71
2190120	2376528	6
1218011	3515944	71
2051706	3515944	71
3993988	2376528	6
1912254	3515944	71
1880853	2376528	6
2809311	3515944	71
626113	2376528	6
2846683	3515944	71
3515944	2314478	74
2932879	2376528	6
1785707	2376528	6
1867744	3515944	71
400635	2376528	6
1879408	2376528	6
3751455	3515944	71
1538041	2376528	6
515906	3515944	71
2616070	2376528	6
4291640	2376528	6
3178636	3515944	71
3027651	3515944	71
461443	2376528	6
3111311	2376528	6
556143	2376528	6
3960901	3515944	71
2699310	3515944	71
3408114	3515944	71
4373967	2376528	6
4518241	2376528	6
3515944	1935123	74
1457161	3515944	71
2904502	3515944	71
2256342	3515944	71
1800006	2376528	6
3505152	2376528	6
15143	2376528	6
3219125	2376528	6
4347828	3515944	71
795384	3515944	71
869002	3515944	71
66274	2376528	6
2762590	3515944	71
2312567	3515944	71
3963090	4448083	2202
771354	2376528	6
3822850	3515944	71
1171826	3515944	71
4192019	2376528	6
1576586	3515944	71
1274502	3515944	71
3290639	2376528	6
2174933	2376528	6
1176322	3515944	71
4347307	3515944	71
1434150	3515944	71
2712688	2376528	6
99027	3515944	71
1306764	3515944	71
619399	3515944	71
3116411	3515944	71
4645857	3515944	71
1858070	2376528	6
1076844	2376528	6
3397031	3515944	71
2067177	2376528	6
2433874	3515944	71
2507041	3515944	71
3001759	3515944	71
1251368	3515944	71
244274	2376528	6
2991786	2376528	6
2638710	3515944	71
4118337	2376528	6
3515394	3515944	71
3887086	3515944	71
927371	3515944	71
3615201	2376528	6
802034	2376528	6
1186900	2376528	6
405157	2376528	6
3240878	2376528	6
914011	2376528	6
3773501	3515944	71
658250	3515944	71
1110798	3515944	71
4207008	3515944	71
2293557	2376528	6
625232	3515944	71
1434052	3515944	71
2198643	3050276	47
1697900	3515944	71
4066661	2376528	6
237590	2376528	6
732102	2376528	6
3679952	2376528	6
4380070	2376528	6
3802197	3515944	71
2429842	2376528	6
2709835	2376528	6
4239580	3515944	71
1744303	2376528	6
3029660	2376528	6
3515944	4413737	74
160106	2376528	6
1461382	2376528	6
3946495	3515944	71
4532053	3515944	71
3204853	2376528	6
2558348	3515944	71
1158166	2376528	6
4028338	3515944	71
4330786	2376528	6
599220	3515944	71
4184155	3515944	71
1519711	3515944	71
4002977	3515944	71
1536205	2376528	6
518459	2376528	6
3389007	2376528	6
2484466	2376528	6
4475992	2376528	6
3515944	622485	74
2202649	3515944	71
3156915	3515944	71
1414788	2376528	6
2621853	2376528	6
446127	3515944	71
2972414	2376528	6
3824248	2376528	6
2858767	3515944	71
2495047	3515944	71
4046268	3515944	71
1269384	3515944	71
2175735	2376528	6
1538770	2376528	6
4424650	3515944	71
4170244	3515944	71
4462908	3515944	71
2380977	2376528	6
1383997	3515944	71
2237361	2376528	6
2888594	2376528	6
224894	2376528	6
2330999	3515944	71
2033889	2376528	6
999607	3515944	71
4479983	2376528	6
3015181	2376528	6
2540439	2376528	6
421663	2376528	6
1640410	2376528	6
4302837	3515944	71
2160154	3515944	71
4046635	3515944	71
362600	2376528	6
826268	3515944	71
1423049	2376528	6
2978371	2376528	6
4445508	3515944	71
80858	3515944	71
3805134	3515944	71
3012911	3515944	71
3787718	2376528	6
284029	3515944	71
4279357	1411687	60
1420794	3515944	71
2007338	3515944	71
2699310	2376528	6
3495701	3515944	71
4489757	3515944	71
2453057	2376528	6
651804	2376528	6
2342808	2376528	6
1312653	3515944	71
4056559	3515944	71
3908723	3515944	71
2608785	3515944	71
1700333	3515944	71
3058033	3515944	71
3937710	2376528	6
340270	2376528	6
3838346	3515944	71
4296290	2376528	6
2744974	3515944	71
3374625	2376528	6
177571	2376528	6
3604358	3515944	71
1661681	3515944	71
4442845	3515944	71
874408	2376528	6
1685884	2376528	6
3667489	2376528	6
331922	3515944	71
3615201	3515944	71
339478	3515944	71
3549996	3515944	71
1645710	3515944	71
3515944	4606330	74
1011713	3515944	71
2283563	2376528	6
1567352	2376528	6
1411687	4279357	170
1263938	3515944	71
802034	3515944	71
1915681	3515944	71
397415	2376528	6
4116743	3515944	71
2392864	2376528	6
1953290	2376528	6
3400419	3515944	71
2458639	3515944	71
2452065	2376528	6
934982	2376528	6
1087444	2376528	6
2032073	3515944	71
4496605	2376528	6
2458639	2376528	6
2823830	2376528	6
3829423	3515944	71
2781859	2376528	6
365075	3515944	71
794224	3515944	71
4368399	3515944	71
2001580	2376528	6
3778589	2376528	6
2457515	3515944	71
4620615	2376528	6
3285071	2376528	6
2083904	3515944	71
3209277	3515944	71
4178220	2376528	6
3493895	2376528	6
1578488	2376528	6
4441624	2376528	6
2261000	3515944	71
1872951	3515944	71
2885556	2376528	6
1408718	2376528	6
1907615	2376528	6
3998314	3515944	71
1473560	2376528	6
702846	2376528	6
3724581	3515944	71
2130236	3515944	71
3452323	3515944	71
2812852	2376528	6
4068638	2376528	6
1692198	3515944	71
1978562	2376528	6
1110571	3515944	71
3515944	3693581	74
2562657	2376528	6
4644029	3515944	71
840174	3515944	71
3547675	3515944	71
157875	2376528	6
562235	3515944	71
562385	3515944	71
1903406	2376528	6
4603505	2376528	6
4301722	2376528	6
1984736	2376528	6
3407981	2376528	6
1224137	2376528	6
1331789	2376528	6
4071742	3515944	71
3894917	2376528	6
157695	3515944	71
1818905	3515944	71
24780	2376528	6
2321912	2376528	6
4415771	3515944	71
3748588	3515944	71
9886	3515944	71
2423676	3515944	71
1709407	3515944	71
2577325	3515944	71
1872725	3515944	71
3115786	3515944	71
3267712	2376528	6
1740347	3515944	71
934162	2376528	6
2403103	2376528	6
2075420	3515944	71
4419779	2376528	6
3374983	2376528	6
1996042	2376528	6
2770166	2376528	6
3111311	3515944	71
1561239	3515944	71
2518322	3515944	71
2355708	660629	964
2111432	3515944	71
4422100	2376528	6
1726775	3515944	71
1402918	2376528	6
4413737	2376528	6
1618332	2376528	6
701488	3515944	71
417476	3515944	71
4629137	3515944	71
594967	2376528	6
512500	3515944	71
1549481	2376528	6
764736	3515944	71
780879	2376528	6
3840060	3515944	71
3399267	2376528	6
3515944	4003977	74
468198	2376528	6
50405	2376528	6
1529136	3515944	71
729427	3515944	71
2437648	3515944	71
1856873	2376528	6
2543965	3515944	71
2653279	3515944	71
3379869	3515944	71
1724290	3515944	71
4366098	3515944	71
841551	2376528	6
3716625	3515944	71
4381483	2376528	6
1536633	3515944	71
2190120	3515944	71
2897636	3515944	71
2903731	3515944	71
1895017	3515944	71
3033778	2376528	6
3151687	2376528	6
3429577	2376528	6
1059042	2376528	6
4174033	2376528	6
1794196	2376528	6
3354598	2376528	6
2178591	2376528	6
3140425	2376528	6
1020590	2376528	6
2480425	2376528	6
1144058	2376528	6
611120	2376528	6
1139401	3515944	71
3616607	3515944	71
2447634	2376528	6
1580191	3515944	71
4535461	3515944	71
3797654	3515944	71
530150	2376528	6
511888	2376528	6
2667439	2376528	6
3575737	3515944	71
1131	2376528	6
3130742	2376528	6
679648	2376528	6
4180325	2376528	6
4102988	3515944	71
3190844	3515944	71
2208799	2376528	6
3257713	2376528	6
4603071	3515944	71
893475	2376528	6
2063612	2376528	6
966205	2376528	6
3520628	2376528	6
1723008	2376528	6
762267	3515944	71
1461382	3515944	71
3793762	2376528	6
1506413	3515944	71
4000269	3515944	71
3515944	2500656	74
3455889	2376528	6
1558707	3515944	71
2300219	3515944	71
581836	3515944	71
1404419	3515944	71
2409544	3515944	71
2085753	3515944	71
2314478	3515944	71
254710	3515944	71
1493892	3515944	71
1113178	2376528	6
2384372	3515944	71
2397389	2376528	6
951932	3515944	71
2865390	3515944	71
2203882	2376528	6
957704	3515944	71
149075	2376528	6
2674903	2376528	6
647236	3515944	71
4347567	2376528	6
4234189	3515944	71
1896783	3515944	71
3515944	1925795	74
1427638	2376528	6
649424	3515944	71
4518241	3515944	71
1321176	2376528	6
3211514	3515944	71
617750	3515944	71
886524	3515944	71
698430	2376528	6
3515944	964969	74
2028529	3515944	71
3973309	2376528	6
292197	2376528	6
2615394	3515944	71
549277	2376528	6
2179016	2376528	6
2853871	2376528	6
1911444	3515944	71
2726308	3515944	71
2246758	3515944	71
4095010	2376528	6
87486	2376528	6
4378542	2376528	6
2537795	3515944	71
3351690	2376528	6
1888721	2376528	6
2384381	2376528	6
3515944	1273419	74
3779193	3515944	71
1839352	2376528	6
2487	3515944	71
2551388	2376528	6
4630559	3515944	71
1405437	3515944	71
723591	2376528	6
2459553	2376528	6
523260	3515944	71
3034435	2376528	215
3360988	3515944	71
2159150	3515944	71
2724556	1558441	190
1218574	2376528	6
3088047	3515944	71
964969	3515944	71
1392415	3515944	71
4519726	3515944	71
28521	3515944	71
2935117	3515944	71
2292833	2376528	6
902792	2376528	6
3141428	3515944	71
556525	3515944	71
3658868	2376528	6
2360774	3515944	71
2533344	3515944	71
2769289	2376528	6
598120	3515944	71
64604	3515944	71
3964641	3515944	71
1598361	3515944	71
2781453	3515944	71
2990963	2376528	6
2163198	2376528	6
2410682	2376528	6
101882	3515944	71
3396981	2376528	6
4411130	3515944	71
1768669	2376528	6
3678519	3515944	71
4508862	3515944	71
4441109	3515944	71
3420593	2376528	6
4606330	2376528	6
3851487	3515944	71
3165291	2376528	6
4073425	2376528	6
2630505	3515944	71
2042564	3515944	71
3012195	2376528	6
1118437	3515944	71
1485204	3515944	71
2012370	3515944	71
450654	2376528	6
4163652	3515944	71
1072624	3515944	71
2201015	3515944	71
1169349	3515944	71
2889821	3515944	71
2725819	2376528	6
1117172	3515944	71
2424483	2376528	6
2796334	2376528	6
1705541	2376528	6
4652686	3515944	71
2915437	2376528	6
3765923	2376528	6
4133726	3515944	71
2470497	2376528	6
1064777	2376528	6
1419695	2376528	6
4213616	2376528	6
3415976	3515944	71
1530867	2376528	6
4330216	3515944	71
164788	3515944	71
4308308	3515944	71
1769240	3515944	71
2107365	3515944	71
2362352	3515944	71
1788506	3515944	71
3927361	3515944	71
3511655	3515944	71
1233512	2376528	6
3057370	3515944	71
3426746	3515944	71
4133080	2376528	6
1401775	3515944	71
4404910	3515944	71
2013587	3515944	71
4540429	2376528	6
1440456	2376528	6
3819254	2376528	6
3856568	2376528	6
254156	2376528	6
405881	3515944	71
1868113	3515944	71
3489553	2376528	6
3894993	3515944	71
4443131	2376528	6
2952270	2376528	6
1912254	2376528	6
2211398	2376528	6
3379869	2376528	6
3118830	2376528	6
169596	2376528	6
440554	3515944	71
3147543	3515944	71
63087	2376528	6
1142557	3515944	71
3153184	3515944	71
1060859	2376528	6
3829559	3515944	71
2379541	2376528	6
2127385	2376528	6
2825747	3515944	71
1724290	2376528	6
1080615	3515944	71
206144	3515944	71
1458266	2376528	6
1180200	3515944	71
4077145	3515944	71
2791619	2376528	6
844736	3515944	71
907457	2376528	6
3369112	3515944	71
1006311	3515944	71
2976983	3515944	71
1546381	3515944	71
4312168	2376528	6
3137590	2376528	6
4211517	2376528	6
1837985	3515944	71
1170639	2376528	6
3137590	3515944	71
4232355	3515944	71
654833	3515944	71
3663928	2376528	6
1986665	2376528	6
169271	3515944	71
3586520	2376528	6
2252021	2376528	6
2979471	2376528	6
2355303	3515944	71
2994235	2376528	6
335716	2376528	6
865323	3515944	71
2339888	2376528	6
3197086	3515944	71
4573306	2376528	6
4523388	2376528	6
2769289	3515944	71
4192019	3515944	71
2452470	3515944	71
2445337	2376528	6
2326074	3515944	71
599639	2376528	6
1173247	2376528	6
2500656	3515944	71
1396390	2376528	6
450654	3515944	71
3490248	3515944	71
229496	3515944	71
2839693	3515944	71
1061634	2376528	6
2427830	3515944	71
1411687	4279357	62
4066661	3515944	71
2376528	1909461	6682
2376528	2394678	6682
3515944	343080	6747
3515944	1345211	6747
976613	3515944	6750
3515944	546944	6747
3515944	4413737	6747
2376528	969682	6682
2376528	2742254	6682
3515944	1888846	6747
3515944	2441305	6747
2376528	1890501	6682
3515944	4050927	6747
2376528	927450	6682
3515944	1547357	6747
2376528	3178636	6682
2376528	1519419	6682
2376528	3287016	6682
3515944	492829	6747
3515944	1402399	6747
2376528	3545065	6682
3515944	3377499	6747
2376528	636173	6682
2198643	2724556	6868
2376528	4416632	6682
3515944	3240551	6747
2376528	4348695	6682
3515944	1589132	6747
2376528	2726079	6682
3515944	1268079	6747
2376528	1030990	6682
3515944	3114558	6747
3515944	3718896	6747
2376528	3293069	6682
2376528	4244998	6682
2376528	3473654	6682
3515944	1879522	6747
2376528	4123132	6682
3515944	4059848	6747
3515944	1554159	6747
2376528	1576586	6682
817319	3556930	8023
2376528	4462908	6682
2376528	523260	6682
2376528	1765051	6682
3515944	3756975	6747
2376528	2477966	6682
3515944	341891	6747
2376528	1312336	6682
2376528	4508482	6682
3515944	376823	6747
3515944	2001999	6747
3515944	2771093	6747
3515944	2847730	6747
3515944	3844500	6747
2376528	2433018	6682
2376528	2270241	6682
2376528	2369622	6682
2376528	2913822	6682
4333054	3515944	6750
3515944	2938739	6747
3515944	104117	6747
3515944	837548	6747
3515944	1293683	6747
4476205	4476729	6811
2376528	3029237	6682
2376528	1915681	6682
3515944	4069952	6747
2376528	619399	6682
2376528	3790753	6682
3515944	3588156	6747
2376528	2160154	6682
2376528	2405505	6682
3515944	718772	6747
3515944	1264592	6747
3515944	920270	6747
3515944	2657569	6747
2376528	4316671	6682
3515944	2335776	6747
2376528	1641681	6682
2376528	3977050	6682
2376528	287410	6682
2376528	797096	6682
2376528	3118815	6682
2376528	1524063	6682
3515944	1292940	6747
3515944	2763565	6747
3515944	224788	6747
3515944	3081027	6747
2376528	3324639	6682
3515944	2915178	6747
2376528	2693343	6682
2376528	3632038	6682
3515944	2187429	6747
2376528	647236	6682
3515944	132550	6747
3515944	1319143	6747
3515944	2232576	6747
3515944	3170352	6747
3883644	3515944	6750
2376528	954169	6682
3515944	4486218	6747
3515944	1965412	6747
2376528	389702	6682
2376528	1738696	6682
3515944	3624756	6747
3515944	1591420	6747
2376528	1781493	6682
3515944	2857352	6747
2376528	1468195	6682
2376528	4441866	6682
2376528	4238744	6682
3515944	1321280	6747
3515944	3078914	6747
3515944	1007628	6747
3515944	4334422	6747
2376528	3080243	6682
3515944	2886946	6747
3515944	297275	6747
2376528	4531644	6682
3515944	3513649	6747
2376528	4155277	6682
2376528	1081565	6682
2376528	3490313	6682
2376528	2911257	6682
3515944	2408676	6747
3515944	2849899	6747
3515944	2675327	6747
2376528	2825747	6682
2376528	3797654	6682
3515944	118235	6747
2376528	2889821	6682
2376528	3023976	6682
2376528	3182123	6682
3515944	787676	6747
2376528	110497	6682
242373	3515944	6750
2376528	4526870	6682
2376528	3387581	6682
2376528	498456	6682
1941098	3515944	6750
3515944	2788846	6747
3515944	1036911	6747
3515944	2303520	6747
2376528	4014740	6682
3515944	2723533	6747
2376528	4069308	6682
3515944	2433769	6747
3515944	380582	6747
3515944	548160	6747
2376528	3164599	6682
2376528	2022281	6682
3515944	3969913	6747
2376528	552078	6682
3515944	504703	6747
3515944	3296502	6747
2376528	253324	6682
2376528	4531023	6682
2376528	1034822	6682
3515944	4590107	6747
2376528	1955340	6682
3515944	2019015	6747
2376528	1882033	6682
2376528	389179	6682
3515944	3772295	6747
2376528	3571029	6682
3515944	1966045	6747
3515944	59969	6747
3515944	2987790	6747
3515944	688844	6747
2376528	138813	6682
2376528	240145	6682
3515944	875957	6747
3515944	2758797	6747
2376528	1224118	6682
2376528	3263998	6682
2376528	2565255	6682
2724556	2198643	6867
2376528	711246	6682
3515944	3726735	6747
2376528	1123627	6682
3515944	1504212	6747
2376528	3718547	6682
3515944	3908768	6747
3515944	931294	6747
2376528	181541	6682
3515944	1750716	6747
3515944	3233552	6747
2376528	4432482	6682
3515944	998324	6747
2376528	3583249	6682
2376528	4355651	6682
3515944	417459	6747
2376528	649447	6682
3515944	3331460	6747
3515944	3973309	6747
2376528	3794348	6682
2376528	1452487	6682
3963090	4448083	8765
3515944	620830	6747
2376528	3773501	6682
3515944	591614	6747
2376528	2657569	6682
3515944	802293	6747
2376528	1340167	6682
3515944	7204	6747
3515944	988016	6747
3515944	771509	6747
2376528	3804297	6682
3515944	2582239	6747
3515944	1961838	6747
2376528	757779	6682
2376528	2784774	6682
2376528	1961838	6682
3515944	219866	6747
3515944	4480023	6747
2376528	2078079	6682
2376528	2438649	6682
2376528	1934070	6682
3515944	4269702	6747
3515944	759379	6747
3515944	4635105	6747
3515944	3646005	6747
2376528	4144552	6682
2376528	602015	6682
2376528	3937792	6682
3515944	392320	6747
3515944	4587626	6747
2376528	2037036	6682
3515944	2591846	6747
2376528	3908723	6682
2376528	3767130	6682
2376528	447885	6682
2376528	1713391	6682
3515944	1345820	6747
3515944	3184649	6747
2376528	1969061	6682
3515944	627470	6747
2376528	4127370	6682
2376528	952749	6682
2376528	259325	6682
2376528	3759977	6682
3515944	194938	6747
2376528	2108412	6682
3515944	4435538	6747
3515944	4113972	6747
2376528	3404236	6682
3515944	1645160	6747
3515944	2384381	6747
2376528	1732841	6682
2376528	1177278	6682
3515944	4088968	6747
3515944	2802313	6747
2376528	1608787	6682
2376528	4268412	6682
2376528	3062430	6682
2376528	3822850	6682
2376528	4560339	6682
3515944	3271703	6747
2376528	4476044	6682
2376528	976829	6682
2376528	2912967	6682
2376528	3477496	6682
3515944	314198	6747
3515944	3752882	6747
2376528	1966077	6682
2376528	2157516	6682
2376528	2839693	6682
3515944	4263320	6747
2376528	3685572	6682
3515944	1814401	6747
3515944	4417852	6747
3515944	4262134	6747
3515944	2736444	6747
2376528	2691129	6682
3515944	2375865	6747
2376528	4416666	6682
2376528	781063	6682
2376528	4035557	6682
3515944	1137610	6747
2376528	492829	6682
2376528	1696649	6682
3515944	2913822	6747
3575737	1968919	6818
3515944	4399496	6747
2376528	2319585	6682
2376528	808201	6682
3515944	2099678	6747
2376528	3755666	6682
3515944	1815093	6747
3515944	4262974	6747
3515944	2293587	6747
2376528	884992	6682
3515944	1568505	6747
3227347	2724556	6866
2376528	2354088	6682
2376528	4025649	6682
3515944	4129673	6747
2376528	4240472	6682
3515944	766697	6747
2376528	2842947	6682
3515944	732102	6747
2376528	4372832	6682
2376528	3440911	6682
3515944	2157516	6747
3515944	354156	6747
3515944	592105	6747
2376528	2248422	6682
3515944	3657145	6747
3515944	2470497	6747
2376528	2429784	6682
2376528	3886727	6682
3515944	2097626	6747
2376528	198558	6682
3515944	2992811	6747
2376528	3212497	6682
2376528	3129476	6682
2376528	3765749	6682
3515944	439414	6747
2376528	2962897	6682
3515944	1424324	6747
2376528	2956432	6682
2376528	3518980	6891
3515944	138774	6747
2376528	4488828	6682
2376528	2606735	6682
3515944	1538625	6747
2376528	3456665	6682
2376528	3883069	6682
2376528	2156480	6682
3515944	794942	6747
3515944	3799694	6747
3890674	4279357	7163
2376528	3022756	6682
3515944	97824	6747
3515944	2095276	6747
3515944	607771	6747
2376528	3165749	6682
2376528	2318006	6682
2376528	4466430	6682
2376528	3709857	6682
2376528	1027716	6682
3515944	3490519	6747
2376528	3486707	6682
2376528	3065922	6682
2376528	4308308	6682
3515944	2420285	6747
3515944	285240	6747
3515944	3618592	6747
2376528	4233169	6682
3515944	918092	6747
3515944	3561155	6747
3515944	227141	6747
3515944	3561336	6747
3515944	1632643	6747
2344598	2198643	6818
2376528	2976983	6682
2376528	409550	6682
2376528	1906175	6682
3515944	3882873	6747
3515944	1063609	6747
2376528	546944	6682
2376528	2834652	6682
2376528	2559291	6682
2376528	1274645	6682
3515944	679648	6747
2376528	1033961	6682
2376528	2085056	6682
2376528	1299224	6682
2376528	2782446	6682
3515944	3986547	6747
3515944	4195300	6747
2376528	2201568	6682
3515944	2156104	6747
3515944	4458892	6747
2376528	2868107	6682
3515944	238282	6747
2376528	4338341	6682
2376528	4595039	6682
2376528	852433	6682
2376528	2758797	6682
2376528	354156	6682
2376528	3234071	6682
2376528	4598742	6682
3515944	2804405	6747
3515944	3940156	6747
2376528	1130332	6682
2376528	67482	6682
2376528	766861	6682
2781859	3515944	6750
3515944	891549	6747
2376528	3079994	6682
2376528	4320083	6682
3515944	1902115	6747
2376528	3326263	6682
2376528	3565448	6682
3515944	3374320	6747
3515944	1978562	6747
3515944	964932	6747
2376528	1572104	6682
2376528	3331460	6682
2376528	2599092	6682
3515944	3286237	6747
2376528	1482286	6682
2376528	904805	6682
2376528	956848	6682
3515944	870143	6747
3515944	3964596	6747
3515944	351498	6747
2376528	1364233	6682
3515944	1112390	6747
3515944	341559	6747
3515944	4320083	6747
2376528	4197821	6682
2376528	3507906	6682
2376528	1196112	6682
4279357	686375	6833
3515944	3641111	6747
2376528	2012798	6682
2376528	1703625	6682
3515944	2815224	6747
2376528	4187852	6682
3515944	692233	6747
2376528	762267	6682
3515944	4508482	6747
2376528	1645710	6682
2376528	346484	6682
3515944	2561875	6747
2376528	1716549	6682
3515944	2484268	6747
3515944	4097587	6747
2376528	1884436	6682
3515944	335699	6747
1699926	4120083	7668
2376528	3979494	6682
2198643	2344598	6821
2376528	2019015	6682
2376528	1697900	6682
3515944	188914	6747
2376528	741091	6682
2376528	2088266	6682
3515944	3638436	6747
2376528	502429	6682
3515944	2118241	6747
2376528	1645160	6682
3515944	109678	6747
3515944	4067839	6747
3515944	2915437	6747
2376528	1088444	6682
2376528	2166483	6682
3515944	1620457	6747
3515944	461423	6747
3515944	64943	6747
2376528	3916050	6682
3515944	2723280	6747
2376528	3000607	6682
1558441	3575737	6828
3515944	1815559	6747
3515944	1048841	6747
2376528	976613	6682
3515944	3298672	6747
2376528	1538625	6682
2376528	4184435	6682
2376528	305913	6682
3515944	2770166	6747
1968919	3575737	6828
3515944	855078	6747
3515944	1062681	6747
2376528	1890138	6682
3515944	1148629	6747
3515944	468518	6747
2376528	521707	6682
2376528	2651316	6682
2376528	4280871	6682
3515944	556295	6747
2376528	4544807	6682
3515944	2027078	6747
3515944	3119223	6747
2376528	4266299	6682
3515944	4581016	6747
3515944	3526904	6747
3515944	3019218	6747
2376528	4176266	6682
2376528	4514881	6682
2376528	1540571	6682
2376528	1485204	6682
2376528	2648410	6682
2376528	4419824	6682
3515944	2267146	6747
3515944	4604261	6747
2376528	2656931	6682
3515944	387816	6747
2376528	1573736	6682
2376528	1669250	6682
2376528	1081850	6682
3515944	4377433	6747
2376528	3288400	6682
3515944	4612045	6747
2030914	3515944	6750
3515944	4268391	6747
2376528	4087345	6682
3515944	1037935	6747
2376528	4298717	6682
3515944	3329009	6747
3515944	1221146	6747
2376528	2865851	6682
2376528	2944455	6682
2376528	2190393	6682
2376528	441595	6682
3515944	233761	6747
3515944	3404521	6747
2376528	2846137	6682
3515944	1108718	6747
2376528	1590245	6682
3515944	4082927	6747
3515944	1061634	6747
3515944	1601279	6747
3515944	3425979	6747
3515944	2762690	6747
2376528	3487177	6682
3515944	4515990	6747
2376528	50928	6682
3515944	4615586	6747
3515944	2978865	6747
3515944	2805752	6747
2376528	2869326	6682
2376528	4332597	6682
2376528	4630762	6682
2376528	148557	6682
2376528	4505798	6682
2376528	3714297	6682
2376528	545394	6682
2376528	1634598	6682
3515944	3466514	6747
2376528	1466825	6682
3515944	50960	6747
3515944	3413586	6747
3515944	1656980	6747
2376528	1730437	6682
2376528	1744183	6682
2376528	3966429	6682
2695190	3515944	6750
3515944	121161	6747
3515944	4118779	6747
3515944	2383316	6747
2376528	1688247	6682
2376528	3803214	6682
3515944	3526520	6747
2376528	718772	6682
2376528	3386536	6682
3515944	1793817	6747
2376528	1410854	6682
2376528	2112022	6682
2376528	1268079	6682
3515944	1560893	6747
2376528	2386811	6682
2376528	1480424	6682
3515944	3453003	6747
3050276	2355708	6711
2376528	4238401	6682
3515944	2782975	6747
2376528	451059	6682
3515944	648618	6747
2376528	1846062	6682
3515944	3109710	6747
2376528	3343283	6682
3515944	2208799	6747
3515944	740333	6747
2376528	2653279	6682
2376528	4505880	6682
2376528	4206111	6682
2376528	3933471	6682
2376528	3728006	6682
3515944	4020050	6747
3515944	2477880	6747
2376528	3284003	6682
1411687	4279357	6742
3515944	388600	6747
3515944	4174300	6747
2376528	2182928	6682
2376528	2103223	6682
3515944	2330130	6747
2376528	4594904	6682
2376528	1623248	6682
2376528	207540	6682
3515944	2289174	6747
3515944	3140810	6747
3515944	594967	6747
3515944	1315669	6747
3515944	253691	6747
3515944	471178	6747
3515944	2068636	6747
2376528	3751455	6682
2376528	1731690	6682
2376528	2171674	6682
3515944	3961500	6747
2376528	151776	6682
3515944	799081	6747
2376528	4289149	6682
2376528	1360181	6682
3034435	2376528	6832
2376528	2118363	6682
2376528	2046025	6682
2376528	2184412	6682
2376528	1918326	6682
3515944	1984736	6747
3515944	968750	6747
2376528	417459	6682
2376528	1665391	6682
2376528	799181	6682
2376528	1090543	6682
3515944	3521884	6747
2376528	4127759	6682
2376528	1036911	6682
3515944	2894500	6747
3515944	3787718	6747
1699926	817319	8024
3515944	728170	6747
2376528	3257533	6682
3515944	1253734	6747
2376528	423483	6682
2376528	3492384	6682
2376528	297681	6682
3515944	3798573	6747
2376528	1258832	6682
2376528	3964075	6682
3515944	2957476	6747
3515944	2784969	6747
3515944	4325336	6747
2376528	4130456	6682
3515944	2171139	6747
2376528	703805	6682
3515944	2438649	6747
2376528	18160	6682
1394080	3515944	6750
3515944	3058120	6747
2376528	444274	6682
2376528	2316359	6682
2376528	740333	6682
2376528	1550526	6682
3515944	196930	6747
3515944	3140425	6747
3515944	1738696	6747
2376528	913286	6682
2376528	844683	6682
3515944	887487	6747
2376528	1560111	6682
3515944	2787059	6747
3515944	4384825	6747
3515944	745894	6747
2376528	3549996	6682
2376528	1159771	6682
2376528	2314897	6682
2376528	1800679	6682
3575737	3227347	7009
2376528	4182135	6682
3515944	3599284	6747
2376528	3775952	6682
3515944	2951310	6747
2376528	677477	6682
2376528	4128582	6682
3515944	3448199	6747
2376528	2293093	6682
3515944	4376266	6747
2376528	3841517	6682
3515944	3190376	6747
3515944	4279958	6747
3515944	885714	6747
2376528	3507764	6682
3515944	3975735	6747
3515944	1752561	6747
2376528	1151801	6682
3515944	2480014	6747
2376528	2748584	6682
2376528	4639704	6682
3515944	1839450	6747
2724556	3173240	6678
3515944	2914764	6747
2376528	687391	6682
3515944	3803928	6747
3515944	254156	6747
3515944	2231129	6747
3515944	315025	6747
3515944	976613	6747
3515944	1167017	6747
3515944	1226209	6747
3515944	2199513	6747
3515944	1763196	6747
3515944	4515533	6747
2376528	837548	6682
3515944	4367181	6747
3515944	3314207	6747
2376528	4652686	6682
2376528	3192962	6682
3515944	1295743	6747
3515944	2292833	6747
2376528	87734	6682
2376528	4458892	6682
3515944	2429215	6747
2376528	3704716	6682
2376528	639466	6682
2376528	332805	6682
2376528	3882	6682
3515944	1177456	6747
2376528	295997	6682
3515944	381308	6747
2376528	2490305	6682
3515944	1446915	6747
2376528	1149831	6682
3515944	4216473	6747
3515944	2544292	6747
2376528	688315	6682
3515944	1611599	6747
2376528	3663727	6682
2376528	677360	6682
3515944	2561296	6747
660629	3515944	6750
2376528	1449017	6682
3515944	3491200	6747
3515944	4384239	6747
2376528	2014792	6682
2376528	1363319	6682
2376528	1321280	6682
3515944	1329774	6747
2376528	2256342	6682
3515944	3715567	6747
2376528	2300219	6682
3515944	400329	6747
3515944	2988919	6747
2376528	965370	6682
3515944	2856624	6747
2376528	4032443	6682
2376528	1691311	6682
3515944	1800738	6747
3515944	4490508	6747
2376528	4395120	6682
3515944	1944457	6747
2376528	3372870	6682
810028	3515944	6750
2376528	3251587	6682
2376528	1264106	6682
2376528	4650905	6682
2376528	2681805	6682
2376528	962515	6682
2376528	2103599	6682
2376528	1318004	6682
2376528	1434052	6682
2408500	3515944	6750
2376528	1649831	6682
3515944	179188	6747
3515944	276040	6747
3515944	3065922	6747
3515944	3091470	6747
3515944	1806212	6747
3515944	1640410	6747
3515944	2347818	6747
2376528	4174205	6682
2376528	4369254	6682
3515944	3356559	6747
2376528	4127510	6682
2376528	3650103	6682
2376528	1321007	6682
2376528	3723540	6682
2376528	3181285	6682
2376528	405881	6682
2376528	2872559	6682
2376528	1423551	6682
3515944	2128757	6747
3515944	2166800	6747
3515944	3883644	6747
3515944	2302247	6747
2376528	2398528	6682
3515944	2064593	6747
2376528	4130022	6682
2376528	1127919	6682
3515944	120639	6747
2376528	7408	6682
3515944	4180325	6747
3515944	2293557	6747
2376528	4111611	6682
3515944	1344268	6747
2376528	2129335	6682
2376528	325481	6682
2376528	3437376	6682
2376528	339478	6682
3050276	3615191	6723
2376528	2771093	6682
3515944	1342293	6747
2376528	2095644	6682
3515944	1865116	6747
2376528	3014409	6682
2376528	3757004	6682
2376528	788358	6682
3515944	2234446	6747
2376528	4182476	6682
3515944	177571	6747
2376528	1111875	6682
3515944	800959	6747
2376528	3402119	6682
3515944	2179016	6747
2376528	2136794	6682
3515944	896893	6747
2376528	1096190	6682
3515944	178503	6747
2376528	444354	6682
2376528	3696702	6682
2376528	55517	6682
2376528	4052977	6682
2376528	1511600	6682
2376528	1013021	6682
2376528	3768398	6682
3515944	1313121	6747
3515944	1120352	6747
3515944	1953290	6747
3515944	3937792	6747
2376528	4446009	6682
2376528	2321917	6682
2376528	826268	6682
2376528	4408228	6682
2376528	3441559	6682
2376528	4223852	6682
2376528	1270878	6682
2376528	2804405	6682
2376528	660348	6682
3515944	1224137	6747
2376528	931294	6682
101277	3515944	6750
3515944	4038610	6747
2376528	1822095	6682
2376528	3704776	6682
2376528	4185051	6682
2376528	3732173	6682
2376528	3474596	6682
3515944	3437862	6747
3515944	16184	6747
2376528	680848	6682
2376528	1016496	6682
3050276	3227347	6711
2972561	3515944	6750
2376528	2336997	6682
2376528	1617950	6682
2376528	4163826	6682
2376528	1572134	6682
3515944	3460089	6747
2376528	2004773	6682
3515944	1571367	6747
3515944	3662354	6747
2376528	3468535	6682
3515944	1977130	6747
2376528	4614822	6682
2376528	1207449	6682
3515944	2796334	6747
2376528	4637083	6682
2376528	1392415	6682
2376528	1263938	6682
2376528	4323052	6682
3515944	4195742	6747
3515944	593973	6747
3515944	2651316	6747
3515944	1784274	6747
3515944	2379541	6747
2376528	4532053	6682
2376528	1023510	6682
2376528	4015117	6682
2376528	412584	6682
3515944	3349667	6747
3515944	2009120	6747
2376528	4080655	6682
1699926	2572065	8000
2376528	4182933	6682
2376528	935706	6682
2376528	3356143	6682
3515944	1433772	6747
2376528	2053247	6682
3515944	57753	6747
3515944	621573	6747
3515944	3762103	6747
3515944	1072830	6747
2376528	942636	6682
3515944	2032557	6747
2376528	4557826	6682
3515944	3816014	6747
2376528	3731612	6682
3515944	1688323	6747
3515944	673725	6747
2376528	2190494	6682
3515944	1565794	6747
2376528	4223162	6682
3515944	3680879	6747
2376528	2839491	6682
3515944	2302397	6747
3515944	2882839	6747
3515944	1934026	6747
2376528	2121848	6682
3515944	4454573	6747
2376528	4654284	6682
3515944	3982511	6747
2376528	1468269	6682
3515944	1780250	6747
3515944	3912159	6747
3515944	2234770	6747
2376528	4302837	6682
3515944	3388529	6747
2376528	2107472	6682
2376528	2662506	6682
3515944	3317820	6747
2376528	3412785	6682
2376528	95469	6682
3515944	2386811	6747
3515944	3083433	6747
3515944	1941098	6747
2376528	3168034	6682
3515944	570078	6747
2376528	39558	6682
2376528	2171139	6682
2376528	189601	6682
817319	3239330	8023
3515944	3987638	6747
3515944	4069742	6747
2376528	722606	6682
2376528	658250	6682
3515944	636173	6747
2376528	4035342	6682
2376528	2639331	6682
2376528	1654630	6682
2376528	3466514	6682
3515944	1251655	6747
3515944	926630	6747
1500965	3515944	6750
2376528	1425075	6682
3515944	251279	6747
3515944	4010683	6747
2376528	1093141	6682
3515944	2211398	6747
3515944	2336070	6747
3515944	2532399	6747
4462975	3515944	6750
2217403	3515944	6750
2376528	81016	6682
2376528	2849813	6682
2376528	355084	6682
3515944	2758843	6747
3515944	1357856	6747
3515944	3514680	6747
3515944	3612685	6747
2376528	3694630	6682
2376528	636036	6682
2376528	990882	6682
3515944	3198874	6747
2376528	1710746	6682
3515944	1377462	6747
2376528	879862	6682
3515944	4250199	6747
3515944	385839	6747
2376528	3163758	6682
3515944	3631315	6747
2376528	4093720	6682
2376528	4127838	6682
3515944	3714297	6747
2376528	1661681	6682
3515944	2315889	6747
3515944	595191	6747
3515944	2840462	6747
2376528	174894	6682
2376528	1007241	6682
3515944	1006351	6747
2376528	4216473	6682
3515944	1064777	6747
3515944	3253774	6747
2376528	1221467	6682
3515944	4068638	6747
2376528	442854	6682
2376528	3422443	6682
2376528	3139537	6682
2376528	2682592	6682
2376528	655155	6682
2376528	3931648	6682
3515944	3150461	6747
2376528	4002977	6682
3515944	975166	6747
2376528	4298446	6682
3515944	2548595	6747
3515944	850399	6747
3515944	3231310	6747
3515944	4324687	6747
3515944	207982	6747
3515944	4578281	6747
3515944	1408718	6747
2376528	2617548	6682
3515944	386121	6747
2376528	3061278	6682
2376528	3656264	6682
3515944	4651500	6747
3515944	266469	6747
2376528	1716262	6682
3515944	3154993	6747
2376528	3838346	6682
2376528	2732297	6682
3515944	167426	6747
2376528	951790	6682
3515944	1246283	6747
3515944	2978229	6747
3515944	1753422	6747
2376528	3047830	6682
3515944	1670959	6747
3515944	2838975	6747
2376528	1583127	6682
2376528	655208	6682
3515944	3456665	6747
2376528	2978865	6682
2376528	1940807	6682
2376528	2848740	6682
3515944	2094207	6747
3515944	4025649	6747
2376528	2759118	6682
2376528	82160	6682
2376528	1110798	6682
3515944	1423049	6747
2376528	1315878	6682
3515944	3803214	6747
2376528	2384372	6682
2376528	2213234	6682
3515944	3794348	6747
3515944	2563104	6747
3515944	1683279	6747
3515944	3633469	6747
2376528	1226313	6682
3515944	488941	6747
3515944	2086388	6747
2376528	2032073	6682
2376528	978813	6682
3515944	1368639	6747
3515944	4515199	6747
2376528	588975	6682
3515944	940849	6747
2376528	1381194	6682
2376528	1890836	6682
2376528	2408372	6682
2376528	3193896	6682
284029	3515944	6750
3515944	851925	6747
3515944	2515475	6747
2376528	1923735	6682
2376528	3657145	6682
3515944	1785313	6747
3515944	445107	6747
2376528	2935117	6682
2376528	3298672	6682
2376528	79143	6682
3515944	3638810	6747
2376528	466569	6682
3515944	3658868	6747
3515944	3885363	6747
2376528	1688323	6682
2376528	844958	6682
2376528	317739	6682
3515944	320044	6747
3515944	1590245	6747
3515944	2727549	6747
3515944	341454	6747
2376528	1067493	6682
2376528	2609750	6682
3515944	1581768	6747
3515944	1090543	6747
2376528	4377433	6682
2376528	149461	6682
3515944	296128	6747
3515944	2652048	6747
3515944	3441559	6747
2198643	2318006	6813
1216822	3515944	6750
2376528	3469556	6682
3464984	3515944	6750
3515944	3621000	6747
3515944	660348	6747
2376528	1271148	6682
3515944	1890138	6747
3515944	3668935	6747
2376528	738312	6682
2376528	3378007	6682
2376528	1888080	6682
3515944	3374983	6747
2376528	1057768	6682
3515944	2502680	6747
3515944	4060001	6747
2376528	3639235	6682
3515944	3251587	6747
2376528	595191	6682
3515944	1716207	6747
2376528	4622165	6682
3515944	1643269	6747
2376528	2169654	6682
3515944	3860424	6747
3515944	237590	6747
2376528	3841010	6682
2376528	3132999	6682
3515944	4371674	6747
3515944	1529044	6747
2376528	4348404	6682
3515944	1969117	6747
3515944	2319585	6747
3515944	3025775	6747
2376528	2766743	6682
2376528	445709	6682
3515944	904327	6747
2376528	3771484	6682
3515944	4339182	6747
2376528	4330216	6682
3515944	125345	6747
3515944	1908497	6747
2376528	1933880	6682
2376528	1109256	6682
3515944	2140689	6747
3515944	523814	6747
3515944	3610254	6747
2376528	1188968	6682
2376528	2136220	6682
2376528	1329774	6682
3515944	715185	6747
2376528	2217403	6682
2376528	907584	6682
2376528	840174	6682
3515944	2067512	6747
2376528	1592112	6682
3515944	1312610	6747
2376528	1261840	6682
3515944	1665391	6747
2376528	2307441	6682
3515944	2401092	6747
3515944	2061474	6747
3515944	2639331	6747
2376528	4185727	6682
3515944	4116421	6747
2376528	279839	6682
3515944	2900993	6747
2376528	2569253	6682
3515944	1289325	6747
2376528	2450268	6682
2376528	4367685	6682
3515944	128046	6747
2376528	2938739	6682
3515944	4310699	6747
4120083	2286811	6938
3515944	1497000	6747
3515944	3696702	6747
2376528	1295743	6682
2376528	3149235	6682
3515944	1614810	6747
3515944	773666	6747
2376528	387435	6682
3515944	2525640	6747
3515944	1321007	6747
2376528	1607052	6682
3515944	1659147	6747
2376528	2036108	6682
3515944	2642122	6747
2376528	4508862	6682
3515944	4379484	6747
3515944	2109425	6747
3515944	3086913	6747
2376528	3406233	6682
3515944	1108064	6747
2376528	1621123	6682
3515944	2606735	6747
2376528	1512264	6682
2376528	2495047	6682
3515944	3175627	6747
3515944	4012700	6747
3515944	852433	6747
2376528	3354374	6682
2376528	1644940	6682
3515944	1999810	6747
3515944	3671348	6747
3515944	4501940	6747
2376528	2433377	6682
2376528	4337587	6682
3515944	2459553	6747
3515944	1452487	6747
3515944	2467434	6747
3515944	3166451	6747
2376528	4603071	6682
3515944	1663454	6747
3515944	1193449	6747
962515	3515944	6750
2376528	3718197	6682
2376528	4640261	6682
3515944	550610	6747
2376528	3967470	6682
274668	4476729	6818
3515944	2433377	6747
3515944	4145939	6747
2376528	576922	6682
3515944	2836182	6747
2376528	2939638	6682
2376528	369717	6682
3515944	1215709	6747
3515944	1333294	6747
3515944	2725819	6747
2376528	3326534	6682
2376528	1023673	6682
2376528	485358	6682
2376528	4615586	6682
3050276	4279357	6711
3515944	3772340	6747
3515944	1879408	6747
2376528	3642478	6682
3515944	2757978	6747
2376528	83265	6682
3515944	4534011	6747
2376528	1479170	6682
3515944	4571573	6747
3515944	3160816	6747
2376528	4064187	6682
2376528	1937758	6682
3515944	1027023	6747
3515944	3607428	6747
3515944	3284003	6747
3515944	1674516	6747
3515944	3692787	6747
2376528	3377637	6682
3515944	1250338	6747
3515944	4470780	6747
2376528	570333	6682
2376528	1895017	6682
3515944	2941291	6747
3515944	341952	6747
2376528	4307064	6682
3515944	1160955	6747
3515944	2397617	6747
2376528	3336072	6682
3515944	1713614	6747
3515944	4472583	6747
3515944	1060859	6747
2376528	2092300	6682
3515944	1877915	6747
2376528	922688	6682
3515944	2835405	6747
3515944	2217403	6747
3515944	1489099	6747
3515944	1348275	6747
2376528	4527339	6682
2376528	918990	6682
3515944	1361511	6747
2376528	2818181	6682
2376528	3725457	6682
2376528	941894	6682
3515944	1831621	6747
3515944	1735174	6747
3515944	466569	6747
2376528	3904574	6682
3515944	1018080	6747
2376528	3521884	6682
2376528	3553856	6682
2376528	188914	6682
2376528	2878717	6682
3515944	1787518	6747
3515944	590485	6747
2376528	1738002	6682
2376528	2510907	6682
3515944	769093	6747
3515944	4087601	6747
2376528	1937173	6682
2376528	2369873	6682
3515944	4637083	6747
2376528	207982	6682
2376528	229496	6682
3515944	448749	6747
3515944	907334	6747
2376528	3819399	6682
2376528	11645	6682
2376528	4261832	6682
2376528	3293796	6682
3515944	2994235	6747
3515944	1184493	6747
3515944	3666027	6747
2376528	1073495	6682
3515944	4211517	6747
2376528	1759392	6682
2376528	58026	6682
2376528	4394224	6682
2376528	3312590	6682
2376528	4270301	6682
3515944	1530867	6747
3515944	3885335	6747
2376528	4087601	6682
2376528	2383781	6682
3515944	4296805	6747
3515944	2027449	6747
2376528	4412505	6682
3515944	1446375	6747
2376528	2459717	6682
3515944	3397805	6747
2376528	4158955	6682
2376528	2882839	6682
2376528	3152707	6682
2376528	3881637	6682
2376528	1908497	6682
2376528	2724724	6682
2376528	1130771	6682
3515944	3293069	6747
2376528	2206026	6682
2376528	3816014	6682
2376528	1185738	6682
3515944	154158	6747
3515944	3406233	6747
3515944	3402119	6747
2376528	3940156	6682
312740	3515944	6750
3515944	2230354	6747
2376528	2234770	6682
3515944	3407316	6747
2376528	2829899	6682
2376528	1030503	6682
3515944	1288084	6747
3050276	1558441	6711
2376528	3281368	6682
2376528	2900813	6682
3515944	2698451	6747
3515944	2493068	6747
3515944	918027	6747
1586461	3515944	6750
3515944	4316809	6747
3515944	3053375	6747
2376528	3700550	6682
3515944	3399267	6747
2376528	2022807	6682
3515944	1792078	6747
2376528	652181	6682
3515944	137066	6747
3515944	3879480	6747
2376528	647191	6682
2376528	788058	6682
3515944	1987699	6747
2376528	2883642	6682
3515944	1191601	6747
3515944	570333	6747
2376528	219866	6682
4333054	2355708	6956
3515944	439107	6747
3515944	2910715	6747
2376528	1745356	6682
3515944	2053247	6747
2376528	4257779	6682
2376528	1235228	6682
3515944	3543433	6747
3515944	1827873	6747
2376528	569686	6682
3515944	2246692	6747
2376528	4002083	6682
3515944	253696	6747
2376528	1678918	6682
2376528	55904	6682
2376528	3861026	6682
2376528	855511	6682
2376528	227141	6682
2376528	2302189	6682
2376528	501811	6682
3515944	550344	6747
2724556	2355708	6678
2376528	1231860	6682
3515944	3734385	6747
2376528	1417974	6682
2376528	4339182	6682
3515944	2148135	6747
3515944	4526870	6747
3515944	4591150	6747
1550927	3515944	6750
2376528	999023	6682
3515944	3874069	6747
2376528	1180200	6682
2376528	555863	6682
3515944	87734	6747
2376528	1802325	6682
3515944	2724724	6747
3515944	1492576	6747
2376528	196076	6682
2376528	1346567	6682
3515944	4416666	6747
2376528	2692281	6682
2376528	446987	6682
2376528	3612685	6682
3515944	299050	6747
2376528	764736	6682
78098	3515944	6750
3515944	4527339	6747
355084	3515944	6750
2376528	4574886	6682
2376528	2836182	6682
3515944	1220370	6747
2376528	2357596	6682
2376528	4653675	6682
3515944	3675841	6747
2376528	3492929	6682
3515944	1802325	6747
3515944	2140735	6747
4476729	3595610	7411
4365683	3515944	6750
2376528	4427318	6682
3515944	1026045	6747
2376528	3953130	6682
3515944	3704917	6747
2376528	3872746	6682
2376528	138774	6682
2376528	3955295	6682
2376528	4123154	6682
3515944	2303724	6747
2376528	1393420	6682
2376528	1827873	6682
2376528	1903327	6682
2376528	3188694	6682
2376528	2284903	6682
2376528	548	6682
3239330	817319	8024
2376528	1171826	6682
3515944	3889396	6747
3515944	4465520	6747
2376528	423441	6682
2376528	2521677	6682
3515944	444274	6747
2376528	2085796	6682
3515944	1092376	6747
3515944	2703537	6747
2376528	3775249	6682
3515944	453231	6747
3515944	2450486	6747
2376528	2985738	6682
2376528	4316017	6682
2376528	341891	6682
2376528	4153405	6682
2376528	379905	6682
2376528	1076151	6682
2376528	3100377	6682
2376528	2977726	6682
3515944	1188968	6747
2376528	3175854	6682
3515944	3240878	6747
3515944	652181	6747
3515944	325892	6747
2376528	4069952	6682
2376528	1636085	6682
2376528	2307414	6682
3515944	4113556	6747
3515944	2142700	6747
3575737	1968919	6742
2376528	1648377	6682
2376528	2933347	6682
3957013	3515944	6750
3515944	886364	6747
3515944	56388	6747
3515944	2237380	6747
3515944	4136397	6747
2376528	390772	6682
2376528	2875523	6682
2376528	4290576	6682
3515944	1381194	6747
2376528	392320	6682
2376528	2910000	6682
3515944	3831821	6747
3515944	4278803	6747
2376528	3324294	6682
3515944	2580479	6747
3515944	1933880	6747
3515944	4378542	6747
3515944	1230888	6747
3515944	3850037	6747
2376528	3491200	6682
3515944	4271983	6747
2376528	1902599	6682
2376528	1295587	6682
3515944	2888029	6747
2376528	794224	6682
2376528	1994035	6682
2376528	3648716	6682
2376528	2583357	6682
4345978	3515944	6750
3783883	3515944	6750
2376528	3663167	6682
2376528	1634000	6682
2376528	2668357	6682
2376528	1244108	6682
2376528	1829496	6682
3515944	4330847	6747
3515944	3391847	6747
2376528	3541057	6682
3515944	105742	6747
2376528	2914211	6682
2376528	1599173	6682
3515944	2003567	6747
2376528	866728	6682
3515944	897301	6747
2427645	3515944	6750
2376528	3784714	6682
3515944	4466430	6747
2376528	4538697	6682
3515944	1151801	6747
2376528	4038610	6682
3515944	3531732	6747
3515944	4474308	6747
3515944	2135982	6747
3515944	3014409	6747
3515944	3511125	6747
3515944	3212727	6747
3515944	2628679	6747
4359891	4279357	6871
3515944	3912208	6747
2376528	4286170	6682
2376528	376823	6682
2376528	285240	6682
3515944	1868410	6747
2376528	2693894	6682
3515944	2456907	6747
2376528	3763818	6682
2500656	4279357	6839
2376528	1934026	6682
3515944	1148766	6747
3515944	3326263	6747
3515944	3995852	6747
3515944	3429577	6747
3515944	3920770	6747
4279357	2724556	6717
2376528	967015	6682
3515944	946985	6747
2376528	4572284	6682
3515944	2514474	6747
3695793	3515944	6750
2376528	4369732	6682
3515944	3956555	6747
2376528	4136397	6682
2376528	2208041	6682
2376528	505338	6682
2376528	4591150	6682
2376528	4404910	6682
3515944	43149	6747
3515944	2816440	6747
3515944	2884218	6747
1829496	4120083	11969
3515944	987501	6747
2376528	3068581	6682
2376528	3277560	6682
2376528	3548760	6682
2376528	3646005	6682
2376528	671823	6682
1769319	3515944	6750
3515944	4394224	6747
4120083	3556930	6938
3515944	466131	6747
3515944	3501838	6747
2376528	1124678	6682
3515944	2808961	6747
3515944	942982	6747
3515944	3715618	6747
2376528	1088362	6682
2376528	949352	6682
2376528	4459628	6682
3515944	576922	6747
3515944	4168042	6747
2376528	2737832	6682
2376528	4386253	6682
3515944	3203392	6747
2376528	2061474	6682
2376528	3708579	6682
2376528	2753173	6682
3515944	2202422	6747
3515944	1417974	6747
3515944	232008	6747
3515944	4227732	6747
2376528	439107	6682
2376528	179846	6682
2376528	4050927	6682
2376528	3116049	6682
2376528	2383316	6682
3515944	957984	6747
2376528	1229451	6682
2376528	534243	6682
2376528	4002129	6682
2376528	3080140	6682
2376528	2705460	6682
2376528	3437661	6682
2376528	885058	6682
3515944	2164697	6747
2376528	920270	6682
3515944	3961931	6747
3515944	3603950	6747
2376528	1346105	6682
2376528	314198	6682
2376528	3501400	6682
3515944	1055840	6747
2376528	2008293	6682
2376528	1352223	6682
2376528	3706682	6682
2376528	3452323	6682
3515944	1348851	6747
2376528	1079318	6682
2376528	4045734	6682
2376528	1807234	6682
2376528	1023761	6682
2376528	1016565	6682
3515944	44487	6747
2376528	423664	6682
4476729	4476205	6837
2376528	1103842	6682
3515944	873829	6747
2376528	839267	6682
2376528	4088968	6682
2376528	3816673	6682
3515944	4185727	6747
2376528	1819818	6682
2376528	1246963	6682
2376528	4655308	6682
3515944	1378018	6747
2376528	3276087	6682
2376528	2743993	6682
2376528	2666770	6682
2376528	4232355	6682
2376528	9886	6682
3515944	145286	6747
3515944	1984149	6747
3515944	2445337	6747
3515944	3651447	6747
3515944	2590181	6747
3515944	2490305	6747
2376528	701885	6682
2376528	4365554	6682
3515944	4076824	6747
3515944	3886932	6747
2376528	981279	6682
2376528	3184868	6682
3515944	182743	6747
3515944	2908465	6747
2376528	3373483	6682
2376528	3770913	6682
3515944	1109256	6747
2376528	2801197	6682
3515944	4102337	6747
3515944	4036650	6747
3515944	53969	6747
3515944	2144902	6747
3515944	3857885	6747
2376528	4146782	6682
3515944	1965941	6747
3515944	4290576	6747
2376528	2391643	6682
3515944	409550	6747
2376528	1077833	6682
2376528	2242206	6682
4279357	1940807	6872
2286811	4120083	7668
2376528	1342293	6682
3515944	1996276	6747
2376528	3531203	6682
3515944	3743884	6747
2376528	1420794	6682
2376528	251539	6682
2376528	448979	6682
3515944	2879854	6747
2376528	3653220	6682
3515944	1516982	6747
2376528	3679809	6682
3515944	2785331	6747
2376528	3577987	6682
3515944	4016371	6747
3515944	3204853	6747
2376528	2705404	6682
3515944	1339222	6747
2376528	4575802	6682
2376528	2433769	6682
2376528	90885	6682
3515944	1949498	6747
3515944	1919727	6747
2376528	2248364	6682
3515944	4474246	6747
2376528	2580479	6682
3515944	454060	6747
3515944	4316671	6747
2376528	3451824	6682
3515944	1890501	6747
4527339	3515944	6750
2376528	4013777	6682
3515944	1730987	6747
2376528	3385126	6682
2376528	1516982	6682
2376528	2952817	6682
2376528	4143526	6682
3515944	3950528	6747
2376528	2746093	6682
2376528	4262974	6682
3515944	2806363	6747
1340278	3515944	6750
3515944	1081565	6747
2376528	1040850	6682
2376528	824831	6682
2376528	3371692	6682
3515944	2811082	6747
2376528	736328	6682
2376528	4145939	6682
2376528	570419	6682
3515944	1454235	6747
2376528	2203231	6682
3515944	366407	6747
2376528	4605741	6682
2376528	341061	6682
3515944	2601045	6747
2376528	515906	6682
3515944	3548760	6747
3515944	2430743	6747
3515944	2554001	6747
2376528	3244346	6682
3515944	187059	6747
3515944	4297551	6747
2376528	623237	6682
2376528	4404914	6682
2376528	4514540	6682
2376528	1692983	6682
2376528	1591420	6682
3515944	4223162	6747
2376528	1615689	6682
3515944	4253771	6747
3515944	4015726	6747
3515944	3319316	6747
2376528	4500063	6682
2376528	3260868	6682
2376528	3234430	6682
3515944	4064187	6747
2376528	4283864	6682
2376528	4328978	6682
3515944	4121095	6747
3515944	1175062	6747
2376528	783071	6682
3515944	467298	6747
3515944	58026	6747
2376528	2187187	6682
2376528	3561336	6682
3515944	6792	6747
3515944	80261	6747
2376528	886524	6682
4476729	4476205	6936
3515944	1823670	6747
3515944	3306846	6747
2376528	2427830	6682
3515944	4580932	6747
2376528	489626	6682
3515944	359197	6747
3515944	1568548	6747
2376528	2666140	6682
2355708	660629	6738
3515944	1033961	6747
2376528	3037196	6682
3515944	2840659	6747
2376528	2796601	6682
3515944	1903406	6747
2376528	4305601	6682
3515944	2931209	6747
4476729	4476205	6846
3515944	1833452	6747
2376528	1415888	6682
3515944	2163569	6747
2376528	4612045	6682
2376528	2205693	6682
2376528	97662	6682
2376528	3834076	6682
3515944	3336072	6747
2376528	3285258	6682
3515944	4347567	6747
3515944	766917	6747
3515944	2972414	6747
3515944	1641562	6747
3515944	18160	6747
2376528	868446	6682
3515944	3380826	6747
3515944	134836	6747
3515944	21542	6747
2376528	432986	6682
3515944	3148872	6747
2376528	2129047	6682
2376528	2382799	6682
3515944	998558	6747
2376528	4317733	6682
3515944	320534	6747
3515944	2982737	6747
3515944	2004773	6747
2376528	4220457	6682
3515944	4616921	6747
3515944	346484	6747
2376528	850399	6682
2376528	4128231	6682
2376528	3470444	6682
3515944	3561809	6747
2376528	2486331	6682
4437656	3515944	6750
3515944	4169672	6747
3515944	1743024	6747
2376528	4604261	6682
3515944	4402996	6747
2376528	1979870	6682
3515944	2551388	6747
2376528	2736444	6682
3515944	2136794	6747
3515944	4392005	6747
2376528	1288084	6682
3515944	601619	6747
2376528	245323	6682
2376528	3595610	6682
3515944	3252473	6747
3515944	2244908	6747
2376528	4486218	6682
3515944	2309779	6747
3515944	92548	6747
3515944	3012195	6747
2376528	1946508	6682
2376528	2563104	6682
2376528	2860140	6682
3515944	3410886	6747
3515944	441393	6747
3515944	2373127	6747
2376528	810706	6682
3515944	2950296	6747
3515944	6917	6747
3515944	635967	6747
3515944	560461	6747
3515944	2107914	6747
3515944	1811742	6747
3515944	4262239	6747
3050276	2538672	6693
2376528	1349196	6682
2376528	2594156	6682
3515944	951790	6747
2376528	2423952	6682
2376528	1966045	6682
3515944	2408372	6747
3515944	2321234	6747
2376528	3621190	6682
3515944	1496185	6747
2376528	903918	6682
3515944	3199977	6747
2376528	232990	6682
2376528	911337	6682
2376528	2553247	6682
2376528	4047095	6682
2376528	3470210	6682
2376528	1616871	6682
3515944	387435	6747
2376528	3939960	6682
2376528	3622618	6682
2376528	3830894	6682
2376528	4330284	6682
2376528	2337252	6682
2376528	3395540	6682
2376528	2864943	6682
3515944	1049438	6747
3515944	1103842	6747
2376528	3076147	6682
2376528	2569798	6682
3515944	1282730	6747
2376528	2452470	6682
2376528	84093	6682
3515944	808201	6747
2376528	4194924	6682
3515944	2872559	6747
2376528	4495864	6682
3515944	555863	6747
3515944	140566	6747
2376528	4222690	6682
2376528	531684	6682
2376528	3616607	6682
3515944	3720270	6747
3515944	472111	6747
3515944	1880059	6747
2376528	2845871	6682
2376528	4268391	6682
2376528	1506413	6682
2376528	3513964	6682
3515944	3711759	6747
2376528	1812439	6682
2376528	2107365	6682
3515944	3200838	6747
2376528	2723280	6682
2376528	1791483	6682
2376528	528853	6682
1787518	3515944	6750
2376528	2532399	6682
3515944	340270	6747
3515944	2453057	6747
3515944	4011605	6747
2376528	1937112	6682
3515944	1016565	6747
3515944	642872	6747
2376528	871853	6682
3515944	4646564	6747
2376528	536317	6682
3515944	1785707	6747
2376528	1819234	6682
3515944	2164923	6747
3515944	2582291	6747
3515944	2884239	6747
3515944	4523461	6747
3515944	4369254	6747
2376528	681591	6682
2376528	2184933	6682
3515944	4232425	6747
3515944	736328	6747
2376528	2638855	6682
3515944	3037851	6747
2376528	1818905	6682
2376528	3434281	6682
2376528	4481875	6682
3515944	3641069	6747
3515944	1906644	6747
3515944	2433018	6747
3515944	3355908	6747
2376528	1923909	6682
3515944	3541837	6747
2376528	3154993	6682
2376528	2584992	6682
3515944	4590689	6747
3515944	1876802	6747
3515944	2756479	6747
2376528	688472	6682
3515944	793464	6747
2376528	1297548	6682
2376528	1652828	6682
3515944	472281	6747
2376528	1936569	6682
3515944	3452391	6747
2376528	2800110	6682
3515944	4075971	6747
2376528	2678264	6682
3515944	2816846	6747
2376528	2978166	6682
3515944	1902599	6747
3515944	4107626	6747
3515944	3034426	6747
3515944	3011005	6747
2376528	2838975	6682
2376528	2848792	6682
3515944	2851060	6747
2376528	2181212	6682
3515944	3354073	6747
2376528	1099415	6682
2376528	253696	6682
2376528	3362017	6682
2376528	2140689	6682
2376528	384302	6682
2376528	3460451	6682
2376528	1010372	6682
3515944	2771187	6747
2376528	1489218	6682
2376528	4322889	6682
3515944	1518505	6747
2376528	2036954	6682
3515944	3887554	6747
2376528	2364802	6682
3515944	1633664	6747
3515944	4005782	6747
2376528	2122075	6682
2376528	1910103	6682
3515944	1480398	6747
2376528	2075420	6682
2376528	4465520	6682
3515944	3487177	6747
3515944	1023142	6747
3515944	2328158	6747
3515944	1336709	6747
3515944	2977726	6747
3515944	2136220	6747
2376528	1157765	6682
2376528	52528	6682
2376528	442577	6682
3515944	1999856	6747
3515944	3836972	6747
3515944	542706	6747
2376528	3210418	6682
3515944	656275	6747
2376528	3747250	6682
3515944	3241998	6747
2376528	745894	6682
3515944	3551859	6747
2376528	4561593	6682
2376528	4608794	6682
3515944	3957013	6747
2376528	3156915	6682
3515944	1514241	6747
2376528	2831375	6682
2376528	2559031	6682
3515944	3440040	6747
3515944	2753173	6747
3515944	2693592	6747
3515944	3040058	6747
3515944	2911366	6747
3515944	1155374	6747
3515944	3276087	6747
3515944	679278	6747
3515944	1149831	6747
3515944	417587	6747
3515944	1574913	6747
2376528	778661	6682
2376528	2496467	6682
3515944	2307441	6747
2376528	1354624	6682
3515944	4302526	6747
2376528	1055136	6682
3515944	2666770	6747
3515944	2773991	6747
2376528	1601391	6682
3515944	1047390	6747
3515944	2956432	6747
2376528	268376	6682
3515944	2668357	6747
3515944	1883707	6747
2376528	2738064	6682
3515944	2657391	6747
3515944	1903523	6747
3515944	4381483	6747
3515944	3798706	6747
2376528	4342062	6682
3515944	1547926	6747
3515944	3188694	6747
3515944	3772389	6747
2376528	3893931	6682
2376528	3080183	6682
3515944	3099092	6747
3515944	1700514	6747
2376528	2576070	6682
2376528	3857885	6682
2376528	315025	6682
3515944	640197	6747
2376528	607771	6682
2376528	2237380	6682
2376528	2420285	6682
2376528	541609	6682
2303724	3515944	6750
3515944	1083135	6747
2376528	2561875	6682
3515944	1273580	6747
2376528	3831821	6682
2376528	2263323	6682
2376528	1215709	6682
3515944	1513791	6747
2376528	1493892	6682
2376528	2969738	6682
2376528	3879608	6682
2376528	3434392	6682
3515944	4384401	6747
3515944	3541821	6747
3515944	4619936	6747
2376528	3724581	6682
2376528	2534635	6682
2376528	3680039	6682
3515944	82160	6747
2376528	1927362	6682
2376528	2308337	6682
3515944	3203946	6747
3515944	1488231	6747
3515944	770674	6747
2376528	1446375	6682
3515944	1910103	6747
3515944	2885556	6747
3515944	4208098	6747
2376528	446816	6682
2376528	1560893	6682
3515944	3790753	6747
3515944	1813749	6747
3515944	2953584	6747
3515944	4045775	6747
2376528	61946	6682
3515944	2092963	6747
3515944	2611115	6747
3515944	2834652	6747
2355708	4262239	6828
2376528	363620	6682
3515944	786251	6747
2376528	4046697	6682
1144058	3515944	6750
3515944	2329456	6747
3515944	4386253	6747
2376528	1301014	6682
2376528	1250338	6682
2376528	598703	6682
3515944	2025449	6747
2376528	3425979	6682
2376528	3773234	6682
2376528	4595872	6682
3515944	2768518	6747
3515944	1974814	6747
2376528	1665759	6682
2992811	3515944	6750
3515944	297396	6747
3515944	2846137	6747
2376528	4496184	6682
2376528	2599681	6682
2376528	413695	6682
3515944	2781622	6747
3515944	1546822	6747
3515944	3546222	6747
2376528	1530283	6682
2376528	4590107	6682
3515944	1137229	6747
3515944	3150648	6747
3515944	4296292	6747
3515944	181541	6747
3515944	4104077	6747
3515944	2978433	6747
3515944	4620615	6747
2376528	526839	6682
2376528	1940505	6682
2376528	1104734	6682
2376528	3393351	6682
3515944	3445983	6747
3515944	4087345	6747
2376528	3909745	6682
3515944	132918	6747
3515944	2667439	6747
3515944	251539	6747
3515944	447885	6747
2376528	1404419	6682
2376528	3093651	6682
2376528	3471364	6682
2376528	2141626	6682
3515944	1616271	6747
3515944	3375300	6747
2376528	2890424	6682
2376528	3599284	6682
3515944	648643	6747
3515944	4309067	6747
3515944	2427645	6747
2376528	2315017	6682
2376528	466592	6682
2376528	933439	6682
2376528	4152072	6682
3515944	2258451	6747
2376528	724332	6682
2376528	2392423	6682
3515944	4344362	6747
3515944	4404914	6747
3515944	3029862	6747
3515944	1781493	6747
2376528	1144249	6682
2376528	940849	6682
3515944	3315313	6747
3515944	3162056	6747
3515944	4001504	6747
3515944	3751609	6747
3515944	3382855	6747
2376528	4263435	6682
2376528	962020	6682
2376528	3610885	6682
3515944	3492929	6747
3515944	1131462	6747
2376528	3512934	6682
3515944	2012798	6747
2376528	3445983	6682
2376528	1165957	6682
3515944	4289572	6747
2376528	3457670	6682
3515944	2911553	6747
2376528	1981747	6682
3515944	841551	6747
2376528	4564578	6682
3515944	4348404	6747
2376528	3155345	6682
2376528	2158645	6682
3515944	2834348	6747
3515944	2539348	6747
3515944	3565448	6747
3515944	1942347	6747
2376528	2645141	6682
3515944	4079575	6747
2376528	1264201	6682
2376528	2154141	6682
2376528	1129009	6682
3515944	3606598	6747
2376528	3974812	6682
2376528	2429215	6682
2376528	2676609	6682
2376528	4242223	6682
2376528	472884	6682
172992	3515944	6750
2376528	288863	6682
3515944	1013021	6747
3515944	903918	6747
2376528	125959	6682
3515944	751507	6747
2376528	3743884	6682
3515944	534243	6747
2376528	3683963	6682
3515944	3738236	6747
2376528	4150919	6682
3515944	1221467	6747
3515944	3341735	6747
3515944	3143728	6747
3515944	4082924	6747
2376528	1839450	6682
2318006	2198643	7163
3515944	4529791	6747
3515944	3214420	6747
2376528	4276536	6682
2376528	1108064	6682
3515944	839030	6747
3515944	1960847	6747
3515944	1819725	6747
3515944	1403771	6747
3515944	930409	6747
3515944	893542	6747
2376528	266469	6682
3515944	3790807	6747
3515944	1870728	6747
2376528	3022323	6682
3515944	302646	6747
2376528	1813540	6682
3515944	204083	6747
3515944	3992503	6747
2376528	2783008	6682
3515944	1185738	6747
2376528	3430166	6682
2376528	3212727	6682
3515944	3396981	6747
3515944	2972561	6747
3515944	2950619	6747
2376528	2477880	6682
3515944	1966077	6747
3515944	15143	6747
3515944	2796193	6747
2376528	2723533	6682
3515944	2083887	6747
2376528	3798706	6682
2376528	3763294	6682
3515944	1075615	6747
3515944	1837991	6747
2376528	3440040	6682
3515944	2739755	6747
3515944	561851	6747
2376528	3480075	6682
2376528	50984	6682
2376528	2030914	6682
2376528	3401054	6682
3515944	2920490	6747
3515944	1538910	6747
3515944	4102812	6747
2376528	4046268	6682
3515944	317739	6747
2376528	299050	6682
2376528	3995852	6682
2376528	3790807	6682
3515944	2691129	6747
2376528	608566	6682
3515944	2599442	6747
2376528	1958814	6682
2376528	132918	6682
2376528	1813749	6682
2376528	1678624	6682
2376528	4167816	6682
2376528	3466587	6682
3515944	3356143	6747
3515944	1192670	6747
3515944	603760	6747
3515944	4242897	6747
3515944	898840	6747
3515944	4312168	6747
3515944	1727330	6747
3515944	599588	6747
3515944	3437034	6747
2376528	2163569	6682
2376528	1982324	6682
3515944	424481	6747
2376528	896893	6682
3515944	3000067	6747
2376528	2502680	6682
3515944	2709835	6747
2376528	2086388	6682
3515944	1871378	6747
2376528	204083	6682
3515944	349334	6747
3515944	3256622	6747
3515944	2959944	6747
3515944	1002979	6747
2376528	2155879	6682
2376528	3961926	6682
3515944	3538243	6747
2376528	3108897	6682
3515944	3656461	6747
3515944	2924387	6747
2376528	295117	6682
3515944	1266759	6747
2376528	3260925	6682
3515944	671021	6747
3515944	728981	6747
2376528	584209	6682
3515944	4607697	6747
2376528	2760555	6682
2376528	1885076	6682
3515944	1431460	6747
3515944	519358	6747
3515944	1246963	6747
3515944	611120	6747
2376528	1562711	6682
3515944	4130456	6747
3515944	403031	6747
4279357	56388	6837
2376528	3142889	6682
2376528	3898074	6682
2376528	3994214	6682
3515944	234954	6747
2376528	3512226	6682
2376528	1644992	6682
3515944	1010372	6747
2376528	3891745	6682
3515944	1233512	6747
3515944	86196	6747
2376528	1421771	6682
2376528	975761	6682
3515944	2818181	6747
2376528	1400087	6682
3515944	2036954	6747
2376528	1548677	6682
2376528	1010230	6682
2376528	1058008	6682
3515944	1579914	6747
2376528	2246758	6682
2376528	2570104	6682
2376528	4381969	6682
2376528	4544156	6682
3515944	2355903	6747
3515944	2592632	6747
2376528	871416	6682
3515944	319554	6747
3515944	3307265	6747
3515944	2643750	6747
3515944	2342808	6747
3515944	4057170	6747
2376528	1401775	6682
2376528	1548910	6682
3515944	498456	6747
3515944	3848929	6747
2376528	3060708	6682
3515944	746623	6747
2376528	996936	6682
3515944	2878717	6747
2376528	254785	6682
3515944	1875394	6747
3515944	3533003	6747
2376528	2939541	6682
2376528	1438957	6682
2376528	2988919	6682
2376528	44487	6682
3515944	3153786	6747
2376528	1461684	6682
3515944	2155879	6747
3515944	3974812	6747
3515944	698430	6747
3515944	4496184	6747
3515944	3555230	6747
3515944	1772379	6747
2376528	83063	6682
3515944	2991786	6747
3515944	3486707	6747
3515944	1008755	6747
3515944	1489218	6747
3515944	4639704	6747
2376528	2846683	6682
3515944	3813307	6747
3515944	4641926	6747
3515944	2046025	6747
2376528	4384239	6682
2376528	351498	6682
2724556	3615191	6867
2376528	4067189	6682
3515944	316976	6747
2376528	1460864	6682
3515944	4257779	6747
3515944	4093720	6747
2376528	913755	6682
3515944	4504490	6747
3515944	1160773	6747
3515944	2342083	6747
3515944	1484854	6747
3515944	1066329	6747
2376528	1264592	6682
3515944	4128231	6747
2376528	1837985	6682
3515944	1594425	6747
3515944	4191130	6747
3515944	2350992	6747
2376528	4279162	6682
3515944	2284469	6747
2376528	3948295	6682
3515944	548669	6747
3515944	1216165	6747
3515944	1760849	6747
2376528	4367181	6682
3515944	3430522	6747
3515944	1819818	6747
2376528	1172945	6682
3515944	4347918	6747
2376528	746623	6682
2376528	4024592	6682
3515944	2307414	6747
2376528	1800738	6682
2376528	3404521	6682
2376528	3943607	6682
2376528	1680347	6682
3515944	1087246	6747
2376528	2732420	6682
2376528	2806363	6682
2376528	3394696	6682
2376528	4296805	6682
2376528	4257952	6682
3515944	2650705	6747
3515944	2335647	6747
2376528	3887086	6682
3515944	1378913	6747
2376528	3588156	6682
2376528	3594127	6682
3515944	1501240	6747
3515944	335716	6747
2376528	515616	6682
3515944	1918326	6747
3515944	3704776	6747
3515944	1214643	6747
3515944	1858070	6747
2376528	1169349	6682
3515944	1800679	6747
3515944	639355	6747
3515944	690554	6747
3515944	1104734	6747
3515944	1464340	6747
3515944	41243	6747
3515944	1455156	6747
2376528	182462	6682
2376528	668156	6682
3515944	1802796	6747
2376528	2170058	6682
2376528	2202649	6682
3515944	254062	6747
3515944	313239	6747
2376528	2276829	6682
3515944	4123132	6747
2376528	1313121	6682
3515944	2085351	6747
2149164	3515944	6750
3515944	1856873	6747
2376528	1269384	6682
2376528	1814401	6682
3515944	3765749	6747
2376528	1868351	6682
3515944	855511	6747
3515944	1805273	6747
2376528	988016	6682
3515944	423441	6747
3515944	4462975	6747
3515944	3638979	6747
3515944	1762918	6747
3515944	3914406	6747
2376528	3662354	6682
3515944	222654	6747
3515944	2680175	6747
3515944	4657093	6747
2376528	2272357	6682
2376528	2051706	6682
3515944	4500509	6747
3515944	3668477	6747
3515944	3273054	6747
3515944	86171	6747
2376528	865323	6682
3515944	639466	6747
2376528	3119223	6682
3515944	1553901	6747
2376528	2085351	6682
3515944	2859738	6747
2376528	2910715	6682
2376528	679278	6682
2376528	259350	6682
3515944	660629	6747
2376528	475218	6682
2376528	2756362	6682
2376528	3078914	6682
3515944	3490313	6747
3515944	1890140	6747
3515944	924191	6747
2376528	148543	6682
3515944	2890424	6747
2376528	48507	6682
3515944	4427318	6747
2376528	1495865	6682
2536333	2198643	6818
2376528	2911366	6682
2376528	2348885	6682
3515944	3673573	6747
4262239	3515944	6750
3515944	50405	6747
2376528	3661505	6682
2376528	2930868	6682
2376528	930857	6682
3515944	375101	6747
3515944	4236412	6747
3515944	3022756	6747
2376528	3715567	6682
2376528	4409246	6682
2376528	4472583	6682
2376528	4586069	6682
3515944	1166507	6747
2376528	1002979	6682
3515944	2023141	6747
3515944	1179156	6747
3515944	1767666	6747
3515944	1424053	6747
3515944	122311	6747
2376528	2576469	6682
2376528	178213	6682
2376528	1616271	6682
2376528	3561155	6682
2376528	2338167	6682
2376528	2184107	6682
2376528	3192655	6682
2376528	600058	6682
3515944	400635	6747
3515944	2154141	6747
2376528	3627180	6682
3515944	3517259	6747
3515944	3127262	6747
3515944	4356054	6747
4279357	3076147	6844
2376528	4411130	6682
3515944	3960153	6747
2376528	3538243	6682
3515944	3253785	6747
2376528	2297448	6682
2376528	3902595	6682
3515944	2901666	6747
2376528	2796193	6682
3515944	3775249	6747
2376528	3632252	6682
2376528	2545534	6682
2376528	801903	6682
3515944	181737	6747
2376528	2068636	6682
3515944	1698295	6747
2376528	2191486	6682
3515944	3816651	6747
3515944	1364689	6747
3515944	199150	6747
3515944	2521677	6747
2376528	3167314	6682
2376528	4576964	6682
2376528	2368043	6682
2376528	495334	6682
2376528	3253774	6682
2376528	3475387	6682
3515944	218696	6747
3515944	2057049	6747
2376528	2556025	6682
3515944	56765	6747
3515944	4001686	6747
2376528	1504212	6682
2376528	2946481	6682
2376528	224407	6682
2376528	3200887	6682
3515944	2849090	6747
3515944	2148392	6747
2376528	1072624	6682
2376528	4232369	6682
3515944	1299112	6747
2376528	3957078	6682
3515944	236758	6747
2376528	2059302	6682
2376528	1875913	6682
3515944	3884176	6747
3515944	8072	6747
2376528	2360774	6682
3515944	2000507	6747
3515944	942636	6747
2376528	556525	6682
2376528	3587267	6682
2376528	2800711	6682
3515944	3821089	6747
3515944	2246150	6747
3515944	2085056	6747
3515944	4155277	6747
2376528	1313772	6682
2376528	1568548	6682
3515944	2086079	6747
3515944	3883069	6747
3515944	3916050	6747
2376528	1142521	6682
3515944	1023486	6747
3515944	4564578	6747
3515944	4488828	6747
2376528	2232576	6682
3515944	2971094	6747
3515944	4368992	6747
3086913	3515944	6750
3515944	83265	6747
3515944	4355651	6747
2376528	2441305	6682
3515944	3029237	6747
3515944	4550903	6747
2376528	396286	6682
3515944	3234430	6747
3595610	4476729	6839
2376528	2552008	6682
1378018	3515944	6750
3515944	1030990	6747
2376528	3464984	6682
2376528	4188069	6682
2376528	957704	6682
2376528	3889396	6682
3515944	2784774	6747
3515944	1905859	6747
2376528	195458	6682
2376528	3114558	6682
2376528	1755842	6682
3515944	2695190	6747
2376528	3439228	6682
3515944	1823571	6747
2376528	4535461	6682
3515944	469253	6747
3515944	648800	6747
2376528	1212342	6682
3515944	2548775	6747
2376528	781308	6682
3515944	155435	6747
3515944	48507	6747
2376528	2960521	6682
2376528	2330999	6682
2376528	1809006	6682
2376528	3415976	6682
2376528	1546381	6682
2376528	2904502	6682
2376528	3692855	6682
3515944	1391781	6747
2376528	1383684	6682
2376528	826381	6682
2376528	126225	6682
3515944	2087143	6747
3515944	619929	6747
3515944	652736	6747
2376528	3858325	6682
2376528	3389426	6682
2376528	3739495	6682
3515944	4304408	6747
2376528	3099422	6682
3515944	3834296	6747
2376528	2467434	6682
2376528	4054099	6682
3227347	3575737	6828
3515944	355084	6747
3515944	1671132	6747
2376528	1844259	6682
2376528	533830	6682
3515944	1594091	6747
2376528	4389131	6682
3515944	4415443	6747
3515944	685666	6747
3515944	3118815	6747
3515944	3175854	6747
3515944	275225	6747
2376528	1568505	6682
3515944	1439908	6747
2376528	3258412	6682
3515944	764783	6747
3515944	1233709	6747
3515944	1906175	6747
2376528	4492006	6682
2969054	2724556	6868
3515944	2569798	6747
2376528	3180451	6682
2376528	1753422	6682
3515944	797096	6747
3515944	4573306	6747
3515944	2859606	6747
2376528	2371029	6682
3515944	3404167	6747
3515944	3527057	6747
3515944	2118180	6747
3515944	3470210	6747
3515944	1716549	6747
2376528	1137355	6682
3515944	1826443	6747
3515944	4052977	6747
3515944	584209	6747
2376528	798074	6682
2376528	1880059	6682
3515944	3271496	6747
3515944	3129476	6747
3515944	2970685	6747
2376528	1944457	6682
2376528	3429963	6682
2376528	2504092	6682
3515944	3258412	6747
3160816	3515944	6750
3515944	396405	6747
3407316	3515944	6750
3515944	2066656	6747
2376528	1450609	6682
2376528	2585357	6682
3515944	4286170	6747
2376528	3271703	6682
2376528	1676639	6682
2376528	3821089	6682
2376528	3998314	6682
2376528	785870	6682
2376528	1142557	6682
2376528	2922933	6682
2376528	2006870	6682
3515944	3692855	6747
2376528	2523358	6682
3515944	1131672	6747
3515944	2297448	6747
3515944	801917	6747
3515944	3661505	6747
3515944	2220731	6747
3515944	1399744	6747
3515944	3030644	6747
3515944	3556961	6747
3515944	696331	6747
3515944	4244998	6747
2376528	3978888	6682
3515944	278935	6747
2376528	4570476	6682
2376528	4038503	6682
2376528	1862707	6682
3515944	3113727	6747
3515944	2746093	6747
3515944	2721349	6747
3515944	1680347	6747
2376528	2600588	6682
3515944	2697328	6747
2376528	1665847	6682
3515944	450750	6747
3515944	4603505	6747
2376528	2164923	6682
2376528	1336150	6682
2376528	1288265	6682
3515944	2332395	6747
2376528	4389677	6682
2376528	1932739	6682
3515944	1744183	6747
2376528	1815559	6682
2376528	1885235	6682
3515944	2571075	6747
3515944	1310659	6747
2376528	3556930	6891
3515944	2805276	6747
3515944	3531654	6747
3515944	2390355	6747
2376528	3232119	6682
3515944	588239	6747
3515944	1199689	6747
2376528	1184493	6682
2376528	3126333	6682
2376528	1299112	6682
2376528	1233709	6682
3515944	2765260	6747
3515944	3020210	6747
3515944	1210403	6747
2376528	2148392	6682
3515944	152963	6747
3515944	3841010	6747
2376528	1953631	6682
3515944	2504092	6747
3515944	3242138	6747
3515944	3325532	6747
2376528	4643997	6682
2376528	635967	6682
3515944	2743907	6747
2376528	4525911	6682
2376528	1375771	6682
3515944	2737832	6747
2376528	3190844	6682
2376528	1657620	6682
3515944	1607052	6747
3515944	2800110	6747
2376528	755798	6682
3515944	1124862	6747
2376528	48917	6682
2376528	793464	6682
2376528	547090	6682
3515944	3597147	6747
3515944	2535704	6747
2376528	4377773	6682
3515944	731648	6747
2376528	1727330	6682
3515944	789680	6747
3515944	4450364	6747
3515944	4095288	6747
3515944	1263128	6747
2376528	1754819	6682
2376528	3019912	6682
2376528	1541107	6682
3515944	3541368	6747
2376528	1787781	6682
3515944	3732173	6747
3515944	2599092	6747
2376528	1824662	6682
3515944	3512226	6747
2376528	3848929	6682
2376528	3407237	6682
3515944	790007	6747
3515944	3246276	6747
2376528	2166722	6682
3515944	2495203	6747
3515944	4503985	6747
3515944	2171068	6747
3515944	3700550	6747
2376528	1687136	6682
2376528	4255677	6682
3515944	1610974	6747
3515944	4595872	6747
2376528	780869	6682
3515944	21749	6747
2376528	2607221	6682
3515944	1498681	6747
2376528	929330	6682
2376528	648618	6682
3515944	2496467	6747
3515944	3894917	6747
2376528	1440792	6682
3515944	881741	6747
3515944	1561837	6747
2376528	2209007	6682
3515944	952749	6747
2376528	4453225	6682
3515944	4256139	6747
3515944	520193	6747
3515944	844958	6747
2376528	2437648	6682
2376528	1112390	6682
2376528	2197434	6682
2376528	52784	6682
2376528	3160816	6682
2376528	3998896	6682
2376528	972931	6682
2376528	145286	6682
2376528	2603714	6682
3515944	929330	6747
2376528	866501	6682
3515944	3650103	6747
3515944	4293468	6747
3515944	2738064	6747
3515944	3288089	6747
2376528	345144	6682
3515944	2742254	6747
2376528	1581606	6682
2376528	3776889	6682
2376528	1278572	6682
3515944	4533984	6747
3515944	382144	6747
3556930	2572065	8000
3515944	2037552	6747
2376528	3843680	6682
2572065	3556930	8003
3515944	826878	6747
2376528	848294	6682
2376528	1803237	6682
2376528	169271	6682
2376528	2853878	6682
3515944	4377495	6747
2376528	2337776	6682
3515944	1375771	6747
3515944	4648027	6747
3515944	3389007	6747
3515944	2129335	6747
3515944	2131849	6747
3515944	3042886	6747
3515944	2380977	6747
2376528	2261722	6682
3515944	2121830	6747
2376528	3426746	6682
3515944	3747250	6747
3515944	3286931	6747
2376528	3654451	6682
3515944	2412869	6747
2376528	4057183	6682
3515944	4002083	6747
2376528	2087143	6682
3515944	2044731	6747
2376528	2999398	6682
3515944	3100377	6747
2376528	4506757	6682
2376528	1300223	6682
3515944	1399662	6747
2376528	119755	6682
3515944	2335938	6747
2376528	946985	6682
2376528	2775760	6682
3515944	2884495	6747
2376528	2534174	6682
2376528	922648	6682
3515944	4311101	6747
3515944	2480425	6747
2376528	3065211	6682
2376528	702313	6682
3515944	918044	6747
3515944	3099422	6747
3515944	2971218	6747
3515944	127601	6747
3515944	2766195	6747
3515944	2392314	6747
3515944	1260095	6747
3515944	2287670	6747
2376528	4364972	6682
2376528	4327765	6682
2376528	1216165	6682
2376528	1908400	6682
2376528	1502873	6682
3515944	3795890	6747
2376528	4612803	6682
3515944	3836495	6747
2376528	3430522	6682
1977508	3515944	6750
3515944	1451855	6747
2376528	1839596	6682
3515944	2329079	6747
2376528	2353054	6682
2376528	1501240	6682
2376528	3638979	6682
2376528	1937538	6682
2376528	3354073	6682
2376528	1260696	6682
2376528	2290250	6682
3515944	4216011	6747
3515944	1868351	6747
2376528	1711156	6682
2376528	520433	6682
3515944	4500063	6747
2376528	4630071	6682
3515944	531684	6747
2376528	341559	6682
3515944	140194	6747
2376528	4213953	6682
3515944	1273419	6747
3604358	3515944	6750
3515944	97660	6747
2376528	1858952	6682
3515944	4184435	6747
3515944	4493239	6747
2376528	1879895	6682
2376528	4000269	6682
2376528	2244908	6682
3515944	4291640	6747
2376528	2159469	6682
3515944	724332	6747
1735045	4476729	6871
3515944	1951442	6747
3515944	3609059	6747
3515944	71587	6747
2376528	2698451	6682
3515944	1886663	6747
3515944	4540384	6747
3515944	2884618	6747
2376528	1099895	6682
2376528	3241998	6682
3515944	2553792	6747
3515944	3407237	6747
3515944	1130771	6747
3515944	3842854	6747
2376528	1894188	6682
3515944	2178591	6747
2376528	2222351	6682
2376528	120639	6682
2376528	2593120	6682
2376528	1263128	6682
3515944	1937758	6747
741870	3515944	6750
2376528	4028338	6682
2376528	4293818	6682
2376528	2109425	6682
2376528	2169658	6682
3515944	3022560	6747
3515944	1878287	6747
2376528	887487	6682
2376528	1158350	6682
2376528	2859562	6682
2376528	2445796	6682
2376528	522141	6682
2376528	3798945	6682
3515944	834672	6747
3515944	4514881	6747
2376528	1142957	6682
3515944	4059485	6747
3515944	2621853	6747
3515944	3257533	6747
2376528	3226500	6682
2376528	1011713	6682
2376528	4044157	6682
3515944	3153715	6747
3515944	2502382	6747
2376528	4486545	6682
3515944	913286	6747
2376528	3976138	6682
2376528	2688999	6682
3515944	4579018	6747
3515944	848068	6747
2376528	2409433	6682
3515944	2498218	6747
2376528	188339	6682
2376528	4207887	6682
3515944	3779106	6747
3515944	3350936	6747
2376528	3703427	6682
686375	4279357	6814
2376528	1731838	6682
3515944	3307576	6747
2376528	3845387	6682
2376528	358949	6682
3515944	3969124	6747
3515944	2100108	6747
2376528	1063609	6682
2376528	3546222	6682
2376528	2579959	6682
3638960	3515944	6750
2376528	3387664	6682
3515944	3787624	6747
3515944	710626	6747
2376528	1399744	6682
3515944	998151	6747
3515944	1608787	6747
3515944	1678624	6747
2376528	1835836	6682
2376528	542967	6682
2376528	98504	6682
2376528	672815	6682
3515944	55904	6747
2376528	2979089	6682
3515944	2576609	6747
3515944	3902595	6747
2376528	3829993	6682
3515944	962515	6747
2376528	2639260	6682
3515944	1548677	6747
3515944	1512264	6747
3515944	2494407	6747
3515944	1745356	6747
2376528	2333010	6682
2376528	275225	6682
2376528	1046123	6682
2376528	2938498	6682
3515944	570419	6747
2376528	4436792	6682
2376528	1177456	6682
3515944	1692983	6747
3515944	3378007	6747
2376528	16184	6682
3515944	3060708	6747
2376528	1292940	6682
2376528	2233975	6682
4311101	3515944	6750
2376528	2249598	6682
2376528	97660	6682
3515944	3492949	6747
3515944	990882	6747
3515944	149342	6747
2376528	751507	6682
2376528	177068	6682
2376528	2141124	6682
2376528	4493239	6682
2376528	3463923	6682
3515944	3209222	6747
2376528	1598712	6682
2376528	3496653	6682
2376528	2329456	6682
2376528	53996	6682
2376528	3804668	6682
3515944	3577987	6747
2376528	1948745	6682
3515944	3484146	6747
2376528	4549478	6682
2376528	3820540	6682
3515944	2338167	6747
3515944	2203751	6747
2376528	1944361	6682
3515944	2554749	6747
2376528	1996276	6682
2376528	3538067	6682
3515944	2141124	6747
3515944	1118226	6747
2376528	3820301	6682
2376528	1699539	6682
3515944	4419779	6747
3515944	218730	6747
2376528	994617	6682
2376528	652771	6682
3515944	469164	6747
2376528	1656132	6682
2376528	3307954	6682
2376528	4374569	6682
2376528	3001759	6682
3515944	396286	6747
2376528	885714	6682
3515944	202144	6747
2376528	2715530	6682
2376528	3543515	6682
3515944	1190208	6747
2376528	833498	6682
2376528	554110	6682
2376528	1044158	6682
3515944	3342149	6747
2376528	2620706	6682
2376528	968750	6682
2376528	1537903	6682
2376528	3065614	6682
2376528	4087997	6682
2376528	2092522	6682
2376528	1801521	6682
3515944	4640261	6747
3515944	1289032	6747
2376528	922179	6682
2376528	3599039	6682
3515944	3626653	6747
3515944	405157	6747
3515944	4636684	6747
3515944	1656132	6747
3515944	3693581	6747
3515944	4622165	6747
3515944	2826465	6747
3515944	2636034	6747
3515944	369717	6747
3515944	446816	6747
2376528	592105	6682
2376528	4651230	6682
2376528	1785313	6682
2376528	3400479	6682
3515944	473480	6747
2376528	4066870	6682
3515944	1236758	6747
3515944	4176266	6747
2376528	977839	6682
2376528	3484146	6682
2376528	2118241	6682
2376528	3495701	6682
2376528	1433068	6682
2376528	572900	6682
3515944	4393286	6747
2376528	1061604	6682
2376528	1251655	6682
2376528	533063	6682
2376528	2599041	6682
3515944	2838107	6747
3515944	2257763	6747
2376528	213625	6682
2376528	1980027	6682
2376528	314429	6682
3515944	2262546	6747
2376528	3314207	6682
2376528	2042535	6682
3515944	1113178	6747
2376528	3521277	6682
3515944	1804152	6747
2376528	3606598	6682
2376528	1080854	6682
2376528	196930	6682
2376528	2629996	6682
3515944	389702	6747
3515944	2187187	6747
3515944	1555303	6747
2376528	1179156	6682
2376528	443970	6682
3515944	2656931	6747
3515944	2429842	6747
2376528	4287113	6682
3515944	2383781	6747
2376528	442538	6682
3515944	2767588	6747
2376528	1807462	6682
2376528	4616921	6682
2376528	648643	6682
3515944	4584329	6747
3515944	3692181	6747
2376528	400329	6682
3515944	1898049	6747
3515944	1480424	6747
2376528	2118180	6682
3515944	3856568	6747
3515944	4624930	6747
2376528	2943535	6682
2376528	1978677	6682
2376528	4642064	6682
3515944	1583127	6747
3515944	3494404	6747
2376528	4220821	6682
3515944	1473687	6747
2376528	649424	6682
2376528	1529136	6682
3515944	2206134	6747
2376528	2641698	6682
3515944	479211	6747
3515944	4365554	6747
2376528	2591487	6682
3515944	4293343	6747
2376528	3285460	6682
3515944	907584	6747
2376528	469253	6682
2376528	481172	6682
2376528	627718	6682
3515944	3023976	6747
3515944	866728	6747
3515944	3648716	6747
3515944	1279399	6747
3515944	2201568	6747
3515944	2576469	6747
3515944	2687316	6747
3515944	1308825	6747
2376528	3331518	6682
3515944	4597136	6747
2376528	3741559	6682
2376528	3318601	6682
3515944	1718363	6747
3515944	2295987	6747
2376528	254710	6682
3515944	323061	6747
2376528	810809	6682
2376528	3545374	6682
3515944	495196	6747
3515944	409300	6747
3515944	3637704	6747
2376528	1910329	6682
2376528	972945	6682
2376528	870143	6682
3515944	1828369	6747
2376528	3209222	6682
2376528	1641562	6682
2376528	1678779	6682
3515944	815951	6747
2376528	2097626	6682
3515944	2110934	6747
3515944	1716262	6747
2376528	2332395	6682
2376528	176024	6682
2376528	4470780	6682
2376528	323061	6682
2376528	3390951	6682
3515944	4578745	6747
3515944	3704716	6747
3515944	3132999	6747
2376528	932660	6682
3515944	3230883	6747
2376528	3014448	6682
2376528	2120174	6682
2376528	947671	6682
2376528	2259674	6682
2376528	2178099	6682
2376528	3325532	6682
2376528	520193	6682
3515944	3792170	6747
3515944	2006031	6747
3515944	2599681	6747
2376528	2692423	6682
3515944	3118948	6747
2376528	4441109	6682
2376528	467393	6682
2376528	1230888	6682
3515944	24780	6747
3515944	4361425	6747
3515944	3872746	6747
3515944	1551735	6747
2376528	1793817	6682
3515944	2789523	6747
2376528	2012370	6682
2376528	465944	6682
2376528	3952119	6682
3515944	3408754	6747
3515944	3125260	6747
2376528	710626	6682
3515944	625437	6747
2376528	3961931	6682
2376528	2586116	6682
2376528	42029	6682
2376528	2558348	6682
3515944	1345142	6747
2376528	296330	6682
3515944	2804122	6747
3515944	1649620	6747
3515944	3721496	6747
2376528	1399662	6682
2376528	1166507	6682
3515944	1704483	6747
3515944	3944764	6747
3515944	346052	6747
2376528	4327124	6682
3515944	1020590	6747
2376528	233038	6682
2376528	2906474	6682
2376528	1683279	6682
2355708	4262239	6821
3515944	3578437	6747
3515944	6410	6747
2376528	3692787	6682
2376528	3986547	6682
3515944	2839491	6747
3515944	1057768	6747
3515944	2213898	6747
3515944	3983296	6747
3515944	2599041	6747
2376528	3532092	6682
2376528	1058274	6682
2376528	3488136	6682
2376528	1788790	6682
3515944	2041298	6747
2376528	2430743	6682
2376528	3215747	6682
3515944	2409433	6747
2376528	3197086	6682
2376528	3960153	6682
3515944	495193	6747
3515944	1061604	6747
3515944	3783751	6747
3515944	480293	6747
2376528	2849899	6682
3515944	4204643	6747
3515944	2672129	6747
3515944	4266489	6747
2376528	4066148	6682
2376528	4293343	6682
3515944	785870	6747
2376528	4233326	6682
2376528	234954	6682
3515944	97662	6747
3515944	441595	6747
2376528	3641111	6682
2376528	2392314	6682
3515944	548	6747
3515944	3181621	6747
3515944	2602459	6747
3515944	2904043	6747
3515944	1788790	6747
3515944	3385126	6747
2376528	3144852	6682
2376528	2695190	6682
3515944	3955773	6747
2376528	1363334	6682
2376528	2713546	6682
3515944	1978077	6747
2376528	2796642	6682
2376528	3989964	6682
3515944	1870756	6747
3515944	4435601	6747
3515944	1819234	6747
3515944	3033778	6747
3515944	4068046	6747
2376528	448446	6682
2376528	3284139	6682
4476205	4476729	7009
3515944	2335717	6747
3515944	2732297	6747
2376528	2261236	6682
2376528	1591209	6682
2376528	1784255	6682
2376528	313239	6682
2376528	4635205	6682
2376528	431029	6682
3515944	296534	6747
2376528	4319496	6682
3515944	3496662	6747
3515944	2138824	6747
3515944	3718547	6747
2376528	2373127	6682
2376528	3543433	6682
3515944	1135705	6747
3515944	1606425	6747
3515944	1509897	6747
3515944	3499528	6747
2376528	144679	6682
3515944	741091	6747
3515944	4474551	6747
3515944	288863	6747
2376528	2840462	6682
3515944	2334770	6747
2376528	233966	6682
3515944	2987929	6747
2376528	1295230	6682
2376528	2656167	6682
3515944	3468535	6747
3515944	2692281	6747
3515944	647191	6747
2376528	155435	6682
2376528	2901636	6682
3515944	1894632	6747
2376528	3231698	6682
2376528	488941	6682
2376528	1594188	6682
2376528	3209874	6682
3515944	4067189	6747
3515944	3151687	6747
2376528	3459511	6682
3515944	136353	6747
2376528	1504465	6682
3515944	3656264	6747
2376528	140194	6682
2376528	4092683	6682
2376528	2602459	6682
3515944	1421771	6747
3515944	1419156	6747
3515944	39558	6747
3515944	1354624	6747
3515944	4190450	6747
3515944	3387081	6747
2376528	1592235	6682
3515944	2959065	6747
2376528	3919636	6682
3515944	2337509	6747
3515944	1648995	6747
2376528	1194885	6682
2376528	3670650	6682
2376528	202144	6682
2376528	4182300	6682
3515944	189601	6747
3515944	4408228	6747
2376528	4654141	6682
3515944	2513789	6747
2376528	3382447	6682
2376528	3734433	6682
2376528	2582291	6682
3515944	533830	6747
2376528	1709407	6682
2376528	2709464	6682
3515944	2923257	6747
3515944	2985738	6747
3515944	412584	6747
3515944	2783008	6747
2376528	1550639	6682
2376528	53969	6682
2376528	4010683	6682
2376528	2145629	6682
3515944	904805	6747
2376528	4199774	6682
3515944	2740010	6747
2376528	4118821	6682
2376528	344240	6682
3515944	597649	6747
2376528	1075615	6682
3515944	2153277	6747
2376528	4490508	6682
2376528	1541407	6682
3515944	1356169	6747
3515944	4083849	6747
2376528	1043871	6682
3515944	1726858	6747
3515944	1646520	6747
3515944	1065859	6747
3515944	3183650	6747
2376528	3166451	6682
2376528	3967546	6682
3515944	2057761	6747
2376528	3695869	6682
3515944	1130332	6747
2376528	851855	6682
2376528	1156196	6682
3515944	688472	6747
2376528	2727549	6682
2376528	388026	6682
3515944	972353	6747
3515944	3909364	6747
2376528	1037935	6682
3515944	432986	6747
2376528	3970094	6682
2376528	4518486	6682
2376528	271188	6682
2376528	3547675	6682
3515944	4045604	6747
1396777	3515944	6750
2376528	1332320	6682
2376528	1228277	6682
3515944	1525584	6747
3515944	3796265	6747
3515944	1229451	6747
3515944	3634291	6747
2376528	1487158	6682
2376528	1538929	6682
2376528	1833452	6682
2376528	513974	6682
3515944	888640	6747
3515944	3108897	6747
2376528	1606425	6682
3515944	2468640	6747
3515944	1284513	6747
3515944	423483	6747
2376528	3398453	6682
3515944	1123627	6747
3515944	4654332	6747
3515944	4153253	6747
3515944	2808822	6747
2376528	3308170	6682
2376528	957984	6682
2376528	1372129	6682
2376528	1021532	6682
2376528	446106	6682
3515944	602015	6747
2376528	731460	6682
2376528	3748588	6682
2376528	28521	6682
2376528	2736643	6682
2376528	4095288	6682
3515944	3386536	6747
3515944	3683963	6747
3515944	4376099	6747
3515944	2242206	6747
3515944	541609	6747
2961399	3515944	6750
2376528	1798877	6682
3515944	4327124	6747
2376528	2922916	6682
3515944	962624	6747
3515944	3694630	6747
2376528	1364727	6682
2376528	4464942	6682
3515944	871204	6747
2376528	926630	6682
4118337	3515944	6750
3515944	226627	6747
2376528	4153253	6682
2376528	4190450	6682
3515944	2085181	6747
2376528	2507041	6682
3515944	2911257	6747
3515944	830243	6747
2376528	3397031	6682
2376528	621573	6682
3515944	515616	6747
3515944	1131	6747
2376528	62008	6682
3515944	451649	6747
3515944	2008293	6747
2376528	2604195	6682
3515944	4479983	6747
2376528	2941703	6682
3515944	3923858	6747
3515944	1181696	6747
2376528	1368639	6682
2376528	3394235	6682
2376528	3329009	6682
2129047	3515944	6750
3515944	1023673	6747
3515944	4087997	6747
2376528	1111516	6682
3515944	899212	6747
3515944	2513697	6747
2376528	4292344	6682
3515944	2184933	6747
2376528	2484268	6682
3515944	4533892	6747
2376528	3818546	6682
2376528	1823571	6682
2376528	3804802	6682
2376528	4133726	6682
3515944	3933471	6747
3515944	4164535	6747
2376528	2390355	6682
3515944	2849602	6747
3515944	565003	6747
2376528	414690	6682
3515944	3312590	6747
3515944	4299526	6747
3515944	52784	6747
2376528	935321	6682
3515944	1352820	6747
3515944	1079318	6747
3515944	3231698	6747
2376528	3307576	6682
3515944	1562711	6747
3515944	4061082	6747
2376528	3380826	6682
2376528	3299937	6682
2376528	1233475	6682
3515944	1314451	6747
2376528	1437813	6682
2376528	2217077	6682
2376528	3263315	6682
3515944	2932879	6747
2376528	4102812	6682
3515944	3737354	6747
2376528	990628	6682
2376528	2767023	6682
3515944	2477966	6747
3515944	238899	6747
3515944	295117	6747
3515944	2184412	6747
3515944	548238	6747
2376528	2808961	6682
3515944	3157064	6747
1968919	3575737	6846
3515944	2017337	6747
3515944	2616070	6747
2376528	4353303	6682
2376528	2009512	6682
3515944	1782396	6747
2376528	1166469	6682
2376528	3306846	6682
2376528	4533984	6682
3515944	1749481	6747
3515944	1218671	6747
2376528	1062312	6682
3515944	2122888	6747
3515944	240145	6747
3515944	4152072	6747
3050276	1968919	6711
3515944	297681	6747
2376528	858710	6682
2376528	1832900	6682
2376528	3496662	6682
3515944	2542331	6747
2376528	3679008	6682
3515944	3819399	6747
3515944	3955411	6747
3515944	949352	6747
2376528	1291341	6682
3515944	738312	6747
2376528	4020050	6682
2376528	39786	6682
3515944	1530283	6747
3515944	42029	6747
3515944	2025981	6747
3515944	1992720	6747
3515944	4203827	6747
3515944	1065189	6747
3515944	148543	6747
3515944	4044157	6747
2376528	2847730	6682
2376528	759379	6682
3515944	1449017	6747
3515944	3372870	6747
2376528	2328158	6682
3515944	4284008	6747
2376528	1361183	6682
3515944	1233475	6747
3515944	3000607	6747
2376528	1052722	6682
2376528	507880	6682
2376528	1162052	6682
2376528	1424324	6682
2376528	2696803	6682
2376528	3775945	6682
3515944	2849813	6747
2376528	4538430	6682
3515944	1235228	6747
3515944	4462795	6747
2376528	233761	6682
3515944	2252381	6747
3515944	2565255	6747
2376528	2200811	6682
2376528	3772340	6682
3515944	2993360	6747
3515944	972945	6747
3515944	544859	6747
2376528	3734385	6682
3515944	2883642	6747
3515944	360588	6747
3515944	2923731	6747
3515944	50928	6747
2376528	1984149	6682
3515944	4355635	6747
3515944	611943	6747
3050276	3615191	6711
3515944	2999398	6747
2376528	3306312	6682
3515944	445713	6747
2376528	241392	6682
3515944	3245882	6747
3515944	159905	6747
3515944	2907127	6747
2376528	2575886	6682
2376528	3959557	6682
2376528	2919820	6682
3515944	800490	6747
3515944	3849135	6747
2376528	67475	6682
3515944	505338	6747
2376528	474083	6682
2376528	2169891	6682
3515944	1597314	6747
2376528	1887313	6682
3515944	3369565	6747
2376528	3465611	6682
2376528	3697584	6682
3515944	2121848	6747
3515944	125959	6747
2376528	3328643	6682
2376528	4361231	6682
3515944	3464984	6747
3515944	702846	6747
3515944	2037036	6747
3515944	708324	6747
3515944	4599731	6747
2376528	1920318	6682
3515944	4188546	6747
3515944	2696803	6747
2376528	3751609	6682
3515944	4613422	6747
3515944	939429	6747
3515944	1910329	6747
2376528	729427	6682
3515944	1999504	6747
3515944	1046123	6747
3515944	2163198	6747
2376528	3850037	6682
3515944	787927	6747
2376528	4239580	6682
3515944	934162	6747
2376528	2295987	6682
3515944	3244796	6747
2376528	1241682	6682
2376528	260602	6682
3515944	2946221	6747
3515944	652771	6747
3515944	511888	6747
2376528	1405437	6682
2376528	4451145	6682
3515944	2617087	6747
2376528	1685627	6682
2376528	2153277	6682
2376528	4503126	6682
2376528	3231603	6682
2376528	2725489	6682
2376528	1091250	6682
2376528	630703	6682
3515944	2534174	6747
3515944	1300223	6747
2376528	790007	6682
3515944	4427178	6747
2376528	3635714	6682
3515944	321120	6747
3515944	2336997	6747
2376528	3709642	6682
3515944	3822696	6747
2376528	2659128	6682
2376528	603760	6682
2376528	2375512	6682
3556930	817319	8024
3515944	1231860	6747
2376528	2017337	6682
3515944	3992026	6747
3515944	2419362	6747
3515944	4128582	6747
3515944	3843680	6747
3515944	1165957	6747
2376528	625437	6682
2376528	1131672	6682
3515944	3457670	6747
3515944	828602	6747
2376528	215117	6682
2376528	1378391	6682
3515944	1524063	6747
2376528	1574913	6682
3515944	832808	6747
2376528	4376266	6682
3173240	2724556	6866
3515944	932660	6747
3515944	170554	6747
2376528	3604344	6682
3515944	732811	6747
3515944	2184107	6747
3515944	2748584	6747
2376528	72136	6682
3515944	3401741	6747
2376528	3391554	6682
2376528	4435601	6682
2376528	4644029	6682
3515944	2410682	6747
3515944	3219863	6747
3515944	1299224	6747
3515944	1585735	6747
3515944	3076050	6747
2376528	1541790	6682
3239330	4120083	8292
2376528	2493068	6682
3515944	1258832	6747
3515944	2142417	6747
3515944	148557	6747
2376528	3375300	6682
2376528	3983373	6682
2376528	2614074	6682
3515944	2688999	6747
2376528	3421258	6682
3515944	1226313	6747
3515944	4335532	6747
3515944	1415888	6747
2376528	3803410	6682
3515944	4066148	6747
3515944	2638855	6747
2376528	2787498	6682
2376528	3570459	6682
2376528	4279958	6682
2376528	3678519	6682
3515944	1861106	6747
2376528	1492576	6682
3515944	556143	6747
3515944	3593018	6747
2376528	697552	6682
2376528	2401092	6682
2376528	3932462	6682
2376528	2835405	6682
3515944	320221	6747
3515944	365672	6747
3515944	98504	6747
2376528	3992503	6682
3515944	1052722	6747
3515944	58453	6747
2376528	1266759	6682
2376528	3772389	6682
3515944	2854305	6747
3515944	3643857	6747
2376528	550610	6682
2376528	4230076	6682
2376528	62834	6682
3515944	4307064	6747
3515944	386310	6747
2376528	3514680	6682
3515944	3507906	6747
3515944	3776889	6747
3515944	2429784	6747
2376528	799939	6682
3515944	2078079	6747
2376528	3275366	6682
3515944	4230076	6747
2376528	2710564	6682
3515944	1058008	6747
2376528	3042653	6682
3515944	1980027	6747
2376528	4442845	6682
2376528	3343146	6682
3515944	4557826	6747
3515944	160106	6747
3515944	3819254	6747
2376528	4309067	6682
3515944	4476452	6747
3515944	897416	6747
3515944	4525911	6747
3515944	4127510	6747
2376528	3878415	6682
2376528	2858767	6682
2376528	4195300	6682
3515944	3130742	6747
3515944	4649527	6747
2376528	4089395	6682
3515944	3979494	6747
2376528	2675327	6682
2376528	1519711	6682
2376528	2601045	6682
2376528	41243	6682
3515944	4353268	6747
2376528	2246692	6682
3515944	2208041	6747
2376528	480873	6682
3515944	3037196	6747
3515944	2357596	6747
2376528	3119729	6682
2376528	3762103	6682
2376528	385839	6682
2376528	4011605	6682
3515944	4341582	6747
3515944	4088806	6747
3515944	4263435	6747
3515944	1396390	6747
3515944	1765477	6747
2376528	3040058	6682
2376528	2294412	6682
3515944	1400565	6747
2376528	4619936	6682
2376528	417173	6682
2376528	59969	6682
3515944	4461613	6747
2376528	599220	6682
2376528	592035	6682
3515944	1379363	6747
4387665	3515944	6750
2376528	4454573	6682
3515944	3085395	6747
2376528	4102337	6682
2376528	2912764	6682
2376528	4556296	6682
2376528	1137610	6682
2376528	262582	6682
2376528	102426	6682
2376528	2879854	6682
3515944	1536205	6747
3515944	67475	6747
2376528	4424650	6682
3515944	1241682	6747
2376528	1062681	6682
3515944	1435483	6747
3515944	3857535	6747
2376528	2317252	6682
2376528	1974814	6682
3515944	2248422	6747
3515944	1937112	6747
2376528	2083887	6682
3515944	3832526	6747
3515944	912031	6747
3515944	1071588	6747
2376528	4239964	6682
2376528	2505106	6682
2376528	2692661	6682
2376528	2140735	6682
2376528	1443436	6682
3515944	3192962	6747
2718474	3515944	6750
3515944	2248364	6747
3515944	3417202	6747
2376528	2659014	6682
2376528	4285788	6682
2376528	3716398	6682
3515944	3925037	6747
2376528	1436869	6682
3515944	4351452	6747
2376528	468518	6682
2376528	3140810	6682
2376528	1473687	6682
3515944	2912764	6747
2376528	4084879	6682
2376528	2801239	6682
660629	2355708	6736
3515944	3941935	6747
3515944	193745	6747
3515944	3916352	6747
2376528	140566	6682
2376528	3951132	6682
3515944	1264201	6747
2376528	2703537	6682
2376528	690554	6682
2376528	4258622	6682
3515944	3545065	6747
2376528	473480	6682
3515944	3320745	6747
3515944	1958814	6747
2376528	3722146	6682
2376528	1903523	6682
2376528	267867	6682
3515944	3428825	6747
3515944	149461	6747
2376528	1273580	6682
2376528	4381444	6682
3515944	4432482	6747
3515944	1402918	6747
3515944	1548910	6747
3515944	888251	6747
3515944	2634823	6747
2376528	2231129	6682
2376528	875957	6682
3515944	2293093	6747
2376528	1055078	6682
2376528	1087246	6682
3515944	4595039	6747
2376528	2749259	6682
2376528	3429179	6682
3515944	4054627	6747
2376528	948936	6682
2376528	2662148	6682
2376528	2734254	6682
2376528	2166646	6682
3515944	3166446	6747
2376528	1671132	6682
3515944	2584992	6747
2376528	4201909	6682
3515944	3957078	6747
2376528	2805606	6682
3515944	502429	6747
2376528	2067512	6682
2376528	3225558	6682
2376528	2761407	6682
3515944	48095	6747
2376528	3591111	6682
3515944	2678264	6747
3515944	1428775	6747
2376528	2513789	6682
2376528	918092	6682
2376528	3577669	6682
3515944	771354	6747
3515944	3558100	6747
2376528	1333593	6682
2376528	3798573	6682
2355708	2724556	6866
3515944	3159477	6747
3515944	1333593	6747
2376528	1577786	6682
3515944	723903	6747
3356143	3515944	6750
3515944	3824248	6747
2376528	523814	6682
2376528	4236412	6682
2376528	3183650	6682
2376528	939429	6682
3515944	1731690	6747
2376528	3245882	6682
3515944	4497308	6747
2376528	2675086	6682
2376528	4005782	6682
3515944	3558800	6747
2376528	2914764	6682
2376528	1918439	6682
2456366	3515944	6750
3515944	1592112	6747
3851487	3515944	6750
2376528	1376202	6682
2376528	4651500	6682
3515944	3690618	6747
3515944	1327907	6747
3515944	4169166	6747
3515944	4240472	6747
3515944	2287052	6747
3515944	948674	6747
3515944	3226500	6747
2376528	1773822	6682
2376528	3796265	6682
3515944	4593592	6747
3515944	1907615	6747
3515944	1936569	6747
3515944	451059	6747
2376528	3314805	6682
2376528	1711401	6682
2376528	2355903	6682
2376528	1060495	6682
2376528	1992720	6682
4279357	1411687	6821
2376528	1246283	6682
4476205	3515944	6750
3515944	881085	6747
3515944	3162558	6747
2376528	1420920	6682
3515944	3753875	6747
2376528	3752882	6682
3515944	1937173	6747
3515944	63890	6747
3515944	4654141	6747
2376528	4377495	6682
2376528	2855990	6682
2376528	181737	6682
3515944	2156480	6747
2376528	4305967	6682
2376528	2199513	6682
2376528	1902115	6682
3515944	688315	6747
4262239	2355708	7009
2376528	3142314	6682
3515944	4312631	6747
2376528	2362352	6682
2376528	2762690	6682
3515944	835736	6747
3515944	4093192	6747
3515944	1450609	6747
2376528	1896783	6682
3515944	4255677	6747
2376528	1339222	6682
2376528	3941935	6682
3515944	2153708	6747
2376528	3153715	6682
2376528	3651447	6682
3515944	3794096	6747
3515944	2059139	6747
2376528	1842386	6682
2376528	1765946	6682
3515944	798074	6747
2376528	2591846	6682
3515944	807361	6747
2376528	3641069	6682
3515944	2859562	6747
2376528	3806057	6682
3515944	641711	6747
2376528	2480014	6682
2376528	4114143	6682
3515944	1215649	6747
3515944	4479481	6747
3515944	671823	6747
2376528	3556961	6682
2376528	1805273	6682
2376528	1984405	6682
2376528	1454235	6682
3515944	1162052	6747
2376528	2088581	6682
3515944	1937556	6747
2376528	2456324	6682
3515944	2446310	6747
2376528	3692330	6682
2376528	4540384	6682
3515944	4087255	6747
2376528	3840060	6682
2198643	1222908	6872
2376528	384986	6682
3515944	3695869	6747
2376528	1192463	6682
3515944	902970	6747
3515944	496009	6747
3515944	2321912	6747
3515944	1662155	6747
2376528	1906644	6682
3515944	1346105	6747
2376528	4163652	6682
3515944	1331789	6747
3515944	3919636	6747
3515944	1157358	6747
3515944	67650	6747
2376528	4528962	6682
2376528	2467528	6682
3515944	2263323	6747
2376528	2864232	6682
2376528	495193	6682
3515944	2333010	6747
3515944	3257713	6747
3515944	1892108	6747
3575737	3227347	6742
2376528	4383347	6682
2376528	2982737	6682
2376528	544859	6682
2376528	1098737	6682
3515944	4213953	6747
2376528	656275	6682
2376528	826157	6682
2376528	467298	6682
2376528	1999412	6682
2376528	235903	6682
2376528	165120	6682
3515944	2656167	6747
3515944	3475387	6747
3518980	2376528	6832
3515944	3488136	6747
3515944	3113475	6747
3515944	3829993	6747
2376528	2435125	6682
2376528	4510095	6682
3515944	1999582	6747
3515944	4285788	6747
3515944	1696649	6747
2376528	1594339	6682
2376528	174175	6682
3515944	697552	6747
3515944	4046697	6747
2376528	619929	6682
3515944	3165749	6747
3515944	4163826	6747
3515944	3904574	6747
2376528	1002618	6682
3515944	3126333	6747
3515944	1288265	6747
3515944	225381	6747
2376528	4359245	6682
3515944	3696739	6747
3515944	3879270	6747
3515944	1041275	6747
2376528	1999504	6682
2376528	611150	6682
3515944	4106602	6747
2376528	4143473	6682
3515944	1186900	6747
3515944	4643997	6747
3515944	1364727	6747
3515944	2806929	6747
2376528	4471873	6682
3515944	1437161	6747
2376528	1027023	6682
3515944	819299	6747
2376528	1379363	6682
2376528	2287670	6682
2376528	4184155	6682
2376528	3113475	6682
2376528	1049438	6682
3515944	3181694	6747
3515944	940058	6747
2376528	3616133	6682
3515944	1408681	6747
3515944	2299671	6747
2376528	1328265	6682
2376528	2920490	6682
3515944	3348735	6747
2376528	3374320	6682
3515944	1578230	6747
3515944	3637075	6747
3515944	4147572	6747
3515944	2855990	6747
3515944	2063612	6747
2376528	6917	6682
2376528	2816440	6682
3515944	4416632	6747
3515944	4174205	6747
2376528	840888	6682
2376528	1551735	6682
3515944	3382447	6747
2376528	4201958	6682
2376528	3076050	6682
3515944	2886894	6747
2376528	3794096	6682
2376528	4353635	6682
2376528	4538141	6682
2376528	2110934	6682
2376528	56653	6682
2376528	2490568	6682
2376528	3879461	6682
2376528	2709172	6682
2376528	486569	6682
3515944	2472433	6747
3515944	1010997	6747
2376528	3777231	6682
2376528	3355002	6682
2376528	898097	6682
2376528	2950619	6682
2376528	3969913	6682
2376528	3541821	6682
3515944	1730437	6747
2376528	3946495	6682
2376528	3401741	6682
2376528	1130757	6682
3515944	3519787	6747
2376528	4118779	6682
2032120	3515944	6750
2376528	1822114	6682
3515944	1202081	6747
3515944	3787554	6747
3515944	2078208	6747
2376528	2329079	6682
2376528	4045604	6682
2376528	4169832	6682
3515944	2674903	6747
2376528	653690	6682
2376528	2433592	6682
3515944	4458330	6747
2376528	599588	6682
3515944	4408865	6747
3515944	2675086	6747
3515944	1423724	6747
2376528	4385045	6682
2376528	2358317	6682
2376528	2450486	6682
2376528	2029882	6682
3515944	3989046	6747
3515944	1599749	6747
2376528	3899536	6682
3515944	296330	6747
2376528	3433522	6682
2376528	1356169	6682
2376528	3320794	6682
2376528	2100108	6682
3515944	3029497	6747
2376528	2457515	6682
3515944	1879895	6747
3515944	2430356	6747
3515944	3692330	6747
3515944	84606	6747
3515944	1487583	6747
3515944	799181	6747
3515944	3530470	6747
3515944	1948745	6747
2376528	114856	6682
3515944	2321917	6747
2376528	911151	6682
3515944	1278572	6747
2376528	792565	6682
3515944	977839	6747
3515944	2478601	6747
2376528	1100245	6682
2821476	2724556	6868
3515944	3507764	6747
2376528	2554001	6682
2376528	3692181	6682
3515944	2391643	6747
2376528	2415770	6682
3515944	2075085	6747
2376528	2019568	6682
3515944	1825413	6747
2376528	2825521	6682
2376528	3626653	6682
2376528	4350295	6682
2376528	701488	6682
3515944	3192655	6747
2376528	1759145	6682
2376528	3803928	6682
3515944	4506303	6747
3515944	1577786	6747
3515944	76567	6747
2376528	3923858	6682
2376528	692233	6682
3515944	2938769	6747
2376528	4651209	6682
3515944	4412505	6747
2376528	4513776	6682
2376528	3069507	6682
3515944	475218	6747
3515944	1844259	6747
3515944	4514540	6747
2376528	2094207	6682
2376528	17971	6682
2376528	4629137	6682
3515944	4543533	6747
2344598	2198643	6736
3515944	1325657	6747
3515944	4188069	6747
3515944	2200491	6747
3515944	2559031	6747
3515944	677477	6747
3515944	3684930	6747
3515944	1495784	6747
3515944	2208983	6747
2376528	1911397	6682
2376528	6792	6682
3515944	630703	6747
2376528	3388529	6682
3515944	611150	6747
3515944	2337776	6747
3515944	2178099	6747
3515944	3961926	6747
3515944	3049015	6747
2376528	2652048	6682
2376528	1880919	6682
2376528	1289325	6682
2376528	1694436	6682
2376528	3320745	6682
2376528	4129673	6682
2376528	3916148	6682
3515944	1955340	6747
3515944	1541107	6747
3515944	1818395	6747
3515944	2674152	6747
3515944	2190025	6747
3515944	4345978	6747
3515944	1043871	6747
3515944	3210452	6747
3515944	2910000	6747
2376528	957948	6682
3515944	1875913	6747
3515944	1468465	6747
3515944	508947	6747
3515944	1247543	6747
3515944	4568245	6747
2376528	3307265	6682
2376528	1447738	6682
3515944	954169	6747
2376528	396405	6682
2376528	1149883	6682
2376528	3568310	6682
1861724	3515944	6750
3515944	384986	6747
3515944	4441866	6747
2376528	206144	6682
3515944	2022807	6747
2376528	4293468	6682
2376528	3634291	6682
2376528	4582655	6682
3515944	3709642	6747
2376528	686375	6682
3515944	4222690	6747
3515944	4475745	6747
2376528	4035725	6682
2376528	1851876	6682
3515944	1416575	6747
2376528	3453003	6682
2376528	2478601	6682
2630505	3515944	6750
1352820	3515944	6750
2376528	181655	6682
3515944	1794196	6747
2376528	2840659	6682
2376528	519358	6682
2376528	587607	6682
2355708	660629	7318
2376528	805598	6682
688472	3515944	6750
2376528	2911553	6682
2376528	4530368	6682
3515944	3798945	6747
3515944	3401054	6747
3515944	2316359	6747
3515944	999023	6747
3515944	1765946	6747
2376528	3526520	6682
2376528	316976	6682
2376528	3210452	6682
2376528	167426	6682
2376528	4578745	6682
2376528	3597147	6682
3515944	3826345	6747
3515944	1979870	6747
3515944	114856	6747
3515944	4317733	6747
2376528	1497000	6682
2376528	1725718	6682
2376528	3084405	6682
3515944	2962897	6747
3515944	4399135	6747
3515944	2536086	6747
3515944	4003977	6747
3515944	4608794	6747
3515944	3679809	6747
2376528	3830389	6682
2376528	2993360	6682
3515944	1142957	6747
2376528	3753875	6682
3515944	3868001	6747
3515944	1795053	6747
3515944	4182135	6747
2376528	2856356	6682
3515944	3621190	6747
3515944	3478834	6747
2376528	1925795	6682
3515944	2545534	6747
3515944	2556025	6747
2376528	1318385	6682
817319	3518980	8023
3515944	488518	6747
2376528	1784274	6682
2376528	834672	6682
103941	3515944	6750
2376528	1763196	6682
3515944	884992	6747
3515944	3863941	6747
3515944	668058	6747
3515944	1142169	6747
3515944	1349196	6747
3515944	35130	6747
2376528	822128	6682
2376528	4581016	6682
2376528	839030	6682
3515944	4422609	6747
3515944	1511600	6747
1538041	3515944	6750
2376528	1561837	6682
3515944	423664	6747
2376528	707181	6682
2376528	180223	6682
2376528	4506214	6682
2376528	2559914	6682
2376528	3288089	6682
2376528	614434	6682
3515944	2337986	6747
3515944	2534452	6747
3515944	4538082	6747
2376528	681606	6682
3515944	4516754	6747
4079575	3515944	6750
3515944	4279162	6747
2376528	1398356	6682
3515944	1925795	6747
3515944	171326	6747
2376528	4072390	6682
2376528	582262	6682
2376528	1403771	6682
2376528	4244565	6682
2376528	3103470	6682
2376528	3107172	6682
2376528	3675841	6682
3515944	4040343	6747
2376528	4312979	6682
2376528	3909364	6682
2376528	387816	6682
2376528	1926934	6682
3515944	3193896	6747
3515944	2662148	6747
2376528	1698295	6682
2376528	4012700	6682
3515944	2492957	6747
3515944	2317252	6747
2376528	2408676	6682
2376528	3894993	6682
3515944	1040850	6747
3515944	670933	6747
2376528	1334853	6682
3515944	4202416	6747
2376528	1333294	6682
2376528	4385557	6682
3515944	2685026	6747
1065859	3515944	6750
2376528	3081027	6682
2376528	2689330	6682
3515944	3667489	6747
2376528	2721349	6682
3515944	3653220	6747
2376528	633201	6682
2376528	4087255	6682
3515944	962020	6747
1760849	3515944	6750
3515944	3845387	6747
4476729	388026	6825
2376528	355455	6682
3515944	2645234	6747
3844500	3515944	6750
2376528	1998172	6682
2376528	1008755	6682
3515944	312740	6747
2376528	1253734	6682
3515944	3064409	6747
3515944	1427508	6747
2376528	3115786	6682
2376528	4487832	6682
2376528	2190025	6682
3515944	1703625	6747
2376528	2875286	6682
3515944	468198	6747
2376528	4543533	6682
3515944	4030645	6747
2376528	424458	6682
3515944	4064150	6747
3515944	3166939	6747
3515944	3597698	6747
3515944	3871874	6747
2376528	1444010	6682
3515944	4476205	6747
2376528	2487	6682
2376528	4216011	6682
2376528	3908768	6682
2376528	1142421	6682
2376528	1066329	6682
2376528	92548	6682
2376528	2685026	6682
3515944	3493895	6747
2376528	4328495	6682
2376528	536191	6682
3515944	1978677	6747
3515944	3116049	6747
2376528	1592944	6682
3515944	3695793	6747
3515944	3932462	6747
2376528	2884495	6682
2376528	2805276	6682
2724556	2821476	6867
2376528	3319057	6682
3515944	2718474	6747
3515944	826381	6747
3515944	3528202	6747
3515944	1504465	6747
3515944	3136374	6747
3515944	1965840	6747
3515944	474169	6747
3515944	1586461	6747
3515944	1678918	6747
3515944	1754819	6747
3515944	4280871	6747
3515944	4538430	6747
2376528	2362536	6682
2376528	1455156	6682
3515944	948936	6747
2376528	1518505	6682
3515944	4338341	6747
2376528	3253785	6682
3515944	3538067	6747
3515944	2484466	6747
2376528	3992026	6682
3515944	1934070	6747
3515944	4560339	6747
2376528	1670959	6682
3515944	1363334	6747
3515944	1498032	6747
3515944	711246	6747
2376528	3080962	6682
2376528	1643269	6682
2376528	3711759	6682
3515944	2031460	6747
3515944	1127762	6747
3515944	1023510	6747
2376528	4115682	6682
2376528	4657093	6682
2376528	2213898	6682
3515944	1156196	6747
3515944	2570104	6747
3515944	3759159	6747
3515944	699110	6747
3515944	3632252	6747
3515944	956848	6747
2376528	2783013	6682
2376528	99027	6682
3515944	2261722	6747
3515944	1088362	6747
2801239	3515944	6750
3515944	1538041	6747
3515944	1577388	6747
2376528	2971094	6682
2376528	1004877	6682
2376528	3318239	6682
543102	3515944	6750
3050276	3227347	6723
3515944	1127919	6747
2376528	439414	6682
2376528	3511125	6682
3515944	3548030	6747
2376528	3603950	6682
2376528	899212	6682
2376528	3980877	6682
3515944	2693894	6747
3515944	3474596	6747
2376528	4534011	6682
3515944	295997	6747
3515944	2364802	6747
3515944	2098648	6747
2376528	1762918	6682
3515944	2240649	6747
3515944	3761050	6747
3515944	3142889	6747
2376528	4636684	6682
2376528	2336070	6682
2376528	4253771	6682
3515944	778661	6747
2376528	3199977	6682
3515944	2232142	6747
3515944	3367047	6747
3515944	4270301	6747
2376528	3673573	6682
3515944	2912967	6747
3515944	3393351	6747
3515944	4144552	6747
3515944	911151	6747
3515944	83063	6747
3515944	542967	6747
2376528	2987929	6682
2376528	858157	6682
2376528	2856624	6682
2376528	1788506	6682
2376528	292740	6682
3515944	1616871	6747
2376528	132550	6682
3515944	442854	6747
3515944	2902637	6747
2376528	2782975	6682
2376528	591266	6682
4230843	3515944	6750
2376528	3638960	6682
3515944	4475992	6747
2376528	848068	6682
3515944	4540429	6747
2376528	193745	6682
3515944	4506214	6747
3515944	720296	6747
3515944	2681805	6747
3515944	4150919	6747
1166469	2355708	6952
2376528	4209041	6682
3515944	4296290	6747
3515944	2103223	6747
3515944	110497	6747
3515944	4436792	6747
3515944	2502273	6747
2376528	1055840	6682
3515944	2347921	6747
3515944	330060	6747
3515944	4127759	6747
2376528	1909411	6682
3515944	2118363	6747
2376528	2001999	6682
2376528	4330847	6682
3515944	874408	6747
2376528	1274502	6682
2376528	1799066	6682
4279357	3890674	6813
3515944	2249598	6747
3515944	4651209	6747
2376528	2894500	6682
2376528	2433874	6682
3515944	2617548	6747
2376528	3624756	6682
3515944	4066870	6747
3515944	2459717	6747
3515944	56653	6747
2376528	2009120	6682
2376528	2240649	6682
3515944	1723008	6747
2376528	710026	6682
2376528	819299	6682
3515944	1202520	6747
3515944	3311820	6747
2376528	927371	6682
3515944	4322234	6747
2376528	2537795	6682
2376528	4187534	6682
3515944	526839	6747
2376528	3437862	6682
2376528	2412869	6682
2376528	2634823	6682
3515944	2415770	6747
3515944	3469556	6747
3515944	2800711	6747
3515944	2829899	6747
2376528	3125260	6682
2376528	3617952	6682
2376528	2038788	6682
3515944	3403249	6747
2376528	966465	6682
2376528	1562934	6682
2376528	1700514	6682
2376528	3183864	6682
2376528	3721496	6682
2376528	3782897	6682
2376528	1107265	6682
3515944	2719970	6747
3515944	3429963	6747
3515944	2097047	6747
3515944	3404569	6747
3515944	4530368	6747
2376528	3961500	6682
2376528	3099092	6682
2376528	560461	6682
3515944	2354088	6747
3515944	2559914	6747
3515944	866973	6747
2376528	594069	6682
2376528	4501940	6682
2376528	128046	6682
2376528	3050380	6682
3515944	4335074	6747
3515944	4653675	6747
3515944	2864232	6747
3515944	4024592	6747
2376528	3370971	6682
3515944	2933347	6747
1282028	3515944	6750
2376528	2502273	6682
3515944	53996	6747
103941	4279357	6811
3515944	1282028	6747
3515944	1764156	6747
2376528	1326641	6682
3515944	1698425	6747
2376528	1480398	6682
3515944	4305967	6747
3515944	3307954	6747
2376528	3162558	6682
3515944	1688247	6747
1237616	3515944	6750
2376528	1325657	6682
3515944	672234	6747
3515944	2491431	6747
2376528	3832526	6682
2376528	3356559	6682
2376528	2160309	6682
3515944	1228032	6747
3515944	1599173	6747
2376528	1065208	6682
2376528	1218671	6682
2376528	1451427	6682
3515944	3741559	6747
3515944	2759118	6747
3515944	1180472	6747
2376528	2684656	6682
2376528	3849135	6682
2376528	790306	6682
2376528	3638436	6682
2376528	154158	6682
3515944	3513964	6747
2376528	1713614	6682
2376528	2642122	6682
2376528	616028	6682
3515944	2661121	6747
2376528	802293	6682
2376528	1348275	6682
2376528	3494404	6682
3515944	1076151	6747
2376528	97824	6682
2376528	4312631	6682
2376528	893542	6682
2376528	2763370	6682
2376528	2430356	6682
3515944	2805606	6747
3515944	930857	6747
2376528	720195	6682
2376528	3517662	6682
2376528	2200491	6682
396286	3515944	6750
3515944	3142314	6747
2376528	3513649	6682
3515944	1469879	6747
2376528	3759159	6682
2376528	826878	6682
2376528	2246150	6682
3515944	66274	6747
2376528	3995609	6682
2376528	529956	6682
2376528	2397617	6682
3515944	2149164	6747
2376528	987786	6682
3515944	2768039	6747
3515944	1438957	6747
2376528	4101542	6682
3515944	2252021	6747
2376528	3879509	6682
3515944	4210611	6747
3515944	4114143	6747
3515944	1570473	6747
2376528	3704917	6682
2376528	4355635	6682
2376528	1870756	6682
3515944	1942102	6747
3515944	2030914	6747
2376528	3410886	6682
3515944	1654630	6747
3515944	840888	6747
2376528	2186439	6682
2376528	652736	6682
2376528	1306764	6682
2376528	1428775	6682
3515944	119755	6747
2376528	2227501	6682
3515944	1425911	6747
3515944	3966429	6747
3515944	3692875	6747
2376528	1419156	6682
3515944	4143526	6747
2376528	2884239	6682
3515944	4080247	6747
2376528	224788	6682
2542331	3515944	6750
2376528	2582239	6682
2376528	3478834	6682
3515944	2682592	6747
2376528	1486407	6682
3515944	1982324	6747
3515944	2376936	6747
2376528	4587626	6682
2376528	1176322	6682
3515944	4330284	6747
3515944	3004399	6747
2376528	3012911	6682
2376528	440362	6682
3515944	4312979	6747
2376528	1743020	6682
3515944	552078	6747
3515944	3811723	6747
3515944	232990	6747
2376528	1569899	6682
2376528	3926453	6682
3515944	1601391	6747
3515944	1007712	6747
2376528	236758	6682
3515944	101277	6747
3515944	614186	6747
2376528	1224471	6682
2376528	1351723	6682
3515944	536894	6747
2376528	4234189	6682
3515944	1709885	6747
2376528	2934388	6682
3515944	4115039	6747
2376528	3802197	6682
3515944	2093550	6747
2376528	571982	6682
3515944	483287	6747
3515944	3898074	6747
2376528	2753510	6682
3515944	3354598	6747
2376528	4284383	6682
3515944	4451145	6747
3515944	2562657	6747
3515944	1774542	6747
3515944	3874388	6747
2376528	2637464	6682
3515944	4292344	6747
3515944	2816030	6747
2376528	2582382	6682
3515944	3058028	6747
2376528	4550903	6682
3515944	1074543	6747
2376528	4116743	6682
2376528	732811	6682
3515944	2541067	6747
2376528	2540717	6682
2376528	311940	6682
3515944	3906514	6747
2376528	1428181	6682
2376528	296954	6682
2376528	740684	6682
2376528	2456907	6682
3515944	1835836	6747
3515944	2465227	6747
3515944	1725718	6747
2376528	346052	6682
3515944	4381969	6747
3515944	3232119	6747
3515944	3084405	6747
3515944	3907683	6747
2376528	3887554	6682
2376528	3537554	6682
3515944	1081850	6747
3515944	3697584	6747
2376528	4384825	6682
3879986	3515944	6750
3515944	4251178	6747
3515944	681606	6747
2376528	1048841	6682
2376528	3759410	6682
2376528	2114544	6682
2376528	127601	6682
2376528	4006052	6682
3515944	4372680	6747
3515944	4635205	6747
2376528	1071702	6682
3515944	4496605	6747
3515944	3400479	6747
3515944	3571029	6747
3515944	149075	6747
2376528	1272975	6682
3515944	3185540	6747
3515944	1615689	6747
3515944	1800006	6747
2376528	3150461	6682
3515944	2492004	6747
3515944	1975867	6747
2376528	2617087	6682
3515944	518459	6747
3515944	2169658	6747
3515944	2676609	6747
3515944	2169654	6747
3515944	4203348	6747
3515944	3773234	6747
2376528	3966440	6682
3515944	3998896	6747
3515944	4151292	6747
3515944	2979471	6747
2376528	648216	6682
3515944	792565	6747
2376528	3591662	6682
2376528	90908	6682
2376528	3813307	6682
2376528	1464340	6682
2376528	859488	6682
2376528	2053385	6682
2376528	1787676	6682
2376528	2971218	6682
3515944	3734723	6747
3515944	4455332	6747
3515944	991013	6747
2376528	335699	6682
3515944	2049082	6747
3515944	934982	6747
2376528	2904043	6682
2376528	4455332	6682
2376528	4547155	6682
2376528	2411633	6682
2376528	1751136	6682
2376528	472281	6682
3515944	2978371	6747
3515944	1427638	6747
2376528	4439610	6682
2376528	221570	6682
2376528	1612913	6682
3515944	64260	6747
2376528	1570473	6682
3515944	2392864	6747
2376528	172346	6682
3515944	4515706	6747
2376528	71587	6682
3515944	2657404	6747
3515944	911337	6747
2376528	1601279	6682
3515944	2922933	6747
3515944	1295587	6747
2376528	1987979	6682
3515944	2875523	6747
2376528	2946221	6682
2376528	1570870	6682
3515944	2938498	6747
2376528	4113972	6682
3515944	2320196	6747
3515944	2932646	6747
3515944	3775952	6747
3515944	1391220	6747
2074046	3515944	6750
3515944	1710844	6747
3515944	1324219	6747
2376528	3667821	6682
3515944	1759145	6747
2376528	1462896	6682
3515944	4201958	6747
3515944	530150	6747
2575767	3515944	6750
3515944	2856356	6747
3515944	62951	6747
3515944	2337252	6747
3515944	1211246	6747
3515944	373728	6747
3515944	531014	6747
3515944	144679	6747
2376528	1630428	6682
2376528	218696	6682
2376528	4325336	6682
3515944	4492006	6747
2376528	2653231	6682
3515944	259325	6747
2538672	3556930	6934
2376528	2122888	6682
2376528	2907127	6682
3515944	1468262	6747
3515944	3308170	6747
2376528	78098	6682
3515944	3772952	6747
3515944	3275366	6747
3515944	3967792	6747
2376528	65169	6682
3515944	2452065	6747
3515944	3764787	6747
3515944	4642064	6747
3515944	63966	6747
2376528	4611080	6682
3515944	1784255	6747
3515944	3285071	6747
3515944	4208960	6747
3515944	3976138	6747
3515944	1237616	6747
2376528	2588712	6682
3515944	26022	6747
2376528	1211246	6682
3515944	3949205	6747
3515944	3708999	6747
2376528	4210611	6682
3515944	1745532	6747
2376528	4379484	6682
3515944	4271685	6747
2376528	831193	6682
2376528	1772625	6682
3515944	2934388	6747
3515944	4089395	6747
3515944	1073960	6747
2376528	3576606	6682
3515944	3519170	6747
3515944	549277	6747
3515944	3281368	6747
2376528	2085181	6682
2376528	4195742	6682
2376528	2350992	6682
3515944	3572240	6747
3515944	1428181	6747
2376528	1488231	6682
2376528	3909430	6682
2376528	2186429	6682
3227347	3864610	6738
3515944	1685312	6747
3515944	3604793	6747
3515944	3524978	6747
3515944	3398453	6747
3515944	3019912	6747
3515944	1419695	6747
2376528	1795053	6682
3515944	4056555	6747
3515944	3520133	6747
2376528	1041275	6682
3515944	1854239	6747
3515944	3434453	6747
2376528	2637545	6682
3515944	1295230	6747
2376528	2994802	6682
2376528	1006351	6682
2376528	2687316	6682
2376528	3265193	6682
2376528	2059139	6682
3515944	3078448	6747
2376528	4068046	6682
2376528	1555303	6682
2376528	3184649	6682
4476729	4476205	6828
708324	3515944	6750
3515944	3663727	6747
2376528	3413586	6682
2376528	4123020	6682
2376528	2498218	6682
3515944	1743825	6747
2376528	3983296	6682
3515944	2783013	6747
2376528	1120352	6682
2376528	3176217	6682
2376528	409870	6682
2376528	2515075	6682
4569546	3515944	6750
3515944	3591662	6747
2376528	2007338	6682
1824662	2355708	6871
3515944	1487158	6747
3515944	2796642	6747
562235	3515944	6750
3515944	2614074	6747
3515944	472884	6747
2376528	2929391	6682
2376528	276040	6682
3515944	277768	6747
3515944	1173247	6747
3515944	4115682	6747
3515944	1321176	6747
2376528	40202	6682
3515944	2127385	6747
2763565	3515944	6750
2376528	4178821	6682
3515944	474083	6747
3515944	4510095	6747
2376528	1828369	6682
2376528	3408114	6682
3515944	3679008	6747
3515944	633361	6747
3515944	1495055	6747
2376528	3991664	6682
2376528	3738236	6682
3515944	1909411	6747
3050276	2821476	6723
2376528	441393	6682
2376528	512500	6682
2376528	1439908	6682
3515944	1759392	6747
3515944	994617	6747
2376528	3597698	6682
3515944	724623	6747
3515944	2009512	6747
2376528	1743825	6682
2376528	2766695	6682
2376528	2924387	6682
3515944	1073495	6747
2376528	3519787	6682
2376528	21542	6682
3515944	3451824	6747
3515944	4035342	6747
2376528	3230883	6682
3515944	3804802	6747
2376528	837736	6682
3515944	317054	6747
3515944	2038788	6747
2376528	2539348	6682
3515944	915164	6747
3515944	251069	6747
3515944	4111611	6747
2376528	970377	6682
2376528	773775	6682
2376528	2286109	6682
2376528	1648995	6682
3515944	539792	6747
3515944	4513533	6747
2376528	4500509	6682
2376528	1364689	6682
3515944	2805845	6747
2376528	1156379	6682
2376528	3825480	6682
3515944	2238455	6747
2376528	2449878	6682
2376528	2548595	6682
2376528	2784243	6682
2376528	3982511	6682
3515944	1081268	6747
2376528	4411953	6682
2376528	1199689	6682
2376528	3136374	6682
2376528	1565794	6682
2376528	531636	6682
2376528	3531732	6682
3575737	1968919	7009
3515944	3317591	6747
2376528	1202081	6682
2376528	282426	6682
3515944	4268412	6747
2376528	2811082	6682
2376528	723903	6682
3515944	1346567	6747
3515944	4476044	6747
2376528	1960847	6682
2376528	2103641	6682
3515944	3749657	6747
2376528	4347307	6682
3515944	409870	6747
2376528	2040623	6682
2376528	2859606	6682
2376528	2258451	6682
2376528	105742	6682
3515944	47194	6747
3515944	4302140	6747
3515944	3287139	6747
1940807	4279357	6871
2376528	2500040	6682
2376528	49187	6682
3515944	384363	6747
3515944	4057183	6747
2376528	1098834	6682
3515944	1570870	6747
2376528	972353	6682
3515944	7408	6747
3515944	1466825	6747
3515944	1172945	6747
3515944	1685884	6747
2376528	3064409	6682
2376528	3519170	6682
2376528	1001769	6682
3515944	633201	6747
2376528	1410174	6682
2376528	4099524	6682
3515944	873141	6747
2376528	2037552	6682
2376528	94570	6682
3515944	3144852	6747
3515944	898097	6747
3515944	3706618	6747
2376528	2785331	6682
2376528	1645194	6682
3515944	875102	6747
3515944	571982	6747
3515944	4289149	6747
3515944	1460864	6747
3515944	3013165	6747
3515944	3356345	6747
3515944	4283864	6747
3515944	3321323	6747
3515944	922688	6747
3515944	4534706	6747
3515944	287519	6747
3515944	52528	6747
2376528	2804122	6682
3515944	442577	6747
2376528	2303520	6682
2376528	4173972	6682
2376528	1214643	6682
2376528	3170352	6682
2376528	673725	6682
2376528	2074471	6682
3515944	2398528	6747
3515944	3200517	6747
3515944	3318239	6747
3515944	3466587	6747
3515944	1443436	6747
2724556	1968919	6678
3515944	4293818	6747
2376528	2743907	6682
3515944	3594127	6747
3515944	263234	6747
3153184	3515944	6750
2376528	3504030	6682
3515944	2103599	6747
3515944	1312733	6747
3515944	4505880	6747
2376528	2347921	6682
3515944	1990058	6747
2376528	4335532	6682
2376528	4045775	6682
2376528	4203827	6682
2376528	1239608	6682
3515944	265165	6747
2376528	58453	6682
3515944	3931648	6747
2376528	2645234	6682
2376528	4458330	6682
2376528	2941648	6682
2376528	3404167	6682
3515944	4006052	6747
2376528	1975867	6682
3515944	3474508	6747
2376528	466131	6682
2376528	4628697	6682
3515944	94725	6747
2376528	2230354	6682
3515944	4544156	6747
3515944	722974	6747
3515944	1088357	6747
2376528	2902637	6682
3515944	1636085	6747
3515944	2946019	6747
2376528	1368716	6682
2376528	1919727	6682
2376528	2903468	6682
56388	3515944	6750
3515944	1880919	6747
2376528	1934151	6682
2376528	4029426	6682
2376528	3053375	6682
2376528	2023141	6682
2376528	2279789	6682
3515944	3017627	6747
3515944	3930767	6747
3004399	3515944	6750
2376528	897301	6682
2376528	329625	6682
2376528	3165236	6682
4411259	3515944	6750
3515944	830415	6747
2376528	3281334	6682
2376528	2184087	6682
2376528	4191130	6682
3515944	3943603	6747
3515944	87486	6747
2376528	787676	6682
2376528	759884	6682
3515944	2600588	6747
3515944	3331518	6747
3515944	1440456	6747
2376528	1446915	6682
2376528	63890	6682
3515944	935321	6747
2376528	654833	6682
3515944	687586	6747
3515944	4643070	6747
2376528	360588	6682
2376528	969493	6682
2376528	3598253	6682
2376528	1547357	6682
3515944	1318768	6747
3515944	1644992	6747
2376528	1074543	6682
3515944	2534635	6747
2376528	3116411	6682
2376528	1378913	6682
3515944	1711401	6747
2376528	2554749	6682
2376528	787927	6682
2724556	1558441	6678
3515944	2166722	6747
2376528	3561809	6682
2376528	84606	6682
3515944	520433	6747
2376528	4415771	6682
2376528	2183617	6682
2376528	2929663	6682
3515944	1888305	6747
3515944	4395120	6747
3515944	1340167	6747
229922	3515944	6750
3515944	1200883	6747
3515944	1389147	6747
3515944	4582655	6747
2376528	1125598	6682
2376528	3779193	6682
2127385	3515944	6750
3515944	839267	6747
2376528	3956555	6682
3515944	3395540	6747
2376528	4134759	6682
2376528	2287067	6682
2376528	1434150	6682
2376528	888640	6682
3515944	2732420	6747
2376528	1190208	6682
3515944	1315878	6747
3515944	4651230	6747
3515944	4073425	6747
3515944	1803237	6747
2376528	1344268	6682
2376528	4529791	6682
3515944	722606	6747
3515944	1001846	6747
2376528	381308	6682
3515944	1044158	6747
3515944	4242155	6747
3515944	1158444	6747
2376528	704449	6682
3515944	195851	6747
2376528	1977130	6682
3515944	2141626	6747
2376528	948674	6682
3515944	1885008	6747
2376528	43149	6682
2376528	382144	6682
3515944	2433592	6747
2376528	574269	6682
2376528	1284513	6682
2376528	441287	6682
2376528	2433437	6682
3515944	4505798	6747
3515944	467086	6747
3515944	3444729	6747
3515944	1578488	6747
2376528	1780250	6682
2376528	3700611	6682
2376528	21169	6682
2376528	4208098	6682
2376528	4624930	6682
3515944	3557282	6747
3515944	3260868	6747
2376528	265165	6682
2376528	4076824	6682
3515944	2382799	6747
3515944	4616642	6747
3515944	907457	6747
2376528	1142169	6682
3515944	1840284	6747
2376528	3836495	6682
3515944	3739495	6747
3515944	2842312	6747
2376528	1026045	6682
2376528	480293	6682
3578437	3515944	6750
2376528	3572240	6682
3515944	341061	6747
3515944	2424082	6747
2376528	2191444	6682
2376528	3283292	6682
3515944	2217077	6747
3515944	2922916	6747
2376528	2650853	6682
2376528	4168042	6682
3515944	4143473	6747
2376528	3318719	6682
3515944	644357	6747
3515944	681591	6747
3515944	4045734	6747
2376528	4310699	6682
2376528	2859738	6682
2376528	3198926	6682
2376528	3166939	6682
2376528	1050764	6682
3515944	3879461	6747
3515944	3437376	6747
3515944	781308	6747
2376528	388600	6682
2376528	2326074	6682
2376528	218730	6682
388026	4476729	6952
2376528	2047596	6682
3515944	3419826	10048
2376528	3766613	6682
3515944	1158166	6747
3515944	2150228	6747
2376528	479211	6682
3515944	3886727	6747
3515944	1007241	6747
3515944	1274645	6747
3515944	3654451	6747
2376528	2306278	6682
2376528	4462795	6682
2376528	4427178	6682
2376528	1081268	6682
3515944	49187	6747
3515944	1163762	6747
3515944	1077833	6747
3515944	2339888	6747
2376528	3583320	6682
2376528	29386	6682
3515944	4118821	6747
2376528	3748531	6682
3515944	3879608	6747
2376528	780727	6682
2376528	4040343	6682
2376528	1047390	6682
3515944	4441624	6747
3515944	2916780	6747
3515944	831193	6747
2376528	3726735	6682
3515944	3576606	6747
3515944	4332597	6747
3515944	231440	6747
2376528	1215649	6682
3515944	3758416	6747
3515944	3470444	6747
3515944	3783883	6747
2590181	3515944	6750
3515944	222506	6747
2376528	1471309	6682
3515944	3970002	6747
3515944	1852020	6747
3515944	2517756	6747
3515944	1920318	6747
3515944	3496653	6747
3515944	1383684	6747
3515944	3980877	6747
3515944	1594339	6747
3515944	1592944	6747
3515944	4233326	6747
3515944	1573324	6747
3515944	1142521	6747
2376528	3120646	6682
2376528	699110	6682
3515944	764162	6747
2376528	2041298	6682
3515944	1634598	6747
2376528	2740010	6682
2376528	873141	6682
3515944	4506757	6747
3515944	2181212	6747
3515944	4130022	6747
2376528	642872	6682
2376528	2042564	6682
2376528	1983577	6682
3515944	3093651	6747
2376528	3826345	6682
2376528	2289174	6682
2376528	3058120	6682
3515944	3501400	6747
3515944	2578624	6747
2376528	2302247	6682
2376528	4310470	6682
2376528	2350598	6682
2376528	998558	6682
2376528	3448199	6682
2376528	3557282	6682
2376528	1810394	6682
3515944	902792	6747
3515944	2227501	6747
2376528	522839	6682
3515944	2736643	6747
2376528	2166800	6682
2376528	1400565	6682
2376528	3716625	6682
2376528	3022560	6682
2376528	3834296	6682
2376528	3930767	6682
3515944	379905	6747
2376528	2495203	6682
2376528	201951	6682
2376528	3555230	6682
2376528	902898	6682
3515944	1062312	6747
3515944	3167314	6747
2376528	3935181	6682
2376528	3246276	6682
2376528	2465227	6682
2376528	3975144	6682
4476729	1735045	6872
3515944	780879	6747
3515944	67482	6747
2376528	2138824	6682
3515944	915923	6747
2376528	4474551	6682
2376528	3690618	6682
2376528	4574504	6682
2376528	1273419	6682
3515944	3858325	6747
2376528	3737354	6682
2376528	4568245	6682
3515944	2159469	6747
2376528	2337986	6682
3515944	522839	6747
2376528	1692198	6682
3515944	440362	6747
3515944	1088444	6747
2376528	1329812	6682
2376528	325892	6682
3515944	2174933	6747
2376528	1385787	6682
2376528	1484854	6682
3515944	1538929	6747
3515944	3284139	6747
3515944	1537903	6747
2376528	182743	6682
3515944	599274	6747
2376528	2335776	6682
2376528	2089744	6682
3515944	3568310	6747
3515944	765619	6747
2376528	1768201	6682
2376528	1792078	6682
3515944	4322889	6747
3515944	1473560	6747
2376528	134836	6682
3515944	1385787	6747
3515944	2261236	6747
3515944	1515076	6747
2376528	1587367	6682
2376528	4356054	6682
2376528	2306235	6682
3515944	466592	6747
3515944	1845443	6747
3515944	332805	6747
2376528	3713289	6682
3515944	1900637	6747
3515944	2457330	6747
2376528	2104081	6682
3515944	4233169	6747
2376528	1890140	6682
3515944	4316017	6747
2376528	163586	6682
3515944	3288400	6747
2376528	3286237	6682
3515944	1799070	6747
3515944	1981747	6747
3515944	740684	6747
2376528	1663454	6682
3515944	4506671	6747
2376528	317054	6682
3515944	4201909	6747
2376528	3671348	6682
2376528	2931048	6682
3515944	2455363	6747
2376528	4204643	6682
3515944	1937918	6747
3515944	824831	6747
2376528	66620	6682
3515944	4547155	6747
3515944	976829	6747
3515944	3502709	6747
3515944	3198926	6747
2376528	2375865	6682
3515944	2603714	6747
3515944	1872696	6747
2376528	4565970	6682
3515944	201951	6747
3515944	4605348	6747
3515944	2692423	6747
3515944	2761473	6747
3515944	2583357	6747
2376528	3974160	6682
2376528	1451855	6682
3515944	4513776	6747
3515944	182462	6747
2376528	3019218	6682
2376528	3505744	6682
3515944	3477496	6747
2376528	801476	6682
3515944	4372832	6747
3515944	2900813	6747
2376528	2950296	6682
3515944	1170639	6747
3515944	1932739	6747
2376528	1999810	6682
3515944	329625	6747
2376528	508947	6682
2376528	3104842	6682
3515944	3755666	6747
3515944	3537554	6747
3515944	1799066	6747
3515944	253709	6747
3515944	2801197	6747
4279357	4359891	6872
3515944	3265193	6747
2376528	2517756	6682
2376528	898840	6682
2376528	766697	6682
3515944	1550927	6747
3515944	598703	6747
3515944	448979	6747
3515944	1202333	6747
2376528	3175627	6682
2376528	1525163	6682
2376528	2130236	6682
2376528	1139401	6682
3515944	3804297	6747
3515944	3616133	6747
2376528	417587	6682
3515944	3631143	6747
3515944	4187534	6747
3515944	4244565	6747
2376528	2611140	6682
2376528	149342	6682
3515944	1765051	6747
3515944	3591111	6747
2376528	1529044	6682
3515944	4242223	6747
2376528	1432821	6682
2376528	3871874	6682
2376528	296128	6682
3515944	431029	6747
3515944	4167816	6747
3515944	274075	6747
3233552	3515944	6750
2376528	3645680	6682
2376528	1380126	6682
3515944	3196938	6747
2376528	2310125	6682
3515944	887120	6747
3515944	258067	6747
3515944	522141	6747
2376528	1324219	6682
2376528	4557859	6682
3515944	57832	6747
3515944	3771484	6747
2376528	1854066	6682
2376528	2334770	6682
2376528	724623	6682
2376528	912031	6682
2376528	924232	6682
2376528	1888846	6682
3515944	1769319	6747
2376528	1214929	6682
3515944	3720995	6747
2376528	2726308	6682
2376528	599274	6682
2376528	125345	6682
4476729	2724556	6868
2376528	2619122	6682
3515944	462886	6747
2376528	1757008	6682
2376528	3533102	6682
2376528	3748163	6682
3515944	3371944	6747
3515944	1169726	6747
3515944	1755842	6747
3515944	2705404	6747
2376528	2850999	6682
2376528	504703	6682
3515944	1458266	6747
3515944	1105008	6747
3515944	3680039	6747
2376528	1031983	6682
2376528	598120	6682
3515944	165120	6747
2376528	2561296	6682
2376528	4077145	6682
3515944	4101542	6747
2376528	844736	6682
2376528	4422609	6682
2376528	1831621	6682
3515944	3031417	6747
3515944	3955295	6747
2376528	3397805	6682
2376528	3286931	6682
3515944	461443	6747
2376528	855078	6682
3515944	4471873	6747
2376528	483287	6682
2376528	2842312	6682
3515944	2170058	6747
3515944	1822095	6747
2376528	4515199	6682
2376528	2261000	6682
2376528	3949205	6682
2376528	640197	6682
2376528	2578624	6682
3515944	2641698	6747
2376528	2616628	6682
3515944	2106457	6747
3515944	2453948	6747
2376528	445713	6682
2138824	3515944	6750
3515944	2761407	6747
3515944	3209874	6747
2376528	274075	6682
2376528	4216675	6682
2376528	548238	6682
3515944	3830894	6747
3515944	1768669	6747
2376528	3143728	6682
2376528	1350294	6682
2376528	1117172	6682
3515944	3434281	6747
2376528	1073960	6682
2376528	3271496	6682
2376528	453231	6682
3515944	3937710	6747
3515944	3765673	6747
2376528	600028	6682
2376528	3916352	6682
3515944	3909745	6747
2376528	461423	6682
2376528	2511937	6682
3515944	3504030	6747
2376528	1756460	6682
2376528	590485	6682
3515944	1612913	6747
3515944	3477753	6747
2376528	1315669	6682
3515944	2182928	6747
2376528	2632967	6682
3515944	4189438	6747
3515944	4368485	6747
2376528	3764787	6682
3515944	703805	6747
3515944	104234	6747
2376528	3912159	6682
3515944	2006670	6747
2376528	409942	6682
3515944	891556	6747
2376528	130150	6682
2376528	2111432	6682
3515944	3681121	6747
2376528	2900057	6682
3515944	2438330	6747
2376528	80261	6682
3515944	1549524	6747
2376528	3526904	6682
3515944	848294	6747
3515944	3768534	6747
3515944	3065211	6747
3515944	3455889	6747
3515944	564006	6747
2376528	2060733	6682
2376528	359197	6682
3515944	1623248	6747
3515944	4538141	6747
3515944	1060495	6747
3231310	3515944	6750
3515944	3014448	6747
3515944	3489553	6747
2376528	2309779	6682
3515944	1452176	6747
2376528	2424082	6682
2376528	3799694	6682
2376528	1764156	6682
2376528	2201015	6682
2376528	2667427	6682
2376528	4392005	6682
3515944	3926453	6747
3515944	1795685	6747
2376528	4382460	6682
3515944	397415	6747
3515944	2368043	6747
3515944	4197821	6747
2376528	3430137	6682
3515944	1940107	6747
3515944	2987496	6747
3515944	4523388	6747
2376528	3242138	6682
2376528	1825715	6682
3515944	4419824	6747
2376528	2548775	6682
3515944	3080243	6747
3515944	766861	6747
2376528	337546	6682
2376528	1010997	6682
2376528	1538910	6682
3515944	3287016	6747
3515944	518472	6747
3515944	599639	6747
3515944	2012956	6747
3515944	2125274	6747
2376528	3178582	6682
3515944	4556296	6747
2376528	4631041	6682
2376528	2187429	6682
2376528	46007	6682
2376528	591614	6682
3515944	2805635	6747
2376528	3992601	6682
2376528	1498032	6682
3515944	3119729	6747
3515944	701885	6747
2376528	1743024	6682
2376528	3783751	6682
2376528	1409819	6682
2376528	721637	6682
3185540	3515944	6750
3515944	2059302	6747
3515944	4499759	6747
2376528	4578022	6682
3515944	3935181	6747
2376528	2747393	6682
2259459	3515944	6750
3515944	799939	6747
3515944	3473654	6747
2376528	122311	6682
3515944	4123154	6747
3515944	3816673	6747
3515944	2362536	6747
3515944	2409081	6747
3515944	1809006	6747
3515944	983653	6747
2376528	4250199	6682
2376528	766917	6682
2376528	1842301	6682
3706618	3515944	6750
3515944	4223983	6747
3515944	4023892	6747
2376528	2959944	6682
3515944	659882	6747
3515944	355455	6747
3515944	2749259	6747
3515944	1787781	6747
2376528	2106457	6682
3515944	1091250	6747
3515944	2961399	6747
2376528	570078	6682
3515944	3387581	6747
3515944	788058	6747
3515944	2292459	6747
3515944	259350	6747
2376528	866973	6682
2376528	1018080	6682
3515944	2659128	6747
2376528	1022332	6682
3515944	3355002	6747
2376528	349334	6682
3515944	2575767	6747
2376528	531014	6682
3515944	573483	6747
2376528	1726775	6682
3515944	2104081	6747
3515944	759884	6747
2376528	4284008	6682
3515944	3992139	6747
3515944	3952119	6747
3515944	741870	6747
4476205	4476729	6850
2376528	3141428	6682
2376528	1079806	6682
2376528	659882	6682
3515944	3820301	6747
2376528	2108283	6682
2376528	859972	6682
3515944	1099895	6747
3515944	3069507	6747
2376528	4402996	6682
2376528	238899	6682
3515944	3679952	6747
3515944	3180451	6747
3515944	2753510	6747
2376528	231440	6682
2376528	3520133	6682
2376528	3655110	6682
2376528	594016	6682
2376528	4616642	6682
3515944	1175520	6747
2376528	4104077	6682
3515944	1242643	6747
3515944	892090	6747
2376528	4347828	6682
2376528	3637075	6682
3515944	3324294	6747
2376528	3768534	6682
2376528	298475	6682
2376528	424481	6682
2376528	4102988	6682
2376528	2978433	6682
2376528	4271983	6682
3515944	1884436	6747
2376528	1222908	6682
3515944	1030503	6747
2376528	1589132	6682
2376528	811677	6682
3515944	2730209	6747
3515944	3643111	6747
2376528	1269501	6682
3515944	2802250	6747
3515944	3505152	6747
3515944	224894	6747
2376528	1942347	6682
2376528	2849602	6682
3515944	1518715	6747
2376528	4015726	6682
2376528	3631143	6682
2376528	4188546	6682
3515944	3860288	6747
3515944	2709172	6747
2376528	3367047	6682
2376528	4307363	6682
2376528	3350936	6682
2376528	1978077	6682
3515944	3373483	6747
3515944	3511390	6747
2376528	4046635	6682
3515944	2424483	6747
2376528	2217958	6682
3515944	458071	6747
2376528	57832	6682
2376528	455820	6682
3515944	3638960	6747
3515944	4549155	6747
3515944	4169832	6747
3515944	623237	6747
3515944	2952270	6747
3515944	554110	6747
2376528	1092376	6682
2376528	1800604	6682
3515944	557802	6747
2376528	474169	6682
3515944	275167	6747
2376528	3111915	6682
3515944	2653231	6747
2376528	4107626	6682
3515944	1352223	6747
3515944	2952817	6747
3515944	1050764	6747
3515944	2162676	6747
2376528	4601304	6682
3515944	1538770	6747
2376528	1740347	6682
2376528	3987638	6682
3515944	866501	6747
3515944	4351662	6747
3515944	4158955	6747
3515944	2931048	6747
2376528	1662155	6682
2376528	2957476	6682
2376528	3200517	6682
3515944	3893931	6747
3515944	4209041	6747
3515944	872943	6747
2376528	4597136	6682
3515944	3647059	6747
3515944	3517662	6747
3515944	3939960	6747
2376528	794942	6682
2376528	1732660	6682
3515944	677360	6747
3515944	3263998	6747
3515944	2838626	6747
2376528	1880765	6682
2376528	1868113	6682
2376528	2171068	6682
2376528	4359891	6682
2376528	1597314	6682
2376528	1525584	6682
3515944	930354	6747
2376528	3342149	6682
2376528	2886894	6682
2376528	2897636	6682
3515944	2394678	6747
3515944	3862363	6747
2376528	1809141	6682
2376528	1247543	6682
2376528	3885335	6682
3515944	1713391	6747
2376528	2832746	6682
2376528	1080615	6682
2376528	3477753	6682
2376528	550344	6682
3515944	4213616	6747
3515944	2092300	6747
2376528	1391220	6682
3515944	572900	6747
2376528	3643857	6682
3515944	2715530	6747
2376528	3647059	6682
3515944	2566919	6747
2376528	4347918	6682
2376528	3256622	6682
2376528	1014210	6682
2376528	950452	6682
3515944	3080962	6747
3515944	2853878	6747
3515944	3283292	6747
2376528	557802	6682
2376528	2316749	6682
3515944	3080140	6747
3515944	755798	6747
3515944	990720	6747
3515944	2358317	6747
3515944	260602	6747
3515944	858710	6747
3515944	589177	6747
2376528	4316809	6682
3515944	1093141	6747
3515944	282426	6747
2376528	1357856	6682
2376528	648279	6682
3515944	3370971	6747
3515944	1096190	6747
3515944	1468269	6747
3515944	871853	6747
3515944	3104842	6747
2376528	3800240	6682
2376528	3321323	6682
3515944	72136	6747
2376528	927528	6682
2376528	3203392	6682
2376528	2315889	6682
2376528	1660146	6682
3515944	2772543	6747
3515944	3851150	6747
2376528	1819725	6682
3515944	3183396	6747
2376528	999607	6682
2376528	4538082	6682
2376528	4445508	6682
2376528	2525640	6682
2376528	3360988	6682
2376528	2409081	6682
2376528	4082927	6682
3515944	2129047	6747
3515944	196076	6747
3515944	2317442	6747
2376528	4515990	6682
3515944	3642478	6747
3515944	344240	6747
3515944	1158350	6747
2376528	967006	6682
2376528	199150	6682
3515944	2042539	6747
2376528	1431460	6682
2376528	3943603	6682
3515944	4178821	6747
3515944	4575698	6747
2376528	4635105	6682
3515944	4373967	6747
3515944	2990963	6747
3515944	1109584	6747
3515944	2637464	6747
3515944	1433068	6747
2376528	2879742	6682
3515944	3777231	6747
3515944	1956596	6747
1411687	3515944	6750
2376528	2954067	6682
3515944	4210455	6747
2376528	924191	6682
2376528	1844152	6682
2376528	3765733	6682
2376528	3842854	6682
3515944	3759977	6747
2376528	3082287	6682
3515944	3861026	6747
2376528	4273724	6682
2376528	1055842	6682
2376528	3702641	6682
2376528	3492726	6682
3515944	1261840	6747
3864610	3227347	6736
2376528	4060001	6682
3515944	1519419	6747
2376528	4035190	6682
3515944	2901636	6747
2376528	2756479	6682
3515944	4238401	6747
3515944	2712688	6747
2376528	3708999	6682
3515944	2286638	6747
2376528	4030645	6682
2376528	4549155	6682
3515944	552685	6747
3515944	1598712	6747
3515944	826031	6747
1411687	4279357	6818
2376528	2923393	6682
3515944	967006	6747
2376528	1157358	6682
3515944	754236	6747
3515944	811677	6747
2376528	561851	6682
2376528	3317457	6682
3515944	2540717	6747
2376528	998324	6682
3515944	3767130	6747
2376528	3203946	6682
3515944	655208	6747
3515944	202535	6747
2376528	1561239	6682
3515944	913755	6747
3515944	627934	6747
3515944	707181	6747
3515944	2685227	6747
2376528	2457330	6682
2376528	3668935	6682
3515944	3111915	6747
3515944	313057	6747
3515944	3499382	6747
3515944	3440911	6747
2376528	3260230	6682
3515944	2548465	6747
2376528	947369	6682
2376528	3404569	6682
3515944	3583320	6747
2376528	4269702	6682
3515944	1111875	6747
2376528	2144902	6682
2376528	2576850	6682
3515944	3285258	6747
3515944	1919123	6747
2376528	715185	6682
3515944	2799189	6747
3515944	1541412	6747
3515944	172346	6747
3515944	4350295	6747
3515944	1065208	6747
2376528	3684161	6682
2376528	2753700	6682
3515944	577307	6747
2376528	48095	6682
3515944	1926934	6747
3515944	3152707	6747
3515944	366194	6747
3515944	3219125	6747
2376528	2544292	6682
2376528	2086969	6682
2376528	1664447	6682
3515944	3545374	6747
2376528	1088357	6682
2376528	222654	6682
3515944	1144058	6747
3515944	3362017	6747
3515944	414690	6747
3515944	1903327	6747
2376528	1365657	6682
2376528	3862363	6682
2376528	3836972	6682
2376528	2335717	6682
3515944	3061278	6747
2376528	1083135	6682
2376528	3317591	6682
2376528	4067839	6682
3515944	2456366	6747
2376528	2778419	6682
3515944	2274877	6747
3515944	329360	6747
2376528	4026549	6682
3515944	991609	6747
2095276	3515944	6750
2376528	3558800	6682
3515944	501811	6747
2376528	3969124	6682
3515944	1479170	6747
2376528	801917	6682
2376528	1498681	6682
3515944	2060733	6747
3515944	3200887	6747
2376528	565003	6682
3515944	1807462	6747
2376528	3944764	6682
3515944	941894	6747
3515944	4230843	6747
3515944	1839352	6747
3515944	1649831	6747
2376528	3756975	6682
2376528	451649	6682
3515944	235903	6747
3515944	2190393	6747
3515944	1660146	6747
3575737	1558441	6850
3515944	3655110	6747
3515944	1934423	6747
2376528	57753	6682
3515944	4078312	6747
3515944	2143831	6747
3515944	3082287	6747
2376528	1495055	6682
3464875	2724556	6866
3515944	600028	6747
3515944	3778589	6747
3515944	3759410	6747
2376528	305512	6682
2376528	3207892	6682
3515944	3926178	6747
3515944	2941703	6747
3239330	4120083	7668
3515944	1787676	6747
3515944	3770913	6747
3515944	3346468	6747
3515944	1327969	6747
3515944	2435048	6747
2376528	1288095	6682
3515944	63087	6747
3515944	241392	6747
2376528	4324687	6682
3515944	3598253	6747
3515944	1264106	6747
2376528	297894	6682
2376528	2985267	6682
3515944	15767	6747
3515944	174894	6747
2376528	3030644	6682
2376528	3967792	6682
2376528	2164697	6682
3515944	1810394	6747
2376528	462886	6682
2376528	1155374	6682
3515944	1854066	6747
2376528	3643111	6682
2376528	723351	6682
3515944	2183617	6747
3515944	3775945	6747
3518980	817319	8024
3515944	2209007	6747
3515944	233966	6747
3515944	277653	6747
2376528	1546822	6682
2376528	2227810	6682
3515944	1918439	6747
2376528	1318768	6682
3515944	1634000	6747
2376528	1437161	6682
3515944	2552008	6747
2376528	3637704	6682
2376528	104234	6682
2376528	4534706	6682
2376528	722974	6682
2376528	4376099	6682
2376528	1072830	6682
2376528	2959065	6682
2376528	3860288	6682
3515944	2272357	6747
3515944	39786	6747
2376528	94896	6682
3515944	1899715	6747
3515944	135028	6747
3515944	2939638	6747
2376528	773666	6682
3515944	680848	6747
3515944	3471364	6747
2376528	1314451	6682
2376528	2252381	6682
2376528	471178	6682
3515944	4439610	6747
3515944	1842301	6747
3515944	3961781	6747
2376528	4393286	6682
2376528	1072840	6682
2376528	1577388	6682
3515944	1436869	6747
3515944	2784243	6747
3515944	521707	6747
3515944	3799569	6747
2376528	4291756	6682
2376528	4649527	6682
2376528	1408681	6682
2376528	4258017	6682
3515944	970377	6747
2376528	728170	6682
2355708	2366338	6872
3515944	1630428	6747
2376528	3558100	6682
2376528	47194	6682
3515944	268376	6747
3515944	3670650	6747
3515944	2622162	6747
2376528	1308825	6682
2376528	3692875	6682
2376528	4516754	6682
3515944	1844152	6747
3515944	4382460	6747
2376528	1934423	6682
3515944	1694436	6747
2376528	2232142	6682
2376528	2908465	6682
2376528	1633664	6682
3515944	1214929	6747
2376528	2092963	6682
3515944	1822114	6747
3515944	3293796	6747
3515944	2875286	6747
3515944	3617952	6747
3515944	4549478	6747
3515944	2302189	6747
2376528	3461230	6682
2376528	2799189	6682
3515944	591266	6747
2376528	2697328	6682
3515944	837736	6747
2376528	278935	6682
3515944	3864610	6747
3515944	1541790	6747
3515944	2591487	6747
2376528	121161	6682
2376528	3159477	6682
3515944	4650905	6747
2376528	1425911	6682
3515944	2700733	6747
2376528	225381	6682
3515944	3763818	6747
3515944	3318601	6747
2376528	4630559	6682
2376528	4069742	6682
2376528	1228032	6682
2376528	4372680	6682
3515944	1393270	6747
3515944	2559291	6747
3515944	4570476	6747
2376528	4189438	6682
3515944	311940	6747
2376528	2941291	6682
3515944	806264	6747
2376528	320221	6682
3515944	1888721	6747
3515944	1072840	6747
2376528	157695	6682
2376528	4344362	6682
2376528	101193	6682
2376528	1806212	6682
2355708	4262239	6846
3515944	4606330	6747
3515944	4052661	6747
3515944	2960521	6747
2376528	2453948	6682
3515944	702313	6747
3515944	975761	6747
3515944	957948	6747
2376528	2809311	6682
2376528	2330130	6682
2376528	3879270	6682
3515944	213625	6747
2376528	1169726	6682
3515944	2782446	6747
2376528	3541837	6682
3515944	1270878	6747
2376528	277768	6682
3515944	2832746	6747
2376528	4366098	6682
3515944	5584	6747
2366338	2355708	6871
2376528	3181621	6682
2376528	2941389	6682
2376528	1855588	6682
3515944	3050380	6747
3515944	390772	6747
2376528	3502709	6682
2376528	672234	6682
2376528	904327	6682
3515944	4194924	6747
3515944	3463923	6747
2376528	1361511	6682
2376528	2438330	6682
3515944	1143555	6747
3515944	2510907	6747
3515944	1617950	6747
3515944	2594156	6747
3515944	3763294	6747
2376528	50960	6682
3515944	2810132	6747
3515944	3774668	6747
2376528	875102	6682
3515944	2423952	6747
2376528	2149164	6682
3515944	1395823	6747
4448083	3556930	8003
3515944	3422468	6747
3515944	1789636	6747
3515944	3422443	6747
3515944	2744744	6747
2376528	133944	6682
3515944	914011	6747
2376528	1487583	6682
2376528	1735045	6682
3515944	3700611	6747
2376528	3761050	6682
3515944	441287	6747
3515944	1329812	6747
2376528	2203751	6682
2376528	4030418	6682
2376528	1617869	6682
2376528	2128757	6682
2376528	1899715	6682
3515944	1372129	6747
2376528	3511390	6682
2376528	765619	6682
2376528	3376806	6682
2376528	4575698	6682
2376528	35130	6682
3515944	4060920	6747
2376528	849090	6682
3515944	3835929	6747
2376528	4256139	6682
2376528	1795685	6682
2376528	3153786	6682
2376528	982034	6682
3515944	3062430	6747
3515944	636036	6747
2376528	3088047	6682
3515944	1773086	6747
3515944	1218574	6747
2376528	2884618	6682
3515944	4291756	6747
3515944	1177575	6747
2376528	4474246	6682
2376528	8072	6682
2376528	2816846	6682
3515944	3596577	6747
2376528	3029862	6682
2376528	4461613	6682
4476205	4476729	6742
2376528	1193449	6682
3515944	4380070	6747
2376528	3377499	6682
3515944	4486545	6747
3515944	3992601	6747
3515944	3916148	6747
2376528	4599731	6682
2376528	1726858	6682
2376528	4016371	6682
2376528	403031	6682
2376528	2099678	6682
2376528	3490248	6682
2376528	2806540	6682
3515944	3118830	6747
2376528	4451117	6682
3515944	541259	6747
2376528	3720270	6682
3515944	992135	6747
2376528	3150648	6682
2376528	3252473	6682
3515944	446106	6747
2376528	4271685	6682
3515944	2540439	6747
2376528	3075586	6682
297275	3515944	6750
3515944	1014210	6747
2376528	1118226	6682
3515944	780727	6747
3515944	1664447	6747
3515944	626113	6747
3515944	3793794	6747
2376528	4587466	6682
2376528	918027	6682
3515944	3725457	6747
2376528	1122082	6682
3515944	1334853	6747
2376528	1427508	6682
2376528	1226209	6682
3515944	3210418	6747
3515944	828450	6747
2376528	4052661	6682
3793794	3515944	6750
3515944	2713546	6747
3515944	2190494	6747
3515944	2259459	6747
3515944	2397280	6747
2376528	835736	6682
3515944	2320335	6747
3515944	3640341	6747
3515944	550822	6747
3515944	3718197	6747
2376528	1698425	6682
3515944	3429126	6747
2376528	2772543	6682
2376528	380582	6682
2376528	3058028	6682
2376528	4506303	6682
2376528	2900993	6682
3515944	1851876	6747
2376528	4513533	6682
2376528	4426704	6682
2376528	1604471	6682
2376528	897416	6682
3515944	1373690	6747
2376528	1393270	6682
3515944	3492384	6747
2376528	4584329	6682
3526520	3515944	6750
2376528	330060	6682
2376528	560423	6682
2376528	1023486	6682
3515944	262582	6747
3515944	3765923	6747
2376528	1894632	6682
4279357	4134759	6825
2376528	3132454	6682
3515944	2435125	6747
2376528	1547926	6682
4262239	2355708	6742
3515944	4261832	6747
2376528	1752740	6682
3515944	849090	6747
2376528	1166604	6682
2376528	2901666	6682
3515944	2801239	6747
3515944	384302	6747
2376528	2534452	6682
3515944	2929391	6747
2376528	1965941	6682
2376528	873667	6682
2376528	786251	6682
3515944	279938	6747
2376528	2701846	6682
2355708	4054099	7411
2376528	2849090	6682
3515944	3956762	6747
3515944	1584840	6747
3515944	2667427	6747
3515944	1260696	6747
2376528	1202333	6682
2376528	2062030	6682
2376528	279938	6682
2376528	1594425	6682
3515944	1567734	6747
2376528	4203348	6682
3515944	1336150	6747
3515944	337546	6747
3515944	1560111	6747
2376528	274668	6682
3515944	1591209	6747
2376528	1804152	6682
2376528	2481169	6682
2376528	104117	6682
3515944	3882	6747
2376528	1578230	6682
3515944	2985267	6747
3515944	3047830	6747
2376528	1220370	6682
3515944	784454	6747
4262239	2355708	6818
3515944	4207887	6747
3515944	910777	6747
3515944	600058	6747
2376528	3950528	6682
3515944	2747393	6747
2376528	626204	6682
3050276	3464875	6711
3556930	2376528	6832
3515944	2103641	6747
3515944	3132454	6747
2376528	4079575	6682
2376528	2816030	6682
3515944	1867861	6747
4116421	3515944	6750
3515944	2523358	6747
3515944	242435	6747
2376528	454018	6682
3515944	4565970	6747
3515944	3114450	6747
3515944	773775	6747
3515944	1080854	6747
3515944	1969061	6747
2376528	1537784	6682
2376528	1585735	6682
3515944	2632967	6747
2376528	2028529	6682
2376528	3737791	6682
2376528	3533003	6682
2376528	4266489	6682
3515944	4178068	6747
3515944	362600	6747
2376528	2107914	6682
2376528	2025981	6682
2376528	1180472	6682
2376528	1197813	6682
3515944	3586520	6747
3515944	1071702	6747
3515944	4030418	6747
2376528	1118437	6682
3515944	4446009	6747
3515944	3994214	6747
2376528	4289572	6682
2376528	4113492	6682
2376528	3970002	6682
3515944	1909461	6747
3515944	4359245	6747
3515944	2270241	6747
2376528	3920770	6682
2376528	688844	6682
2376528	86196	6682
3515944	3916805	6747
2376528	2455363	6682
3515944	465944	6747
2376528	3499528	6682
3515944	3713289	6747
3515944	1731838	6747
3515944	4185051	6747
3515944	2088266	6747
2376528	2542331	6682
2376528	1815093	6682
3515944	1159771	6747
3515944	3804668	6747
3515944	3290639	6747
2376528	2156104	6682
2376528	2335938	6682
3515944	3909430	6747
2376528	728981	6682
3559179	3515944	6750
3515944	531636	6747
3515944	1274460	6747
3515944	1809141	6747
380846	3515944	6750
3515944	927450	6747
3515944	1502873	6747
3515944	2416636	6747
3515944	520237	6747
3515944	61946	6747
2376528	366407	6682
3515944	720195	6747
3515944	1411687	6747
3515944	2046491	6747
3515944	2611140	6747
3515944	731460	6747
3515944	1197813	6747
2376528	3371944	6682
3515944	2371029	6747
3515944	2134513	6747
2376528	915923	6682
3515944	2171674	6747
3515944	1087444	6747
3515944	1425525	6747
2376528	4471381	6682
2376528	94725	6682
2376528	2884218	6682
3515944	4411953	6747
3515944	1986665	6747
2376528	1911444	6682
3515944	2579959	6747
3515944	687391	6747
2376528	3166446	6682
3515944	244274	6747
3515944	1271148	6747
3515944	1194885	6747
3515944	1258039	6747
3515944	4080655	6747
3515944	1862707	6747
3515944	2576850	6747
3515944	3281334	6747
2376528	991013	6682
3515944	1572134	6747
3515944	4333054	6747
3515944	940742	6747
2376528	2000507	6682
2376528	2162676	6682
3515944	2930868	6747
3515944	2766743	6747
3515944	2929663	6747
2198643	2344598	6738
2536333	3515944	6750
2376528	4227732	6682
3515944	1894188	6747
2376528	1573324	6682
2376528	2456366	6682
2376528	2076719	6682
2376528	869002	6682
2376528	1644096	6682
3515944	2604195	6747
3515944	3387664	6747
2376528	4232425	6682
2376528	4302140	6682
3515944	1224045	6747
2376528	467086	6682
3515944	2865851	6747
2376528	3353268	6682
2376528	2121830	6682
3515944	29386	6747
3515944	3409756	6747
3515944	4030327	6747
2376528	2657391	6682
2376528	4480023	6682
3515944	467393	6747
2376528	4083849	6682
3515944	286437	6747
3515944	2040623	6747
3515944	3640127	6747
3515944	4153405	6747
3515944	4385557	6747
2376528	800959	6682
3515944	2941389	6747
2376528	3749657	6682
2376528	4093192	6682
3515944	3465611	6747
2376528	3348735	6682
2376528	3162056	6682
3515944	3260230	6747
2376528	3017627	6682
2376528	1495784	6682
3515944	55517	6747
2376528	67650	6682
2376528	2946019	6682
2376528	983653	6682
2376528	2314478	6682
3515944	40202	6747
3515944	2878907	6747
3515944	667143	6747
3515944	2486331	6747
3515944	1801521	6747
2376528	1092006	6682
2376528	2787059	6682
2376528	3400419	6682
3515944	1994035	6747
3515944	417173	6747
2376528	3037851	6682
3515944	3684161	6747
3515944	822128	6747
2376528	2143831	6682
2376528	4341582	6682
2376528	64604	6682
2376528	2481085	6682
2376528	4257834	6682
3515944	2864943	6747
2376528	4593592	6682
3515944	4479813	6747
3515944	3492726	6747
2376528	2674152	6682
2376528	1007628	6682
3515944	1216822	6747
3515944	1410854	6747
3515944	1937538	6747
2376528	1599749	6682
3515944	1291341	6747
1558441	3575737	6936
2376528	2472433	6682
3515944	1887313	6747
3515944	157875	6747
2376528	1424053	6682
2376528	3774668	6682
3515944	2383282	6747
2376528	1221146	6682
2376528	1515076	6682
2376528	2739755	6682
2376528	253691	6682
3515944	4631041	6747
3515944	1285860	6747
3515944	4321154	6747
2376528	3772952	6682
2376528	1554159	6682
3515944	2001580	6747
3515944	4594904	6747
2376528	668058	6682
2376528	815951	6682
3515944	3533102	6747
1222908	2198643	6871
3515944	1452562	6747
3515944	3599039	6747
3515944	4528962	6747
3515944	292740	6747
3515944	1687136	6747
2376528	1092381	6682
3515944	1380126	6747
2376528	3879480	6682
2376528	2450210	6682
3515944	1500965	6747
2376528	962624	6682
2376528	661803	6682
3515944	2433437	6747
2376528	4001686	6682
2376528	671021	6682
3515944	594069	6747
2376528	2327580	6682
2376528	2931209	6682
2376528	2806929	6682
3515944	4451117	6747
2376528	1001846	6682
2376528	800490	6682
2376528	135028	6682
3515944	3583249	6747
2376528	4203210	6682
2376528	3622138	6682
2376528	15767	6682
2376528	4097587	6682
2376528	1943113	6682
2376528	3927361	6682
2376528	581836	6682
2376528	1987699	6682
3515944	1984405	6747
2376528	1868410	6682
957704	3515944	6750
3515944	1211406	6747
2376528	3157064	6682
3515944	1440792	6747
2376528	3787624	6682
3515944	1305366	6747
2376528	1900637	6682
2376528	3296502	6682
3515944	130150	6747
3515944	801476	6747
3515944	4266299	6747
3515944	1448562	6747
2376528	1579914	6682
3515944	4174033	6747
2376528	964969	6682
2724556	2969054	6867
2376528	1549524	6682
2376528	2854305	6682
3515944	1768201	6747
3515944	1058274	6747
2376528	3452391	6682
3515944	2092522	6747
3515944	3706682	6747
3515944	4441421	6747
2376528	2006670	6682
3515944	4015117	6747
3515944	3610885	6747
2376528	4505308	6682
2376528	1274460	6682
3515944	3165236	6747
3515944	735371	6747
2376528	242435	6682
2376528	871204	6682
2376528	3227867	6682
2376528	1452562	6682
3515944	4113492	6747
2376528	4607697	6682
3515944	345144	6747
2376528	1611599	6682
2376528	2767588	6682
3515944	627718	6747
2376528	1345211	6682
3515944	2074046	6747
3515944	203355	6747
2376528	3382855	6682
2376528	1871378	6682
2376528	2852472	6682
3515944	1846062	6747
3515944	3943607	6747
2376528	832808	6682
3515944	1188090	6747
3515944	1839596	6747
3515944	4258017	6747
2376528	888251	6682
2376528	1802796	6682
3515944	1541407	6747
3515944	1604229	6747
3515944	2456324	6747
3515944	626204	6747
3515944	2919965	6747
3515944	1125598	6747
3515944	4232369	6747
3515944	859972	6747
3515944	3948295	6747
3515944	3521277	6747
3515944	1363319	6747
2376528	5584	6682
3515944	4651864	6747
2376528	4361425	6682
3515944	4614822	6747
2376528	1108718	6682
3515944	1944361	6747
2376528	2805635	6682
3515944	1710746	6747
2376528	3925037	6682
2376528	2841992	6682
4134759	4279357	6952
817319	1699926	8023
3515944	1732660	6747
3515944	2978166	6747
3515944	593920	6747
2376528	4476452	6682
2376528	2093550	6682
3515944	3183265	6747
3515944	3587267	6747
4082924	3515944	6750
2376528	4353268	6682
3515944	1908400	6747
2376528	2566919	6682
3515944	2944455	6747
2376528	2555956	6682
4120083	1699926	6938
2376528	4645857	6682
2376528	3078448	6682
3515944	2029882	6747
2724556	3464875	6678
2376528	3397453	6682
3515944	1111516	6747
2376528	2366338	6682
3515944	1436296	6747
3515944	2868107	6747
2376528	4159815	6682
3515944	1055136	6747
3515944	3277560	6747
3515944	1364233	6747
3515944	1885235	6747
2376528	3734723	6682
2376528	4399135	6682
2376528	103838	6682
2376528	828602	6682
3515944	4273724	6747
3515944	481172	6747
3515944	1168727	6747
2376528	1418486	6682
2376528	4170244	6682
3515944	4561593	6747
3515944	3635714	6747
3515944	1361183	6747
3515944	3663167	6747
2376528	1192670	6682
2376528	1345820	6682
3515944	3404236	6747
3515944	4127370	6747
3515944	2823830	6747
3515944	1326641	6747
3515944	3317457	6747
3515944	1430919	6747
2376528	1007712	6682
2376528	4417852	6682
3515944	4178220	6747
2376528	1811742	6682
2376528	101369	6682
3515944	1079806	6747
2376528	597649	6682
2376528	3882873	6682
3515944	1581606	6747
3515944	1657620	6747
3515944	174175	6747
3515944	1641681	6747
2376528	3244796	6682
3515944	3989964	6747
2376528	3799569	6682
2376528	3409756	6682
2376528	830415	6682
2376528	469164	6682
2376528	2888029	6682
3515944	1239608	6747
2376528	3356345	6682
2376528	3955411	6682
2376528	2923731	6682
2376528	366194	6682
2376528	2397280	6682
3515944	1644940	6747
3515944	4301722	6747
3515944	1067493	6747
3515944	3520628	6747
2376528	735371	6682
3515944	1525070	6747
1773086	3515944	6750
2376528	4590689	6682
2376528	3955773	6682
3515944	1998172	6747
3515944	1002618	6747
2376528	2078208	6682
2376528	2923257	6682
2376528	3341735	6682
2376528	289076	6682
2376528	1023142	6682
3515944	3834076	6747
2376528	1718363	6682
3515944	1461684	6747
2376528	2925077	6682
3515944	314429	6747
3515944	1927362	6747
2376528	644357	6682
2376528	2102252	6682
2376528	4605348	6682
2376528	3765673	6682
3515944	3231603	6747
2376528	3961781	6682
2376528	4174300	6682
3515944	1023761	6747
3515944	2067177	6747
2376528	171326	6682
3515944	1087183	6747
2376528	4450364	6682
2376528	2012956	6682
3515944	1027716	6747
2376528	3531654	6682
3515944	529956	6747
3515944	1031983	6747
3515944	2585357	6747
3515944	560423	6747
3515944	588975	6747
3515944	289076	6747
2376528	2032557	6682
3515944	3045535	6747
2376528	881085	6682
2376528	4351452	6682
2376528	3387081	6682
2376528	1685312	6682
3515944	1511032	6747
2376528	2013587	6682
2376528	1553901	6682
3515944	3879986	6747
2383282	3515944	6750
3515944	1149378	6747
3515944	698344	6747
2376528	3494189	6682
4279357	2500656	7411
2376528	1818395	6682
2376528	1558707	6682
3864610	3515944	6750
2376528	4242155	6682
3515944	3430166	6747
3515944	2191444	6747
2376528	3851150	6682
3515944	1482206	6747
3515944	242373	6747
2376528	1109584	6682
4279357	103941	6837
2376528	2615394	6682
2376528	2159150	6682
2376528	4354130	6682
3515944	486569	6747
2376528	3863941	6682
2376528	1525321	6682
3076147	4279357	6831
4061082	3515944	6750
3515944	1059042	6747
3517259	3515944	6750
2376528	1087183	6682
2376528	1571367	6682
3515944	197687	6747
3515944	3367885	6747
3515944	1537784	6747
2376528	197687	6682
2376528	4489757	6682
3515944	3967470	6747
2376528	1949498	6682
2376528	556295	6682
2376528	1965412	6682
3515944	102747	6747
3515944	1396777	6747
3515944	3080183	6747
2376528	818511	6682
2376528	1477243	6682
3515944	1332320	6747
3515944	74577	6747
3515944	2645141	6747
3515944	2286109	6747
3515944	1708042	6747
2376528	1287143	6682
3515944	1572104	6747
2376528	3884176	6682
3515944	3389426	6747
2376528	488518	6682
2376528	3640127	6682
2198643	2536333	6821
3515944	778602	6747
3515944	3585876	6747
3515944	2233975	6747
2376528	3528202	6682
2376528	667143	6682
2376528	3629757	6682
2376528	2046491	6682
2376528	2337509	6682
3515944	495334	6747
2376528	799081	6682
3515944	2812852	6747
3515944	2659014	6747
3515944	2970023	6747
2376528	1500965	6682
3515944	1604471	6747
2376528	2321234	6682
3515944	1800604	6747
3515944	2763370	6747
2376528	1391781	6682
3515944	1016496	6747
2376528	764162	6682
3515944	3428241	6747
2376528	1181696	6682
3515944	3182123	6747
2376528	1110571	6682
2376528	4384401	6682
3515944	980019	6747
3515944	4531644	6747
2376528	778602	6682
3515944	1144249	6747
2376528	3492949	6682
2376528	1852020	6682
2376528	3618592	6682
2376528	1139148	6682
3515944	996936	6747
2376528	577307	6682
2376528	573483	6682
2376528	4106602	6682
3515944	533063	6747
2376528	2781453	6682
3515944	3543515	6747
3515944	1228277	6747
2376528	1215000	6682
2376528	3593018	6682
3515944	1139148	6747
3874069	3515944	6750
3515944	2841992	6747
2355708	4333054	6869
3515944	3532092	6747
2376528	1319143	6682
2376528	1649620	6682
3515944	4531023	6747
3515944	4651938	6747
3515944	513974	6747
2376528	1350956	6682
3515944	4367685	6747
2376528	4077818	6682
3515944	2276829	6747
2376528	4169672	6682
3515944	1313772	6747
3515944	2062654	6747
3515944	1573736	6747
2376528	1541412	6682
2376528	1708042	6682
2376528	930409	6682
2376528	3011005	6682
3515944	48917	6747
2376528	4297551	6682
3515944	4361231	6747
2376528	731648	6682
2376528	1947663	6682
3515944	265668	6747
3515944	320949	6747
2376528	620830	6682
2376528	3550935	6682
3515944	4152695	6747
3515944	3461230	6747
3515944	4337587	6747
3515944	2175735	6747
2376528	3830159	6682
2376528	3289869	6682
3050276	2969054	6723
3515944	2166646	6747
3515944	2283563	6747
2376528	177278	6682
3515944	3272982	6747
3515944	4383347	6747
3515944	3722170	6747
3515944	4330786	6747
4630762	3515944	6750
3515944	1486407	6747
2376528	3183396	6682
2376528	1336709	6682
3515944	1603534	6747
2376528	1584840	6682
4120083	3239330	6938
2376528	4506671	6682
2376528	3369565	6682
2376528	1167017	6682
2376528	1160955	6682
2376528	1987155	6682
2376528	3845266	6682
2376528	3596577	6682
2376528	633361	6682
3515944	207540	6747
2376528	539792	6682
3515944	3705792	6747
2376528	3460089	6682
2376528	1594091	6682
3515944	176024	6747
3515944	3318908	6747
2376528	1525070	6682
2376528	21749	6682
2376528	2142700	6682
2376528	1581768	6682
2376528	2075085	6682
2376528	2027078	6682
3515944	90885	6747
2376528	178503	6682
2376528	2020142	6682
3515944	4276536	6747
3515944	4220821	6747
3515944	1832900	6747
3515944	4387665	6747
2376528	2987496	6682
3515944	103941	6747
2376528	2292459	6682
2376528	3083664	6682
3515944	648279	6747
2376528	3359189	6682
2376528	1646520	6682
2376528	3829559	6682
2376936	3515944	6750
2376528	3196938	6682
2376528	1513791	6682
2376528	1345142	6682
3515944	3708579	6747
3515944	4557859	6747
3515944	2403103	6747
2376528	3317820	6682
3515944	2006870	6747
2376528	2680175	6682
2376528	3926178	6682
3515944	2885780	6747
3515944	3061093	6747
3515944	2869326	6747
3515944	1537478	6747
3515944	922179	6747
2376528	1377462	6682
2376528	4435538	6682
2376528	1826443	6682
3515944	851855	6747
2376528	1435483	6682
2376528	43710	6682
2376528	1293683	6682
2376528	3822696	6682
3515944	2743993	6747
2376528	3444729	6682
2376528	1188090	6682
2017762	3515944	6750
3515944	3139537	6747
3515944	871416	6747
2376528	2468640	6682
3515944	1798877	6747
2376528	1236758	6682
3515944	3042653	6747
2376528	1789636	6682
2376528	3633469	6682
3515944	1157765	6747
3515944	3782897	6747
2376528	2765260	6682
3515944	3974160	6747
2376528	1603928	6682
2376528	102747	6682
3515944	3480075	6747
2286638	3515944	6750
2376528	3585876	6682
3515944	2316749	6747
3515944	1842386	6747
2376528	4150359	6682
3515944	4518486	6747
3515944	2222076	6747
3515944	3056773	6747
2376528	2317442	6682
2376528	3151376	6682
3515944	2553247	6747
3515944	4567474	6747
2376528	495196	6682
2376528	2098648	6682
2376528	55411	6682
2376528	446127	6682
2376528	3656461	6682
2376528	4479813	6682
3515944	1732841	6747
2376528	1865116	6682
3515944	550020	6747
2376528	1094519	6682
3515944	2576070	6747
3314207	3515944	6750
3515944	4182476	6747
2376528	2768039	6682
2376528	1837991	6682
3515944	3326534	6747
2376528	2267146	6682
2376528	56765	6682
3515944	94896	6747
2376528	617750	6682
3515944	4471381	6747
2376528	887120	6682
3515944	2047596	6747
3515944	2475222	6747
3515944	4247090	6747
2376528	186592	6682
2376528	4178068	6682
3515944	978813	6747
2376528	2685227	6682
3515944	3397453	6747
2376528	2643750	6682
2376528	101882	6682
3515944	858157	6747
2376528	960166	6682
2376528	3474025	6682
3515944	2796601	6747
2376528	373728	6682
3515944	3212497	6747
2376528	4296292	6682
2376528	1767666	6682
3515944	2200811	6747
3515944	668156	6747
2376528	773612	6682
3515944	102426	6747
3515944	812091	6747
3515944	3151376	6747
3515944	3376806	6747
3515944	4127838	6747
2376528	4059848	6682
3515944	4319496	6747
2376528	4464449	6682
3515944	990628	6747
3515944	2022281	6747
3515944	783071	6747
3515944	1911397	6747
2376528	3787448	6682
3515944	3359189	6747
2376528	4278803	6682
3515944	4453225	6747
3515944	3430137	6747
3515944	4409246	6747
3515944	3411846	6747
1375771	3515944	6750
2376528	3408754	6682
2376528	2320335	6682
3515944	4239964	6747
3515944	1935123	6747
2376528	2284469	6682
3515944	536191	6747
2376528	1614810	6682
2376528	2851060	6682
3515944	543102	6747
3515944	4203210	6747
3515944	3768398	6747
2376528	2752753	6682
3515944	655155	6747
2376528	641711	6682
2376528	872943	6682
3515944	1751136	6747
3515944	4601304	6747
2376528	2577325	6682
3515944	1471309	6747
3515944	3570459	6747
3515944	4574886	6747
3515944	1987979	6747
2376528	2571075	6682
3515944	1055842	6747
2376528	74577	6682
2376528	3868001	6682
2376528	2515475	6682
2376528	3428825	6682
3515944	287410	6747
3515944	947369	6747
2376528	685666	6682
4476729	1350956	6872
3515944	1946508	6747
2376528	2102068	6682
2376528	1845443	6682
2376528	3042886	6682
2376528	3610254	6682
2376528	1518715	6682
3515944	4284383	6747
3515944	2593120	6747
2376528	4223983	6682
2376528	1704483	6682
2376528	136353	6682
3515944	2186429	6747
2376528	2026220	6682
3515944	616028	6747
2376528	2953584	6682
2376528	2773991	6682
2376528	990720	6682
2376528	2419362	6682
3515944	3468642	6747
3515944	175543	6747
2376528	2815224	6682
2376528	1598361	6682
3515944	960166	6747
3515944	966205	6747
2376528	1872696	6682
3515944	62834	6747
2376528	4164535	6682
3515944	3343283	6747
3515944	3324639	6747
3515944	2449878	6747
3515944	1094519	6747
3515944	3728006	6747
3515944	3967619	6747
2376528	2768518	6682
3515944	3766613	6747
2376528	1373690	6682
2376528	2802313	6682
2376528	1898049	6682
2376528	2810132	6682
2376528	1305366	6682
1538929	3515944	6750
3515944	11645	6747
2376528	3527057	6682
2376528	1436296	6682
3515944	3995609	6747
2376528	881741	6682
3515944	3439228	6747
2376528	851925	6682
2376528	4056555	6682
2376528	4579018	6682
2376528	3286086	6682
3515944	2237361	6747
3515944	3784714	6747
3515944	1055078	6747
3515944	3991523	6747
3515944	723351	6747
2376528	4637226	6682
3515944	1142421	6747
2376528	4023892	6682
2376528	36691	6682
2376528	4519726	6682
2376528	4580932	6682
2376528	2283231	6682
2376528	3000067	6682
2376528	4080247	6682
2376528	3967619	6682
3515944	1669250	6747
3515944	1651001	6747
2376528	891549	6682
3515944	4369463	6747
2376528	2706188	6682
2376528	828450	6682
2376528	3991523	6682
2376528	1258039	6682
3515944	126225	6747
3515944	2869976	6747
2376528	2735775	6682
2376528	536894	6682
3515944	4348695	6747
2376528	159905	6682
3515944	4220457	6747
3515944	2410323	6747
3515944	4347523	6747
2376528	2083904	6682
3515944	1393420	6747
2376528	3209277	6682
2376528	204445	6682
3515944	2088581	6747
3515944	409942	6747
3515944	4538697	6747
3515944	90908	6747
3515944	3394696	6747
3515944	1743020	6747
2376528	769093	6682
2376528	3805134	6682
3515944	2850999	6747
2376528	4255058	6682
3515944	2213234	6747
2376528	3830513	6682
2376528	3885363	6682
3515944	2555956	6747
2376528	964932	6682
2376528	1604229	6682
2376528	2806971	6682
3515944	3149235	6747
2376528	2423676	6682
2376528	2643027	6682
2376528	3638810	6682
2376528	1904294	6682
3515944	4630071	6747
2376528	2097796	6682
2376528	4654332	6682
2376528	2154190	6682
3515944	3492715	6747
2376528	3530470	6682
3515944	826157	6747
2376528	3814959	6682
3515944	3332771	6747
3515944	1010230	6747
3515944	1451427	6747
3515944	1691311	6747
2376528	3085395	6682
2376528	2066656	6682
2376528	4475745	6682
3515944	4047095	6747
3515944	444354	6747
2376528	4111678	6682
3515944	195458	6747
3515944	4369732	6747
3515944	3500347	6747
3515944	3153218	6747
2376528	2533344	6682
3515944	1350294	6747
2376528	2202018	6682
2376528	3914406	6682
3515944	4364972	6747
3515944	4206111	6747
2376528	271687	6682
2376528	2805845	6682
3515944	2112022	6747
2376528	76567	6682
2376528	1969518	6682
3515944	1444010	6747
2376528	1144977	6682
2376528	3500347	6682
3515944	1890836	6747
2376528	1750716	6682
3515944	792495	6747
3515944	3975144	6747
3515944	1447738	6747
2376528	62951	6682
3515944	2314897	6747
2376528	253709	6682
2376528	2409544	6682
3515944	2283231	6747
3515944	204445	6747
3515944	1996042	6747
3515944	294521	6747
2376528	3031417	6682
3515944	1592235	6747
2376528	2838107	6682
3515944	3865614	6747
3515944	4611080	6747
3515944	3029660	6747
3515944	2845871	6747
3515944	3429179	6747
3515944	489626	6747
2376528	1937918	6682
3515944	1409819	6747
3515944	292197	6747
3515944	2053385	6747
3515944	1146248	6747
2376528	4056559	6682
2376528	806264	6682
3515944	2775760	6747
3515944	3181285	6747
2376528	4064150	6682
3515944	1269501	6747
3515944	3716398	6747
2376528	3403249	6682
2376528	2003567	6682
2376528	1496185	6682
2376528	3706220	6682
3515944	3140458	6747
2376528	3681121	6682
2376528	3489835	6682
2376528	3964947	6682
3515944	2154190	6747
2376528	263234	6682
2376528	4349531	6682
2376528	2784969	6682
3515944	1437813	6747
2326074	3515944	6750
3515944	3806057	6747
3515944	1940505	6747
2376528	4152695	6682
3515944	4035557	6747
2376528	1282730	6682
3515944	169596	6747
1968919	2724556	6866
3515944	2923393	6747
2376528	614186	6682
3515944	50984	6747
2376528	4567474	6682
2376528	3413862	6682
3515944	3343146	6747
3515944	1432821	6747
2376528	4247090	6682
2376528	1327969	6682
2376528	3609059	6682
2376528	4207008	6682
2376528	4281405	6682
3515944	4544807	6747
3515944	3748531	6747
3515944	1400087	6747
3515944	1871884	6747
2376528	2628679	6682
3515944	1137355	6747
2376528	1383997	6682
3515944	10386	6747
3515944	3318719	6747
2376528	3865614	6682
4476729	274668	6821
2376528	2788846	6682
3515944	2581915	6747
3515944	1698349	6747
2376528	2238455	6682
2941703	3515944	6750
2376528	588239	6682
2376528	2903731	6682
3515944	2308337	6747
3515944	3553856	6747
2376528	1580191	6682
3515944	163586	6747
3515944	4576964	6747
2376528	3029497	6682
2376528	302646	6682
3515944	1410174	6747
3515944	1462896	6747
3515944	4654284	6747
2376528	4208960	6682
2376528	4533892	6682
3515944	935706	6747
3515944	2979089	6747
4262239	2355708	7221
3515944	1744303	6747
2376528	458071	6682
2376528	1327907	6682
3515944	2853871	6747
3515944	2202018	6747
2376528	3058033	6682
2376528	548160	6682
3515944	3622138	6747
3515944	2705689	6747
2376528	4503985	6682
3515944	3748163	6747
3515944	1621123	6747
3515944	4410164	6747
3515944	4310470	6747
3515394	3515944	6750
3515944	2969738	6747
3515944	3757004	6747
2376528	2320196	6682
3515944	3377637	6747
2376528	1567734	6682
2376528	2838626	6682
2376528	2312567	6682
2376528	1002839	6682
3515944	710026	6747
2376528	1969117	6682
2979471	3515944	6750
2376528	3621000	6682
3515944	2114544	6747
2376528	2884724	6682
3515944	2954067	6747
2376528	251069	6682
2376528	3411846	6682
3515944	159741	6747
2376528	3857037	6682
3515944	3168034	6747
2376528	4001504	6682
3515944	3911723	6747
2376528	4202416	6682
3515944	2310125	6747
2376528	1289032	6682
2376528	1854239	6682
3515944	3991664	6747
3515944	1418486	6747
2376528	1163762	6682
2376528	4347523	6682
3515944	296954	6747
2376528	2131849	6682
3515944	3474025	6747
3515944	254785	6747
3515944	1934151	6747
3515944	3538438	6747
3515944	2791619	6747
2376528	4513051	6682
3515944	810706	6747
2376528	3064860	6682
3515944	773612	6747
3515944	215117	6747
3515944	1618332	6747
3515944	3879509	6747
3515944	587607	6747
3515944	1034822	6747
2376528	1175520	6682
3515944	3512934	6747
3515944	1495865	6747
2376528	4169166	6682
3515944	3068581	6747
3515944	1001769	6747
3515944	4389131	6747
2376528	696331	6682
2376528	520237	6682
3515944	1855588	6747
2376528	3133550	6682
2355708	4262239	7094
2376528	1883707	6682
3515944	4459628	6747
4120083	3239330	7673
3515944	2505106	6747
3515944	2709464	6747
3515944	101193	6747
2376528	4646564	6682
3515944	4353303	6747
2376528	2622162	6682
3515944	4503126	6747
2376528	4299526	6682
2376528	2234446	6682
2376528	3091436	6682
3515944	2941648	6747
3515944	1904294	6747
3515944	1861724	6747
3515944	967015	6747
2376528	3975735	6682
3515944	2450210	6747
2376528	3511655	6682
2376528	1001518	6682
3515944	4513051	6747
2376528	4648027	6682
3515944	1540571	6747
3515944	3977050	6747
3515944	1092006	6747
3515944	3420593	6747
2376528	3607428	6682
3515944	3459511	6747
2376528	764783	6682
2376528	3428241	6682
3515944	1825715	6747
3515944	305512	6747
2376528	4415443	6682
2376528	4043969	6682
2376528	2202422	6682
3515944	198558	6747
3515944	4111678	6747
3050276	3173240	6711
3515944	133944	6747
2376528	1716207	6682
2376528	1277489	6682
2376528	4088806	6682
3515944	3267712	6747
2376528	2429441	6682
3515944	3163758	6747
2376528	1149378	6682
2376528	1031046	6682
2376528	1312610	6682
2376528	3715618	6682
3515944	138813	6747
3515944	1021532	6747
3515944	4578022	6747
2724556	4476729	6867
2376528	2222076	6682
3515944	1129009	6747
2376528	2599442	6682
2376528	1168727	6682
2376528	2287052	6682
3515944	4464942	6747
3515944	4095010	6747
3515944	497261	6747
2376528	902970	6682
2376528	159741	6682
2376528	653080	6682
2376528	1965840	6682
3515944	1603928	6747
2376528	109678	6682
2376528	1509897	6682
3515944	4328495	6747
3515944	3577669	6747
2376528	202535	6682
2376528	2357480	6682
3515944	1224118	6747
2376528	4584499	6682
2376528	2834348	6682
3515944	4443131	6747
3515944	2637545	6747
2376528	2661121	6682
3515944	1297548	6747
2376528	3750962	6682
2376528	2638710	6682
3515944	2860140	6747
2376528	3524978	6682
2376528	3429126	6682
2376528	3349667	6682
3515944	1031046	6747
3515944	574269	6747
2376528	2608785	6682
3515944	2369873	6747
3515944	454018	6747
2376528	1131189	6682
2376528	232008	6682
2376528	238103	6682
3515944	2481169	6747
2376528	696202	6682
2376528	2636034	6682
3515944	2619122	6747
2376528	1999856	6682
3515944	2725489	6747
3515944	721637	6747
2376528	1210403	6682
3515944	2095644	6747
2376528	152963	6682
3515944	4481875	6747
3515944	3120646	6747
3515944	3674936	6747
3515944	704449	6747
3515944	1557987	6747
3515944	1376202	6747
2376528	203355	6682
3515944	2357480	6747
3515944	879862	6747
2376528	4351662	6682
3515944	3371692	6747
2758843	3515944	6750
2376528	3787554	6682
3515944	3702641	6747
3515944	2848740	6747
3515944	1468195	6747
2376528	320534	6682
3515944	3550935	6747
2257763	3515944	6750
3515944	2203882	6747
3515944	2490568	6747
2376528	2705689	6682
3515944	1813540	6747
2376528	1735174	6682
2376528	3140458	6682
3515944	3663928	6747
3515944	2946481	6747
3515944	2831375	6747
2376528	550020	6682
3515944	3083664	6747
3515944	2086969	6747
3515944	1977508	6747
3515944	3433522	6747
2376528	1905859	6682
3515944	358949	6747
3515944	927528	6747
2376528	2293587	6682
3515944	3407366	6747
3515944	2806971	6747
3515944	1617570	6747
2376528	1191601	6682
2376528	1304650	6682
2376528	2086079	6682
3515944	1757008	6747
2376528	1632643	6682
3515944	4605741	6747
3515944	1304650	6747
2376528	1006311	6682
2376528	4410164	6682
2376528	4304408	6682
2376528	3369112	6682
3515944	653080	6747
56388	4279357	6811
3515944	4505308	6747
2376528	2153708	6682
2376528	4474308	6682
2376528	1999582	6682
3515944	788358	6747
2376528	2611115	6682
2376528	417476	6682
3515944	1423551	6747
3515944	1923909	6747
2376528	1105008	6682
3515944	443970	6747
2376528	4486910	6682
2376528	3272982	6682
2376528	1620457	6682
2376528	4036650	6682
3515944	1807234	6747
2376528	26022	6682
2376528	4408865	6682
3515944	1301014	6747
3515944	4182300	6747
3515944	2787498	6747
2376528	2938769	6682
2376528	2435048	6682
3515944	4487832	6747
3515944	2569253	6747
3515944	3434392	6747
3515944	2062030	6747
3515944	3183864	6747
3515944	3065519	6747
3515944	3627180	6747
2376528	3346468	6682
3515944	2925077	6747
2376528	3604793	6682
3515944	4365683	6747
2376528	3148872	6682
2376528	1940107	6682
3515944	1098737	6747
2376528	4115039	6682
3515944	954583	6747
3515944	3703427	6747
2376528	1876802	6682
2376528	175543	6682
2376528	4515533	6682
2376528	3391847	6682
3515944	1882033	6747
3515944	2734254	6747
3515944	2648410	6747
3515944	3964075	6747
4248403	3515944	6750
2376528	2970023	6682
2376528	2553792	6682
2376528	1489099	6682
4118779	3515944	6750
2376528	320044	6682
3515944	1711156	6747
2376528	625232	6682
3515944	1772625	6747
2376528	4369463	6682
2376528	541259	6682
3515944	1318004	6747
2376528	2057761	6682
3515944	2411633	6747
2376528	341952	6682
2376528	3273054	6682
3515944	3800240	6747
3515944	3505744	6747
3515944	2290250	6747
3515944	2014792	6747
2376528	4502073	6682
3515944	224407	6747
3515944	2033889	6747
3515944	1652828	6747
3515944	2450268	6747
3515944	2191486	6747
3515944	1098834	6747
3515944	3328643	6747
2376528	3200838	6682
2376528	2208983	6682
3515944	180223	6747
2376528	1749481	6682
2376528	3907683	6682
3515944	305913	6747
2376528	4643070	6682
3515944	2767023	6747
3515944	2306235	6747
2376528	137066	6682
3515944	2036108	6747
2376528	4336600	6682
2376528	1310659	6682
3515944	1617869	6747
3515944	79143	6747
3515944	4598742	6747
3515944	297894	6747
2376528	3720995	6682
3515944	1880765	6747
3515944	4117284	6747
3515944	3165291	6747
3515944	1587367	6747
2376528	496009	6682
2376528	2274877	6682
3515944	790306	6747
2376528	987501	6682
2376528	226627	6682
3515944	608566	6747
2376528	1656980	6682
2376528	294521	6682
3515944	781063	6747
2376528	296534	6682
2376528	167756	6682
2376528	924193	6682
2376528	4497308	6682
2376528	1730987	6682
3515944	3494189	6747
3515944	4029426	6747
3515944	1224471	6747
2376528	564006	6682
3515944	4486910	6747
3515944	1888080	6747
3515944	3612388	6747
2376528	2347818	6682
2376528	275167	6682
3515944	614434	6747
3515944	4327765	6747
3515944	4349531	6747
3515944	1328265	6747
3515944	3857037	6747
2376528	2475222	6682
2376528	4242897	6682
3515944	36691	6747
2376528	3461738	6682
2376528	4499759	6682
3515944	969493	6747
2376528	2657404	6682
2376528	1709885	6682
3515944	2693343	6747
3515944	2939541	6747
2376528	2025449	6682
2376528	1872951	6682
3515944	65169	6747
3515944	2447634	6747
2376528	1402399	6682
2376528	3964596	6682
2376528	639355	6682
2376528	2878907	6682
2376528	3956762	6682
2572065	1699926	8003
2376528	3668477	6682
3515944	653690	6747
3515944	2684656	6747
2376528	2808822	6682
2376528	951932	6682
3515944	151776	6747
2376528	2150228	6682
2376528	1888305	6682
2376528	2062654	6682
2376528	4321154	6682
3515944	4043969	6747
3515944	4374569	6747
3515944	1976165	6747
3515944	179846	6747
3515944	2884724	6747
3515944	445709	6747
2376528	1651001	6682
2376528	2492957	6682
3515944	1953631	6747
3515944	2315017	6747
2376528	4651938	6682
3515944	2429441	6747
3515944	2287067	6747
2376528	3674936	6682
3515944	4072390	6747
3515944	4353635	6747
2376528	2943997	6682
2376528	2095276	6682
3515944	84093	6747
2376528	3057370	6682
3515944	3133550	6747
2376528	1659147	6682
3515944	3391554	6747
3515944	737127	6747
3515944	4092683	6747
2376528	4651864	6682
3515944	2943535	6747
2376528	2514474	6682
3515944	3314805	6747
3515944	4612803	6747
3515944	2536333	6747
3515944	4393797	6747
2376528	4497190	6682
2376528	2757978	6682
2376528	2122095	6682
3515944	2019568	6747
3515944	325481	6747
2376528	1448562	6682
3515944	1192463	6747
3515944	1549481	6747
3515944	4426704	6747
2376528	3961727	6682
2376528	2730209	6682
3515944	455820	6747
2355708	1166469	6825
3515944	4502073	6747
2376528	2206134	6682
3515944	1398356	6747
3515944	651804	6747
2376528	35835	6682
2376528	329360	6682
3515944	1368716	6747
3515944	622485	6747
2376528	384363	6682
2376528	593920	6682
3515944	1149883	6747
3515944	1738002	6747
2376528	1514241	6682
3515944	1987155	6747
3515944	3803410	6747
3615191	2724556	6868
3515944	1287143	6747
3515944	4133080	6747
2376528	4334422	6682
3515944	2227810	6747
3515944	3878415	6747
3515944	1004877	6747
3515944	3155345	6747
2376528	1674516	6682
3515944	3091436	6747
3515944	3286086	6747
3515944	3541057	6747
3515944	1888874	6747
2376528	2581915	6682
3515944	78098	6747
3515944	4587466	6747
2376528	1892108	6682
3515944	844683	6747
3515944	1880853	6747
2376528	3091470	6682
2376528	2919965	6682
2376528	1337618	6682
2376528	2535704	6682
3515944	3881637	6747
3515944	2032120	6747
2376528	1457161	6682
3964641	3515944	6750
3515944	66620	6747
3515944	2207733	6747
2376528	4078312	6682
3515944	4628697	6747
2376528	1610974	6682
3515944	245323	6747
3515944	4323052	6747
3515944	3079994	6747
3515944	2639260	6747
2376528	1285860	6682
2376528	3890674	6682
3515944	4464449	6747
2376528	179188	6682
2376528	1942102	6682
3515944	3820540	6747
3515944	3959557	6747
3198874	3515944	6750
2376528	454060	6682
3515944	2350598	6747
3515944	3354374	6747
2376528	771509	6682
2376528	380846	6682
2376528	3093288	6682
3515944	965370	6747
2376528	7204	6682
2376528	1148766	6682
3515944	3320794	6747
2376528	3045535	6682
3515944	893475	6747
2376528	1458805	6682
3515944	2794435	6747
3515944	2650853	6747
2376528	2802250	6682
3515944	2376976	6747
3515944	3604344	6747
3515944	4298717	6747
2376528	321120	6682
3515944	1337618	6747
2376528	1202520	6682
3515944	413695	6747
3515944	3093288	6747
2376528	3718896	6682
3515944	2766695	6747
3515944	2511937	6747
3515944	3022323	6747
2376528	3499382	6682
254156	3515944	6750
2376528	187059	6682
3515944	885058	6747
3515944	4574504	6747
3515944	2348885	6747
3515944	4099524	6747
3515944	3737791	6747
2376528	3916805	6682
3515944	507880	6747
2376528	4368485	6682
2376528	3153218	6682
3515944	2586116	6747
2376528	2541067	6682
3515944	4257952	6747
2376528	552685	6682
2376528	1765477	6682
2376528	3893695	6682
2376528	3912208	6682
2376528	2446310	6682
3515944	3075586	6747
3515944	3015181	6747
2376528	2494407	6682
2376528	4054627	6682
3515944	253324	6747
3515944	1756460	6747
3515944	3164599	6747
2376528	10386	6682
2376528	4302526	6682
2376528	375101	6682
3515944	4569546	6747
2376528	627470	6682
2642122	3515944	6750
2376528	4335074	6682
2376528	3631315	6682
3515944	421663	6747
3515944	2620706	6747
2376528	409300	6682
2376528	265668	6682
3515944	2279789	6747
3515944	4411259	6747
2376528	2987790	6682
3515944	1215000	6747
3515944	2108412	6747
2376528	185621	6682
3515944	3970094	6747
3515944	145916	6747
2376528	1947431	6682
3515944	4287113	6747
3515944	2689330	6747
3515944	4385045	6747
2376528	918044	6682
3515944	1983577	6747
3515944	2020142	6747
3515944	1340278	6747
3515944	1567352	6747
3515944	4630762	6747
3515944	127847	6747
2376528	1769240	6682
2376528	1872725	6682
2376528	992135	6682
2376528	1867744	6682
3515944	221570	6747
2376528	1733222	6682
3515944	810809	6747
3515944	2588712	6747
3515944	3639235	6747
2376528	1423724	6682
2376528	3437034	6682
3515944	2919820	6747
2376528	2915178	6682
2355708	1824662	6872
3227347	3575737	6846
3515944	3964947	6747
589177	3515944	6750
3515944	4035725	6747
3515944	442538	6747
2376528	2064593	6682
2376528	1745532	6682
3515944	17971	6747
3515944	2643027	6747
2376528	3792170	6682
3515944	902898	6747
3515944	649447	6747
3515944	1645194	6747
3050276	2198643	6711
2376528	2766195	6682
2376528	2781622	6682
3515944	1947663	6747
3515944	3244346	6747
3515944	2122095	6747
3515944	2752753	6747
3515944	2753700	6747
2376528	3538438	6682
3515944	21169	6747
2376528	1699926	6891
2376528	3541368	6682
3515944	2205693	6747
3515944	2294412	6747
3515944	186592	6747
3515944	3978888	6747
3515944	1550526	6747
2376528	1537478	6682
3515944	4069308	6747
2376528	3551859	6682
2376528	754236	6682
3515944	1244108	6747
2376528	1525140	6682
2376528	1990058	6682
2376528	4456952	6682
3515944	4084879	6747
4371674	3515944	6750
2376528	1517792	6682
3515944	2900057	6747
2376528	6410	6682
2376528	886364	6682
3515944	1177278	6747
2376528	2001902	6682
2376528	3906514	6682
2376528	127847	6682
2376528	2518322	6682
3515944	271188	6747
2376528	826031	6682
2376528	3020210	6682
3515944	1923735	6747
3515944	3685572	6747
2376528	2492004	6682
3515944	1394080	6747
3515944	2582382	6747
3515944	3830389	6747
3515944	1678779	6747
3515944	1131189	6747
3515944	1969518	6747
3515944	3750962	6747
2376528	3355908	6682
3515944	2701846	6747
3515944	363620	6747
2376528	2355303	6682
2376528	3183265	6682
3515944	3299937	6747
2376528	3211514	6682
3515944	2120174	6747
3515944	868446	6747
2376528	942982	6682
2376528	2805752	6682
2376528	1878287	6682
3515944	672815	6747
2376528	3468642	6682
3515944	3559179	6747
2376528	3013165	6682
2376528	2865390	6682
2376528	3118948	6682
2376528	910777	6682
2376528	2085753	6682
2376528	3056773	6682
3515944	4182933	6747
2376528	518472	6682
2376528	2719970	6682
3515944	4298446	6747
3515944	924193	6747
2376528	4393797	6682
3515944	46007	6747
3515944	2760555	6747
3515944	2768530	6747
3515944	3629757	6747
3515944	4354130	6747
3515944	1550639	6747
2376528	2543965	6682
3515944	3966440	6747
2376528	2410323	6682
3575737	1558441	7009
2376528	2762590	6682
2376528	1774542	6682
2376528	1348851	6682
3515944	185621	6747
2376528	3548030	6682
3515944	2726079	6747
2376528	548669	6682
3515944	3787448	6747
3515944	818511	6747
3515944	2842947	6747
3515944	2284903	6747
2376528	4117284	6682
3515944	2459127	6747
2376528	3886932	6682
2376528	4441421	6682
2376528	1200883	6682
2376528	2761473	6682
3515944	103838	6747
3515944	3407981	6747
2376528	2262546	6682
2376528	1469879	6682
2376528	593973	6682
2376528	3680879	6682
2205693	3515944	6750
3515944	62008	6747
2376528	3407165	6682
3515944	2001902	6747
3515944	380846	6747
3515944	229922	6747
3515944	536317	6747
3515944	4118337	6747
3515944	3993988	6747
3515944	4223852	6747
3515944	950452	6747
2376528	1557987	6682
2376528	2672129	6682
3515944	2903468	6747
2085351	3515944	6750
2376528	3113727	6682
3515944	3793762	6747
3515944	3351690	6747
2376528	3835929	6682
2376528	3367885	6682
3515944	3645680	6747
3515944	4495864	6747
3515944	3461738	6747
2376528	3779106	6682
2376528	784454	6682
2376528	542706	6682
3515944	2045929	6747
3515944	95469	6747
3515944	918990	6747
2376528	3684930	6682
2376528	254062	6682
2376528	2794435	6682
2376528	1416575	6682
3515944	2848792	6747
2376528	1158444	6682
2376528	4210455	6682
3515944	2184087	6747
3515944	780869	6747
3515944	3353268	6747
3515944	81016	6747
3515944	648216	6747
3515944	873667	6747
3515944	933439	6747
3515944	2706188	6747
3515944	4558442	6747
3515944	2445796	6747
2376528	1389147	6682
2376528	3214420	6682
2376528	1799070	6682
3515944	801903	6747
3515944	3176217	6747
2376528	1137229	6682
3515944	172992	6747
3515944	2405505	6747
3515944	4187852	6747
2376528	3251669	6682
3515944	3413862	6747
2376528	3034426	6682
2376528	2916780	6682
3515944	3830513	6747
3515944	972931	6747
2376528	170554	6682
2376528	3816651	6682
3515944	1999412	6747
3515944	2375512	6747
2376528	3027651	6682
3515944	1791483	6747
3050276	3173240	6723
3515944	4017126	6747
2376528	258067	6682
3515944	4032443	6747
3515944	3065614	6747
3515944	1360181	6747
3515944	594016	6747
3515944	1705541	6747
2376528	1260095	6682
2376528	2744744	6682
2376528	1700333	6682
3515944	3289869	6747
2376528	4251178	6682
3515944	2943997	6747
2376528	3240551	6682
2376528	991609	6682
3515944	3390951	6747
3515944	2607221	6747
2376528	1146248	6682
3515944	2042535	6747
2376528	4523461	6682
3515944	1947431	6747
2376528	472111	6682
3515944	2879742	6747
3515944	3845266	6747
2376528	3280532	6682
2376528	3492715	6682
2376528	1177575	6682
3556930	4120083	7668
2376528	2207733	6682
2376528	2416636	6682
3319316	3515944	6750
3515944	1425075	6747
2376528	2135982	6682
3515944	969682	6747
3515944	1124678	6747
2376528	930354	6682
3515944	3460451	6747
2376528	1951442	6682
3419826	3515944	6851
3515944	924232	6747
3515944	1144977	6747
3515944	4336600	6747
3515944	1378391	6747
2376528	195851	6682
3515944	94570	6747
2376528	4057170	6682
3515944	1342126	6747
2376528	648800	6682
2376528	3992139	6682
2376528	1886663	6682
3515944	4002129	6747
3515944	3531203	6747
3515944	3184868	6747
2376528	1342126	6682
3515944	4035190	6747
2724556	3227347	6678
2376528	1251368	6682
2376528	1425525	6682
3515944	922648	6747
3515944	3734433	6747
2376528	3758416	6682
2376528	980019	6682
3515944	569686	6747
2376528	1143555	6682
3515944	3825480	6747
2376528	954583	6682
2376528	892090	6682
3515944	4584499	6747
3515944	298475	6747
2376528	2885780	6682
2376528	3857535	6682
2376528	297396	6682
2376528	2763565	6682
3515944	1812439	6747
3515944	1525140	6747
3515944	4377773	6747
3515944	3967546	6747
2376528	3061093	6682
3515944	3285460	6747
3515944	177068	6747
2376528	3025775	6682
3515944	1001518	6747
3515944	3280532	6747
3515944	1648377	6747
2376528	1211406	6682
2376528	975166	6682
3515944	1076844	6747
3515944	1100245	6747
3515944	1861303	6747
3515944	3103470	6747
3515944	3178582	6747
3515944	3421258	6747
2376528	2500656	6682
2376528	2978229	6682
2376528	2134513	6682
2376528	3960901	6682
2376528	1647969	6682
2376528	2759495	6682
3515944	2085796	6747
3515944	3412785	6747
3515944	2906474	6747
2376528	3181694	6682
3515944	3407165	6747
2376528	3049015	6682
2376528	4368992	6682
3515944	1166604	6747
3515944	2392423	6747
3515944	3814959	6747
3515944	1733222	6747
2376528	1956596	6682
2376528	4060920	6682
3515944	3818546	6747
2376528	277653	6682
2376528	1065189	6682
3515944	4199774	6747
2376528	3772295	6682
3515944	3064860	6747
3515944	2222351	6747
2376528	80858	6682
2376528	3696739	6682
3515944	3225558	6747
2376528	2869976	6682
3515944	2662506	6747
3515944	2089744	6747
3515944	2122075	6747
2376528	1482206	6682
4443131	3515944	6750
3515944	2102252	6747
2376528	2027449	6682
2376528	3332771	6682
2376528	2744974	6682
3515944	4305601	6747
2376528	2125274	6682
3515944	3891745	6747
2376528	4147572	6682
3515944	389179	6747
4121095	3515944	6750
3515944	4255058	6747
3515944	4238744	6747
2376528	2042539	6682
3515944	2107472	6747
3515944	833498	6747
2376528	1148629	6682
3515944	2515075	6747
3515944	271687	6747
2376528	3417202	6682
2376528	450750	6682
3515944	3260925	6747
2376528	3612388	6682
3515944	2203231	6747
3515944	2914211	6747
2724556	4279357	6801
2376528	2045929	6682
3515944	2145629	6747
2376528	4262134	6682
2376528	698344	6682
3515944	528853	6747
3515944	1107265	6747
3515944	4159815	6747
3515944	4038503	6747
3515944	2017762	6747
3515944	3706220	6747
3515944	2026220	6747
3515944	238103	6747
3515944	2186439	6747
2376528	4571573	6682
2376528	3666027	6682
2376528	940742	6682
3515944	2500040	6747
2376528	1242643	6682
2376528	4578281	6682
2376528	1825413	6682
2376528	907334	6682
3515944	3207892	6747
2376528	2502382	6682
3515944	3731612	6747
2376528	3860424	6682
2376528	343080	6682
2376528	3795890	6682
3515944	1420920	6747
2376528	365672	6682
2376528	1071588	6682
3515944	2206026	6747
2376528	2142417	6682
3515944	3722146	6747
3515944	1665847	6747
3515944	3709857	6747
2376528	3127262	6682
3515944	859488	6747
2376528	4641926	6682
3515944	2778419	6747
3515944	4437656	6747
2376528	3318908	6682
3515944	2735775	6747
3515944	545394	6747
2376528	3434453	6682
3515944	3234071	6747
2376528	2771187	6682
3515944	874326	6747
2376528	1312653	6682
3515944	4655308	6747
3515944	3489835	6747
2376528	341454	6682
3556930	4448083	8000
3515944	2306278	6747
2376528	3994528	6682
3515944	2102068	6747
2376528	874326	6682
2376528	1603534	6682
2376528	238282	6682
3515944	2397389	6747
3515944	1272975	6747
2376528	873829	6682
1870728	3515944	6750
2376528	4017126	6682
2376528	2335647	6682
2376528	2459127	6682
3515944	1525163	6747
2376528	4479481	6682
3515944	1130757	6747
2376528	1867861	6682
3515944	982034	6747
3515944	1665759	6747
2000507	3515944	6750
2376528	2299671	6682
2376528	386121	6682
2376528	2650705	6682
2376528	795384	6682
2376528	2097047	6682
2376528	3705792	6682
3515944	177278	6747
2376528	4263320	6682
2376528	1976165	6682
2376528	4089831	6682
2376528	1160773	6682
1968919	3575737	6821
3515944	3961727	6747
2376528	1861106	6682
2376528	64260	6682
3515944	4572284	6747
3515944	3863031	6747
2376528	1430919	6682
2376528	2342083	6682
2376528	251279	6682
2376528	63966	6682
2376528	1124862	6682
3515944	1562934	6747
3515944	1699539	6747
3515944	1092381	6747
2376528	164788	6682
3515944	4077818	6747
3515944	2160309	6747
3515944	3953130	6747
3515944	3773173	6747
2376528	86171	6682
3515944	1943113	6747
2376528	2826465	6682
3515944	3899536	6747
2376528	365075	6682
2376528	1782396	6682
2376528	1452176	6682
2376528	789680	6682
2376528	2768530	6682
2376528	3501838	6682
3515944	101369	6747
3515944	2158645	6747
2376528	807361	6682
2376528	737127	6682
2376528	792495	6682
3515944	661803	6747
3515944	1122082	6747
2376528	1710844	6682
2376528	770674	6682
3515944	3107172	6747
2376528	1888874	6682
2376528	145916	6682
3515944	4014740	6747
2376528	3989046	6682
3515944	1458805	6747
3515944	1752740	6747
2376528	891556	6682
3515944	947671	6747
3515944	4257834	6747
3515944	178213	6747
3515944	181655	6747
3515944	547090	6747
4054099	2355708	6839
2376528	1127762	6682
2376528	3773173	6682
2376528	3190376	6682
2376528	4504490	6682
2376528	4515706	6682
3515944	167756	6747
2376528	1486179	6682
3515944	3227867	6747
2376528	2592632	6682
2376528	601619	6682
2376528	2857352	6682
2376528	4151292	6682
2376528	1879522	6682
3515944	592035	6747
3515944	2034580	6747
3515944	2097796	6747
2376528	687586	6682
3515944	805598	6747
3515944	3622618	6747
2376528	2913834	6682
2376528	4230843	6682
2376528	1279399	6682
2376528	319554	6682
2376528	1536633	6682
3515944	4307363	6747
3515944	4281405	6747
3515944	582262	6747
3515944	1099415	6747
2376528	4368399	6682
2376528	313057	6682
3515944	2438265	6747
2376528	3490519	6682
3515944	485358	6747
3515944	2759495	6747
3515944	267867	6747
3515944	2108283	6747
2376528	1861303	6682
3515944	446987	6747
2376528	222506	6682
2376528	4075971	6682
3515944	1858952	6747
3515944	1022332	6747
3556930	2538672	6933
3515944	4216675	6747
2376528	2693592	6682
2376528	1871884	6682
2376528	3219863	6682
3515944	2705460	6747
3515944	2481085	6747
3515944	4248403	6747
2376528	64943	6682
3515944	4173972	6747
3515944	2710564	6747
2376528	3811723	6682
3515944	3667821	6747
3515944	4342062	6747
3515944	966465	6747
3515944	424458	6747
2376528	194938	6682
2376528	3640341	6682
1350956	4476729	6871
3515944	3306312	6747
2376528	3083433	6682
3515944	3983373	6747
2376528	1131462	6682
3515944	2166483	6747
3515944	1517792	6747
3515944	279839	6747
2376528	2932646	6682
3515944	55411	6747
2376528	3065519	6682
3515944	2074471	6747
3515944	1318385	6747
2376528	550822	6682
2376528	2376976	6682
2376528	2789523	6682
2376528	2576609	6682
3515944	3830159	6747
2376528	627934	6682
3515944	1414788	6747
2376528	1312733	6682
3515944	981279	6747
3515944	1196112	6747
3515944	4381444	6747
3515944	810028	6747
3515944	4637226	6747
2376528	1840284	6682
2376528	2034580	6682
2376528	3722170	6682
2376528	4558442	6682
1969061	3515944	6750
3515944	2825521	6747
3515944	1644096	6747
3515944	2756362	6747
2376528	4322234	6682
3515944	4456952	6747
3515944	2629996	6747
2376528	3863031	6682
2376528	2006031	6682
3515944	35835	6747
2376528	1395823	6682
2376528	320949	6682
2376528	720296	6682
2376528	4030327	6682
3515944	3723540	6747
3515944	1773822	6747
3515944	3841517	6747
2376528	445107	6682
3515944	1594188	6747
3515944	1569899	6747
2376528	440554	6682
2376528	3231310	6682
3515944	3711217	6747
812091	3515944	6750
2376528	2148135	6682
2376528	3407366	6682
2376528	1698349	6682
2376528	3311820	6682
2376528	2970685	6682
2376528	3315313	6682
2376528	1433772	6682
3515944	43710	6747
3515944	1351723	6747
2376528	562385	6682
3515944	4089831	6747
3515944	3263315	6747
2376528	1823670	6682
3515944	3251669	6747
2376528	1218011	6682
2376528	3114450	6682
3515944	3437661	6747
2376528	2491431	6682
2376528	2438265	6682
3515944	1288095	6747
2376528	2302397	6682
2376528	1752561	6682
3515944	1482286	6747
3515944	1685627	6747
2376528	2381243	6682
2376528	1468262	6682
3515944	3632038	6747
3515944	2467528	6747
3575737	3515944	6750
2376528	1877915	6682
2376528	448749	6682
2376528	3422468	6682
3515944	4497190	6747
3515944	4150359	6747
2376528	2057049	6682
2376528	497261	6682
3515944	2852472	6747
3515944	1477243	6747
3515944	3893695	6747
2376528	1617570	6682
2376528	4399496	6682
3515944	2913834	6747
3515944	3394235	6747
2376528	3874388	6682
3515944	3994528	6747
2376528	331922	6682
3515944	4258622	6747
2376528	830243	6682
2376528	2344598	6682
3515944	4575802	6747
3515944	2076719	6747
3515944	1312336	6747
2376528	1224045	6682
2376528	4613422	6682
2376528	998151	6682
2376528	4113556	6682
3515944	4389677	6747
2376528	286437	6682
2376528	2886946	6682
2376528	2951310	6682
2376528	3711217	6682
3515944	2806540	6747
3515944	1676639	6747
2376528	2536086	6682
3515944	2609750	6747
3515944	1002839	6747
3515944	1647969	6747
3515944	3951132	6747
3515944	2327580	6747
2376528	2700733	6682
3515944	1156379	6747
3515944	448446	6747
3515944	2169891	6747
2376528	915164	6682
2376528	287519	6682
2376528	1468465	6682
2376528	386310	6682
2376528	2220731	6682
2376528	3287139	6682
3515944	2259674	6747
3515944	696202	6747
3515944	2888594	6747
3515944	757779	6747
2376528	1919123	6682
2376528	118235	6682
2376528	1175062	6682
2376528	2049082	6682
3515944	2197434	6747
2376528	1511032	6682
3515944	1885076	6747
3515944	2575886	6747
3515944	2381243	6747
3515944	2217958	6747
2376528	940058	6682
3515944	1365657	6747
3515944	723591	6747
2376528	3829423	6682
2376528	1772379	6682
3515944	4146782	6747
3515944	480873	6747
2376528	4059485	6682
2376528	3474508	6682
3515944	233038	6747
2376528	1937556	6682
1699926	2376528	6832
2376528	4071742	6682
2376528	3911723	6682
3515944	1486179	6747
2376528	611943	6682
2376528	3147543	6682
3515944	4123020	6747
2376528	1885008	6682
2376528	2031460	6682
2376528	1875394	6682
2376528	2548465	6682
2376528	670933	6682
2376528	2513697	6682
2376528	3109710	6682
2376528	2044731	6682
2376528	1135705	6682
3515944	1212342	6747
2376528	2190120	6682
3515944	1218011	6747
3515944	2051706	6747
2376528	3993988	6682
3515944	1912254	6747
2376528	1880853	6682
3515944	2809311	6747
2376528	626113	6682
3515944	2846683	6747
2314478	3515944	6750
2376528	2932879	6682
2376528	1785707	6682
3515944	1867744	6747
2376528	400635	6682
2376528	1879408	6682
3515944	3751455	6747
2376528	1538041	6682
3515944	515906	6747
2376528	2616070	6682
2376528	4291640	6682
3515944	3178636	6747
3515944	3027651	6747
2376528	461443	6682
2376528	3111311	6682
2376528	556143	6682
3515944	3960901	6747
3515944	2699310	6747
3515944	3408114	6747
2376528	4373967	6682
2376528	4518241	6682
1935123	3515944	6750
3515944	1457161	6747
3515944	2904502	6747
3515944	2256342	6747
2376528	1800006	6682
2376528	3505152	6682
2376528	15143	6682
2376528	3219125	6682
3515944	4347828	6747
3515944	795384	6747
3515944	869002	6747
2376528	66274	6682
3515944	2762590	6747
3515944	2312567	6747
4448083	3963090	8878
2376528	771354	6682
3515944	3822850	6747
3515944	1171826	6747
2376528	4192019	6682
3515944	1576586	6747
3515944	1274502	6747
2376528	3290639	6682
2376528	2174933	6682
3515944	1176322	6747
3515944	4347307	6747
3515944	1434150	6747
2376528	2712688	6682
3515944	99027	6747
3515944	1306764	6747
3515944	619399	6747
3515944	3116411	6747
3515944	4645857	6747
2376528	1858070	6682
2376528	1076844	6682
3515944	3397031	6747
2376528	2067177	6682
3515944	2433874	6747
3515944	2507041	6747
3515944	3001759	6747
3515944	1251368	6747
2376528	244274	6682
2376528	2991786	6682
3515944	2638710	6747
2376528	4118337	6682
3515944	3515394	6747
3515944	3887086	6747
3515944	927371	6747
2376528	3615201	6682
2376528	802034	6682
2376528	1186900	6682
2376528	405157	6682
2376528	3240878	6682
2376528	914011	6682
3515944	3773501	6747
3515944	658250	6747
3515944	1110798	6747
3515944	4207008	6747
2376528	2293557	6682
3515944	625232	6747
3515944	1434052	6747
3050276	2198643	6723
3515944	1697900	6747
2376528	4066661	6682
2376528	237590	6682
2376528	732102	6682
2376528	3679952	6682
2376528	4380070	6682
3515944	3802197	6747
2376528	2429842	6682
2376528	2709835	6682
3515944	4239580	6747
2376528	1744303	6682
2376528	3029660	6682
4413737	3515944	6750
2376528	160106	6682
2376528	1461382	6682
3515944	3946495	6747
3515944	4532053	6747
2376528	3204853	6682
3515944	2558348	6747
2376528	1158166	6682
3515944	4028338	6747
2376528	4330786	6682
3515944	599220	6747
3515944	4184155	6747
3515944	1519711	6747
3515944	4002977	6747
2376528	1536205	6682
2376528	518459	6682
2376528	3389007	6682
2376528	2484466	6682
2376528	4475992	6682
622485	3515944	6750
3515944	2202649	6747
3515944	3156915	6747
2376528	1414788	6682
2376528	2621853	6682
3515944	446127	6747
2376528	2972414	6682
2376528	3824248	6682
3515944	2858767	6747
3515944	2495047	6747
3515944	4046268	6747
3515944	1269384	6747
2376528	2175735	6682
2376528	1538770	6682
3515944	4424650	6747
3515944	4170244	6747
3515944	4462908	6747
2376528	2380977	6682
3515944	1383997	6747
2376528	2237361	6682
2376528	2888594	6682
2376528	224894	6682
3515944	2330999	6747
2376528	2033889	6682
3515944	999607	6747
2376528	4479983	6682
2376528	3015181	6682
2376528	2540439	6682
2376528	421663	6682
2376528	1640410	6682
3515944	4302837	6747
3515944	2160154	6747
3515944	4046635	6747
2376528	362600	6682
3515944	826268	6747
2376528	1423049	6682
2376528	2978371	6682
3515944	4445508	6747
3515944	80858	6747
3515944	3805134	6747
3515944	3012911	6747
2376528	3787718	6682
3515944	284029	6747
1411687	4279357	6736
3515944	1420794	6747
3515944	2007338	6747
2376528	2699310	6682
3515944	3495701	6747
3515944	4489757	6747
2376528	2453057	6682
2376528	651804	6682
2376528	2342808	6682
3515944	1312653	6747
3515944	4056559	6747
3515944	3908723	6747
3515944	2608785	6747
3515944	1700333	6747
3515944	3058033	6747
2376528	3937710	6682
2376528	340270	6682
3515944	3838346	6747
2376528	4296290	6682
3515944	2744974	6747
2376528	3374625	6682
2376528	177571	6682
3515944	3604358	6747
3515944	1661681	6747
3515944	4442845	6747
2376528	874408	6682
2376528	1685884	6682
2376528	3667489	6682
3515944	331922	6747
3515944	3615201	6747
3515944	339478	6747
3515944	3549996	6747
3515944	1645710	6747
4606330	3515944	6750
3515944	1011713	6747
2376528	2283563	6682
2376528	1567352	6682
4279357	1411687	6846
3515944	1263938	6747
3515944	802034	6747
3515944	1915681	6747
2376528	397415	6682
3515944	4116743	6747
2376528	2392864	6682
2376528	1953290	6682
3515944	3400419	6747
3515944	2458639	6747
2376528	2452065	6682
2376528	934982	6682
2376528	1087444	6682
3515944	2032073	6747
2376528	4496605	6682
2376528	2458639	6682
2376528	2823830	6682
3515944	3829423	6747
2376528	2781859	6682
3515944	365075	6747
3515944	794224	6747
3515944	4368399	6747
2376528	2001580	6682
2376528	3778589	6682
3515944	2457515	6747
2376528	4620615	6682
2376528	3285071	6682
3515944	2083904	6747
3515944	3209277	6747
2376528	4178220	6682
2376528	3493895	6682
2376528	1578488	6682
2376528	4441624	6682
3515944	2261000	6747
3515944	1872951	6747
2376528	2885556	6682
2376528	1408718	6682
2376528	1907615	6682
3515944	3998314	6747
2376528	1473560	6682
2376528	702846	6682
3515944	3724581	6747
3515944	2130236	6747
3515944	3452323	6747
2376528	2812852	6682
2376528	4068638	6682
3515944	1692198	6747
2376528	1978562	6682
3515944	1110571	6747
3693581	3515944	6750
2376528	2562657	6682
3515944	4644029	6747
3515944	840174	6747
3515944	3547675	6747
2376528	157875	6682
3515944	562235	6747
3515944	562385	6747
2376528	1903406	6682
2376528	4603505	6682
2376528	4301722	6682
2376528	1984736	6682
2376528	3407981	6682
2376528	1224137	6682
2376528	1331789	6682
3515944	4071742	6747
2376528	3894917	6682
3515944	157695	6747
3515944	1818905	6747
2376528	24780	6682
2376528	2321912	6682
3515944	4415771	6747
3515944	3748588	6747
3515944	9886	6747
3515944	2423676	6747
3515944	1709407	6747
3515944	2577325	6747
3515944	1872725	6747
3515944	3115786	6747
2376528	3267712	6682
3515944	1740347	6747
2376528	934162	6682
2376528	2403103	6682
3515944	2075420	6747
2376528	4419779	6682
2376528	3374983	6682
2376528	1996042	6682
2376528	2770166	6682
3515944	3111311	6747
3515944	1561239	6747
3515944	2518322	6747
660629	2355708	7640
3515944	2111432	6747
2376528	4422100	6682
3515944	1726775	6747
2376528	1402918	6682
2376528	4413737	6682
2376528	1618332	6682
3515944	701488	6747
3515944	417476	6747
3515944	4629137	6747
2376528	594967	6682
3515944	512500	6747
2376528	1549481	6682
3515944	764736	6747
2376528	780879	6682
3515944	3840060	6747
2376528	3399267	6682
4003977	3515944	6750
2376528	468198	6682
2376528	50405	6682
3515944	1529136	6747
3515944	729427	6747
3515944	2437648	6747
2376528	1856873	6682
3515944	2543965	6747
3515944	2653279	6747
3515944	3379869	6747
3515944	1724290	6747
3515944	4366098	6747
2376528	841551	6682
3515944	3716625	6747
2376528	4381483	6682
3515944	1536633	6747
3515944	2190120	6747
3515944	2897636	6747
3515944	2903731	6747
3515944	1895017	6747
2376528	3033778	6682
2376528	3151687	6682
2376528	3429577	6682
2376528	1059042	6682
2376528	4174033	6682
2376528	1794196	6682
2376528	3354598	6682
2376528	2178591	6682
2376528	3140425	6682
2376528	1020590	6682
2376528	2480425	6682
2376528	1144058	6682
2376528	611120	6682
3515944	1139401	6747
3515944	3616607	6747
2376528	2447634	6682
3515944	1580191	6747
3515944	4535461	6747
3515944	3797654	6747
2376528	530150	6682
2376528	511888	6682
2376528	2667439	6682
3515944	3575737	6747
2376528	1131	6682
2376528	3130742	6682
2376528	679648	6682
2376528	4180325	6682
3515944	4102988	6747
3515944	3190844	6747
2376528	2208799	6682
2376528	3257713	6682
3515944	4603071	6747
2376528	893475	6682
2376528	2063612	6682
2376528	966205	6682
2376528	3520628	6682
2376528	1723008	6682
3515944	762267	6747
3515944	1461382	6747
2376528	3793762	6682
3515944	1506413	6747
3515944	4000269	6747
2500656	3515944	6750
2376528	3455889	6682
3515944	1558707	6747
3515944	2300219	6747
3515944	581836	6747
3515944	1404419	6747
3515944	2409544	6747
3515944	2085753	6747
3515944	2314478	6747
3515944	254710	6747
3515944	1493892	6747
2376528	1113178	6682
3515944	2384372	6747
2376528	2397389	6682
3515944	951932	6747
3515944	2865390	6747
2376528	2203882	6682
3515944	957704	6747
2376528	149075	6682
2376528	2674903	6682
3515944	647236	6747
2376528	4347567	6682
3515944	4234189	6747
3515944	1896783	6747
1925795	3515944	6750
2376528	1427638	6682
3515944	649424	6747
3515944	4518241	6747
2376528	1321176	6682
3515944	3211514	6747
3515944	617750	6747
3515944	886524	6747
2376528	698430	6682
964969	3515944	6750
3515944	2028529	6747
2376528	3973309	6682
2376528	292197	6682
3515944	2615394	6747
2376528	549277	6682
2376528	2179016	6682
2376528	2853871	6682
3515944	1911444	6747
3515944	2726308	6747
3515944	2246758	6747
2376528	4095010	6682
2376528	87486	6682
2376528	4378542	6682
3515944	2537795	6747
2376528	3351690	6682
2376528	1888721	6682
2376528	2384381	6682
1273419	3515944	6750
3515944	3779193	6747
2376528	1839352	6682
3515944	2487	6747
2376528	2551388	6682
3515944	4630559	6747
3515944	1405437	6747
2376528	723591	6682
2376528	2459553	6682
3515944	523260	6747
2376528	3034435	6891
3515944	3360988	6747
3515944	2159150	6747
1558441	2724556	6866
2376528	1218574	6682
3515944	3088047	6747
3515944	964969	6747
3515944	1392415	6747
3515944	4519726	6747
3515944	28521	6747
3515944	2935117	6747
2376528	2292833	6682
2376528	902792	6682
3515944	3141428	6747
3515944	556525	6747
2376528	3658868	6682
3515944	2360774	6747
3515944	2533344	6747
2376528	2769289	6682
3515944	598120	6747
3515944	64604	6747
3515944	3964641	6747
3515944	1598361	6747
3515944	2781453	6747
2376528	2990963	6682
2376528	2163198	6682
2376528	2410682	6682
3515944	101882	6747
2376528	3396981	6682
3515944	4411130	6747
2376528	1768669	6682
3515944	3678519	6747
3515944	4508862	6747
3515944	4441109	6747
2376528	3420593	6682
2376528	4606330	6682
3515944	3851487	6747
2376528	3165291	6682
2376528	4073425	6682
3515944	2630505	6747
3515944	2042564	6747
2376528	3012195	6682
3515944	1118437	6747
3515944	1485204	6747
3515944	2012370	6747
2376528	450654	6682
3515944	4163652	6747
3515944	1072624	6747
3515944	2201015	6747
3515944	1169349	6747
3515944	2889821	6747
2376528	2725819	6682
3515944	1117172	6747
2376528	2424483	6682
2376528	2796334	6682
2376528	1705541	6682
3515944	4652686	6747
2376528	2915437	6682
2376528	3765923	6682
3515944	4133726	6747
2376528	2470497	6682
2376528	1064777	6682
2376528	1419695	6682
2376528	4213616	6682
3515944	3415976	6747
2376528	1530867	6682
3515944	4330216	6747
3515944	164788	6747
3515944	4308308	6747
3515944	1769240	6747
3515944	2107365	6747
3515944	2362352	6747
3515944	1788506	6747
3515944	3927361	6747
3515944	3511655	6747
2376528	1233512	6682
3515944	3057370	6747
3515944	3426746	6747
2376528	4133080	6682
3515944	1401775	6747
3515944	4404910	6747
3515944	2013587	6747
2376528	4540429	6682
2376528	1440456	6682
2376528	3819254	6682
2376528	3856568	6682
2376528	254156	6682
3515944	405881	6747
3515944	1868113	6747
2376528	3489553	6682
3515944	3894993	6747
2376528	4443131	6682
2376528	2952270	6682
2376528	1912254	6682
2376528	2211398	6682
2376528	3379869	6682
2376528	3118830	6682
2376528	169596	6682
3515944	440554	6747
3515944	3147543	6747
2376528	63087	6682
3515944	1142557	6747
3515944	3153184	6747
2376528	1060859	6682
3515944	3829559	6747
2376528	2379541	6682
2376528	2127385	6682
3515944	2825747	6747
2376528	1724290	6682
3515944	1080615	6747
3515944	206144	6747
2376528	1458266	6682
3515944	1180200	6747
3515944	4077145	6747
2376528	2791619	6682
3515944	844736	6747
2376528	907457	6682
3515944	3369112	6747
3515944	1006311	6747
3515944	2976983	6747
3515944	1546381	6747
2376528	4312168	6682
2376528	3137590	6682
2376528	4211517	6682
3515944	1837985	6747
2376528	1170639	6682
3515944	3137590	6747
3515944	4232355	6747
3515944	654833	6747
2376528	3663928	6682
2376528	1986665	6682
3515944	169271	6747
2376528	3586520	6682
2376528	2252021	6682
2376528	2979471	6682
3515944	2355303	6747
2376528	2994235	6682
2376528	335716	6682
3515944	865323	6747
2376528	2339888	6682
3515944	3197086	6747
2376528	4573306	6682
2376528	4523388	6682
3515944	2769289	6747
3515944	4192019	6747
3515944	2452470	6747
2376528	2445337	6682
3515944	2326074	6747
2376528	599639	6682
2376528	1173247	6682
3515944	2500656	6747
2376528	1396390	6682
3515944	450654	6747
3515944	3490248	6747
3515944	229496	6747
3515944	2839693	6747
2376528	1061634	6682
3515944	2427830	6747
4279357	1411687	6738
3515944	4066661	6747
