2113320	3726684	74
1005439	4609783	201
2165057	1005439	200
4493224	1005439	119
3610969	2113320	71
2113320	1734243	74
229443	1005439	200
2113320	302683	74
2113320	531149	74
2154957	4429735	198
1822059	2113320	71
4362852	4514417	6
1005439	1639333	202
742768	2113320	71
1174656	1005439	200
2144482	301288	17
1005439	1980885	201
4442106	3178251	198
104430	4429735	198
1005439	3996559	201
1005439	4304495	201
31705	2113320	52
1005439	3425967	201
3932344	4429735	198
982185	4429735	198
736109	2113320	71
2423562	1005439	200
1005439	2177161	201
11800	1005439	200
2113320	1123326	74
108724	2113320	71
1911221	1005439	200
905992	2113320	71
2108265	1005439	75
2340397	2113320	71
1706601	1513805	204
3558391	3178251	198
2399145	2227203	203
2508101	1005439	200
483757	2113320	71
1005439	2804671	201
3629541	1005439	52
443010	2113320	75
890012	4514417	6
325706	1005439	200
2739171	1005439	200
1827979	3178251	198
1643264	1005439	200
4429735	416838	199
1005439	3718079	201
2746532	1005439	200
3773864	2113320	71
3346437	1005439	200
1513805	844829	198
1678308	2113320	71
4192911	1005439	75
1228927	1005439	119
2113320	1507841	74
2113320	1067580	74
1005439	214390	201
833442	3178251	198
427448	1005439	200
2113320	1046274	74
1974859	2113320	52
1299173	1005439	200
1005439	4519153	201
2113320	3596784	74
2113320	3561592	74
90979	3644430	38
1005439	3002778	201
3926183	1005439	200
2320132	2819367	38
2601065	1005439	200
514350	2113320	71
1005439	2482695	201
1005439	3497044	201
3373971	4157799	76
4209687	4131486	76
1823306	2113320	71
3424424	1005439	200
2113320	3056024	74
1005439	3434216	201
1868850	982185	199
104430	2113320	71
726540	1005439	200
2113320	2734467	74
624785	2113320	71
1005439	332912	201
2113320	3610724	74
525255	1005439	119
1064786	1005439	119
3718079	1810602	198
1923762	2113320	71
1168264	1005439	75
2113320	2415878	74
101393	2113320	71
3178251	3329578	199
2022473	2113320	71
505893	3932344	1875
4502800	2113320	71
3178251	2089753	199
218395	2113320	71
1005439	3737897	201
668534	1005439	200
2218813	1005439	52
3978039	2113320	71
2113320	283763	74
3972311	4429735	198
2103577	1005439	200
2113320	826177	74
1005439	4123224	201
1005439	4079229	201
3945097	1420010	76
1713965	1005439	200
3178251	3495726	199
2089753	1672934	72
2113320	4566280	74
2113320	1652674	74
4028255	4613651	76
1141917	2113320	71
2113320	3762106	74
3684765	2113320	71
3793338	1005439	200
2113320	4598464	74
4080149	2113320	71
1800978	1005439	119
1204749	2795894	203
3798048	1005439	200
2338550	3754764	204
2969543	1005439	119
1005439	3819887	201
2113320	1729179	74
3605863	1005439	200
2113320	605476	74
2980398	1005439	200
2113320	4351741	74
2113320	1140993	74
2113320	744209	74
2113320	456040	74
3359943	3178251	198
2990683	3178251	198
2509197	2113320	71
1061863	2113320	71
1605275	1005439	200
2113320	2497019	74
2113320	1850225	74
1005439	2259055	201
2470974	2113320	75
1005439	3170543	202
518930	2113320	71
2426897	1005439	200
1005439	1757073	201
2113320	1592586	74
1980885	2113320	71
3129618	1005439	200
911619	1005439	200
1992074	4514417	6
2113320	2702876	74
3547012	1005439	200
3945097	2604376	203
3818233	4514417	6
1707221	2113320	52
2113320	325706	74
1223721	1868850	198
1533187	3774368	204
397931	2113320	71
2402141	1629572	198
1005439	1445097	201
4536297	2113320	71
2113320	4259355	74
2346361	2113320	75
2805952	1005439	200
79069	2113320	52
2702278	1005439	200
2113320	2376840	74
319291	3756577	203
4423881	1005439	119
2113320	4080149	74
3178251	3413981	199
1569692	1005439	200
3685072	2113320	71
1242325	3505647	17
2113320	1861072	74
2113320	3648432	74
1005439	3057209	201
2113320	482413	74
1005439	4222760	202
2113320	620351	74
4138050	1005439	119
479491	301288	17
2113320	3229027	74
2113320	2569632	74
4221872	2113320	52
1515696	165668	591
1616253	1005439	119
3974674	2113320	71
4010720	2113320	71
1445097	1005439	200
1611845	4192871	204
708503	2113320	71
4081131	2113320	71
3571784	2113320	71
710183	2113320	71
4122089	1005439	200
4429735	1101073	199
619852	2376528	6
1005439	1693438	201
1005439	3853248	201
3125188	1005439	200
3216157	3178251	198
2640487	3050276	17
529117	1530393	203
2113320	937388	74
1308183	301288	17
2113320	1671697	74
3960873	495839	203
632385	1955623	204
1374651	3178251	198
198836	2113320	71
4418119	2113320	75
1005439	4471091	201
2823148	2418740	203
3413428	2113320	71
3629541	1005439	75
2745712	1005439	200
569123	2113320	71
1005439	2739558	201
3862371	2113320	71
3167294	1005439	200
980105	2113320	71
3810123	4514417	6
3349555	1005439	200
2113320	1349029	74
1005439	4611952	201
1896413	4514417	6
2113320	2843664	74
4117855	2113320	71
2113320	2030520	74
1005439	3219224	201
562802	1005439	200
1039321	1005439	200
1005439	4298278	201
2113320	1942553	74
1233500	2113320	71
4518772	2113320	71
2113320	568481	74
1634274	1005439	200
1005439	101393	201
2113320	1691143	74
245765	1005439	200
1127501	1005439	200
2995931	2113320	71
865706	1005439	200
116927	4514417	6
1005439	4173638	201
2321529	2113320	71
505985	2376528	6
3925432	1005439	75
2672236	2113320	71
944171	1005439	200
2113320	1643264	74
3817872	2113320	71
3421327	1005439	200
1958566	2113320	52
2302719	2113320	71
3479839	3022439	203
2113320	2345122	74
4393261	1005439	52
3932344	1205728	203
1005439	1114862	201
1005439	1059084	201
1776797	223262	76
369725	2113320	71
2113320	3284406	74
2606235	1005439	200
1245143	1005439	200
1005439	210785	202
2113320	1428809	74
4107747	4429735	198
3737897	1005439	200
506615	1005439	52
3818233	3178251	198
2753935	1005439	200
3413981	3050276	32
125252	2113320	71
97796	1789899	203
2184474	4514417	6
1005439	1589646	201
325706	2113320	71
4429735	3401845	199
204247	1005439	200
2113320	136160	74
1611618	4514417	6
825471	4514417	6
2113320	742768	74
3553732	1005439	200
4082713	1005439	200
2183835	2113320	71
4521106	2113320	71
1005439	4416010	202
1005439	3117839	201
1325217	1005439	200
1005439	1614967	201
2113320	99869	74
3458679	2113320	71
3423553	1005439	200
2113320	2003935	74
3810845	3178251	198
277800	1005439	200
2113320	3295627	74
2558871	2113320	52
1931228	1005439	200
4291168	1005439	200
1005439	333520	202
3309808	2113320	71
28838	1005439	200
505893	2069092	1875
2458708	1005439	200
1005439	668534	201
1005439	3355628	201
2818526	2113320	71
1005439	1072259	201
4337177	2113320	52
2113320	1515693	74
2044240	1005439	119
1005439	3323992	201
914137	2113320	71
2773142	1005439	200
3609148	1005439	200
2113320	3213404	74
505985	1005439	200
1122504	1005439	119
1005439	4334517	201
2113320	3978039	74
1543570	2113320	71
1795212	2113320	71
1005439	1118471	201
923229	1473938	204
1005439	844533	201
4421335	1005439	75
38844	1005439	200
2887557	1005439	119
1005439	4600915	201
1005439	3443139	201
2113320	1136056	74
2271442	2113320	71
1005439	2402141	201
3479839	4429735	198
2113320	3096802	74
1005439	243876	201
524631	2113320	71
2113320	4630920	74
1005439	1736544	201
4343795	864330	204
4409593	554587	17
1005439	3931852	201
1005439	3686074	201
1005439	1225552	201
3528514	1005439	119
1005439	2752535	201
3819887	2113320	71
1608582	2113320	71
3895411	4514417	6
624785	1005439	200
3486442	1374651	204
3756577	1005439	119
1513354	1005439	10
1005439	2144482	201
4539112	2113320	75
3178251	216334	199
3178251	3762106	199
4429735	4381268	199
2113320	3817872	74
2113320	3890806	74
2113320	2125270	74
2113320	3396928	74
4261947	2113320	71
1530393	1005439	119
1005439	3401845	201
2113320	3518140	74
1005439	2937703	201
1005439	2533635	201
2113320	3010448	74
3581749	1005439	200
2113320	3536435	74
2113320	4233601	74
2113320	2471471	74
1233500	2310076	76
4590824	2113320	71
1005439	1399822	201
283763	2113320	71
4545984	2113320	71
3762106	1769921	203
3819887	1005439	200
1005439	917660	201
460479	1944560	204
2113320	3828848	74
116927	3505702	71
31061	2113320	52
452061	2056699	76
1005439	2788430	201
2113320	75328	74
1005439	3547012	201
3016632	1005439	52
3726684	2113320	71
511331	1005439	200
1005439	4595615	201
1125847	4514417	6
986282	4429735	198
463193	3945097	72
1005439	247409	202
3114688	1005439	200
4429735	890012	199
4230956	2113320	71
890012	4429735	198
505985	4652770	76
3978377	2113320	75
538119	1005439	200
2113320	2363796	74
1822059	1005439	200
3634136	1005439	200
3386417	1868850	198
2689336	1001155	203
2113320	3002778	74
1373692	1847165	204
3640131	90979	31
4429735	1827979	199
1005439	1757191	201
2752535	1005439	200
1005439	434252	201
3381947	1005439	200
533035	2113320	71
3624397	1005439	200
629145	2071183	76
1005439	2739821	202
2220239	1005439	200
1005439	1995945	201
2113320	2164884	74
3529901	2113320	71
4597948	1005439	200
1005439	1507841	201
2113320	3718079	74
2640487	3178251	198
1005439	2977397	202
2113320	224213	74
4284047	1005439	119
2450257	2113320	52
3435934	2113320	71
2113320	524631	74
2113320	1285826	74
2340397	1005439	200
4429735	2184474	199
1005439	2934921	201
4165736	1005439	200
1707221	2113320	75
1606573	4429735	198
3886652	1005439	200
2113320	1995945	74
2870156	1005439	200
3729894	1005439	200
2113320	4251877	74
1201198	1005439	119
3843150	2113320	71
4429735	2640487	199
4601769	1005439	200
4561500	2113320	71
2404540	2113320	71
1005439	2029636	201
2113320	1389102	74
1561679	3178251	198
3987660	2113320	71
3280641	1005439	200
4519153	2113320	71
4560246	3178251	198
4620547	2113320	71
4139827	4429735	198
2954628	2113320	71
1005439	3838931	201
1894815	4514417	6
1005439	890012	201
2081395	2113320	52
2113320	3591967	74
3305846	2113320	71
2113320	990465	74
2412119	2113320	71
2593239	2113320	75
3489117	1005439	200
4140053	1005439	200
660402	2113320	71
4117855	1005439	200
455911	2113320	52
1005439	4560485	201
383492	2113320	71
4282761	1005439	200
2402141	4514417	6
1005439	4233601	201
2159249	2113320	71
2113320	3616949	74
499413	2113320	75
2184474	4429735	198
2113320	2464205	74
2632330	1005439	200
2113320	2159249	74
3062883	2113320	71
4429735	2043833	199
1543570	1005439	200
4381268	1375529	203
2077875	1005439	200
1005439	864330	201
160027	3664040	76
4313072	2621054	72
2113320	4173638	74
1005439	1842661	201
1005439	2133875	201
1005439	2489804	201
2113320	3031844	74
3203817	3213498	204
3172167	2113320	71
277800	2113320	71
4523087	1005439	125
1005439	3385115	201
1165547	301288	17
3360257	1005439	200
3295627	2000717	203
4140053	2113320	71
2113320	2717561	74
2402141	1005439	200
996264	4514417	6
3834345	2113320	71
4429735	624665	199
2096036	2124480	203
2113320	3120340	74
2739171	2113320	71
3010448	1005439	116
2113320	2055307	74
3890806	1868850	198
2823148	2113320	71
1005439	4461272	201
2113320	475010	74
1005439	3136282	201
1005439	2549795	201
2092003	2113320	71
2113320	3810123	74
4146530	1868850	198
1868850	82193	199
1005439	3423553	201
1005439	990490	201
4268563	2113320	71
1005439	986282	201
1806826	1005439	200
3582653	1005439	200
1005439	4094708	201
1125847	2113320	71
4305560	4514417	6
2574886	2113320	71
3166213	2113320	71
4594400	4514417	6
75100	326524	203
3115265	2113320	71
2363943	2113320	71
1005439	2073301	201
1005439	741280	201
1005439	2348522	201
1005439	1149409	201
1967996	3988611	204
1980885	3837622	203
2113320	942635	74
3501128	1005439	200
2640487	1005439	200
443010	2113320	52
1847165	1005439	200
2363796	1005439	200
4139449	4429735	198
302683	1005439	200
4100049	2113320	71
1763329	2113320	71
3390893	1005439	200
1005439	200200	201
615788	1005439	200
2113320	4001307	74
1005439	1204749	201
4073710	1005439	200
2412119	1005439	200
4017196	2113320	75
1005439	4573026	201
1005439	1600771	201
2044659	4146530	73
4412086	4514417	6
2113320	137460	74
2891282	3178251	198
2490852	2113320	71
1005439	2087215	201
1005439	4072523	201
1005439	1177308	201
1005439	1444008	201
1005439	1125847	201
1944560	4514417	6
2113320	3257959	74
2113320	3000877	74
4598873	1005439	200
1177674	1005439	200
3434216	2113320	71
1005439	3675405	201
3605863	4514417	6
3682093	2897913	204
2101744	2113320	71
2787624	1005439	200
1005439	2546375	201
2788530	1005439	200
2689336	3178251	198
3295627	4514417	6
3602313	1005439	75
1308183	4514417	6
1005439	3951077	201
2113320	2886714	74
1906554	2113320	71
2113320	3862371	74
1005439	28838	201
2027011	1005439	200
2198446	1005439	200
1942553	2113320	71
3945500	1005439	200
2822347	1005439	75
2113320	1045326	74
2896085	1005439	200
1005439	2753935	201
2113320	4387743	74
2818526	1005439	200
1183692	4514417	6
3006946	1005439	75
2113320	1645306	74
1223721	3178251	198
1005439	957188	201
2113320	493916	74
1005439	2101744	201
268171	1005439	200
2113320	2926767	74
2113320	3960873	74
3630604	2113320	71
1140993	2113320	71
1005439	1166544	201
2113320	414995	74
1005439	4065274	201
2113320	4049839	74
1731413	4429735	198
1005439	3917883	201
1174273	1005439	200
2612555	2113320	71
825471	3050276	17
2113320	2392145	74
4429735	2819367	199
1149409	2113320	71
2993838	1005439	200
2113320	4509541	74
1578366	2113320	71
1896413	4431850	203
2113320	3954386	74
434252	1005439	200
1005439	4280774	201
2841599	1005439	119
3358387	1005439	119
1260909	2113320	71
3810845	1304669	203
4050177	2113320	52
4594400	2946664	76
1005439	1763329	201
1997011	1005439	200
4116966	2376528	6
2402628	1005439	200
1005439	1667179	202
210785	1005439	119
2113320	4615292	74
1005439	1245143	201
1005439	1795212	201
1265697	3093856	204
412808	301288	17
4636756	3818233	204
2113320	268171	74
1510993	845942	204
2113320	80671	74
2113320	1318198	74
3723401	2113320	71
1005439	3282489	201
4533230	2113320	71
3798259	1005439	200
2594090	3505702	71
844829	325502	199
1005439	2880887	201
2321974	1005439	200
1005439	939815	201
1005439	4427768	201
3644430	4050177	76
3178251	1827979	199
2728980	1005439	52
1995945	1005439	200
1005439	302683	201
2113320	3987660	74
3148720	1005439	75
1005439	118788	201
1005439	3120340	201
216818	2113320	71
3157722	844829	198
1005439	2418740	202
794627	2113320	52
3229666	1005439	119
2662937	1005439	200
1959981	1005439	200
2472801	794627	76
1722201	1005439	75
4107115	2113320	52
2198446	2113320	71
1569692	2113320	71
2301511	2113320	71
1005439	2993838	201
2484956	1005439	75
1588801	2113320	71
1005439	1856607	202
1005439	596032	201
998816	1005439	75
2756613	1005439	75
2112019	3178251	198
1285826	4514417	6
2629099	2550343	203
3320936	1005439	200
3178251	1318198	199
1005439	4166685	201
2479477	2113320	71
1923828	1005439	200
2113320	1952286	74
4187390	1005439	200
2113320	1811557	74
1374651	2079077	76
2113320	4341556	74
2113320	1052632	74
2481779	4429735	198
3972311	3894110	203
2113320	3195174	74
2629099	2113320	71
4440783	1005439	200
2113320	3773309	74
2113320	1443326	74
2968064	2113320	52
1997011	2113320	71
220917	4435231	204
2113320	179727	74
1005439	1033259	202
1004486	4522686	204
922898	4514417	6
1005439	735929	201
31061	2113320	75
1688181	301288	17
2240776	1005439	200
1386982	1005439	200
592396	1938640	203
3037085	1005439	200
2113320	1909608	74
1005439	742101	201
736109	1005439	200
1005439	1786061	201
2113320	1072885	74
2099905	2113320	71
1289464	4514417	6
1005439	295629	201
1005439	3229969	201
1948121	2113320	52
4153179	1005439	119
3551179	2113320	71
2113320	4320144	74
2113320	2832337	74
1005439	1349029	201
3408966	2113320	71
1779142	216334	204
1005439	4039554	201
2730380	4514417	6
1046274	1005439	200
4482795	1005439	200
1295584	1005439	200
2628889	2113320	71
133157	1005439	75
4152586	4109650	203
1005439	1707252	201
1242325	1005439	200
2961337	1005439	200
1005439	4393873	201
4261640	3178251	198
879169	1005439	200
1230417	2268384	204
2113320	2396231	74
2640352	1005439	119
4205241	3178251	198
2113320	2597018	74
3745705	1005439	119
1331098	2113320	52
116927	1005439	200
2113320	277800	74
1856233	2113320	71
2308191	1005439	119
3073995	2113320	52
1101073	1893272	203
2113320	3945500	74
2934921	576990	203
2113320	3048247	74
1005439	1776797	201
3229969	1005439	200
4598464	2113320	71
4128418	4429735	198
2113320	1424797	74
2113320	761606	74
2113320	3522127	74
3754764	4429735	198
1005439	1091812	201
1039321	2113320	71
4228730	1005439	75
1451461	2113320	71
95280	2113320	71
2113320	605643	74
707096	4514417	6
1052028	1005439	119
686289	1005439	200
2113320	2919959	74
987811	2113320	71
1005439	1046274	201
4599980	1005439	119
4320144	1005439	200
3752061	1005439	200
3957889	2113320	71
1005439	1562328	201
2113320	2993838	74
1923762	1005439	200
664391	2113320	71
4281319	1005439	200
942635	2113320	71
4429735	2168623	199
707096	2258221	203
2869375	1166544	204
576990	1005439	119
1005439	632385	202
4591400	1005439	200
505893	4146530	1875
3596089	4429735	198
911619	4514417	6
1005439	2311290	201
3679017	2113320	52
1005439	4260107	201
4152586	2829400	76
3542707	1005439	200
1005439	2431247	201
1005439	3078218	201
1005439	4385238	201
1005439	1036321	201
3945097	2113320	71
4146530	1005439	200
2669354	2113320	71
1005439	2662937	201
3734545	1005439	200
1005439	2464205	201
2113320	836921	74
1938640	1005439	119
2113320	2087215	74
4296603	1005439	200
3970381	2113320	71
2113320	2826316	74
3109812	2113320	71
996264	2621054	72
2113320	4435515	74
4429735	3351581	199
1285826	1005439	200
2096036	3178251	198
4088047	1005439	200
4014517	791291	76
3550886	1005439	200
1005439	3467744	201
3512270	1005439	200
3818233	4636756	203
4049839	1052028	203
1005439	251072	201
1037814	2828181	17
2113320	2169207	74
2113320	824825	74
2113320	3265951	74
3178251	3988611	199
4429735	4219318	199
1005439	1632548	201
1005439	2913379	201
2897913	3682093	203
2113320	3505702	770
1005439	2046664	202
2113320	1589646	74
596032	4586415	76
16456	2113320	71
3752355	1005439	119
1005439	4288847	201
1005439	708700	201
4429735	592396	199
1005439	3450695	201
1005439	2702278	201
1563652	2113320	71
1868850	4146530	199
2113320	2045330	74
3462642	4429735	198
2113320	4015047	74
2919959	1005439	200
1149409	1005439	200
505893	890012	1875
4609907	2113320	71
3737897	2113320	71
1005439	4503399	201
3991473	4429735	198
3497960	2113320	71
2113320	3709291	74
141427	2113320	71
1389595	2113320	71
4076794	3762106	72
2113320	2555722	74
4552930	1005439	200
1005439	579745	202
2396231	1005439	200
1562328	1005439	200
4429735	941172	199
4611952	1005439	200
2113320	2936352	74
2113320	2321529	74
1005439	2302719	201
3178251	1955623	199
4261947	4514417	6
3918447	2113320	71
1827979	4429735	198
4461272	2113320	71
1005439	2760451	201
1005439	1216686	201
483318	2113320	71
1005439	1424143	201
1005439	664391	201
1865554	164247	203
3229969	2113320	71
462712	1890905	204
4215930	1005439	200
3555580	2113320	71
2021632	4429735	198
1005439	3634136	201
1005439	370229	201
1005439	3101927	201
2113320	75100	74
2113320	3300245	74
2113320	1633987	74
1044587	2113320	71
3865129	1005439	200
1005439	2165633	202
660328	2113320	71
526628	1005439	119
3754764	2338550	203
3691106	1005439	119
2536872	2113320	71
3385115	1005439	200
3262498	2113320	71
2113320	1545466	74
1005439	3345789	201
2533635	4429735	198
2711490	2113320	52
4500292	1005439	200
982269	937388	204
3157722	1868850	198
1005439	1404622	201
1257384	1005439	200
629145	2096036	80
1005439	794019	201
2113320	1894815	74
2113320	3852864	74
4192242	2113320	71
2113320	2882957	74
2992116	1005439	200
1005439	2003935	201
1005439	2606648	201
605643	1005439	200
1005439	4324206	201
1005439	4333343	201
844829	1233500	199
4186701	1005439	200
90979	2214480	18
2113320	3328430	74
3679017	2113320	75
2402141	2046664	203
1005439	2828107	201
1005439	2936352	201
1005439	615788	201
1868850	2069092	199
2113320	4055171	74
2897913	2113320	71
1663127	2113320	71
2113320	2907343	74
2466200	2113320	52
427448	2113320	71
3262498	1868850	198
4100452	2113320	71
2164504	1005439	200
3105201	1005439	200
1005439	4012975	201
1005439	3105201	201
2113320	3918052	74
3057209	1005439	200
34179	1005439	75
3178251	4482795	199
491390	2113320	71
4560246	4302000	203
623124	1005439	200
847328	1005439	200
2216805	1005439	119
1810602	4146530	199
1856233	1005439	200
2555722	1005439	200
2113320	2815242	74
845942	1510993	203
579207	2113320	71
3295627	2113320	71
3675405	1005439	200
2990592	1122504	203
982185	3178251	198
1034945	2113320	71
1233500	4514417	6
2730380	1629572	198
1123147	711817	76
1800978	4439428	204
4656550	1191961	204
1005439	4104099	202
505985	2113320	71
4652770	2113320	52
1395626	1005439	200
2591539	2113320	71
2113320	2362825	74
1005439	2203755	201
2113320	4393260	74
2113320	1809408	74
118632	1005439	200
142264	554587	17
3754764	2113320	71
4079229	2113320	71
1005439	1101073	201
2773089	2113320	71
2113320	2399145	74
950102	2113320	71
1005439	3685072	201
2933303	3707805	72
3930417	2113320	71
4379442	1005439	200
2938173	4514417	6
1005439	895282	202
3381947	2113320	71
273047	1005439	200
1005439	3871886	201
1005439	3020048	201
4114396	1451461	204
1005439	847328	201
4429735	2116987	199
1005439	2878602	201
4435515	1005439	200
2113320	1061863	74
2113320	1923762	74
990465	1005439	200
1868850	2640487	199
3890806	2113320	71
1718641	2113320	71
2597018	2113320	71
1005439	1543570	201
860382	4514417	6
80955	1005439	200
4435515	2113320	71
3262498	84972	203
4442106	2376528	6
1005439	4185057	201
1005439	430759	202
2113320	1608582	74
3281479	1005439	119
98318	1005439	200
2558871	2113320	75
3157394	1005439	200
2069092	2828181	17
4429735	4481951	199
2113320	3781000	74
1005439	762941	202
75100	4066682	76
1005439	1064786	202
699069	1005439	200
3257959	1005439	200
970619	2113320	71
3178251	160027	199
1715628	1005439	119
405048	4514417	6
1005439	3428873	201
97796	1005439	200
2544167	1005439	200
3323992	1005439	200
1757073	2113320	71
123045	2113320	75
84972	3262498	204
251072	2113320	71
2113320	1222775	74
1639333	1231579	204
1005439	614287	201
2113320	1708899	74
2113320	4012975	74
214390	2113320	71
1505971	1285826	204
825471	4551363	203
444930	1005439	119
4429735	1413721	199
1221024	2113320	71
1005439	1476716	201
650069	2113320	71
1005439	3779134	201
2113320	4122089	74
4381268	4514417	6
1330783	1005439	200
937388	2113320	71
1005439	2022473	201
3178251	1992074	199
3718079	4429735	198
1157308	2113320	71
2113320	4152586	74
2497019	2113320	71
1005439	1013934	201
2913379	2113320	71
2969543	2351750	204
3407574	371972	76
2113320	3062883	74
1005439	1027051	201
2113320	3117839	74
2113320	596032	74
1005439	4536297	201
2999411	1005439	200
592396	1313479	76
1005439	2154802	201
614287	3178251	198
4582079	4020768	75
2402628	301288	17
2113320	3686074	74
2113320	3925366	74
211293	1722201	76
4157799	1005439	52
3257490	1005439	200
1005439	1426551	201
4146530	844829	198
2113320	1411481	74
1614967	3390549	76
332912	1005439	200
2113320	3895635	74
2386339	1005439	200
1005439	1375529	202
1005439	3284631	201
2113320	905992	74
3305278	4514417	6
2857086	1005439	119
4260107	1005439	200
3846724	1005439	200
2113320	1114846	74
2571832	2923284	203
2113320	3737897	74
4595615	2113320	71
3680996	3178251	198
4429735	1731413	199
2113320	4604424	74
3207089	1005439	200
844533	2113320	71
2113320	754231	74
1005439	944171	201
1005439	1163797	201
1005439	3918447	201
835095	1005439	200
3402147	2113320	71
2113320	2992986	74
3774368	4429735	198
841462	1005439	200
2113320	2937703	74
2640487	549433	203
2113320	2545408	74
2760451	1005439	200
452061	3364220	203
1005439	1510993	202
1005439	3062883	201
1005439	2992116	201
836921	2113320	71
3178251	1561679	199
2113320	957378	74
1103472	2113320	71
236705	2113320	71
2601065	2113320	71
4058795	2113320	71
1005439	275954	201
3562969	31061	76
3102688	1005439	200
2113320	1622929	74
2113320	1796509	74
2113320	1703748	74
2202151	2113320	71
2284124	1005439	239
2532813	229443	204
2715194	1005439	200
2730380	4429735	198
305619	2113320	75
4476501	1005439	200
4429735	355477	199
3440726	1005439	119
315210	2113320	71
2113320	58696	74
3560673	108724	204
2081395	2113320	75
1268680	1005439	200
4522686	4514417	6
1203482	554587	17
3570017	1005439	200
2113320	1776159	74
3754764	301288	17
3846363	2113320	71
4098642	2113320	71
3644430	90979	32
4326925	1005439	200
3843688	1005439	200
3093856	4429735	198
2113320	3349555	74
160361	2113320	71
2137325	1005439	200
2113320	3425967	74
2113320	3941224	74
735929	1005439	200
2113320	1888347	74
3557470	2113320	71
3644750	4514417	6
605476	1005439	200
405119	1005439	200
1005439	2144405	201
2113320	1991814	74
1568519	1005439	200
3718079	3050276	17
3148720	1005439	52
844829	3262498	199
699069	4429735	198
2994242	2376528	6
3584150	2113320	71
2113320	1634274	74
4371827	2113320	71
711630	1005439	200
4381268	1005439	200
3988611	1967996	203
2113320	1678308	74
2113320	809137	74
4271365	1005439	200
1005439	1228927	202
1005439	2472801	201
1005439	1285826	201
4107115	2113320	75
3505702	845942	74
28296	2113320	71
1562932	2113320	71
2113320	1237118	74
1005439	3780106	201
1005439	163164	201
2113320	4545984	74
221006	2113320	75
2475878	2113320	52
2113320	1151980	74
987811	1005439	200
165668	1005439	239
1005439	2044240	202
1715628	2621054	204
1231579	4514417	6
2113320	942143	74
1005439	2961337	201
2870225	1005439	119
2113320	3977785	74
2113320	3101938	74
686289	2113320	71
3107158	1005439	200
1005439	1592586	201
3838931	2113320	71
4192242	1005439	200
90979	4171700	38
3141765	1005439	200
3178251	1515696	199
1005439	850983	202
4630920	1005439	200
2096036	2113320	71
1005439	4620547	201
313947	1005439	200
4429735	4209687	199
2113320	3143002	74
1005439	3242463	202
2113320	3345789	74
1808636	1005439	200
4429735	399943	199
1633987	2113320	71
1005439	2926767	201
208699	1005439	200
2792392	2113320	71
3472918	1005439	52
2113320	2689336	74
1005439	3536435	201
1005439	2420362	201
1349029	2113320	71
1005439	2621054	201
1522023	1005439	200
1005439	2168623	201
2113320	1766013	74
3872564	1005439	75
2113320	370229	74
3924866	2113320	71
1805551	1005439	200
1010442	1005439	200
1622929	1005439	200
2113320	1770836	74
509257	2113320	71
3479839	4514417	6
1096311	2113320	71
3178251	2994242	199
2353481	1005439	75
1888424	2113320	52
2598551	1005439	119
1005439	403889	202
3989504	1005439	200
1174919	2113320	71
1005439	1484519	201
2171235	4514417	6
2363796	2113320	71
1088184	2113320	71
2966761	2113320	71
2230998	1005439	200
2632330	2113320	71
1005439	2882490	201
1217508	1005439	200
1005439	1176354	201
899275	2113320	71
3635839	2113320	75
2113320	3832691	74
116927	4429735	198
2113320	2821884	74
1125847	1868850	198
3957733	1005439	200
4049839	2446258	72
1693438	1005439	200
1005439	3226499	201
860382	1005439	200
4389867	1005439	200
2113320	204247	74
1005439	4155613	201
3843845	4514417	6
3853248	1005439	200
1643275	2185875	76
1252169	1005439	200
1005439	3580909	201
89368	1005439	200
1005439	2992986	201
3178251	3557364	199
1757073	1005439	200
2113320	405119	74
1132876	1005439	200
1005439	4342493	201
2164504	2113320	71
4509541	1005439	200
2113320	3752061	74
4337161	1005439	200
2113320	487584	74
2471471	392076	203
1269855	1005439	200
2113320	1407353	74
3853248	2113320	71
1005439	3409762	201
4414491	2113320	52
2113320	3422377	74
1001155	2689336	204
1005439	4007881	202
2113320	3109812	74
762941	1005439	119
1005439	4412086	201
1088184	4514417	6
2113320	1805551	74
1005439	4627003	201
3718079	1868850	198
2582428	1005439	200
2113320	1992074	74
4429735	104430	199
2113320	3303470	74
2113320	3413428	74
2482412	2113320	71
2113320	2165057	74
1005439	2045330	201
1005439	147568	201
2101744	1005439	200
1005439	1384658	201
1005439	2601969	201
3213498	3178251	198
2113320	735929	74
4326925	2113320	71
43693	4514417	6
1005439	1643275	201
2113320	3421327	74
1285826	1868850	198
3960873	85364	76
283763	1005439	200
982269	1005439	119
1505971	1005439	119
2994242	4140053	72
1005439	238426	201
2113320	1041127	74
1005439	2612555	201
4147586	2113320	71
844533	1005439	200
1688181	3178251	198
1005439	4281320	201
1005439	1308183	201
412808	4514417	6
1683188	2113320	52
1695866	479491	38
2580370	1735139	76
275954	1005439	200
1005439	529092	202
2113320	4184656	74
992302	2113320	75
416838	611297	203
1005439	4561500	201
1900368	2113320	71
4556600	1005439	200
1005439	3048247	201
3544219	1005439	200
4429735	3270956	199
1005439	1160538	201
2113320	2742057	74
2113320	298929	74
3925366	2113320	71
4014517	301288	17
1005439	4206387	201
2113320	1814371	74
764250	1005439	200
2113320	4600915	74
1691143	1005439	200
3080969	1005439	200
430759	922898	204
2597018	1005439	200
1005439	569123	201
326630	2113320	71
4107747	2113320	71
2113320	2662937	74
456040	4514417	6
2934921	2113320	71
4288847	2113320	71
1005439	3577373	201
2907343	2113320	71
1159418	1005439	119
1005439	3360539	201
3605863	1247312	1877
2113320	4417473	74
432408	2113320	52
1005439	2552618	201
2610727	1005439	200
3450695	2113320	71
4412086	4429735	198
1005439	1265697	202
3762106	301288	17
1513805	1868850	198
2113320	3685072	74
3497044	1005439	200
486511	1005439	200
4528671	1005439	200
2113320	4138398	74
3773309	1005439	200
382556	3644430	204
160027	3178251	198
2113320	4288847	74
1796509	1005439	200
1005439	518930	201
4261640	4514417	6
1633987	1005439	200
2113320	4518772	74
1067580	1005439	200
3157722	4429735	198
1005439	1123326	201
1005439	3138551	201
3527181	4079229	204
1325217	2113320	71
1005439	686289	201
1005439	2907343	201
1634274	166347	76
3755960	2043833	204
3373971	4222760	203
1005439	3875110	201
1005439	778252	201
493916	1005439	200
2471471	4445574	76
1005439	1865554	201
4324206	3178251	198
593087	2113320	71
2015016	3178251	198
1293700	1005439	119
825471	2607348	76
414995	1005439	200
1699401	4429735	198
4073306	1006815	76
1136056	2113320	71
3562969	403889	203
2113320	397931	74
4491119	1005439	200
3091812	1005439	200
416838	1707221	76
2867659	1005439	200
2934921	4514417	6
2757842	1005439	200
3846724	2113320	71
3031844	1005439	200
3262498	1005439	200
1265697	1005439	119
1005439	16456	201
624665	1005439	200
4621801	2113320	71
4140053	2994242	80
1005439	1052648	201
3300245	1005439	200
4495039	1090308	203
1005439	4139449	201
1042317	2113320	71
3120340	1005439	200
149397	3248115	17
1005439	2930689	201
596032	2113320	71
4014517	2870225	203
3723401	1005439	200
826177	446237	170
769082	4429735	198
412808	2113320	71
1005439	2391988	201
3518140	1005439	200
3101938	2113320	71
3401315	4514417	6
616589	2113320	71
3837269	2113320	71
4429735	3787658	199
1793204	1005439	200
2113320	4461147	74
216818	1005439	200
2533635	1005439	200
3178251	2806499	199
1386982	2113320	71
2113320	3257490	74
1005439	2099905	201
3621273	1005439	52
2542493	1005439	200
845942	3178251	198
1005439	1808636	201
4605763	2113320	71
4421335	1005439	52
3764614	2113320	71
614287	3282285	203
1756855	2113320	75
754476	1005439	119
1005439	2102529	201
1399822	2113320	71
2113320	3879380	74
2581960	2113320	71
4429735	1289464	199
2113320	3276216	74
1707252	2113320	71
4284047	2228772	204
348693	2113320	71
2113320	3409762	74
2113320	4519153	74
3852864	1005439	200
2113320	2574886	74
2240776	958782	76
4551827	3178251	198
3703882	1005439	200
2008275	1005439	200
4429735	1165547	199
3141765	2113320	71
1005439	4533230	201
1005439	2913660	201
1544201	1005439	200
1005439	4014517	201
605028	4514417	6
1005439	427530	236
1444008	1005439	200
1005439	4385895	201
1005439	2930562	202
2533635	2113320	71
1005439	4653667	202
4187390	2113320	71
4079229	1005439	200
4435231	4536719	76
804432	2113320	71
1005439	2632460	202
1091812	2113320	71
1005439	616589	201
2113320	3360257	74
2113320	3703882	74
1938640	592396	204
1118471	1005439	200
1094130	3178251	198
1005439	3131955	201
1005439	1718641	201
1304669	3810845	204
2546261	1005439	200
1005439	1001155	202
3204922	2113320	71
2819367	210785	203
2113320	4562039	74
1005439	1203482	201
1005439	405119	201
3178251	3718079	199
3895411	4429735	198
4379442	2113320	71
4184656	1005439	200
3822344	1005439	200
1005439	1861072	201
3848988	2113320	71
2113320	3931852	74
1005439	4098642	201
2113320	1013934	74
2113320	4251894	74
1005439	2396231	201
1005439	4246302	202
2423562	2113320	71
2113320	1096010	74
1005439	3207089	201
2113320	711630	74
3818233	1738830	76
1005439	1183708	201
2113320	2301511	74
2113320	956978	74
1561679	1005439	200
3895411	1005439	200
2364085	1005439	200
1005439	4282761	201
1005439	4645901	201
4094913	2113320	75
4028255	4603354	203
3622958	2113320	71
2113320	3945791	74
2124480	1005439	119
1005439	2230998	201
282220	2113320	75
1005439	4209839	201
4582079	4020768	52
3071049	2113320	71
3454361	2113320	71
3467744	2113320	71
3178251	3262498	199
2460379	2113320	52
3762106	4514417	6
3832029	1634274	204
3093856	3978377	76
27829	1005439	200
1848099	1005439	200
2113320	3512270	74
4362852	2728980	76
3462642	4514417	6
2113320	896017	74
4620547	1005439	200
501697	2113320	71
2442696	4514417	6
2113320	1754960	74
2113320	1141917	74
4263021	1005439	119
2113320	2823148	74
1088184	525255	203
3843845	2909624	17
2113320	2606648	74
2240843	1005439	119
2087215	3690878	203
927169	1005439	200
4050177	2113320	75
1005439	4118636	202
2113320	474102	74
2113320	1364547	74
2113320	2567948	74
1451461	4423600	76
1123147	4493224	203
2049232	2113320	71
2109735	2113320	52
2113320	692044	74
2870225	4014517	204
1611313	1005439	200
2300171	2113320	71
1005439	285683	201
1005439	43693	201
1738830	2113320	52
2569632	2113320	71
1005439	3706123	201
1005439	2574886	201
2113320	996737	74
2113320	2230998	74
2640487	3515944	71
3839719	1005439	200
2113320	2280806	74
2113320	2029636	74
1005439	3547540	201
1005439	2870156	201
2676319	1005439	52
1005439	1034119	201
2113320	3311053	74
2113320	1761302	74
2113320	4100452	74
2113320	4393873	74
3601159	1005439	200
2113320	1712754	74
4389867	2113320	71
4281320	2113320	71
2113320	509257	74
4518772	1005439	200
4074737	1005439	200
3257490	2113320	71
4522686	4192911	76
1005439	2818526	201
3177176	1005439	200
4123331	2113320	71
4146530	505893	1876
1810602	3386417	199
826177	2113320	71
2113320	3137037	74
2176893	1005439	200
1005439	3102688	201
3897642	2113320	71
1005439	2336959	201
4613651	2113320	52
2113320	2164504	74
2113320	676197	74
3413428	1005439	200
444930	116927	204
2113320	1095046	74
3401315	2113320	71
1052028	4049839	204
1380315	1005439	200
1005439	899275	201
1647672	2113320	71
1005439	452061	201
2113320	3837174	74
1005439	2734570	201
2351750	3178251	198
2882490	2113320	71
629145	4514417	6
2269442	1005439	200
2113320	1965482	74
4082713	2113320	71
1005439	1724243	201
1734243	1005439	200
750483	2113320	71
2113320	216818	74
1005439	4138398	201
396143	1005439	200
412808	4429735	198
1513354	2113320	10
2345122	1005439	200
998585	2113320	71
3515944	2640487	74
325502	554587	17
2113320	288651	74
1005439	4000974	202
1005439	3706491	202
3810845	3595082	76
1451461	4514417	6
620351	1005439	200
753517	1005439	200
2113320	2551499	74
4573026	1005439	200
214390	1005439	200
2113320	3105201	74
3010448	1005439	200
2113320	750483	74
2113320	3632894	74
4277516	2113320	71
2489804	2113320	71
216334	2507716	76
238426	1868850	198
2977397	1911221	204
2113320	101393	74
3754764	4337177	76
1793871	1005439	200
4429735	595780	199
2831700	1005439	200
1005439	1470524	202
2203755	1005439	200
3440726	2144482	204
1005439	1699916	201
1005439	3277277	201
389337	2113320	71
1005439	2583013	202
1005439	3053396	201
2113320	1260909	74
1005439	3000877	201
2165057	2113320	71
1194348	1005439	200
1005439	825471	201
3682093	1005439	119
2008275	3178251	198
2113320	1800947	74
2080366	2113320	71
4054619	1005439	200
2113320	4602291	74
3311053	2113320	71
2113320	4088047	74
4218857	2113320	75
593087	1005439	200
530331	4514417	6
1005439	3080969	201
2571832	3178251	198
1005439	2889242	201
1886310	1005439	119
2113320	2008726	74
2654852	1005439	119
1005439	4302000	202
4152586	4514417	6
2113320	1295584	74
3409762	1005439	200
4429735	3262498	199
2113320	4520585	74
652598	1005439	200
3006514	1005439	200
1005439	1073097	201
3178251	405048	199
1911221	4514417	6
4173638	1005439	200
1005439	3948621	201
3020048	1005439	200
1868850	1233500	199
1005439	824825	201
1005439	942635	201
2008275	2700235	76
1005439	1856233	201
1005439	324158	201
2897913	2320132	139
621684	2113320	71
224213	1005439	200
1005439	3670597	201
4609907	1005439	200
3557364	388893	76
3932344	505893	1876
2214480	2621054	38
1005439	2039508	201
2113320	414774	74
1005439	1800978	202
15138	1005439	200
3744152	2113320	71
1111187	2113320	71
1991814	2113320	71
1005439	4387743	201
1005439	2686367	201
2113320	2621054	74
2113320	147568	74
4063906	1005439	200
1005439	1005619	202
404810	1005439	200
1005439	404810	201
1330518	3872865	76
911619	3025268	76
1611313	1969250	76
2176893	2346361	76
1795212	1005439	200
4435231	1005439	200
2113320	3320936	74
493916	2113320	71
1005439	315210	201
191697	2113320	52
3818233	2113320	71
3002778	1005439	200
355477	1005439	200
1005439	2562463	201
1005439	1703748	201
1005439	791797	201
3178251	1223721	199
3383681	1005439	200
3745705	4482795	204
2113320	1257384	74
1005439	3977187	201
2113320	233001	74
4640757	1005439	200
1005439	1542606	201
2113320	2076461	74
1005439	4210088	201
2702278	2113320	71
3879380	1005439	200
2299103	2113320	52
1005439	1395626	201
835095	2113320	71
1776159	1005439	200
1005439	1246438	201
1005439	2629099	201
2113320	2397390	74
514350	1005439	200
2113320	3725311	74
1005439	102297	201
1005439	4140053	201
3945791	2113320	71
2894047	1005439	200
2113320	873252	74
200911	2113320	71
745733	1005439	200
2411155	2113320	71
404810	2113320	71
2594090	2113320	71
3560503	1005439	200
517955	1005439	200
3945097	4429735	198
4251621	1005439	200
1005439	3598403	201
4609783	4429735	198
1868850	3890806	199
4429735	3991473	199
1005439	296655	201
1005439	2362825	201
1005439	1447711	201
4599980	43693	204
2310076	2113320	52
1733909	2113320	71
3774368	1533187	203
1005439	2654852	202
2113320	3383681	74
2804671	1005439	200
179727	1005439	200
3951077	1005439	200
2004188	2113320	71
2384963	2113320	71
2113320	3167774	74
4282761	2113320	71
1005439	3664293	201
2113320	4210125	74
1005439	710183	201
1005439	3177176	201
844829	1811557	199
1811557	4230756	76
4360915	95280	204
1005439	4197898	201
3089376	1005439	200
2113320	3115265	74
4429735	3204922	199
1005439	3684765	201
74294	1005439	119
28838	2113320	71
1005439	3281479	202
1005439	833442	201
4082462	1005439	200
1005439	3424850	201
2310076	2113320	75
1005439	3584150	201
2640487	4427337	76
1650389	1005439	52
2113320	3497044	74
4117851	1005439	200
3178251	95280	199
1992074	1005439	200
1005439	164458	201
1955623	632385	203
1364547	1005439	200
1776797	4514417	6
3006946	1005439	52
2113320	4065042	74
1005439	4096805	201
2169207	2113320	71
2497019	4429735	198
4481951	301288	17
1005439	1515696	201
2268384	1230417	203
3862371	1005439	200
3401845	4429735	198
2805444	2113320	71
2113320	358464	74
2113320	491390	74
3553224	2113320	71
1005439	2787624	201
1005439	1888347	201
1005439	4154005	201
1520840	4429735	198
4555384	624665	204
2113320	4091361	74
2113320	4227903	74
4406103	1005439	200
1005439	4172414	201
2113320	3428873	74
3848177	1005439	200
3515944	416838	74
4309448	3050276	17
1005439	990465	201
1005439	1230417	202
1005439	3071049	201
4022259	1247312	3468
4429735	4192871	199
1005439	2672236	201
2640487	505893	1876
1568519	2113320	71
1524872	1005439	200
2412970	1005439	52
1854941	1005439	52
2113320	3262498	74
2849058	1005439	200
1472408	2113320	71
1005439	1520840	201
1005439	3930417	201
1005439	1372246	201
1005439	2581960	201
2113320	1001479	74
2464205	1005439	200
2113320	1611618	74
4523087	4309448	125
216334	1005439	200
1010442	2113320	71
2113320	3756155	74
2113320	90481	74
1005439	1734243	201
4233601	31705	76
4503399	1005439	200
1005439	358464	201
2990592	1005439	200
1413721	1208373	203
1242325	844829	198
3605863	4429735	198
2338550	1005439	119
2113320	2092003	74
4165736	2812185	76
742768	3178251	198
2551499	2113320	71
4429735	586044	199
2113320	2642274	74
3805611	4429735	198
3008271	104430	204
1005439	2747659	202
505760	1005439	200
4558057	1005439	200
4209839	2113320	71
211293	1005439	531
2553046	1005439	200
2113320	2637700	74
3988611	4514417	6
1597149	2756613	76
1203305	1005439	200
3178251	2294190	199
1313479	1005439	75
1005439	1715628	202
1005439	4448813	201
74294	1561679	204
2113320	478753	74
3679014	2113320	52
4049839	2113320	71
1185825	1005439	200
2533635	358744	76
1141500	2113320	71
1005439	4335934	201
1005439	3596089	201
479491	1695866	31
3444022	2113320	71
2113320	3744152	74
1005439	1073245	201
2113320	3630604	74
4429735	3407574	199
502718	2113320	71
3137037	1005439	200
1183708	1005439	200
660363	2113320	52
4010720	1005439	200
2113320	3970381	74
2113320	1817130	74
1005439	742768	201
3640131	1005439	200
2113320	1498717	74
483525	1005439	200
1005439	923229	202
1005439	1565650	201
1005439	927169	201
2113320	1798048	74
1738830	2113320	75
1005439	2933303	201
224213	2113320	71
3893588	1005439	200
2990683	4429735	198
825471	3178251	198
1231579	1005439	200
343278	2113320	71
1204749	4514417	6
2113320	3575157	74
2113320	3625383	74
1975388	2113320	71
3582351	2113320	71
2610727	2113320	71
3462642	1005439	200
2113320	652598	74
3006514	1005439	127
3178251	1094130	199
1005439	1231579	201
2471471	3178251	198
499413	2113320	52
2481779	301288	17
1005439	908497	201
1005439	382556	202
3178251	399943	199
2340707	1005439	52
95280	3178251	198
3168545	1005439	200
2113320	3401315	74
96831	1005439	200
1005439	4466131	201
1176354	2113320	71
2113320	4010181	74
1868850	2571832	199
1191961	1005439	200
456040	2113320	71
2113320	1072259	74
3822476	4429735	198
2113320	2306839	74
1005439	660328	201
3609148	2113320	71
1005439	98680	201
2979433	1005439	200
2897913	4514417	6
2937703	1005439	200
3988876	1005439	52
2113320	3924866	74
2666251	1005439	200
1005439	4305754	201
4219318	4514417	6
705714	2113320	71
1498717	1005439	200
1005439	75328	201
3810845	4514417	6
2113320	2381404	74
136160	1005439	200
3515944	4309448	74
3925366	1005439	200
3515944	4146530	74
1005439	983537	201
1005439	99869	201
1005439	1959981	201
3706491	1005439	119
1005439	2582921	201
1005439	2377430	201
1151980	2113320	71
596032	4514417	6
1877068	1005439	52
4429735	2614141	199
4096805	2113320	71
1005439	4634881	201
1285826	1505971	203
1111187	1005439	200
2113320	2612555	74
3689979	1005439	52
2113320	1103472	74
4118636	1005439	119
164458	2113320	71
3178251	3805611	199
761606	1005439	200
396882	2113320	71
1991814	1005439	200
1005439	4170396	201
4501509	2113320	71
2113320	2424581	74
4577279	1005439	200
3136282	1005439	200
1005439	3550886	201
4461272	1005439	200
1005439	3691106	202
1005439	822820	202
2113320	3308564	74
2113320	3798259	74
2113320	2591539	74
4429735	3972311	199
525255	1088184	204
1005439	2598551	202
96831	2113320	71
3957799	2113320	71
2648121	2113320	71
3644430	2113320	71
414995	2113320	71
2829400	2113320	75
970619	1005439	200
142264	2113320	71
1819273	1005439	119
3818233	1095366	17
2039508	2113320	71
1005439	4555384	202
3595405	1005439	200
28296	1005439	200
1091069	1005439	52
2113320	3078302	74
2891282	1005439	200
1013934	2113320	71
2113320	104430	74
3706123	1005439	200
2113320	1039321	74
2606235	2113320	71
2113320	4335934	74
2113320	2203755	74
2113320	4385238	74
1005439	3213404	201
2686367	2113320	71
4000974	1005439	119
1005439	1174273	201
1614967	1669828	203
1318198	4418119	76
4287455	1005439	200
2961337	2113320	71
4192871	1611845	203
3390549	1005439	75
1005439	780914	201
2322639	1005439	119
2933303	1005439	200
1005439	160027	201
1005439	2471471	201
4012975	1005439	200
4429735	1231579	199
2436819	2113320	52
1005439	835095	201
2536872	1005439	200
1005439	2310046	201
3270956	4429735	198
4015047	1005439	200
2399145	2113320	71
3345789	2113320	71
4429735	4261947	199
2113320	2788530	74
710183	1005439	200
3889786	1005439	200
2828107	4514417	6
1005439	2137325	201
1005439	2792392	201
2113320	3957799	74
2113320	864357	74
3945097	3050276	17
2113320	3544219	74
2113320	463193	74
1183708	2113320	71
4602291	1005439	200
3680604	2113320	75
4602291	2113320	71
4309448	1005439	200
2858178	1005439	200
4429735	2481779	199
1005439	2609840	201
4305754	4514417	6
1005439	2394477	201
4429735	2567009	199
2113320	4597948	74
2113320	1931228	74
4560246	2113320	71
2029636	1005439	200
2113320	2929186	74
1005439	116927	201
3680996	4514417	6
505893	1285826	1875
952520	515710	76
2113320	4256471	74
2144482	3440726	203
2089753	4429735	198
2113320	4076794	74
2228772	4514417	6
1005439	1822059	201
3555580	1005439	200
2113320	3355628	74
1005439	3895199	201
1005439	463194	201
3581749	4429735	198
3603046	1005439	200
847328	2113320	71
3931852	2113320	71
3555300	2113320	75
4590824	1005439	200
2154802	2113320	71
2091604	2113320	71
3664293	1005439	200
1005439	508622	201
1005439	1563652	201
2187756	1005439	52
2113320	956077	74
1308183	1005439	200
2113320	2601065	74
1101073	1005439	200
2113320	432515	74
2113320	2831700	74
3648432	2113320	71
1005439	3734545	201
133157	1005439	52
1005439	4117851	201
3675405	2113320	71
1005439	869271	201
1784001	1005439	200
3714151	1005439	200
3178251	2498046	199
1992074	3178251	198
1005439	593087	201
4205241	4514417	6
1005439	3262498	201
1473938	1854941	76
1513805	3661290	72
711817	1005439	75
3402147	1005439	200
2113320	1693438	74
1005439	1289464	201
2113320	3331595	74
4017196	2113320	52
1005439	4500292	201
4065274	3358387	203
4466131	1005439	200
1005439	760950	201
4362852	4262578	203
1005439	4107747	201
3178251	4304428	199
2936352	1005439	200
2113320	4353911	74
1005439	2841599	202
2284124	116927	884
998816	1005439	52
1724243	2113320	71
4495039	644067	76
3533165	2113320	71
3178251	2934921	199
2329601	1005439	119
1622929	2113320	71
4429735	2730380	199
2113320	4271365	74
2108265	1005439	52
3640131	1249037	203
601530	2113320	71
1868850	3558391	199
2113320	3714151	74
2113320	1801562	74
4123331	1005439	200
1496698	2113320	71
3940844	2113320	71
4154005	1005439	200
2113320	501697	74
3216157	3777321	203
3373971	4429735	198
4215234	1005439	200
2113320	4277516	74
2866653	1005439	200
3286312	2113320	71
1005439	2742057	201
1634274	2113320	71
1072259	1005439	200
3948621	2113320	71
1856607	3581749	204
1611313	4514417	6
1005439	1019159	201
2742057	2113320	71
2113320	3444022	74
1005439	3069756	202
2113320	3434216	74
2154957	1005439	200
3324064	160027	204
1735139	1005439	75
1010910	1005439	200
410490	2113320	71
1919366	2113320	71
744209	1005439	200
4328494	1005439	200
2113320	1923828	74
1513805	4514417	6
1005439	1094130	201
2113320	3044834	74
3994906	1005439	200
660402	1005439	200
4471091	1005439	200
1005439	3669298	201
1005439	1847165	201
1005439	1319370	201
1005439	2849058	201
2113320	1808636	74
2113320	4268563	74
2294190	3894030	203
116927	2284124	591
1958566	2113320	75
3644430	382556	203
3700855	1360309	203
2240908	1005439	119
1659092	4429735	198
973400	2113320	52
576990	2934921	204
4055171	2113320	71
1005439	2715194	201
1005439	1921084	201
4429735	2240776	199
2412970	1005439	75
3462418	1005439	200
1005439	3936603	201
1005439	737325	201
4320525	1005439	200
229443	4429735	198
4429735	4367870	199
1459406	1005439	200
160027	4514417	6
3213498	3203817	203
2113320	2402141	74
2113320	1659708	74
4439428	1005439	200
82193	2909624	17
3014924	1005439	200
2601969	1005439	200
4039554	1005439	200
4440783	2113320	71
1706601	1005439	119
3640131	4429735	198
2113320	1019159	74
1005439	2980398	201
1005439	3553224	201
609297	2113320	71
1769921	1005439	119
1005439	3276216	201
2202151	1005439	200
2113320	1217508	74
3178251	1692427	199
1005439	2805444	201
4074737	2113320	71
2261233	2113320	52
3596089	2113320	71
3837269	1005439	200
4360915	1005439	119
1005439	2402628	201
1536412	1005439	127
403269	1005439	200
2130229	3050276	17
3187292	4514417	6
3407574	4429735	198
2113320	590268	74
2113320	2202151	74
3550886	4514417	6
3894110	1005439	119
1005439	1838358	201
1005439	263058	202
1005439	2645648	201
3726684	1005439	200
1005439	3393002	201
1018034	2113320	75
3779134	2113320	71
2113320	899275	74
4246302	1005439	119
4028837	2416663	76
2268384	4429735	198
1005439	948430	202
1034945	1005439	200
2113320	2894047	74
1806826	2113320	71
1476716	1005439	200
1005439	611297	202
713711	1005439	200
1005439	3454361	201
1005439	2553046	201
2481779	2113320	71
4427337	2113320	75
4429735	2552618	199
1005439	90481	201
1090308	4495039	204
3178251	614287	199
99869	1005439	200
4611952	2113320	71
1005439	1796038	201
2113320	218395	74
2507716	1005439	52
1242325	2187756	76
2021632	301288	17
2109735	2113320	75
3752061	2113320	71
1005439	754231	201
1005439	2775830	201
2113320	163164	74
1005439	2770446	201
432515	2113320	71
3970381	1005439	200
2113320	523341	74
1838358	1005439	200
4560246	4514417	6
3413981	1005439	200
2113320	1231402	74
2113320	2239603	74
1005439	4207038	201
80671	2113320	71
1005439	4601769	201
2113320	4614564	74
2113320	4605763	74
3528514	3351581	204
3623291	1005439	200
2113320	1821652	74
160027	1005439	200
1659092	1005439	200
3988876	1005439	75
238426	443010	76
3305278	3679017	76
767009	596032	204
2541298	1005439	200
1328760	1005439	119
1967996	1005439	119
1005439	4138050	202
263058	1005439	119
4452653	1005439	200
1005439	1034945	201
3262498	844829	198
2113320	2896085	74
371972	1005439	75
3501431	2113320	71
2113320	1497996	74
2550343	1005439	119
3178251	4409593	199
2966761	1005439	200
942143	1005439	200
1070358	2113320	71
2113320	434252	74
1005439	1831998	201
4427768	2113320	71
2113320	3972105	74
80671	1005439	200
2089753	3148720	76
1614967	4429735	198
1005439	3610724	201
1005439	608217	201
3010448	2113320	71
2113320	4309004	74
4131486	1005439	75
1005439	45503	201
290280	1005439	119
2113320	1724243	74
1005439	3603046	201
2113320	1971546	74
1005439	3690878	202
1005439	2253200	201
2866653	2113320	71
2113320	1470118	74
3178251	3680996	199
208699	2113320	71
614287	2081395	76
3509442	1801562	204
2113320	4079229	74
1167878	1005439	200
1005439	703284	201
3229027	2113320	71
1005439	3501128	201
1411481	2113320	71
2113320	3947232	74
1005439	1459406	201
2567009	4429735	198
1005439	1028546	201
1360309	3700855	204
1005439	1627145	201
2953442	1005439	200
3351510	2113320	71
2113320	1822059	74
796920	1005439	200
579745	3779134	204
1613667	1005439	200
2069092	2113320	71
4014517	4514417	6
3848988	1005439	200
2113320	917660	74
2113320	2426897	74
4335934	2113320	71
1470118	2113320	71
1335270	2113320	71
1005439	229443	201
1183692	4000974	203
1005439	1706601	202
741280	1005439	200
1223721	2113320	71
4063906	2113320	71
3644430	554587	17
2113320	726540	74
463193	1005439	200
4197898	1005439	200
2113320	3286312	74
2276756	1005439	75
890012	2968064	76
1608582	1005439	200
2567009	4246302	203
1005439	4519696	201
3536435	2113320	71
2113320	4556600	74
2889242	2113320	71
2113320	3014924	74
332912	2113320	71
1005439	1942553	201
2113320	3780106	74
1561679	255014	32
4645901	2213893	76
2113320	2818526	74
3443139	2113320	71
2113320	2648121	74
1005439	2076461	201
1005439	3777321	202
3386417	1810602	198
4146530	3050276	17
2000717	3295627	204
1005439	3818233	201
2353481	1005439	52
1672603	2113320	71
1005439	2631275	201
403269	2113320	71
1811557	3178251	198
1975388	1005439	200
2113320	914137	74
620351	2113320	71
2113320	3346437	74
4429735	922898	199
2938173	4429735	198
1005439	3838321	202
986282	2436819	76
2113320	2091604	74
1105762	2113320	71
3501431	1005439	200
3178251	1606573	199
1246438	1005439	200
592396	4514417	6
1041127	1005439	200
1005439	2351750	201
2113320	241010	74
1497996	1005439	200
2113320	3734545	74
1005439	378194	202
1005439	278160	202
3178251	4522686	199
4634881	1005439	200
2113320	4146825	74
2044240	1221827	204
1062633	1005439	119
2214480	90979	578
4128418	1027103	76
1005439	845942	201
2113320	3219224	74
3810845	2113320	71
3099722	1005439	200
1123326	1005439	200
2992116	2113320	71
4082462	4514417	6
1005439	98318	201
1195554	2113320	71
4091856	986282	204
3359943	4429735	198
3779134	1005439	200
1096010	2113320	71
2113320	780914	74
2795894	1204749	204
2113320	564149	74
1906554	1005439	200
1005439	313947	201
2436819	2113320	75
3178251	4560246	199
1928745	2113320	71
791291	2113320	75
830952	1005439	200
2113320	2321974	74
97796	3178251	198
2913660	1005439	200
1005439	785868	201
1005439	2397390	201
1091509	2113320	71
2159249	1005439	200
3605863	2113320	71
899304	1520840	333
137167	1005439	200
348693	1005439	200
4280774	3178251	198
3581590	2113320	71
2569632	1005439	200
3700855	1005439	200
2113320	1111187	74
1005439	1095046	201
4551363	825471	204
1005439	3826428	201
1424143	2113320	71
1005439	574645	201
3462418	2113320	71
3390549	1005439	52
61312	1005439	200
2079077	2113320	75
2580370	1005439	200
3644430	1005439	200
712187	1005439	75
1987586	1005439	200
4012975	2113320	71
1005439	4623221	201
644452	1005439	200
1005439	2216805	202
1005439	1443326	201
1001479	1005439	200
1005439	56061	201
1005439	2183834	201
3694633	1005439	119
4606542	1005439	200
2442696	1005439	200
3988611	3679014	76
873252	1005439	200
2739711	2113320	52
3117839	1005439	200
2040605	3178251	198
3660638	1005439	200
3895635	2113320	71
2497019	1629572	198
2113320	4082713	74
3178251	1944560	199
4065274	4429735	198
3358387	4065274	204
1005439	3486442	202
2542446	1005439	200
2552618	1005439	200
3548123	2113320	75
866047	1005439	119
388893	1005439	52
176315	1005439	119
1056987	2113320	71
1005439	2601065	201
3718079	1005439	200
2113320	2676080	74
3548925	1005439	119
483525	2113320	71
1005439	4523087	63
1819273	4205241	204
1005439	3501431	201
3495726	4514417	6
3562969	3178251	198
1005439	1203305	201
3157394	2113320	71
142264	1667179	203
4090497	1005439	200
2113320	2804671	74
3591967	2113320	71
3331595	2113320	71
2113320	791797	74
1005439	97796	201
3522127	2113320	71
1230417	1005439	119
1472408	1005439	200
2113320	118359	74
2168275	1005439	200
3810123	3178251	198
1611845	1005439	119
2113320	4430319	74
4139449	2470974	76
8693	1005439	200
2399145	191697	76
2113320	2080366	74
4309004	1005439	200
490735	1005439	200
1005439	3282285	202
4432937	2113320	71
4429735	4139827	199
2823148	4514417	6
703284	2113320	71
3547540	2113320	71
2113320	396143	74
1005439	3006514	201
136160	2113320	71
2929186	2113320	71
427530	1005439	239
1005439	4173399	201
590268	1005439	200
4429735	4152586	199
1005439	711630	201
2113320	3080969	74
2113320	1644109	74
1005439	3274239	201
1284776	2113320	52
727414	1005439	200
1770836	1005439	200
914137	1005439	200
1005439	4165736	201
3178251	3810845	199
1005439	1749990	201
1005439	4281319	201
2113320	623124	74
2113320	4073710	74
1005439	401546	201
2113320	660328	74
1005439	4537249	201
3329578	3178251	198
2990592	4429735	198
2113320	324158	74
1005439	4630920	201
1200654	4514417	6
2819367	4514417	6
1005439	533035	201
2497019	1005439	200
1005439	1081829	202
478753	1005439	200
2985637	1005439	200
4411902	2113320	71
2113320	2686367	74
1952286	1005439	200
1005439	4362852	201
2144482	1005439	200
2933303	3178251	198
943157	1515696	204
3932344	3505702	71
4604424	1005439	200
3178251	2008275	199
2113320	1731413	74
2113320	3467657	74
1005439	2176893	201
1005439	2709538	201
45503	2113320	71
3462642	333520	203
1005439	1304669	202
3996559	2113320	71
1005439	369725	201
3550886	1159418	203
3718079	3178251	198
2113320	3750440	74
4601769	2113320	71
1123147	301288	17
524247	2113320	71
29528	2113320	71
1520840	897147	203
1659092	2113320	71
4429735	227013	199
4430598	2113320	52
2113320	1059084	74
2832337	2113320	71
1005439	562802	201
1277408	986112	204
596032	3178251	198
4439428	1800978	203
1757191	1005439	200
1597149	3178251	198
2096036	819588	76
1005439	2545632	201
2136840	4305560	204
1890905	462712	203
3178251	3991473	199
1005439	1841299	202
2113320	3309062	74
3974674	1005439	200
1731413	2113320	71
305619	2113320	52
2113320	741280	74
108724	4429735	198
4435231	220917	203
4494241	1005439	200
2113320	2421420	74
2113320	736109	74
1688181	2240908	203
2806499	4429735	198
2113320	4165736	74
165267	1005439	239
1969250	1005439	52
1289464	1005439	200
3553286	2113320	71
147568	2113320	71
3178251	4280774	199
3625383	1005439	200
2113320	383492	74
1005439	769072	201
4429735	3890806	199
2294190	301288	17
3472918	1005439	75
75100	4514417	6
3871886	2113320	71
4001307	1005439	200
2113320	4001261	74
1005439	3229666	202
27829	2113320	71
412808	1005439	200
692044	1005439	200
400446	1868850	198
3584150	1005439	200
432796	1005439	200
1610088	2113320	71
2113320	1432227	74
1005439	2985637	201
2113320	4098642	74
216334	3178251	198
2392145	2113320	71
1005439	590268	201
1688181	4514417	6
263058	586044	204
4250956	1005439	200
1005439	474102	201
1005439	3945791	201
238426	2113320	71
3160135	2113320	71
1005439	1269855	201
3557364	1005439	200
104430	1005439	200
3628479	2113320	71
326524	75100	204
238426	4429735	198
1841299	1005439	119
2113320	4411902	74
2113320	4440783	74
676197	2113320	71
1005439	3115265	201
1470118	1005439	200
1010910	2113320	71
2700235	2113320	52
2497019	4514417	6
4333343	2113320	71
1770836	2113320	71
1847165	4514417	6
2154957	4514417	6
2330088	2113320	71
3435934	3992543	203
2113320	2069092	74
2113320	138887	74
1005439	866047	202
1005439	3752355	202
2113320	118632	74
1005439	266170	202
1005439	3164173	201
1005439	896017	201
1005439	1578366	201
104430	4514417	6
1005439	1010442	201
1201198	1894815	204
1005439	4271365	201
2553046	2113320	71
1103472	1005439	200
1005439	1613667	201
1814371	1005439	200
3518140	2113320	71
6670	1810602	198
90979	4014517	38
1868850	3262498	199
3577373	1005439	200
1724243	1005439	200
2113320	348693	74
1005439	4518772	201
1005439	2669354	201
1005439	3096802	201
4621801	1005439	200
1005439	745733	201
4387743	2113320	71
2870156	2113320	71
3612197	2214480	424
2929186	1005439	200
1340176	2113320	75
1005439	4609907	201
90998	1005439	200
1005439	673285	201
785868	2113320	71
2113320	3670597	74
3718079	4514417	6
1330518	895282	203
2346361	2113320	52
2113320	2679788	74
1289464	2276756	76
3872865	1005439	75
2113320	3157394	74
1005439	2271442	201
97796	3050276	17
1810602	82193	199
3762106	3178251	198
4385238	1005439	200
4309448	4514417	6
2113320	2544648	74
2977397	1005439	119
369725	1005439	200
325502	2113320	71
1005439	4288601	201
3787658	4514417	6
225915	1005439	200
2113320	3773749	74
3178251	845942	199
2165633	1005439	119
1005439	1114846	201
2545419	1318198	204
2113320	3708080	74
3951077	2113320	71
4537249	4514417	6
2113320	427448	74
1888502	1005439	200
1005439	1335270	201
1005439	4346979	201
1005439	3755960	202
3871880	2113320	71
2125270	2113320	71
520490	2113320	71
1810602	6670	199
2376840	1005439	200
1005439	3548925	202
2113320	2562463	74
452061	1005439	200
4146530	4514417	6
2168623	1005439	200
1395626	1312776	76
2113320	3280641	74
1005439	3940844	201
1005439	3551179	201
355477	4429735	198
2699499	4020768	52
595780	4429735	198
247409	1005439	119
2113320	4171700	74
2113320	3895199	74
1010910	2437488	203
1610088	1005439	200
2113320	593087	74
4277516	1005439	200
2828107	3178251	198
241010	1005439	200
2113320	833442	74
1561679	2484956	76
562802	2113320	71
1005439	2449463	201
1005439	1801562	201
4429735	2477160	199
1005439	1451461	201
1643264	2113320	71
2294190	1005439	200
2993838	2113320	71
4600915	1005439	200
2113320	3319437	74
1005439	605643	201
401546	1005439	200
1005439	1944560	201
3167774	2113320	71
2113320	4065274	74
750483	1005439	200
2472801	3178251	198
1005439	137460	201
319291	3505647	17
4172414	2113320	71
406087	1005439	200
3621273	1005439	75
4152586	1005439	200
679953	1005439	200
3178251	4146530	199
3779134	4017196	76
396143	2113320	71
2549795	1005439	200
2113320	1841975	74
1005439	3726684	201
3648432	1005439	200
1028546	2113320	71
2113320	3945097	74
1667179	142264	204
3262498	3178251	198
1318198	3178251	198
3031844	2113320	71
1005439	2536872	201
3164173	2739821	203
3623291	2113320	71
2113320	1627145	74
922898	301288	17
1473938	4514417	6
4055171	1005439	200
3828848	1005439	200
2113320	403269	74
2113320	978837	74
2798397	1825950	76
1629572	2497019	199
3509442	1005439	119
4429735	3932344	199
2056699	1005439	52
1005439	4502800	201
1005439	444930	202
218395	1005439	200
3838931	1005439	200
2113320	3497960	74
3408966	1005439	200
1005439	821144	201
668534	2113320	71
2244969	1005439	200
4551363	1005439	119
3178251	3048247	199
2113320	1997011	74
4263021	3386417	204
2113320	4154005	74
4429735	1183692	199
1105762	1005439	200
2113320	2935922	74
278160	1005439	119
2113320	4595615	74
2642274	1005439	200
4139449	1095366	17
1735139	1005439	52
1285826	3505702	71
2497019	2930562	203
2822347	1005439	52
3680996	3706491	203
2113320	287042	74
4226492	1005439	200
1005439	1691143	201
1021795	2113320	71
4388599	2113320	71
2185875	2113320	75
2896085	2113320	71
3512270	2113320	71
568481	1005439	200
82193	2113320	71
4429735	4139449	199
3178251	596032	199
3120340	2113320	71
2399145	3178251	198
2700235	2113320	75
2280806	2113320	71
3848177	2113320	71
1005439	4147586	201
4429735	2497019	199
3941224	1005439	200
2113320	508622	74
285683	1005439	200
2113320	883656	74
4271365	2113320	71
3932344	1005439	200
1005439	1159418	202
2029636	2113320	71
554587	2294190	38
1515693	2113320	71
3178251	4582079	76
125252	1005439	200
1005439	2467510	201
2113320	4275673	74
2327972	2113320	71
2329126	2113320	71
2449463	1005439	200
4381909	2113320	71
3407574	3039679	203
3421267	2113320	52
2154957	247409	203
4342493	1005439	200
2113320	2446258	74
2113320	3443139	74
4261947	2640352	203
2113320	679953	74
3219224	1005439	200
1005439	3610969	201
416838	2113320	71
4562039	1005439	200
2113320	1044587	74
456040	3727759	203
1223721	1005439	200
4500292	2113320	71
1165547	1005439	200
2113320	1088184	74
1005439	1249037	202
1005439	1659092	201
2113320	2709538	74
1005439	826177	201
3377790	2113320	71
2113320	4476501	74
1746329	2113320	71
1005439	3141765	201
3632894	1005439	200
4128418	4514417	6
1931228	2113320	71
2073301	1005439	200
432408	2113320	75
2567052	2113320	71
1005439	2458708	201
3890806	1005439	200
2130229	4514417	6
4131486	1005439	52
1692427	4514417	6
452061	4583357	17
3178251	4205241	199
2920134	1005439	119
810094	1005439	119
4291168	2113320	71
2552618	1470524	203
326630	1005439	200
2729401	2113320	71
1801562	1005439	200
2128646	2113320	71
2735171	2113320	71
2327972	1005439	200
2689336	1005439	200
1005439	624785	201
1426855	2113320	71
4281320	1005439	200
4028255	1005439	200
1432227	1005439	200
2113320	1299173	74
2580370	4514417	6
2071183	1005439	52
605643	2113320	71
1005439	2490852	201
4429735	3718079	199
1734243	2113320	71
1251554	1005439	119
2936759	2113320	71
2571832	4429735	198
911619	4429735	198
1125847	762941	203
2113320	2788430	74
2113320	2889242	74
1094130	4514417	6
3931852	1005439	200
2113320	296655	74
3596784	2113320	71
2891282	4514417	6
4536719	1005439	75
4429735	479491	199
2113320	1177308	74
325502	1868850	198
1005439	74294	202
4058265	1005439	200
1005439	3164458	201
1005439	2637700	201
2113320	3089376	74
1372246	2113320	71
1005439	899304	41
1005439	180326	201
1005439	4433771	201
4652770	2113320	75
1843894	1005439	200
2113320	173830	74
629145	1005439	200
2113320	4618029	74
2816654	2113320	75
2113320	2798892	74
4429735	2990683	199
1005439	3440726	202
1005439	3773749	201
755576	1005439	200
526628	3890806	204
440077	1005439	52
3401315	1005439	200
1005439	3231545	201
1969250	1005439	75
1005439	3039679	202
5527	2113320	71
1005439	1096311	201
2113320	200911	74
2113320	579207	74
619852	2113320	71
3529901	1005439	200
2113320	3747692	74
3822344	2113320	71
2113320	615788	74
2607348	1005439	52
1005439	3862371	201
95280	1005439	200
1285826	2113320	71
3396928	2113320	71
75328	2113320	71
3242463	1005439	119
1736544	2113320	71
2421420	1005439	200
2113320	2645648	74
2994242	3633555	76
2113320	3996559	74
2549795	2113320	71
1005439	2923284	202
1647672	1005439	200
2113320	1269855	74
2113320	4197898	74
1699916	1005439	200
2113320	1975388	74
2113320	2154802	74
2113320	1776797	74
4305754	1207910	203
3663130	2113320	71
1005439	4229021	201
1005439	505760	201
1005439	2826316	201
2113320	3480886	74
2030520	1005439	200
2416663	1005439	75
2113320	315210	74
1005439	3725311	201
1005439	3526398	201
1125847	1005439	200
1871506	2113320	71
822820	4146530	204
2113320	952520	74
3988611	2113320	71
3020048	2113320	71
3598403	1005439	200
873252	2113320	71
3265951	1005439	200
3032353	2113320	71
2113320	2122816	74
2545408	1005439	200
3178251	97796	199
2113320	3226499	74
1811557	2113320	71
1005439	4636756	202
1659708	2113320	71
72667	2113320	75
1005439	160361	201
1005439	2340397	201
1005439	940553	202
524631	1005439	200
555345	1005439	200
4429735	619852	199
1179039	2113320	71
3988611	3178251	198
2936352	2113320	71
1565650	2113320	71
2113320	1426855	74
2773089	1005439	200
4345274	1005439	75
2103964	2113320	71
4146530	2113320	71
2113320	3838931	74
3640245	2113320	71
1678235	2113320	71
2113320	3598938	74
2507716	1005439	75
1456351	1005439	52
3467657	2113320	71
2637700	2113320	71
2995931	1005439	200
388893	1005439	75
2113320	2805952	74
1364547	2113320	71
2113320	3093856	74
1005439	3462418	201
3216157	4514417	6
4214660	1005439	200
2113320	4170396	74
415456	1005439	75
2576076	1005439	200
1005439	873252	201
844829	238426	199
2113320	2618984	74
5527	1005439	200
2640487	3505702	71
1223721	3378622	76
1686692	1005439	52
4431850	1896413	204
1005439	2953442	201
3305278	4104099	203
3645005	2113320	71
2113320	3551179	74
1005439	1848099	201
101824	2113320	71
624665	4514417	6
1313479	1005439	52
3822476	1005439	200
4429735	2069092	199
2562463	2113320	71
1204749	2113320	71
1005439	1471919	201
3531191	1005439	200
1005439	4594400	201
2968064	2113320	75
1715973	2113320	71
94494	2113320	71
1005439	4010026	201
2113320	1459406	74
1005439	579207	201
1005439	897147	202
446237	826177	66
1470524	2552618	204
2472801	2113320	71
2113320	1823306	74
2166434	2113320	71
896017	2113320	71
4304495	2113320	71
1005439	509257	201
3435474	2113320	71
474102	1005439	200
4091361	2113320	71
1005439	3822476	201
2113320	1052648	74
2402628	4429735	198
2381404	1005439	200
1095046	1005439	200
1005439	4153179	202
2640487	2044659	143
2498046	1005439	200
824825	2113320	71
3497044	2113320	71
1203482	3178251	198
1005439	1566085	202
2113320	2317635	74
4416010	1005439	119
2113320	2913660	74
4221872	2113320	75
2923284	2571832	204
2049232	1005439	200
3948621	1005439	200
1005439	751115	201
2113320	2412119	74
2913379	1005439	200
2882957	2113320	71
2113320	3424424	74
3707805	2113320	71
4594400	1005439	200
1731413	1081829	203
2113320	601530	74
2170303	2113320	75
1005439	2717561	201
2113320	2542493	74
4230956	1005439	200
1693438	2113320	71
1890905	3872564	76
1005439	4259355	201
1643275	21508	203
4494241	2113320	71
1005439	884694	202
1221827	2113320	71
1166544	2113320	71
3828848	2113320	71
1330518	1005439	200
1811557	844829	198
108724	4514417	6
1005439	810094	202
1001155	1005439	119
2345122	2113320	71
1005439	3560503	201
4416010	2116987	204
2113320	1133837	74
3178251	890012	199
3596089	1293700	203
1005439	4566011	201
718183	2113320	75
4288601	1005439	200
2113320	4552930	74
1005439	1793871	201
1005439	631084	202
2113320	3381947	74
1005439	3601159	201
1005439	4291168	201
2739171	176315	203
1005439	3529901	201
684980	1005439	200
1789899	1005439	119
1407353	1005439	200
3277277	1005439	200
1005439	4379442	201
1005439	325706	201
1005439	2567948	201
1005439	4015047	201
3401845	4367916	203
1445097	2113320	71
2591539	1005439	200
3932344	3505647	17
1073245	2113320	71
1005439	3166213	201
2113320	3091812	74
108724	301288	17
3096802	4514417	6
1005439	841462	201
4606542	2113320	71
4429735	4328494	199
1005439	2567052	201
2113320	98318	74
1005439	1672603	201
1818834	2113320	71
79069	2113320	75
1496196	1005439	119
233001	1005439	200
4429735	3960873	199
2113320	2581960	74
1005439	176315	202
1005439	3311053	201
4429735	4609783	199
2113320	3774204	74
506615	1005439	75
2849058	2113320	71
1005439	3969192	202
3178251	1010910	199
2130229	3178251	198
4165736	301288	17
1005439	236705	201
4482795	3050276	17
986112	1005439	200
124103	1005439	200
4430171	2113320	71
2113320	1569692	74
333520	3462642	204
432515	1005439	200
241010	2113320	71
699069	2654852	203
825471	1005439	200
2113320	1928745	74
2004188	1005439	200
4390884	2113320	71
3468940	2113320	71
2640352	4261947	204
742768	1854468	76
1036321	1005439	200
2280806	1005439	200
1919366	1005439	200
1005439	2407099	201
3435474	1005439	200
1005439	3974674	201
1749990	2113320	71
957013	2113320	52
4082462	509270	203
1005439	1070358	201
2239603	1005439	200
1614967	1005439	200
2113320	180326	74
43693	4599980	203
1005439	3744152	201
2994242	2113320	71
3690878	2087215	204
1005439	2437425	201
1005439	3609148	201
1005439	3623291	201
833442	1005439	200
821144	2113320	71
84972	1005439	119
1005439	685822	201
884694	1005439	119
2113320	2990592	74
1005439	4371827	201
2477160	4429735	198
2113320	4510008	74
3640131	4514417	6
2112019	4514417	6
4429735	1699401	199
2113320	1760487	74
1801562	4514417	6
75100	3050276	17
2258221	707096	204
826177	3759874	203
104430	3008271	203
2113320	416838	74
1833847	1005439	200
405048	3178251	198
4614564	1005439	200
1005439	1019127	201
1005439	1809408	201
4309448	947364	32
3328430	2113320	71
1005439	2869375	202
4566280	2113320	71
2113320	502718	74
3894030	1005439	119
1005439	3324064	202
1291528	2113320	71
3482928	2113320	71
1005439	3773864	201
2148821	2113320	71
2819367	3050276	17
3792130	4065274	3537
1411481	1005439	200
4261947	1005439	200
1005439	1157308	201
2113320	3846724	74
3943836	2113320	71
1374651	2113320	71
2227203	1005439	119
2320132	2640487	38
1005439	3213498	201
1005439	165668	236
1005439	2805952	201
844829	319291	199
452061	4429735	198
1005439	2054725	201
2113320	4521106	74
4251894	1005439	200
2113320	4432937	74
1005439	2823148	201
1005439	4184656	201
4049839	1321133	76
3945097	1005439	200
4139449	4514417	6
2113320	1919366	74
2113320	1176354	74
1005439	4146825	201
1005619	2442696	204
1005439	3305846	201
1005439	3533165	201
2580370	613680	203
2467568	2113320	71
1005439	3346437	201
1897875	1005439	200
1005439	3977643	201
4537249	1994898	76
4334517	2113320	71
1005439	887423	201
1005439	3894030	202
4165736	4429735	198
1005439	3661290	201
1005439	2689336	201
2113320	1520840	74
764250	2113320	71
592396	4429735	198
3536435	1005439	200
2113320	3663130	74
4357254	2113320	71
4429735	3822476	199
2113320	755576	74
1613667	2113320	71
3178251	2399145	199
3022439	1005439	119
1850225	2113320	71
986282	1005439	200
3616949	2113320	71
2113320	3531191	74
1005439	568481	201
1005439	1194348	201
2113320	1871506	74
1005439	3648287	201
1005439	3582351	201
1776797	3178251	198
2113320	4226492	74
2919959	2113320	71
591193	2113320	71
660328	1005439	200
4429735	2739171	199
1648902	1005439	200
1005439	1252169	201
2113320	4448813	74
1005439	1807886	201
2076461	2113320	71
2069092	1868850	198
1476716	2113320	71
1005439	4156952	201
1005439	950102	201
165668	1515696	884
2614141	1005439	200
2113320	2591413	74
4634881	2113320	71
3776250	2113320	71
2113320	1472408	74
1005439	4545984	201
2392145	1005439	200
590268	2113320	71
2897913	1196493	87
1081829	1005439	119
869271	2113320	71
1005439	4081131	201
4448813	1005439	200
4262578	4362852	204
2113320	4528671	74
2020787	3178251	198
3117839	2113320	71
4153179	4609783	204
529092	1005439	119
2113320	353494	74
1005439	2648121	201
2113320	3865129	74
2113320	3131955	74
1894815	1201198	203
605028	4429735	198
1005439	2831700	201
1756855	2113320	52
1911221	4429735	198
3378622	2113320	52
1005439	414774	201
2113320	2077875	74
2431247	2113320	71
4393873	2113320	71
1005439	3467657	201
865706	2113320	71
137460	1005439	200
3725311	2113320	71
4233601	2113320	71
1005439	3544219	201
864330	4429735	198
3069756	742768	204
2272321	1005439	119
1293700	3596089	204
3053396	1005439	200
1981989	1005439	200
1318198	2545419	203
2113320	3581590	74
791291	2113320	52
2113320	1833847	74
4448813	2113320	71
1141917	1005439	200
841462	2113320	71
2525911	1005439	75
76808	1005439	200
2113320	2920015	74
1101073	4429735	198
3644750	4429735	198
509270	1005439	119
382556	1005439	119
1005439	1155911	201
3328430	1005439	200
3137037	2113320	71
1005439	4309448	201
4429735	826177	199
2113320	2482412	74
486511	2113320	71
1823306	1005439	200
1005439	3160135	201
4152586	2113320	71
2113320	2549795	74
1205728	1005439	119
118632	2113320	71
3178251	1473938	199
1005439	998585	201
4491119	2113320	71
217126	1005439	75
1125847	3336815	76
1005439	2122816	201
1005439	3828848	201
2113320	3542707	74
2612555	1005439	200
1005439	2330088	201
2042763	4514417	6
2113320	3819887	74
1005439	80671	201
1005439	3846363	201
1005439	3570017	201
4028837	4514417	6
16456	1005439	200
2711499	1395626	204
2113320	1105762	74
1225552	1005439	200
1005439	2426897	201
1005439	3960475	201
1005439	4123331	201
414774	1005439	200
1174273	2113320	71
1005439	3843150	201
2113320	1167878	74
3602313	1005439	52
4627003	2113320	71
2228772	1005439	200
2920015	2113320	71
1005439	3078302	201
2645648	2113320	71
1005439	1140993	201
2099905	1005439	200
1005439	1386982	201
1798048	1005439	200
58696	1005439	200
2113320	369725	74
3957889	1005439	200
1005439	2702876	201
2113320	4503399	74
4522686	3178251	198
1005439	3865129	201
2930689	1005439	200
2113320	1073097	74
2043833	3755960	203
1005439	3828168	201
2113320	3413981	74
2798397	4514417	6
1005439	1909608	201
1005439	3143002	201
2113320	3764614	74
1513805	499413	76
2113320	4251621	74
2113320	1174919	74
2113320	2340397	74
1005439	3487210	201
282220	2113320	52
427530	529117	884
1005439	4423881	202
4073306	4514417	6
2467568	1005439	200
1005439	2169207	201
1005439	809137	201
2259055	2113320	71
1005439	4268563	201
2113320	4261947	74
1478477	1005439	200
941172	4514417	6
2144405	1005439	200
3178251	2933303	199
4362852	1005439	200
845942	2552919	76
1424797	1005439	200
1005439	4528671	201
4613651	2113320	75
4072523	2113320	71
1005439	1890905	201
285683	2113320	71
1005439	2411155	201
1330518	4429735	198
1005439	2532813	202
3178251	4439428	199
2113320	3557470	74
1005439	4251216	201
4429735	1847165	199
2253200	1005439	200
2437425	2113320	71
1005439	2299871	202
2614622	1005439	200
1005439	4558057	201
1644109	2113320	71
2113320	4334517	74
2177161	2113320	71
3617334	1005439	200
1005439	2528664	201
2113320	3160135	74
4210088	2113320	71
1868850	325502	199
4429735	1395626	199
1005439	2294190	201
1005439	2734467	201
2640487	2320132	32
2008275	4583357	17
302000	2113320	71
2311290	2113320	71
940553	1005439	119
2113320	2300171	74
1005439	4052866	201
4560246	1868850	198
2113320	1268680	74
4222760	1005439	119
2113320	2015016	74
1005439	3008271	202
1868850	3932344	199
2113320	2805444	74
2960775	1005439	200
4193811	1005439	200
1426551	1005439	200
1200654	3178251	198
3930417	1005439	200
4522686	1004486	203
1811557	4514417	6
2214480	1838358	38
3164173	4514417	6
1123326	2113320	71
986282	2113320	71
4429735	2154957	199
1005439	524247	201
2113320	4207038	74
2076461	1005439	200
1005439	554587	2577
1005439	4606542	201
3229027	1005439	200
1005439	3553286	201
3178251	4442106	199
4429735	1166544	199
1955623	2113320	71
1944560	460479	203
1319370	2113320	71
1005439	560936	201
4007881	1005439	119
3413981	4064483	203
2739821	1005439	119
1847165	4181535	76
4495039	4514417	6
1671697	2113320	71
2646664	2113320	71
482413	1005439	200
1005439	1515693	201
1005439	1628851	201
718183	2113320	52
3689979	1005439	75
2645648	1005439	200
2937703	2113320	71
1005439	1733909	201
939815	2113320	71
2753935	2113320	71
1005439	2467453	201
887423	1005439	200
2113320	3669298	74
4014517	2113320	71
1614755	1005439	200
3738930	2113320	71
3505702	1285826	74
2113320	2099905	74
3178251	98318	199
1760487	2113320	71
1005439	761606	201
3401845	3988876	76
3822476	4514417	6
4429735	4305560	199
942635	1005439	200
2271442	1005439	200
2113320	1319370	74
3178251	2130229	199
699069	1088670	17
2113320	4536297	74
2113320	865706	74
3960475	2113320	71
1233500	3178251	198
4334517	1005439	200
4185057	1005439	200
941172	4429735	198
1005439	288651	201
1203482	1005439	200
288651	2113320	71
1005439	2936591	201
1763329	1005439	200
3601159	2113320	71
2113320	2606235	74
4429735	4412086	199
2015016	1806697	203
3562969	2113320	71
3428873	1005439	200
1252169	2113320	71
3093856	1265697	203
1005439	3822344	201
2466200	2113320	75
908497	2113320	71
1627145	2113320	71
3680996	4429735	198
1005439	3309062	201
1005439	505985	201
1005439	142297	201
2555722	2113320	71
4139449	2113320	71
1041127	4514417	6
1005439	3918052	201
2699499	4020768	75
2113320	927169	74
2113320	887423	74
574645	2113320	71
243876	1005439	200
2415878	2113320	71
2575365	1005439	200
3505702	2933303	74
1072885	1005439	200
1923969	1005439	200
2113320	2582428	74
1005439	2392145	201
2114416	1005439	75
1005439	1784001	201
3553224	1005439	200
3779134	4429735	198
844829	1285826	199
4393260	2113320	71
3386417	4514417	6
2545419	1005439	119
3386417	301288	17
1005439	3932344	201
2878820	1005439	200
1285826	844829	198
1005439	4501509	201
1005439	4430171	201
1923969	2113320	71
3561592	2113320	71
1894815	4583357	17
990490	1005439	200
2113320	760192	74
2792392	1005439	200
2113320	2511258	74
3305278	1005439	200
2113320	922898	74
2113320	3071049	74
1783174	1005439	119
1565650	1005439	200
2113320	990490	74
3872564	1005439	52
1657327	2113320	52
1005439	1171885	202
3136282	2113320	71
4393873	1005439	200
2113320	4010026	74
1005439	3729894	201
82193	4514417	6
1005439	3407574	201
1001479	2113320	71
1005439	764421	201
1005439	4100452	201
2632460	1005439	119
3006514	2113320	71
4429735	4645901	199
1005439	956978	201
2113320	4561500	74
2113320	1335270	74
2113320	4573026	74
2399145	2320132	32
3351581	1005439	200
2113320	948983	74
2372759	1005439	119
1955623	3178251	198
2113320	4171963	74
2113320	2735171	74
2113320	4140080	74
1005439	1411481	201
4537249	1005439	200
4545984	1005439	200
3178251	3216157	199
2113320	3640131	74
2113320	3661290	74
981227	2113320	75
1834110	1005439	200
3401845	4514417	6
1005439	391795	201
4561500	1005439	200
2711490	2113320	75
2100010	1005439	200
2467510	2113320	71
1349029	1005439	200
482413	2113320	71
410490	1005439	200
1005439	414995	201
2798397	4429735	198
4049839	3178251	198
1005439	523341	201
1865554	1497280	76
1005439	216334	201
1005439	1545466	201
3843150	1005439	200
1606573	3178251	198
2113320	4298345	74
3987660	1005439	200
1005439	1770836	201
1005439	58696	201
1484519	1005439	200
1231579	4429735	198
1477536	2113320	71
1005439	460479	202
2113320	3102688	74
2113320	3277277	74
2113320	2545632	74
2113320	275954	74
1045326	1005439	200
1496196	4128418	204
2113320	2100010	74
2815242	1005439	200
1005439	1270484	201
3270956	1005439	200
4429735	1611313	199
2113320	302000	74
1420010	2113320	75
4081131	1005439	200
2113320	4058265	74
987811	121393	76
2214480	301288	22
2742057	1005439	200
4429735	456040	199
2113320	1127501	74
1659636	2113320	71
1005439	1424797	201
3401315	3178251	198
2113320	169588	74
4094708	1005439	200
1868850	238426	199
4429735	1606573	199
3413981	2113320	71
819588	2113320	75
1005439	4028837	201
2363943	1005439	200
2113320	3888782	74
2240843	1611313	204
2113320	3526398	74
1005439	684980	201
2113320	3546562	74
1473938	3178251	198
4091856	1005439	119
1005439	3581590	201
1005439	623124	201
2690124	2113320	71
1005439	3561592	201
2043321	2113320	71
1497280	1005439	52
4551827	4514417	6
1285826	3178251	198
2113320	3468940	74
2176893	810094	203
3936603	1005439	200
1136056	1005439	200
1005439	3468940	201
2113320	29528	74
2113320	2614622	74
1005439	1644109	201
1019127	1005439	200
2113320	1225552	74
80955	2113320	71
2113320	3032353	74
2113320	4215930	74
1005439	486511	201
2113320	3168545	74
1005439	4343795	202
3888782	1005439	200
4427768	1005439	200
90979	1203482	38
383492	1005439	200
1894815	4429735	198
3050276	3413981	38
1005439	4241504	202
1470524	1005439	119
1611313	4429735	198
1005439	3787658	201
1005439	2498046	201
1005439	2832337	201
370229	1005439	200
2399145	1005439	200
4052866	1005439	200
1005439	4230956	201
1005439	2867659	201
708700	2113320	71
4591400	2113320	71
2458708	2113320	71
2828107	1005439	200
2113320	3817978	74
2606648	1005439	200
416838	4514417	6
2113320	668534	74
1005439	1659636	201
4429735	149397	199
1005439	2008726	201
1005439	245765	201
3560673	1005439	119
4640757	2113320	71
1005439	3581749	201
2113320	1374651	74
2130229	1062633	203
1005439	1090962	201
4429735	2171235	199
1285826	505893	1876
3954386	2113320	71
4209839	1005439	200
2308191	4280774	204
2113320	2994242	74
4096805	1005439	200
2957469	2113320	71
1005439	2164504	201
1005439	549433	202
937388	4514417	6
255525	2113320	52
2113320	2311290	74
1005439	4298345	201
1005439	11800	201
3178251	1194348	199
1005439	3557364	201
3945097	1810602	198
1632548	2113320	71
1005439	3957799	201
3032353	1005439	200
1066857	1005439	200
1005439	2067774	201
2746532	2113320	71
1005439	1373692	202
1005439	4476501	201
1536412	1005439	116
1291528	1005439	200
4406103	2113320	71
1005439	61312	201
1810602	2806499	199
1426855	1005439	200
4280774	4514417	6
1005439	4454636	201
3178251	3562969	199
1005439	3750440	201
2113320	4577279	74
1005439	4337161	201
1005439	1257384	201
4645901	3548925	203
1122504	2990592	204
1005439	4143284	201
2990683	4514417	6
4551827	1005439	200
2113320	869271	74
4251216	2113320	71
97796	2353481	76
4275673	2113320	71
2113320	4388599	74
1005439	607703	201
4429735	4028255	199
2400679	1005439	200
1005439	2632330	201
879169	2113320	71
3345789	1005439	200
4227903	2113320	71
1942636	3248115	17
2113320	1233500	74
2113320	2860914	74
2113320	1240541	74
3787658	1005439	200
2113320	4010720	74
2113320	4619299	74
3685072	1005439	200
1251554	4324206	204
3957799	1005439	200
95280	301288	17
1005439	2125270	201
1005439	1221827	201
2798397	4118636	203
2113320	607703	74
1005439	2052998	202
2882957	1005439	200
3025268	1005439	75
2897913	2320132	32
4429735	2629099	199
2113320	463194	74
76808	2113320	71
2812185	2113320	75
3774368	1534307	76
1005439	1478477	201
2113320	3839719	74
2637857	2113320	71
568481	2113320	71
1663127	1005439	200
864357	1005439	200
1005439	3137037	201
1125847	3178251	198
2113320	1605275	74
4429735	3605863	199
2795894	1005439	119
2113320	2054725	74
4429735	2533635	199
3926183	2113320	71
1005439	478753	201
2116987	1005439	200
2113320	1034119	74
2113320	2897913	74
1005439	21508	202
1160538	2113320	71
3895635	1005439	200
405119	2113320	71
1005439	1971546	201
1005439	2511258	201
1645306	1005439	200
355477	4514417	6
942143	2113320	71
1005439	2676080	201
3373971	4514417	6
1005439	493916	201
2113320	944569	74
1005439	3781000	201
1061863	1005439	200
1843894	2113320	71
1005439	4482795	201
1005439	3970381	201
3262498	79069	76
2130229	1471324	76
4001261	2113320	71
1005439	1597149	201
2113320	3994906	74
4429735	3581749	199
2102529	1005439	200
1868850	4560246	199
1005439	4389867	201
3708080	2113320	71
2402628	350046	203
1005439	2332862	201
4233601	4514417	6
3257959	2113320	71
1634274	4514417	6
1456351	1005439	75
3014924	2113320	71
3918052	1005439	200
2113320	1070358	74
1005439	3435474	201
814909	2113320	71
927169	2113320	71
2183834	1005439	200
3977785	1005439	200
3373971	1005439	200
1005439	3381947	201
1005439	4618029	201
890012	1629572	198
1868850	1513805	199
1005439	1776159	201
2113320	325502	74
1005439	2591413	201
1005439	4605763	201
1005439	15138	201
3936603	2113320	71
2113320	490735	74
4437371	1005439	200
3776250	1005439	200
1005439	1088184	201
1123147	1005439	200
3759874	1005439	119
2015016	1005439	200
2113320	3570017	74
2113320	1036321	74
2113320	3773864	74
1592586	1005439	200
2580370	4429735	198
287042	1005439	200
1955623	3075122	76
2113320	4173399	74
2113320	684980	74
349634	1005439	200
4429735	2021632	199
883656	1005439	200
2113320	4063906	74
2113320	1543570	74
238426	554587	17
2113320	4251216	74
4298345	1005439	200
987811	4514417	6
2113320	2168275	74
2113320	2269442	74
3706491	3680996	204
4205241	2113320	71
2113320	1399822	74
2481779	123045	76
1072259	2113320	71
4012605	2113320	52
1005439	2345122	201
2183834	2113320	71
978866	2113320	71
4461147	2113320	71
3213498	4514417	6
4623944	2113320	71
2637857	1005439	200
4209687	1005439	200
2468139	2113320	71
4173399	2113320	71
3048247	4514417	6
1005439	4320525	201
3053396	2113320	71
2113320	2528664	74
2829400	2113320	52
1166544	4429735	198
1005439	1208373	202
1005439	4603354	202
4173638	2113320	71
4261640	4312928	76
2113320	101824	74
1005439	2594090	201
707621	1005439	200
4250956	2113320	71
1005439	3303470	201
2593239	2113320	52
2113320	4209839	74
2244969	2113320	71
148932	1005439	200
3177176	2113320	71
2039508	1005439	200
2739171	4429735	198
2113320	1384658	74
2113320	3449753	74
1221827	3178251	198
1707252	1005439	200
118359	1318198	80
2113320	3351510	74
899304	1005439	125
2935922	1005439	200
142264	2978098	76
673285	2113320	71
2113320	15138	74
2113320	3562969	74
1005439	3286312	201
3178251	1233500	199
505985	3178251	198
4427337	2113320	52
1005439	1955623	201
4010181	1005439	200
1942636	4514417	6
1005439	2969543	202
68283	1005439	200
2044659	3945097	73
3810123	3555300	76
855683	2891282	204
4482795	3178251	198
4032455	2113320	75
1005439	1205728	202
1473938	1005439	200
1374651	4514417	6
1005439	3168545	201
3178251	825471	199
1005439	1496639	201
2165633	619852	204
1005439	3989504	201
1005439	483757	201
2089753	3229666	203
4353911	1005439	200
1005439	514350	201
2116987	2113320	71
2113320	1807886	74
4076794	3762106	338
4022259	2621054	80
1645306	2113320	71
4429735	4028837	199
2113320	27829	74
3424850	2113320	71
3284406	2113320	71
1005439	2920015	201
102297	2113320	71
2144482	554587	17
2482695	1005439	200
2747659	1005439	119
1761302	1005439	200
2804671	2113320	71
1005439	2467568	201
1005439	1643264	201
1233500	844829	198
1005439	1652674	201
2113320	2489804	74
1005439	3680996	201
4411902	1005439	200
3096802	4429735	198
2113320	238426	74
1005439	2338550	202
4636756	1005439	119
1005439	1608582	201
1308183	2113320	71
3996559	1005439	200
278160	2240776	204
2113320	3423553	74
3896878	1005439	52
2472801	266170	203
986112	4514417	6
1005439	3889786	201
1471919	1005439	200
2113320	1911221	74
116927	444930	203
1005439	1533187	202
3178251	3213498	199
4251894	2113320	71
883305	1005439	119
2631275	4514417	6
2843664	1005439	200
1005439	4140080	201
4429735	2631275	199
1005439	1426855	201
3282285	1005439	119
761606	2113320	71
591193	1005439	200
1005439	2646664	201
245765	2113320	71
2230998	2113320	71
2164884	1005439	200
355477	217126	76
1424797	2113320	71
2008275	4514417	6
252742	2113320	71
1005439	3114688	201
21508	1005439	119
1231402	2113320	71
2113320	3172167	74
1515696	943157	203
1005439	2329126	201
619852	2165633	203
1066857	2113320	71
2113320	3099722	74
1005439	2202151	201
1005439	3895635	201
2113320	377546	74
1195554	1005439	200
3834345	1005439	200
4357254	1005439	200
2113320	2610727	74
2113320	1096311	74
3096802	3749804	203
1005439	1965482	201
178628	1223721	1875
1005439	1432227	201
2113320	2934921	74
1005439	4440783	201
1037575	1005439	200
895282	1330518	204
2113320	3826428	74
1005439	392076	202
2828107	4007881	203
3969500	2113320	71
68283	2113320	71
499310	2113320	71
1005439	4001261	201
2113320	1873891	74
3706123	2113320	71
1005439	1056987	201
4192871	4429735	198
1602146	1005439	200
1005439	4619299	201
3960873	2113320	71
1005439	2815242	201
2113320	2745712	74
4251621	2113320	71
3454361	1005439	200
2113320	830952	74
2268384	1005439	200
1005439	1919366	201
1005439	911619	201
1005439	3846724	201
3750440	1005439	200
713711	2113320	71
1005439	708503	201
2113320	1796038	74
1005439	1713965	201
2113320	3390893	74
2054725	2113320	71
1005439	1731413	201
2113320	2148821	74
742101	1005439	200
824825	1005439	200
4604424	2113320	71
3037085	2113320	71
2043833	4429735	198
3305278	4429735	198
1005439	3630604	201
95280	2450257	76
4571696	2113320	71
3718079	1445127	203
2113320	980105	74
2113320	3943836	74
1167878	2113320	71
4261947	992302	76
3838321	1005439	119
1005439	4064483	202
3548123	2113320	52
2113320	3624397	74
3495726	2113320	71
2420362	1005439	200
2567052	1005439	200
2113320	2386339	74
1005439	96831	201
4429735	982185	199
2113320	4014517	74
2113320	2196992	74
29528	1005439	200
3169956	2113320	71
2113320	332912	74
2860914	1005439	200
2003935	1005439	200
2113320	4096805	74
1005439	1222775	201
3359943	1088670	17
1921084	1005439	200
2113320	4621801	74
4309448	4523087	152
3407574	4514417	6
4309448	4126984	203
3727759	456040	204
557634	2113320	71
3527181	1005439	119
1005439	4621801	201
2116987	4416010	203
3630604	1005439	200
1005439	1010385	201
4028255	4514417	6
1005439	4251894	201
956978	2113320	71
4371827	1005439	200
1005439	1445127	202
1005439	3843688	201
1887458	2113320	52
3164458	1005439	200
809137	2113320	71
1005439	4604424	201
2113320	4054619	74
1683188	2113320	75
529117	4514417	6
2113320	2176893	74
3551179	1005439	200
2113320	32491	74
4346979	2113320	71
1237118	2113320	71
169588	2113320	71
2240908	1688181	204
2113320	2870156	74
2498046	3178251	198
2113320	4560246	74
2113320	3897642	74
2113320	1648902	74
844829	1513805	199
315210	1005439	200
2113320	2509197	74
2113320	4205241	74
3480886	1005439	200
1005439	3605863	201
4586415	2113320	52
2113320	3282489	74
1005439	3812089	201
4107747	4430598	76
2045330	1005439	200
1005439	4406403	201
4445574	2113320	75
2113320	1155911	74
1005439	3969500	201
2079077	2113320	52
1005439	90998	201
1659092	3691106	203
487584	1005439	200
2818025	1005439	200
1033259	3401315	204
4298345	2113320	71
3295627	3050276	17
2113320	890012	74
2113320	4058795	74
3115265	1005439	200
4197058	2113320	52
1005439	1823306	201
609297	1005439	200
2471471	4514417	6
82193	1810602	198
1005439	2096036	201
4209687	4514417	6
785735	1289464	204
2614141	4429735	198
4597948	2113320	71
1005439	601530	201
1456766	2113320	71
2926767	1005439	200
1005439	4491119	201
1005439	1648902	201
3449753	1005439	200
3660638	2113320	71
440077	1005439	75
3531191	2113320	71
2112019	1005439	200
2113320	4281320	74
2113320	2546375	74
216604	1005439	119
2113320	3622958	74
890012	965886	80
796920	2113320	71
586044	4514417	6
1375529	1005439	119
1005439	3682093	202
2113320	4155613	74
4261947	4429735	198
1404622	2113320	71
3178251	2471471	199
3533165	1005439	200
1005439	2886714	201
3596089	165267	591
2113320	2702278	74
1825950	1005439	52
820982	1005439	200
1136914	1005439	200
1005439	2000717	202
785868	1005439	200
3843156	2113320	71
3178251	2571832	199
1223721	1088670	17
3407574	1005439	200
2734570	1005439	200
2113320	3454361	74
2113320	1426551	74
2679788	1005439	200
1005439	2798397	201
1005439	283763	201
2113320	1194348	74
2046664	1005439	119
826177	1005439	200
3603046	2113320	71
1818834	1005439	200
1231402	1005439	200
2113320	4563057	74
1005439	3449906	201
3749804	3096802	204
2806499	3178251	198
3268408	1005439	52
1005439	2043321	201
3960475	1005439	200
1611618	4429735	198
3670597	2113320	71
3319437	2113320	71
4429735	229443	199
2043833	4514417	6
319291	4514417	6
3718079	947364	32
2738861	2113320	71
1838358	2214480	32
3738930	1005439	200
1005439	4417473	201
2113320	406087	74
4207038	1005439	200
3895411	866047	203
1005439	2168275	201
2336959	2113320	71
2113320	3918447	74
4429735	3774368	199
1005439	2103964	201
531149	1005439	200
2044659	2640487	73
2990592	2113320	71
2739171	3645154	76
2113320	1981989	74
275954	2113320	71
1005439	1513354	101
319291	3178251	198
4429735	3779134	199
1005439	2773142	201
1005439	4173479	201
1432227	2113320	71
2154802	1005439	200
2113320	1672934	74
2113320	3069244	74
1005439	3280641	201
2113320	932103	74
1005439	1424690	202
1005439	3497960	201
2253200	2113320	71
2498046	2909624	17
3691106	1659092	204
4073306	4429735	198
707096	3050276	17
1223721	4514417	6
4259355	1005439	200
2113320	2329126	74
2113320	785868	74
754231	1005439	200
1123147	4429735	198
4262578	1005439	119
296655	1005439	200
1005439	2497019	201
2008275	2357117	203
4439428	3178251	198
1005439	3814034	202
238426	2052998	203
1005439	1871506	201
4139827	3178251	198
2045330	2113320	71
905992	1005439	200
4439428	4514417	6
1005439	268171	201
2015016	2113320	71
102297	1228927	203
2730380	2113320	71
922898	1005439	200
3178251	325502	199
2752535	2113320	71
1384658	2113320	71
4140080	1005439	200
1588801	1005439	200
355477	1718076	203
2498046	415456	76
179727	2113320	71
3382200	1005439	200
2113320	753517	74
1599849	1992074	204
1027051	1005439	200
1005439	4439132	201
1005439	4001307	201
1005439	620351	201
32491	2113320	71
2960775	2113320	71
2113320	560936	74
3280641	2113320	71
2103428	2113320	71
2113320	3164458	74
1643275	4429735	198
2745712	2113320	71
2739711	2113320	75
1005439	483318	201
1005439	4117855	201
1005439	1201198	202
3449906	1005439	200
1980885	1005439	200
4049839	4514417	6
1062633	2130229	204
3421327	2113320	71
4381268	4345274	76
2113320	4152843	74
1005439	4227903	201
370229	2113320	71
2470974	2113320	52
3287018	1005439	200
1005439	4284047	202
2894047	2113320	71
1005439	3582653	201
2819367	4429735	198
2113320	1484519	74
1005439	3747692	201
2103428	1005439	200
4429735	116927	199
3759874	826177	204
4429735	1865554	199
2113320	1613667	74
4429735	1942636	199
4429735	1911221	199
2739821	3164173	204
1005439	3624397	201
2113320	1389595	74
3505702	3932344	74
1545466	2113320	71
1005439	2690124	201
1005439	586044	201
1005439	660402	201
4519696	2113320	71
821144	1005439	200
2898830	1005439	200
3774368	4514417	6
3635892	1005439	52
1005439	4556600	201
3383681	2113320	71
742101	2113320	71
2113320	957188	74
864330	4514417	6
412808	884694	203
2994242	3178251	198
3166213	1005439	200
1041127	2076235	203
1627145	1005439	200
1005439	3895411	201
1005439	3172167	201
4173479	1005439	200
4028255	4429735	198
1005439	3947232	201
2113320	124103	74
2471471	1005439	200
1005439	1473938	201
3377790	1005439	200
2607348	1005439	75
1871522	2113320	52
1005439	2384963	201
2113320	1404622	74
4146530	1810602	198
2576076	2113320	71
1731413	1005439	200
4228730	1005439	52
1005439	1185825	201
3089376	2113320	71
2567948	1005439	200
986282	4514417	6
1005439	349634	201
2113320	1451461	74
1005439	3560673	202
1994898	1005439	52
2113320	3229969	74
1005439	1800947	201
697141	2113320	71
957378	2113320	71
3945097	2044659	143
3178251	3810123	199
204247	2113320	71
1005439	3567357	201
1005439	487584	201
2629099	301288	17
2113320	586044	74
4454636	2113320	71
166347	2113320	75
3178251	284131	199
90481	2113320	71
2320132	2897913	38
2113320	3204922	74
1872062	2113320	71
2113320	391795	74
2332862	1005439	200
3462642	2113320	71
2672236	1005439	200
1005439	4452653	201
3276216	1005439	200
1005439	3204922	201
2113320	102297	74
4275673	1005439	200
2734467	1005439	200
1005439	4226492	201
1005439	520490	201
1005439	4250956	201
2113320	1900368	74
2113320	2102529	74
2113320	4560485	74
2113320	3871886	74
1005439	1897875	201
1397934	2113320	71
2113320	4304495	74
1005439	1374651	201
2113320	4185057	74
2240776	278160	203
2394477	2113320	71
4429735	3644430	199
2508101	2113320	71
2177566	2113320	52
2734570	3178251	198
1942553	1005439	200
4287455	2113320	71
4335934	1005439	200
2113320	273047	74
1005439	2545419	202
3625833	2113320	71
1005439	609297	201
1005439	3754764	201
2567009	133157	76
1672603	1005439	200
2122816	1005439	200
1005439	1407353	201
2258221	1005439	119
2113320	1757191	74
1005439	1067580	201
4251877	2113320	71
3890806	4514417	6
4609783	4153179	203
2113320	198836	74
2886714	2113320	71
2113320	2049232	74
1005439	2805244	202
142297	2113320	71
3872865	1005439	52
2113320	673285	74
298929	1005439	200
1848099	4429735	198
3871880	1005439	200
3779134	554587	17
2113320	3006514	74
983537	1005439	200
97796	4514417	6
1807886	2113320	71
2826316	2113320	71
2113320	1125847	74
1005439	1991814	201
2113320	845942	74
760950	2113320	71
2329126	1005439	200
4429735	1185825	199
2113320	2482695	74
529117	1005439	200
4429735	82193	199
4429735	1123147	199
4503399	2113320	71
1597149	4514417	6
2113320	517955	74
954081	2113320	71
1245143	2113320	71
3969500	1005439	200
3707805	2933303	80
965886	1005439	200
2113320	1163797	74
1005439	3752061	201
1005439	124103	201
3595405	2113320	71
1783174	3495726	204
2920015	1005439	200
2113320	1183708	74
3792130	4022259	2858
1005439	2321529	201
4233601	3694633	203
1005439	2929186	201
2321529	1005439	200
4429735	3680996	199
3561592	1005439	200
737325	2113320	71
2220239	2113320	71
3895199	1005439	200
3138551	1005439	200
866047	3895411	204
3178251	1200654	199
4429735	699069	199
2805952	2113320	71
1562932	1005439	200
2113320	610420	74
1005439	3099722	201
1203482	90979	32
1005439	2128646	201
2498046	2857086	203
2052998	238426	204
2113320	28296	74
3178251	505985	199
1005439	4390884	201
166347	2113320	52
742768	4514417	6
1811557	1868850	198
1005439	502718	201
952520	4514417	6
2059797	1005439	75
2276756	1005439	52
623124	2113320	71
2089753	1005439	200
82193	4429735	198
4461147	1005439	200
1005439	676197	201
1413721	1005439	200
1052648	2113320	71
2113320	3136282	74
1005439	3709291	201
3164173	4429735	198
2113320	3660638	74
2113320	2678095	74
1384658	1005439	200
4429735	3329578	199
4519696	1005439	200
4409593	4514417	6
1194348	2558871	76
1005439	2166434	201
1005439	2551499	201
1005439	3401315	201
4342367	2113320	71
1005439	1165547	201
4603354	1005439	119
3548925	4645901	204
2113320	4173479	74
1005439	4393260	201
2113320	1149409	74
2676319	1005439	75
2113320	4390884	74
890012	1005439	200
1005439	403269	201
1005439	2239603	201
1005439	302000	201
3109812	1005439	200
1005439	2376840	201
641004	1005439	200
2113320	2818025	74
4001261	1005439	200
1005439	80955	201
3424424	2113320	71
2113320	3776250	74
4065042	2113320	71
391795	2113320	71
1848099	3170543	203
1005439	2442696	201
1806697	2015016	204
1005439	4571696	201
2116987	4012605	76
1005439	2159249	201
4229021	1005439	200
1118471	2113320	71
1194348	4514417	6
2858178	2113320	71
32491	1005439	200
2113320	533035	74
142264	3178251	198
1890905	942143	72
2113320	2364085	74
860382	4429735	198
826177	4514417	6
2218813	1005439	75
3774368	2113320	71
2071183	1005439	75
1005439	3925366	201
3679014	2113320	75
4429735	3359943	199
1005439	1712754	201
324158	2113320	71
3814034	4073306	204
4205241	1005439	200
3006993	1005439	52
2144482	4514417	6
1496639	1005439	200
1005439	1923762	201
2113320	483525	74
4302000	1005439	119
869271	1005439	200
611297	416838	204
3178251	2020787	199
2171235	4429735	198
2113320	3774368	74
3178251	142264	199
1005619	1005439	119
1217508	2113320	71
4206387	1005439	200
3270956	1088670	32
1786061	2113320	71
2992986	2113320	71
1005439	726540	201
3640245	1005439	200
2113320	820982	74
142264	1005439	200
1643275	1005439	200
3640884	2113320	71
1005439	1010910	201
1251917	1005439	52
1005439	1240541	201
3222553	1005439	200
3178251	1285826	199
1456766	1005439	200
3167774	1005439	200
1005439	785735	202
3629471	2113320	71
1005439	2482412	201
3595082	2113320	52
1811557	3515944	71
1010385	1005439	200
1776797	1005439	200
1221827	4514417	6
3562969	1868850	198
2402141	3178251	198
2770446	2113320	71
1005439	3345674	201
1005439	2423562	201
1005439	3424424	201
1005439	699069	201
2113320	1718641	74
3762106	4076794	80
2113320	3567357	74
4429735	4128418	199
564149	1005439	200
2788430	1005439	200
2362825	1005439	200
1005439	2545408	201
1073245	1005439	200
2113320	978866	74
1712754	2113320	71
2546375	2113320	71
165267	3596089	884
579745	1005439	119
791797	1005439	200
11800	2113320	71
1005439	2228772	201
3612197	2621054	808
313947	2113320	71
4429735	3895411	199
2631275	631084	203
1921084	2113320	71
2326807	2113320	75
4017290	2113320	71
1005439	3773309	201
2113320	2753935	74
4417473	1005439	200
392076	1005439	119
2113320	1538886	74
2113320	1524872	74
833442	2113320	71
56061	2113320	71
2449463	2113320	71
3274239	1005439	200
3505702	238426	74
610420	2113320	71
2113320	3837269	74
1005439	650069	201
1911221	2977397	203
2542493	2113320	71
1877068	1005439	75
1443326	1005439	200
2113320	686289	74
2805244	860382	204
2980398	2113320	71
2690124	1005439	200
2113320	970619	74
1005439	982269	202
4197898	2113320	71
2113320	3435934	74
2484956	1005439	52
1847165	4429735	198
826177	718183	76
3969192	1005439	119
2880887	2113320	71
1005439	2693734	201
3178251	1890905	199
137167	2113320	71
1005439	1380315	201
1005439	1021795	201
2113320	2632330	74
2648121	1005439	200
2113320	1372246	74
1005439	688152	201
1005439	136160	201
4154005	2113320	71
1005439	4560246	201
1395626	2711499	203
1005439	3449753	201
2702876	1005439	200
4171963	1005439	200
2113320	2878820	74
501697	1005439	200
4014517	90979	32
2125270	1005439	200
2113320	1246438	74
2640487	4429735	198
1611618	1005439	200
3526398	1005439	200
586044	263058	203
2113320	1125320	74
2113320	1955306	74
121393	2113320	75
614287	2113320	71
1825950	1005439	75
2113320	1699916	74
3295627	4429735	198
4566280	1005439	200
2621625	1005439	200
2113320	3351225	74
2533635	4514417	6
1005439	397931	201
2113320	4192242	74
2113320	2022501	74
3178251	595780	199
2080366	1005439	200
833442	2817904	32
353494	1005439	200
4108859	1005439	119
2113320	708503	74
944171	2113320	71
1223721	178628	1876
1005439	3890806	201
1005439	2015016	201
2113320	4147586	74
1247312	3605863	3537
2113320	2479477	74
324584	1005439	200
400446	4514417	6
2990592	301288	17
1005439	1251554	202
1005439	3640245	201
4251877	1005439	200
4429735	1204749	199
3364220	452061	204
652598	2113320	71
1171885	505985	204
2468139	1005439	200
3450695	1005439	200
2113320	3989504	74
2420362	2113320	71
2113320	2103577	74
4393260	1005439	200
2087215	4483361	76
2166434	1005439	200
1005439	1470118	201
1019159	1005439	200
3044834	1005439	200
3226499	2113320	71
4226492	2113320	71
2113320	2241513	74
1191961	4514417	6
434252	2113320	71
4433771	2113320	71
4328494	4514417	6
1005439	3167774	201
2467453	2113320	71
4028837	3050276	17
2113320	4437371	74
2113320	1923969	74
944569	1005439	200
2898830	2113320	71
2113320	2594090	74
2113320	794019	74
1566085	1005439	119
3826428	2113320	71
3480886	2113320	71
3213498	1005439	200
2113320	214390	74
2533635	301288	17
1308183	2598551	203
3167294	2113320	71
2113320	3974674	74
1005439	2614141	201
1868850	1811557	199
1005439	3988611	201
3382200	2113320	71
3231545	1005439	200
1165547	3281479	203
3178251	3041727	199
2113320	2933303	74
3596089	1005439	200
1005439	652598	201
4079229	4514417	6
1005439	2679788	201
2216805	890012	204
2773142	2113320	71
2113320	8693	74
1005439	4597948	201
4123224	1005439	200
2113320	3489117	74
4058265	2113320	71
3138551	2113320	71
1005439	4193811	201
4328494	940553	203
3774204	1005439	200
2113320	2960775	74
1203482	2114416	76
1005439	1562932	201
2113320	1906554	74
2130166	2113320	71
3925432	1005439	52
1669828	1614967	204
2113320	3501128	74
4409593	3178251	198
2994242	1005439	200
2113320	2259055	74
564149	2113320	71
1005439	1330518	201
1005439	2100010	201
1005439	1834110	201
1005439	1141500	201
221006	2113320	52
2177566	2113320	75
2471471	2113320	71
3546562	2113320	71
4429735	4082462	199
288651	1005439	200
1005439	4080149	201
2734570	2412970	76
1005439	943157	202
1005439	4353911	201
2015016	4514417	6
1005439	767009	202
3286312	1005439	200
947364	3718079	38
1005439	1221024	201
2990592	4514417	6
2113320	4320525	74
2113320	624785	74
1971546	1005439	200
3401315	844829	198
2617580	2113320	52
624665	2676319	76
4342493	2113320	71
1005439	2746532	201
2113320	1037575	74
2396231	2113320	71
4218857	2113320	52
1923828	2113320	71
1005439	3645005	201
3828168	1005439	200
1005439	991519	201
2552919	2113320	52
1005439	2773089	201
95280	4514417	6
1005439	3894110	202
2113320	3125188	74
1513805	1005439	200
1848099	4514417	6
2089753	3178251	198
3351581	301288	17
3164173	1005439	200
2306839	1005439	200
1005439	3006514	108
1005439	4495039	201
2043833	981227	76
4439132	2113320	71
1005439	1923828	201
644067	1005439	75
1005439	4430319	201
3625383	2113320	71
1005439	621684	201
2113320	2770446	74
952520	2841599	203
1005439	2154957	201
1114846	1005439	200
1005439	3723401	201
3345674	1005439	200
2168623	2632460	203
1005439	1496698	201
2317635	2113320	71
1513805	2113320	71
2113320	819994	74
4423600	2113320	52
3596784	1005439	200
1652674	2113320	71
896017	1005439	200
4429735	2990592	199
3598938	2113320	71
4000974	1183692	204
2113320	1715973	74
1865554	1005439	200
3810123	2113320	71
1005439	4435231	201
1005439	4296603	201
1005439	2898830	201
4107747	4514417	6
3216157	2113320	71
3596089	4514417	6
2302719	1005439	200
2113320	1818834	74
574645	1005439	200
85364	2113320	75
2788530	2113320	71
1005439	3413428	201
2113320	1160538	74
3178251	2144482	199
1005439	4640757	201
3351581	4514417	6
2113320	4609907	74
3178251	1513805	199
4537249	4429735	198
1005439	3762106	201
2113320	4478759	74
1005439	4192242	201
1005439	1678235	201
4185057	2113320	71
4609783	2015902	76
2113320	2849058	74
2936591	1005439	200
1005439	860382	201
1177308	1005439	200
3048247	3178251	198
2544648	1005439	200
2113320	2938173	74
2594090	1005439	200
1005439	3837174	201
266170	2472801	204
820982	2113320	71
2351750	1005439	200
2571832	1958566	76
1005439	1222461	201
1005439	4088047	201
1731413	301288	17
2113320	324584	74
2819367	2340707	76
1005439	1497996	201
4152843	1005439	200
1477536	1005439	200
1005439	1588801	201
764198	2113320	71
1005439	2618984	201
3178251	1374651	199
1005439	1789899	202
3036362	1005439	200
3434216	1005439	200
1088670	3270956	38
4192911	1005439	52
2571832	4514417	6
1005439	3837622	202
1545466	1005439	200
2525911	1005439	52
1166544	2869375	203
1005439	2241513	201
2574886	1005439	200
1005439	1477536	201
2113320	1174273	74
1944560	1005439	200
4193811	2113320	71
3832029	1005439	119
3324064	1005439	119
4388599	1005439	200
3798259	2113320	71
2775830	1005439	200
1005439	1330783	201
2144405	2113320	71
1005439	4341556	201
2113320	1562328	74
4022259	4583357	17
1005439	4566280	201
4309448	1868850	198
1005439	4388599	201
2329601	1597149	204
2113320	2567052	74
3170543	1848099	204
4523087	1005439	46
2113320	1221827	74
1027103	1005439	75
2571832	1868850	198
4080149	1005439	200
3557364	4514417	6
1005439	1136914	201
3444022	1005439	200
1005439	2164884	201
2122661	2113320	71
1045326	2113320	71
1005439	2196992	201
529092	2112019	204
1841975	2113320	71
1005439	520694	201
2113320	2407099	74
2113320	4028255	74
1005439	2999411	201
4065274	1005439	200
948430	3810123	204
1181243	1005439	200
3178251	1125847	199
2340707	1005439	75
2446258	1005439	200
3287018	2113320	71
2498046	4514417	6
4429735	1330518	199
1005439	1997011	201
4429735	3596089	199
2113320	1179039	74
4563057	2113320	71
1443326	2113320	71
4305754	1005439	200
2268384	4514417	6
2442696	3178251	198
2113320	2449463	74
1005439	1039321	201
1515696	3925432	76
4298278	1005439	200
2113320	12581	74
1005439	3265951	201
4309448	2113320	71
3048247	4583357	17
1005439	4357254	201
908497	1005439	200
1800947	1005439	200
3204922	4514417	6
3550886	4429735	198
1005439	3125188	201
3793338	2113320	71
1037575	2113320	71
2240776	4514417	6
1847165	1373692	203
2936591	2113320	71
1005439	3694633	202
1005439	4461147	201
2113320	4017290	74
1005439	462712	202
1671697	1005439	200
1005439	588326	202
2054725	1005439	200
4192871	1005439	200
3945791	1005439	200
2000717	1005439	119
1005439	1931228	201
4079229	4429735	198
2113320	727414	74
3577373	2113320	71
4186701	2113320	71
1005439	4360915	202
3501128	2113320	71
3178251	2990683	199
1515696	4514417	6
1005439	3528514	202
2113320	2467568	74
3393002	2113320	71
3875110	1005439	200
1005439	2091604	201
216334	4429735	198
1722201	1005439	52
2300171	1005439	200
2886714	1005439	200
2889242	1005439	200
1005439	4063906	201
2113320	208699	74
2003935	2113320	71
1848099	178628	1876
899275	1005439	200
1005439	3625833	201
1005439	3037085	201
1868850	319291	199
2756613	1005439	52
1005439	3759874	202
3894030	2294190	204
1896413	1005439	200
2008726	1005439	200
2113320	499310	74
1005439	1610088	201
2113320	2177161	74
890012	2216805	203
1659092	4514417	6
4010181	2113320	71
529117	2108265	76
3718079	1340176	76
2113320	125252	74
2113320	299931	74
2113320	1610088	74
956077	2113320	71
3894110	3972311	204
2113320	4500292	74
1399822	1005439	200
1801562	3509442	203
1005439	1530393	202
479491	4429735	198
1005439	2821884	201
1809408	2113320	71
1520840	2617580	76
1005439	4215234	201
2113320	2980398	74
1203305	2113320	71
2472801	1005439	200
4615292	2113320	71
1854468	2113320	75
860382	34179	76
1005439	416838	201
287042	2113320	71
2227203	2399145	204
1005439	1101646	202
164458	1005439	200
1005439	511331	201
3837174	2113320	71
1538886	1005439	200
1005439	4326925	201
2843664	2113320	71
2092003	1005439	200
4430319	1005439	200
2113320	1647672	74
4439132	1005439	200
160027	3324064	203
1994898	1005439	75
1005439	3396928	201
2552618	4429735	198
2739558	2113320	71
1005439	1761302	201
2113320	2961337	74
1856607	1005439	119
2113320	2067774	74
1005439	3195174	201
2770446	1005439	200
4429735	2089753	199
2113320	1838358	74
3265951	2113320	71
1005439	165267	236
1868850	3562969	199
2113320	3545450	74
2113320	745733	74
2113320	389337	74
2113320	3628479	74
2113320	3582653	74
1005439	3167294	201
2336959	1005439	200
6670	4429735	198
2113320	2363943	74
4305560	998816	76
1005439	2935922	201
1005439	3168697	202
2734570	754476	203
2027011	2113320	71
524247	1005439	200
2008275	2113320	71
2113320	1010442	74
2113320	2821329	74
3169956	1005439	200
2113320	3812089	74
2113320	3141765	74
1005439	200911	201
4429735	2407099	199
3640131	301288	17
4429735	216334	199
4603354	4028255	204
1974859	2113320	75
1005439	1327346	202
2831700	2113320	71
1005439	1318198	201
4324206	4514417	6
2418740	2823148	204
4429735	1242325	199
2113320	3571784	74
1868850	2472801	199
4014517	1005439	200
2821884	1005439	200
2069092	1810602	198
4430598	2113320	75
3078302	1005439	200
1731413	4514417	6
2450257	2113320	75
1821652	1005439	200
1005439	4091856	202
1005439	1622929	201
2618984	2113320	71
2113320	4140053	74
3515944	1811557	74
1542606	2113320	71
3495726	1783174	203
2113320	3843156	74
238426	4514417	6
3467744	1005439	200
2113320	3904509	74
3838321	629145	204
726540	2113320	71
1757191	2113320	71
1005439	978866	201
2113320	3609148	74
3351510	1005439	200
2702876	2113320	71
2113320	998585	74
1005439	3756577	202
1005439	4263021	202
2934921	1871522	76
2113320	2490852	74
3773749	2113320	71
1005439	3617334	201
474102	2113320	71
1005439	4065042	201
2933303	3505702	71
1005439	3852864	201
1034119	2113320	71
1005439	118632	201
1005439	2103428	201
4429735	400446	199
1520840	1005439	200
3622958	1005439	200
3847264	2113320	71
1005439	1746329	201
4429735	1520840	199
4609783	1005439	200
1005439	1044587	201
505893	2640487	1875
2015902	1005439	52
1005439	629145	201
1810602	2069092	199
1428809	2113320	71
1005439	1299173	201
3497960	1005439	200
2114416	1005439	52
1005439	4261947	201
2113320	2008275	74
2415052	2113320	52
2113320	4298278	74
4429735	3164173	199
1533187	1005439	119
1005439	3798048	201
1005439	2541298	201
2113320	4371827	74
844829	3401315	199
2113320	1733909	74
780914	2113320	71
4510008	1005439	200
2214480	301288	24
1207910	4305754	204
2113320	1568519	74
3178251	2351750	199
2867659	2113320	71
2113320	295629	74
1909608	2113320	71
1242325	4514417	6
1005439	324584	201
1005439	3616949	201
2472801	3050276	17
1542606	1005439	200
2133875	2113320	71
4219318	4429735	198
1005439	4351741	201
2113320	4454636	74
2113320	3969500	74
1005439	4028255	201
1005439	986112	201
1004486	1005439	119
1955306	1005439	200
58696	2113320	71
2113320	2073301	74
1005439	2745712	201
2113320	4039554	74
1513805	4429735	198
1459406	2113320	71
3648287	2113320	71
1850225	1005439	200
2113320	1091812	74
4166685	1005439	200
483757	1005439	200
1005439	161000	201
844829	2472801	199
1005439	1001479	201
4514884	1005439	75
2113320	983537	74
2030520	2113320	71
3178251	1980885	199
268171	2113320	71
4418119	2113320	52
1005439	3305278	201
2148821	1005439	200
4032455	2113320	52
2999411	2113320	71
1005439	1222117	201
1005439	2030520	201
3817872	1005439	200
1277408	1005439	119
2113320	4452653	74
1005439	692044	201
2113320	1380315	74
4139449	1629572	198
664391	1005439	200
533035	1005439	200
1304669	1005439	119
1900368	1005439	200
3709291	1005439	200
2113320	4430171	74
3547540	1005439	200
3542707	2113320	71
3779134	90979	31
4205241	4032455	76
2113320	2866653	74
3557364	3178251	198
2823148	301288	17
3091812	2113320	71
1005439	760192	201
1005439	2544167	201
4623221	2113320	71
2087215	3178251	198
3779134	4514417	6
996737	2113320	71
4429735	2580370	199
284131	3178251	198
90998	2113320	71
223262	2113320	75
4104099	3305278	204
2113320	3595405	74
2113320	710183	74
2783185	2113320	75
4429735	2268384	199
1872062	1005439	200
4227903	1005439	200
3773309	2113320	71
1643275	2113320	71
2477160	3178251	198
2183835	1005439	200
2113320	1921084	74
980105	1005439	200
833442	4514417	6
2055307	2113320	71
3262498	4429735	198
1005439	2640487	201
2196992	1005439	200
2628889	1005439	200
4304428	3178251	198
4094708	2113320	71
2640487	2113320	71
2198988	2113320	71
98318	3178251	198
3178251	2734570	199
2926767	2113320	71
2978098	2113320	52
1005439	2183835	201
1208373	1005439	119
4109650	1005439	119
1133837	2113320	71
1005439	350046	202
4143284	2113320	71
1909608	1005439	200
2113320	814909	74
2113320	518930	74
3282489	2113320	71
2100010	2113320	71
3125188	2113320	71
3895199	2113320	71
1005439	3871880	201
1005439	233001	201
2113320	2752535	74
1005439	2424581	201
325502	4514417	6
4385895	1005439	200
4152843	2113320	71
3057209	2113320	71
2386339	2113320	71
2113320	2576076	74
2113320	2746532	74
511331	2113320	71
2402141	2113320	71
2594090	3168697	203
2113320	879169	74
1183692	4429735	198
2798892	1005439	200
3886652	2113320	71
520694	2113320	71
490735	2113320	71
1611313	2240843	203
1005439	592396	201
2113320	3810845	74
4614564	2113320	71
890012	505893	1876
3323992	2113320	71
845942	1005439	200
198836	1005439	200
1865554	4514417	6
1005439	2308191	202
2113320	3053396	74
3143002	2113320	71
2431247	1005439	200
2113320	4193811	74
89368	2113320	71
2730380	1810602	198
2113320	343278	74
1005439	1850225	201
4482795	4514417	6
2113320	1203305	74
986112	1277408	203
4128418	1005439	200
2113320	3462418	74
608217	2113320	71
3282489	1005439	200
1005439	2936759	201
3762106	2170303	76
1005439	3349555	201
1005439	1061863	201
1335270	1005439	200
1005439	138887	201
4305560	1005439	200
1005439	4262578	202
2528664	2113320	71
1005439	1955306	201
4599185	1361973	204
1805551	2113320	71
1562328	2113320	71
1005439	3390893	201
4429735	1513805	199
4417473	2113320	71
4337161	2113320	71
608217	1005439	200
3744152	1005439	200
1005439	3622958	201
1848099	2299103	76
4645901	1005439	200
2364085	2113320	71
1005439	1123147	201
1242325	3178251	198
509257	1005439	200
1005439	2995931	201
487584	2113320	71
4510008	2113320	71
2320132	2399145	38
227013	3178251	198
1810602	3373971	199
3216157	1005439	200
751115	2113320	71
1090962	2113320	71
1005439	1242325	201
4536297	1005439	200
4333343	1005439	200
4429735	3093856	199
4439428	4228730	76
1141500	1005439	200
1005439	1268680	201
495839	3960873	204
1868850	1285826	199
2113320	1632548	74
1005439	353494	201
178628	1848099	1875
3977643	2113320	71
2113320	4571696	74
2113320	4291168	74
2113320	3645005	74
2113320	251072	74
1005439	3810123	201
2301511	1005439	200
1005439	1223721	201
1005439	2321974	201
1005439	3386417	201
1228613	2113320	75
2113320	3640245	74
1005439	432515	201
2299103	2113320	75
1005439	2912189	202
2880887	1005439	200
1041127	2113320	71
2113320	557634	74
3311053	1005439	200
2113320	1177674	74
3282285	614287	204
2113320	4476029	74
3727759	1005439	119
2372759	4209687	204
1005439	4432937	201
1816252	2113320	52
864357	2113320	71
4351741	2113320	71
505985	1171885	203
1515696	3178251	198
1005439	348693	201
4429735	1896413	199
491390	1005439	200
1208847	2113320	75
1005439	1231402	201
1010910	4514417	6
1005439	3093856	201
1005439	1678308	201
1005439	4476029	201
4586415	2113320	75
1005439	2092003	201
2113320	1114862	74
2897913	3050276	17
2113320	2116987	74
2604376	1005439	119
2113320	137167	74
2113320	4272077	74
4599185	1005439	119
3822476	1328760	203
2113320	1786061	74
2678095	1005439	200
1246438	2113320	71
1005439	1766013	201
529117	3505702	71
243876	2113320	71
1374651	3486442	203
3945500	2113320	71
3178251	1451461	199
2437425	1005439	200
1157308	1005439	200
1005439	1295584	201
1005439	619852	201
1005439	3904509	201
4233601	1005439	200
2089753	4514417	6
2113320	2423562	74
1600771	2113320	71
2614141	2747659	203
2391988	2113320	71
1005439	3628479	201
210785	2819367	204
3002778	2113320	71
4117851	2113320	71
3479839	1005439	200
1005439	1360309	202
2113320	3786025	74
3458679	1005439	200
2113320	4214660	74
3048247	2113320	71
2113320	3037085	74
508622	2113320	71
2737401	1005439	200
4429735	952520	199
2552919	2113320	75
1729179	1005439	200
2113320	2966761	74
12581	1005439	200
1005439	3832029	202
4656550	1005439	119
2113320	2930689	74
2113320	1010910	74
1955623	2376528	6
3308564	2113320	71
1611618	2113320	71
1703748	1005439	200
3219224	2113320	71
3664040	1005439	75
1133837	1005439	200
4429735	2806499	199
2985637	2113320	71
1005439	1522023	201
2113320	3848988	74
4431850	1005439	119
1736544	1005439	200
1005439	148932	201
2113320	2043833	74
3435934	4429735	198
2113320	3002454	74
358464	2113320	71
1005439	1896413	201
251072	1005439	200
3889786	2113320	71
957378	1005439	200
3663130	1005439	200
2113320	1628851	74
1796509	2113320	71
2113320	1010385	74
1005439	3257959	201
1041127	72667	76
624050	2113320	75
4209687	2372759	203
3957733	2113320	71
1810602	3718079	199
4429735	769082	199
3393002	1005439	200
313037	1005439	200
2113320	3793338	74
1005439	396143	201
3345674	2113320	71
3308564	1005439	200
4600915	2113320	71
1005439	2022501	201
1005439	3957889	201
3096802	2113320	71
952520	4429735	198
1447711	2113320	71
1005439	509270	202
614287	4514417	6
1854468	2113320	52
3319437	1005439	200
1005439	710895	201
4309448	2415052	76
2113320	1397934	74
2213893	1005439	52
1005439	2116987	201
1005439	1981989	201
1005439	446237	41
2418740	1005439	119
4429735	2823148	199
2113320	3305846	74
1005439	1048018	201
1005439	1613699	201
1191961	4421335	76
2113320	3957889	74
1005439	82193	201
4552930	2113320	71
2113320	1136914	74
1005439	641004	201
2841599	952520	204
2113320	4187390	74
1203482	2571482	203
2113320	821144	74
3168697	2594090	204
3284406	1005439	200
2113320	2103149	74
4393261	1005439	75
2294190	554587	32
1005439	2637857	201
1225552	2113320	71
2113320	847328	74
4298278	2113320	71
2113320	3707805	74
1005439	120019	201
1600771	1005439	200
1005439	1992074	201
123045	2113320	52
2821884	2113320	71
1237118	1005439	200
4429735	1913559	199
1269855	2113320	71
2113320	2553046	74
2113320	3177176	74
2402628	3635839	76
2583013	4551827	204
1249037	3640131	204
1507841	1005439	200
1299173	2113320	71
4146530	1629572	198
697141	1005439	200
2113320	68283	74
377546	2113320	71
1643275	4514417	6
1005439	2621625	201
1831998	1005439	200
2113320	4326925	74
1005439	3834345	201
844829	890012	199
2228772	4284047	203
2994242	2130222	203
1520840	2113320	71
2113320	3940844	74
3385115	2113320	71
2113320	3386417	74
1114846	2113320	71
1005439	3022439	202
3495726	1005439	200
255014	1561679	38
1005439	2240776	201
225915	2113320	71
844829	1223721	199
2798397	1005439	200
2113320	243876	74
1094130	2113320	71
1005439	2386339	201
2113320	4389867	74
3773864	1005439	200
644067	1005439	52
1005439	2269442	201
2113320	3875110	74
4429735	2938173	199
344122	2113320	52
3828168	2113320	71
1005439	400446	201
2113320	3450695	74
2113320	4342493	74
4345274	1005439	52
4028837	4429735	198
2113320	96831	74
1413721	4514417	6
1005439	4109650	202
957013	2113320	75
2113320	98680	74
1530393	529117	204
3006514	1005439	116
1005439	3309808	201
3008271	1005439	119
2113320	4342367	74
2662937	2113320	71
2113320	2004188	74
1005439	2526026	201
3178251	227013	199
1233500	1868850	198
4522686	554587	17
1096010	1005439	200
98318	4514417	6
760192	2113320	71
2402628	2113320	71
3413981	844829	198
3069244	2113320	71
118788	1005439	200
2113320	1562932	74
2113320	148932	74
780914	1005439	200
586044	2113320	71
2573925	1005439	200
4140080	2113320	71
2528664	1005439	200
2377430	1005439	200
2113320	2882490	74
1420010	2113320	52
1566085	400446	204
1544201	2113320	71
2717561	1005439	200
3413981	3050276	17
1473938	923229	203
1005439	2843664	201
2631275	4429735	198
4429735	4233601	199
4594400	2299871	203
1928745	1005439	200
1005439	2954628	201
804432	1005439	200
2198988	1005439	200
1894815	1005439	200
2953442	2113320	71
4429735	412808	199
1160538	1005439	200
2490852	1005439	200
1005439	1397934	201
1005439	1663127	201
2113320	4146530	74
3754764	4514417	6
937388	982269	203
1005439	1975388	201
2113320	2481779	74
1266507	1005439	52
3178251	1688181	199
4146530	822820	203
1005439	1179039	201
200200	2113320	71
707096	1251917	76
2113320	404810	74
922898	2113320	71
2113320	835095	74
3178251	3401315	199
4309448	4429735	198
1005439	2400679	201
751115	1005439	200
549433	1005439	119
3467657	1005439	200
2043833	1005439	200
2055307	1005439	200
432796	2113320	71
844829	1242325	199
1005439	12581	201
1616253	1223721	204
2113320	4117851	74
1005439	3101938	201
3812089	1005439	200
1632548	1005439	200
2113320	4346979	74
2113320	608217	74
3947232	1005439	200
2008726	2113320	71
2073301	2113320	71
1005439	4437371	201
350046	1005439	119
819994	1005439	200
3435934	4514417	6
1005439	4520585	201
2113320	2628889	74
2819367	2320132	32
3105201	2113320	71
2113320	3926183	74
1005439	1217508	201
1264406	2113320	71
2113320	710895	74
2933303	2113320	71
138887	1005439	200
819994	2113320	71
200200	1005439	200
3558391	1868850	198
2113320	841462	74
1005439	1718076	202
1005439	456040	201
2056699	1005439	75
4478759	2113320	71
1599849	1005439	119
1159418	3550886	204
2113320	2792392	74
1005439	3129618	201
3036362	2113320	71
4157799	1005439	75
1005439	3422377	201
1155911	2113320	71
4429735	2571832	199
4430171	1005439	200
1484519	2113320	71
1005439	4152586	201
1629572	2806499	199
4615292	1005439	200
518930	1005439	200
2912189	4165736	204
2113320	2336959	74
917660	1005439	200
3725311	1005439	200
864330	1005439	200
1005439	2857086	202
2467510	1005439	200
1033259	1005439	119
1005439	3482928	201
2832428	2113320	75
1005439	2573925	201
4476501	2113320	71
2113320	200200	74
3102688	2113320	71
2144482	3178251	198
135471	2113320	71
1005439	1361973	201
4058795	1005439	200
1005439	3320936	201
3972311	4514417	6
4619299	1005439	200
1005439	4309004	201
1005439	2050794	201
2113320	3402147	74
2113320	3309808	74
1005439	2148821	201
1699401	3178251	198
3664040	1005439	52
1177308	2113320	71
1005439	4598873	201
4146530	2044659	143
2113320	2992116	74
147568	1005439	200
2113320	524247	74
98680	2113320	71
1005439	4381268	201
3605863	301288	17
2113320	3482928	74
200911	1005439	200
2239603	2113320	71
1629572	699069	199
72667	2113320	52
1005439	3557470	201
456040	4429735	198
2113320	3648287	74
3962352	4107747	204
463194	2113320	71
3505702	1088184	74
2930562	1005439	119
38844	2113320	71
755576	2113320	71
252742	1005439	200
2294190	4514417	6
1005439	2569632	201
2050794	2113320	71
1005439	3308564	201
2460379	2113320	75
1428809	1005439	200
4001307	2113320	71
1013934	1005439	200
538119	2113320	71
3694633	4233601	204
1005439	1072885	201
1005439	218395	201
2299871	4594400	204
3924866	1005439	200
1088184	3505702	71
1005439	1616253	202
1005439	135471	201
2113320	1028546	74
1654241	1005439	52
1005439	525255	202
3700855	4429735	198
644452	2113320	71
1005439	2606235	201
238426	1005439	200
2113320	135471	74
2113320	3605863	74
523341	2113320	71
4551827	2583013	203
2113320	95280	74
1005439	944569	201
3425967	2113320	71
2567009	4514417	6
530331	3178251	198
3640884	1005439	200
4146825	1005439	200
2113320	614287	74
1005439	942143	201
2828107	1650389	76
3731136	2113320	71
794627	2113320	75
2113320	619852	74
1203482	4514417	6
1005439	922898	201
1005439	1498717	201
1005439	4017290	201
1228613	2113320	52
1005439	610420	201
82193	1005439	200
2113320	1471919	74
515710	2113320	52
629145	4429735	198
2113320	38844	74
343278	1005439	200
3635892	1005439	75
3386417	1005439	200
2113320	45503	74
1005439	3545450	201
1005439	1952286	201
2640487	4514417	6
2426897	2113320	71
180326	2113320	71
624665	4555384	203
3424850	1005439	200
1005439	1325217	201
2113320	4406403	74
2442696	1005619	203
1005439	1524872	201
3262498	4514417	6
1360309	1005439	119
1208373	1413721	204
452061	4514417	6
1005439	2089753	201
2113320	2760451	74
2042763	3178251	198
2113320	2220239	74
1888424	2113320	75
353494	2113320	71
2113320	1195554	74
1496698	1005439	200
1005439	2870225	202
3462642	959211	76
1005439	2858178	201
118788	2113320	71
2113320	2629099	74
978837	2113320	71
1005439	1599849	202
2113320	3533165	74
2113320	313947	74
2113320	1027051	74
4429735	4537249	199
1319370	1005439	200
607703	2113320	71
2113320	1456766	74
2482695	2113320	71
120019	2113320	71
4230756	2113320	52
2878820	2113320	71
4313072	4514417	6
2113320	4502800	74
3204922	216604	203
711630	2113320	71
3386417	2113320	71
3204922	1005439	200
2113320	562802	74
2113320	2198446	74
1010910	3178251	198
1005439	3257490	201
1005439	3270956	201
2113320	3977643	74
2102529	2113320	71
2113320	1066857	74
3812089	2113320	71
1005439	164247	202
826177	4429735	198
1005439	1615519	2613
1913559	4514417	6
1268680	2113320	71
1005439	95280	201
3178251	1242325	199
1634274	3178251	198
1005439	1127501	201
1005439	3879380	201
2113320	2546261	74
1894815	305619	76
247409	2154957	204
1005439	3745705	202
4429735	3810845	199
3178251	2042763	199
389337	1005439	200
2113320	1056987	74
1005439	3222553	201
1005439	2920134	202
4207038	2113320	71
1005439	3522127	201
1005439	1873438	201
3429687	2113320	71
1715973	1005439	200
3598938	1005439	200
2113320	2995931	74
1005439	3595405	201
2113320	4494241	74
1191961	4656550	203
3780106	1005439	200
82193	1208847	76
1005439	1293700	202
2306839	2113320	71
1992074	2113320	71
3814034	1005439	119
2113320	3843688	74
4429735	4594400	199
3226499	1005439	200
978866	1005439	200
1005439	987811	201
1168264	1005439	52
937388	3178251	198
4209687	4429735	198
2934921	1005439	200
1005439	3749804	202
973400	2113320	75
1615519	3204922	338
4296603	2113320	71
98680	1005439	200
1389102	1005439	200
4618029	1005439	200
2113320	4210088	74
1389102	2113320	71
699069	4514417	6
1005439	1715973	201
1005439	141427	201
1005439	2798892	201
3195174	1005439	200
1515696	1005439	200
1629572	890012	199
830952	2113320	71
3669298	1005439	200
3897642	1005439	200
948983	2113320	71
4623944	1005439	200
3575157	2113320	71
2113320	2183835	74
3329578	4429735	198
1510993	1005439	119
4429735	3305278	199
2113320	1796360	74
1005439	1133837	201
4429735	4014517	199
3890806	526628	203
456040	255525	76
2113320	3529901	74
4343795	1005439	119
1005439	2544648	201
1005439	1873891	201
2113320	4623221	74
2113320	4166685	74
2113320	4620547	74
1056987	1005439	200
2113320	2420362	74
2113320	3020048	74
1005439	2957469	201
416838	4429735	198
2113320	141427	74
1005439	948983	201
2920134	987811	204
4430319	2113320	71
1005439	1906554	201
3048247	1005439	200
4098642	1005439	200
400446	1566085	203
4028837	1886310	203
1194348	2113320	71
1628851	2113320	71
1005439	3660638	201
4320525	2113320	71
1948121	2113320	75
1513805	3178251	198
3300245	2113320	71
1005439	32491	201
101393	1005439	200
2113320	3948621	74
1005439	4210125	201
4138050	1233500	204
3837622	1980885	204
2113320	697141	74
1801562	1018034	76
1005439	954081	201
1233500	1005439	200
2113320	2936591	74
3581749	1856607	203
1005439	605476	201
2629099	4514417	6
4481951	4429735	198
1005439	3727759	202
1005439	2580370	201
3752355	4537249	204
2113320	3560503	74
3178251	937388	199
1786061	1005439	200
2582921	2113320	71
1361973	1091069	76
2990683	2828181	17
990490	2113320	71
2113320	4281319	74
1094130	2475878	76
3355628	2113320	71
2442696	3689979	76
1005439	1122504	202
2113320	3640884	74
4100452	1005439	200
3545450	1005439	200
1005439	1568519	201
302000	1005439	200
1005439	697141	201
1810602	2730380	199
1005439	2509197	201
3178251	1041127	199
2113320	3216157	74
1005439	1195554	201
2113320	4143284	74
1005439	4186701	201
2103577	2113320	71
2113320	708700	74
3422377	2113320	71
884694	412808	204
685167	1005439	200
1380315	2113320	71
1088184	1005439	200
1005439	4126984	202
4433771	1005439	200
987811	4429735	198
4280774	1948121	76
1005439	2582428	201
502718	1005439	200
1817130	2113320	71
2144482	3635892	76
1796360	2113320	71
2878602	2113320	71
1005439	3837269	201
1005439	1052632	201
1005439	2437488	202
4309448	3515944	71
1005439	1833847	201
173830	1005439	200
1005439	2130166	201
3669298	2113320	71
1005439	3509442	202
3172167	1005439	200
1185825	588326	203
1496639	2113320	71
1513805	1706601	203
1005439	3562969	201
1005439	3888782	201
4065274	4514417	6
308153	1005439	119
1005439	1819273	202
1005439	169588	201
3409762	2113320	71
1373692	1005439	119
298929	2113320	71
2116987	4429735	198
2130166	1005439	200
2580370	255014	17
3178251	1203482	199
455911	2113320	75
56061	1005439	200
1005439	4599185	202
1005439	2076235	202
3591967	1005439	200
844829	4146530	199
1005439	3351225	201
2113320	3779134	74
3075122	2113320	75
176315	2739171	204
2113320	2458708	74
2511258	2113320	71
4423881	3557364	204
2113320	3932344	74
1005439	2739171	201
4429735	4309448	199
2815242	2113320	71
1424690	1194348	204
4482795	3745705	203
3843845	3178251	198
1389595	1005439	200
1174919	1005439	200
1861072	2113320	71
2113320	2400679	74
986282	4091856	203
3624397	2113320	71
1629572	4146530	199
2113320	4433771	74
2113320	3930417	74
4073306	3814034	203
1174656	2113320	71
1654241	1005439	75
1005439	4552930	201
3570017	2113320	71
845942	2113320	71
4429735	3640131	199
98318	4241504	203
2113320	1987586	74
4064483	1005439	119
2113320	4139449	74
1667179	1005439	119
1873438	2113320	71
1796038	1005439	200
3041727	4514417	6
1471919	2113320	71
2113320	1118471	74
397931	1005439	200
45503	1005439	200
1611618	301288	17
1005439	198836	201
1005439	4439428	201
1005439	1091509	201
1005439	1633987	201
1005439	3495726	201
2891282	855683	203
1005439	3774204	201
2113320	1204749	74
1005439	526628	202
1136914	2113320	71
2384963	1005439	200
412808	3178251	198
1005439	2415878	201
586044	1005439	200
3062883	1005439	200
2614622	2113320	71
4454636	1005439	200
460479	1005439	119
2446258	2113320	71
2113320	76808	74
1005439	3839719	201
1176354	1005439	200
4156952	2113320	71
1091069	1005439	75
2567948	2113320	71
2400679	2113320	71
3401315	1033259	203
2087215	1005439	200
1005439	4205241	201
1005439	137167	201
2113320	2669354	74
3114688	2113320	71
2113320	1223721	74
2122661	1005439	200
31705	2113320	75
2087215	4514417	6
2113320	1888502	74
3846363	1005439	200
2709538	2113320	71
2113320	505985	74
1096311	1005439	200
1223721	1616253	203
2113320	2775830	74
2113320	1784001	74
1471324	1005439	75
4429735	629145	199
2113320	3547540	74
1163797	1005439	200
4017290	1005439	200
358464	1005439	200
2113320	3360539	74
2113320	1522023	74
619852	1005439	200
1127501	2113320	71
1561679	4514417	6
2381404	2113320	71
2113320	2898830	74
1005439	2550343	202
3390893	2113320	71
1279014	1005439	200
2113320	4381909	74
864330	4343795	203
1005439	1645306	201
621684	1005439	200
3756155	2113320	71
1166544	4514417	6
1005439	4073306	201
958782	1005439	75
319291	3006946	76
2113320	2715194	74
4214660	2113320	71
2113320	804432	74
957188	1005439	200
4566011	2113320	71
1005439	84972	202
1101646	1005439	119
4429735	2594090	199
1005439	2130229	201
2113320	2302719	74
2177161	1005439	200
415456	1005439	52
1005439	4214660	201
2113320	3284631	74
3041727	3178251	198
1036321	2113320	71
2113320	844533	74
2113320	3547012	74
1809408	1005439	200
1222117	1005439	200
3044834	2113320	71
2489804	1005439	200
1005439	3351581	201
2310046	2113320	71
299931	2113320	71
1005439	2399145	201
2113320	650069	74
1041127	4583357	17
1005439	3284406	201
3617334	2113320	71
1005439	1191961	201
1005439	4187390	201
1260909	1005439	200
2717561	2113320	71
1650389	1005439	75
2113320	4606542	74
2113320	3582351	74
588326	1185825	204
4278753	1005439	119
1223721	844829	198
399943	3178251	198
2113320	4519696	74
1005439	326524	202
108724	435491	76
3779134	579745	203
1838358	2113320	71
2113320	4640757	74
954544	1005439	200
943157	1005439	119
2113320	225915	74
601530	1005439	200
401546	2113320	71
1006815	1005439	75
2362825	2113320	71
4173479	2113320	71
3101927	2113320	71
4116966	2621054	80
2113320	2533635	74
2113320	713711	74
2113320	4260107	74
3684765	1005439	200
1005439	2317635	201
1005439	3591967	201
1005439	432796	201
1005439	4602291	201
2116987	4514417	6
4429735	3644750	199
2113320	4156952	74
2891282	3334910	76
1868850	1308183	199
3178251	2640487	199
2113320	520490	74
1005439	1817130	201
4082462	4429735	198
141427	1005439	200
1005439	4171700	201
614287	1005439	200
1005439	410490	201
2933303	624050	76
3645005	1005439	200
2113320	1166544	74
1955623	1005439	200
1629572	2402141	199
3078218	1005439	200
1005439	4082713	201
1005439	1793204	201
12581	2113320	71
1592586	2113320	71
1005439	1207910	202
3168697	1005439	119
1005439	3893588	201
4215930	2113320	71
2113320	2542446	74
211293	2101656	250
1019159	2113320	71
4261640	1005439	200
1005439	3945097	201
2113320	1544201	74
1270484	1005439	200
4143284	1005439	200
2113320	2757842	74
1703748	2113320	71
1005439	1538886	201
1005439	1004486	202
855683	1005439	119
1005439	4523087	41
2646664	1005439	200
1841975	1005439	200
3625833	1005439	200
1471324	1005439	52
4598873	2113320	71
685167	2113320	71
3750440	2113320	71
1672934	2089753	80
3567357	2113320	71
1318198	1005439	200
3178251	4551827	199
4114396	1005439	119
1005439	1062633	202
3818233	1005439	200
1331098	2113320	75
2113320	1955623	74
742768	1005439	200
4483361	2113320	52
1854941	1005439	75
391795	1005439	200
4560246	3050276	17
1005439	2258221	202
3754764	1005439	200
1005439	3776250	201
1005439	2795894	202
1005439	1167878	201
922898	660363	76
2113320	3501431	74
579207	1005439	200
2232707	2113320	75
1005439	644452	201
2040605	4514417	6
319291	1868850	198
1005439	1611618	201
3810123	1005439	200
1005439	179727	201
3303470	2113320	71
1005439	2327972	201
1361973	4514417	6
4406403	2113320	71
2113320	1222117	74
2113320	2468139	74
4429735	1308183	199
3160135	1005439	200
1817130	1005439	200
1321133	2113320	75
2113320	569123	74
1868850	3157722	199
3896878	1005439	75
2113320	4090497	74
3336815	2113320	75
3837622	1005439	119
4256471	2113320	71
2113320	3553224	74
1005439	1841975	201
1231579	1639333	203
2330088	1005439	200
1005439	2412119	201
1563652	1005439	200
1005439	2990592	201
2113320	3166213	74
101824	1005439	200
794019	2113320	71
2113320	4627003	74
3560503	2113320	71
4429735	452061	199
4385895	2113320	71
3581749	4514417	6
1451461	3178251	198
2113320	2954628	74
1657327	2113320	75
1005439	28296	201
2526026	1005439	200
1005439	3700855	201
2113320	2573925	74
2113320	3664293	74
2113320	3675405	74
1005439	3527181	202
2907343	1005439	200
4429735	3810123	199
1005439	4209687	201
2113320	2294190	74
1911221	2113320	71
1005439	705714	201
1602146	2113320	71
4653667	1611618	204
2322639	3605863	204
3164458	2113320	71
2113320	1542606	74
4429735	3295627	199
2113320	2122661	74
2113320	252742	74
2882490	1005439	200
676197	1005439	200
1005439	1041127	201
1005439	1893272	202
1005439	1760487	201
4452653	2113320	71
2113320	3834345	74
2022473	1005439	200
1005439	3089376	201
1005439	1472408	201
2730380	554587	17
981227	2113320	52
2133875	1005439	200
2113320	1048018	74
1372246	1005439	200
4623221	1005439	200
2113320	1588801	74
2606648	2113320	71
4471091	2113320	71
1942636	4429735	198
273047	2113320	71
3098839	1005439	119
1597149	1005439	200
2737401	2113320	71
463194	1005439	200
416838	1005439	200
495839	1005439	119
1005439	4623944	201
191697	2113320	75
2711499	1005439	119
1005439	1672934	201
557634	1005439	200
2113320	2985637	74
2113320	219878	74
108724	1005439	200
1249037	1005439	119
2113320	3634136	74
1005439	1496196	202
2113320	3129618	74
1005439	764250	201
3170543	1005439	119
2113320	1252169	74
1327346	82193	204
1629572	2730380	199
2113320	2858178	74
707621	2113320	71
3489117	2113320	71
1005439	3489117	201
1672934	2113320	71
4065274	221006	76
1005439	3848988	201
2614141	4514417	6
1669828	1005439	119
1413721	4429735	198
2552618	4514417	6
2113320	1477536	74
1965482	1005439	200
1005439	4010720	201
4522686	2214480	32
142264	4514417	6
1005439	326630	201
1005439	1291528	201
3178251	3359943	199
2113320	1141500	74
2113320	2166434	74
1005439	3480886	201
138887	2113320	71
4309448	1713965	80
1005439	2421420	201
2067774	1005439	200
4412086	1005439	200
4551827	1266507	76
2113320	3408966	74
2113320	2867659	74
3781000	2113320	71
2113320	3731136	74
2113320	236705	74
400446	3006993	76
3798048	2113320	71
4429735	238426	199
358744	2113320	75
1005439	1611313	201
1445127	3718079	204
4645901	4514417	6
2113320	1600771	74
4126984	4309448	204
4328494	3268408	76
3229666	2089753	204
1534307	2113320	52
4309004	2113320	71
3080969	2113320	71
2113320	3580909	74
1005439	3978039	201
992302	2113320	52
2113320	3644430	74
1005439	4305560	201
2930689	2113320	71
1652674	1005439	200
4259355	2113320	71
2113320	685822	74
2113320	505760	74
1005439	576990	202
2113320	80955	74
2113320	2096036	74
1615519	1005439	2219
1005439	3373971	201
4076794	2113320	71
2348522	2113320	71
1374651	1005439	200
1005439	2729401	201
1005439	2591539	201
1005439	2640352	202
1005439	4152843	201
2168623	4514417	6
2394477	1005439	200
4233601	4429735	198
2113320	2130166	74
2113320	326630	74
4014517	4429735	198
1005439	1894815	201
1005439	1513805	201
2857086	2498046	204
1005439	1647672	201
1005439	2979433	201
1894815	2113320	71
2887557	4261640	204
3284631	1005439	200
1242325	3098839	203
4147586	1005439	200
4560485	1005439	200
991519	1005439	200
2113320	2739558	74
1221024	1005439	200
217126	1005439	52
4138398	1005439	200
2122816	2113320	71
94494	1005439	200
3178251	742768	199
1183692	1005439	200
3810845	1005439	200
2113320	161000	74
2676080	1005439	200
1005439	1669828	202
1005439	1328760	202
3634136	2113320	71
1005439	501697	201
1005439	4590824	201
1005439	3926183	201
890012	2113320	71
2020787	4514417	6
2113320	3462642	74
1005439	1428809	201
4305754	4429735	198
2113320	2103964	74
1861072	1005439	200
1005439	4100049	201
4012605	2113320	75
1005439	4272077	201
3096802	1005439	200
2113320	987811	74
371972	1005439	52
3787658	1088670	17
2113320	2330088	74
2113320	538119	74
611297	1005439	119
2654852	699069	204
2546261	2113320	71
2176893	2113320	71
1955306	2113320	71
3774204	2113320	71
43693	1005439	200
1971546	2113320	71
2113320	2601969	74
1005439	2130222	202
1027103	1005439	52
3989504	2113320	71
2113320	4123331	74
1005439	94494	201
4466131	2113320	71
2113320	664391	74
2113320	1834110	74
4166685	2113320	71
1005439	3708080	201
2594090	3680604	76
1691143	2113320	71
3336815	2113320	52
3890806	2109735	76
1005439	298929	201
3276216	2113320	71
4181535	1005439	75
2113320	3623291	74
1308183	4429735	198
710895	1005439	200
3718079	2113320	71
1395626	4514417	6
1718641	1005439	200
2176893	3178251	198
844829	3157722	199
1005439	2112019	201
2087215	301288	17
2113320	4566011	74
3178251	982185	199
4429735	2621054	199
1005439	4054619	201
4429735	3187292	199
3826428	1005439	200
1021795	1005439	200
3810123	4429735	198
1005439	4058795	201
4555384	1005439	119
2113320	1757073	74
1005439	2788530	201
1005439	3553732	201
1005439	3994906	201
2541298	2113320	71
1760487	1005439	200
1361973	1005439	200
1713965	4309448	72
4288601	2113320	71
3131955	2113320	71
4304495	1005439	200
98318	2113320	71
121393	2113320	52
3025268	1005439	52
1005439	2284124	236
2113320	1245143	74
4429735	3386417	199
223262	2113320	52
3837174	1005439	200
2678095	2113320	71
2096036	4514417	6
3284631	2113320	71
4429735	987811	199
986112	4429735	198
1005439	3069244	201
4146530	4429735	198
4165736	2912189	203
3270956	4514417	6
1005439	970619	201
1171885	1005439	119
3039679	1005439	119
1318198	118359	72
3178251	530331	199
2113320	4072523	74
3178251	2112019	199
2113320	1613699	74
3178251	2015016	199
1005439	4146530	201
1005439	3817872	201
319291	844829	198
2113320	2526026	74
1005439	4563057	201
1005439	252742	201
1005439	3002454	201
3581590	1005439	200
2113320	4172414	74
809137	1005439	200
2113320	1563652	74
1678235	1005439	200
3923228	2113320	52
1397934	1005439	200
1166544	4218857	76
2113320	778252	74
1005439	4494241	201
2170303	2113320	52
2113320	944171	74
2113320	2536872	74
2261233	2113320	75
2113320	3822344	74
1046274	2113320	71
2113320	4250956	74
1005439	744209	201
2268384	506615	76
3781000	1005439	200
2113320	591193	74
4560485	2113320	71
1005439	4509541	201
456040	1005439	200
98318	1228613	76
1005439	2122661	201
2113320	2979433	74
2113320	2472801	74
1091812	1005439	200
3580909	2113320	71
4429735	4079229	199
2113320	2411155	74
1005439	3954386	201
4577279	2113320	71
3178251	2040605	199
2113320	1848099	74
2798892	2113320	71
595780	3178251	198
767009	1005439	119
2113320	3385115	74
769072	1005439	200
895282	1005439	119
1395626	4429735	198
3048247	2832428	76
3645154	2113320	75
1865554	4429735	198
299931	1005439	200
3553732	2113320	71
2169207	1005439	200
605476	2113320	71
4288847	1005439	200
2978098	2113320	75
3553286	1005439	200
1005439	125252	201
1806697	1005439	119
2320132	3890806	147
4280774	2113320	71
3195174	2113320	71
3644430	4514417	6
1896413	4429735	198
4246302	2567009	204
2113320	1181243	74
1005439	3847264	201
2113320	2730380	74
3978377	2113320	52
4390884	1005439	200
2424581	2113320	71
991519	2113320	71
2113320	939815	74
1005439	2244969	201
2113320	2022473	74
2113320	486511	74
2113320	3601159	74
4109650	4152586	204
2113320	4379442	74
3213404	1005439	200
2113320	2953442	74
3941224	2113320	71
2567009	1005439	200
4429735	4073306	199
1005439	4367916	202
922898	4429735	198
711817	1005439	52
400446	4429735	198
1165547	4429735	198
1005439	3479839	201
1005439	2919959	201
1005439	1796509	201
1005439	499310	201
1221827	1005439	200
2479477	1005439	200
1005439	173830	201
2113320	94494	74
2196992	2113320	71
4170396	2113320	71
3204922	1615519	367
1005439	1798048	201
1318198	4514417	6
1536412	2113320	71
1005439	3287018	201
3346437	2113320	71
2113320	3596089	74
219878	1005439	200
4305560	2136840	203
142297	1005439	200
2545408	2113320	71
1005439	727414	201
2113320	1157308	74
2113320	2222252	74
3680996	301288	17
833442	1887458	76
4429735	1659092	199
3729894	2113320	71
890012	2044659	143
1005439	3358387	202
2878602	1005439	200
1005439	2642274	201
1005439	1671697	201
2113320	3207089	74
2112019	529092	203
2113320	4074737	74
2113320	760950	74
2113320	2672236	74
2402141	455911	76
1659636	1005439	200
2185875	2113320	52
1520840	4514417	6
1005439	3632894	201
2113320	61312	74
2113320	1308183	74
2544648	2113320	71
1005439	4615292	201
1005439	754476	202
1005439	4171963	201
4429735	3096802	199
1498717	2113320	71
2128646	1005439	200
1005439	3555580	201
2637700	1005439	200
1005439	3300245	201
1005439	3886652	201
478753	2113320	71
3373971	3050276	17
4573026	2113320	71
1808636	2113320	71
1868850	890012	199
1005439	482413	201
4107747	3962352	203
4429735	2897913	199
2826316	1005439	200
2113320	4461272	74
344122	2113320	75
3373971	1810602	198
2113320	410490	74
1005439	389337	201
2933303	2376528	6
942143	1890905	80
1005439	287042	201
1796038	2113320	71
1944560	3178251	198
1005439	2227203	202
944569	2113320	71
2043321	1005439	200
3101938	1005439	200
2113320	4439132	74
1005439	2080366	201
2113320	1021795	74
1424690	1005439	119
2113320	4501509	74
475010	1005439	200
760950	1005439	200
2411155	1005439	200
3386417	4263021	203
2113320	2101744	74
4079229	3421267	76
1776159	2113320	71
4435231	4514417	6
996737	1005439	200
3871886	1005439	200
814909	1005439	200
2113320	3818233	74
4387743	1005439	200
2437488	1010910	204
4210088	1005439	200
2113320	2103428	74
2377430	2113320	71
1005439	3924866	201
1005439	2542446	201
1005439	4551827	201
2113320	2137325	74
1597149	2329601	203
2511258	1005439	200
2113320	96974	74
1873891	1005439	200
4126984	1005439	119
85364	2113320	52
1005439	463193	201
2819367	1005439	200
2113320	1264406	74
1005439	3444022	201
2113320	2128646	74
2113320	3449906	74
3595082	2113320	75
2113320	2878602	74
1005439	2597018	201
1005439	2576076	201
1796360	1005439	200
2640487	1196493	87
3178251	3818233	199
1005439	4328494	201
1005439	3098839	202
1005439	2329601	202
3546562	1005439	200
2113320	2582921	74
1081829	1731413	204
2113320	5527	74
1005439	865706	201
216334	1779142	203
1005439	4010181	201
4523087	4309448	333
3932344	4514417	6
220917	1005439	119
2806499	1629572	198
952520	2113320	71
3810845	4429735	198
3879380	2113320	71
4478759	1005439	200
986282	3178251	198
102297	554587	17
2957469	1005439	200
1005439	4128418	201
2113320	56061	74
3178251	2477160	199
707096	4429735	198
2113320	644452	74
1005439	2363796	201
2571832	1005439	200
1005439	591193	201
1672934	1005439	200
3977187	2113320	71
4241504	98318	204
3978039	1005439	200
3550886	2218813	76
1699916	2113320	71
3099722	2113320	71
2735171	1005439	200
3992543	1005439	119
2113320	1513805	74
446237	1005439	46
82193	1327346	203
3582653	2113320	71
3178251	1191961	199
952520	301288	17
998585	1005439	200
1005439	2896085	201
2402628	4514417	6
1522023	2113320	71
2113320	3101927	74
1005439	3010448	201
1005439	3731136	201
2294190	2113320	71
2113320	1614755	74
1005439	1183692	201
1005439	68283	201
2632460	2168623	204
4304428	4514417	6
1534307	2113320	75
4562039	2113320	71
3449753	2113320	71
1181243	2113320	71
2069092	4429735	198
2113320	4466131	74
3295627	1005439	200
1005439	3319437	201
2022501	2113320	71
3222553	2113320	71
3378622	2113320	75
2113320	621684	74
3178251	2828107	199
2897913	2320132	31
1005439	1090308	202
4537249	3752355	203
3616949	1005439	200
844829	3413981	199
4560246	1005439	200
3048247	4278753	203
1005439	4478759	201
1814371	2113320	71
1005439	3571784	201
1266507	1005439	75
650069	1005439	200
1005439	2364085	201
3505702	529117	74
2113320	4598873	74
2168623	3472918	76
1005439	1872062	201
2113320	2773142	74
1005439	1561679	201
1005439	4114396	202
2113320	3828168	74
4412086	3242463	203
2069092	4514417	6
2113320	2936759	74
219878	2113320	71
1424143	1005439	200
1375529	4381268	204
1005439	4073710	201
2923284	1005439	119
2113320	4206387	74
1005439	879169	201
1005439	1174919	201
1289464	785735	203
1005439	4614564	201
475010	2113320	71
2631275	1005439	200
102297	4514417	6
1005439	3458679	201
400446	1005439	200
2581960	1005439	200
836921	1005439	200
2689336	4514417	6
1005439	3531191	201
883656	2113320	71
2938173	2113320	71
1005439	3014924	201
1005439	495839	202
4429735	3479839	199
850983	1005439	119
1005439	564149	201
1005439	1769921	202
2642274	2113320	71
238426	844829	198
2113320	142297	74
4302000	4560246	204
1800947	2113320	71
1005439	1111187	201
4155613	1005439	200
685822	2113320	71
1605275	2113320	71
284131	4514417	6
8693	2113320	71
1005439	3203817	202
1005439	1796360	201
2326807	2113320	52
1005439	613680	202
2113320	1873438	74
4528671	2113320	71
4429735	986282	199
1005439	1967996	202
3505702	2113320	530
1005439	864357	201
2113320	2039508	74
1842661	2113320	71
4476029	1005439	200
982185	1868850	198
2583013	1005439	119
754231	2113320	71
2729401	1005439	200
1005439	2571482	202
1005439	1605275	201
2103964	1005439	200
2715194	2113320	71
296655	2113320	71
2686367	1005439	200
3355628	1005439	200
3305846	1005439	200
2669354	1005439	200
2113320	4333343	74
529117	427530	591
1216686	2113320	71
1848099	1095366	17
2113320	3467744	74
2113320	3584150	74
4563057	1005439	200
3731136	1005439	200
3073995	2113320	75
3178251	2096036	199
1005439	2882957	201
3505702	116927	74
3852864	2113320	71
1478477	2113320	71
104430	3548123	76
2113320	120019	74
2467453	1005439	200
43693	3629541	76
1793204	2113320	71
1005439	2628889	201
2214480	90979	24
3960873	4429735	198
1208847	2113320	52
2397390	1005439	200
1005439	529117	201
4064483	3413981	204
2113320	3287018	74
2787624	2113320	71
1005439	377546	201
1005439	1843894	201
2113320	2957469	74
1247312	4022259	2858
3734545	2113320	71
3648287	1005439	200
3596089	4414491	76
890012	3178251	198
673285	1005439	200
1005439	4656550	202
2113320	3555580	74
624665	4429735	198
229443	2532813	203
679953	2113320	71
660363	2113320	75
1005439	2240843	202
2113320	2640487	74
2113320	2467510	74
2113320	3553732	74
4065042	1005439	200
2113320	160361	74
1005439	238054	201
2113320	3754764	74
4509541	2113320	71
1204749	1888424	76
2747659	2614141	204
2069092	505893	1876
2823148	1005439	200
1005439	491390	201
1868850	1223721	199
4483361	2113320	75
1005439	1806826	201
2113320	511331	74
2113320	2541298	74
1005439	3109812	201
1005439	2738861	201
2059797	1005439	52
1005439	1181243	201
4118636	2798397	204
1731413	1816252	76
3178251	986282	199
2203755	2113320	71
794019	1005439	200
4627003	1005439	200
2351750	2969543	203
2113320	3382200	74
1005439	4058265	201
1005439	4256471	201
180326	1005439	200
4502800	1005439	200
4645901	4429735	198
1005439	2887557	202
1005439	2268384	201
887423	2113320	71
2113320	1042317	74
3487210	2113320	71
4229021	2113320	71
236705	1005439	200
3780106	2113320	71
1005439	3663130	201
2113320	2690124	74
1445127	1005439	119
173830	2113320	71
1163797	2113320	71
3960873	4514417	6
3680996	1695866	32
1831998	2113320	71
2113320	1842661	74
2739558	1005439	200
396882	1005439	200
2076235	1041127	204
3178251	2402141	199
2113320	520694	74
3805611	3178251	198
4173399	1005439	200
3875110	2113320	71
3178251	2472801	199
2113320	2467453	74
2594090	4429735	198
1005439	3216157	201
1005439	3714151	201
1005439	4411902	201
2113320	2050794	74
1005439	1818834	201
596032	1005439	200
4435231	4429735	198
819588	2113320	52
1207910	1005439	119
3787658	2525911	76
2113320	1073245	74
163164	1005439	200
3832691	1005439	200
4432937	1005439	200
1006815	1005439	52
1005439	764198	201
75100	3178251	198
3178251	4261640	199
2936759	1005439	200
2734570	4514417	6
3680604	2113320	52
2113320	3936603	74
4429735	4065274	199
1611313	3050276	17
2509197	1005439	200
4514884	1005439	52
1005439	3972311	201
1204749	4429735	198
1005439	4278753	202
3428873	2113320	71
764421	2113320	71
4215234	2113320	71
1729179	2113320	71
2113320	4427768	74
2113320	1496639	74
229443	4514417	6
3550886	3050276	17
4155613	2113320	71
4324206	1005439	200
1328760	3822476	204
4222760	3373971	204
1005439	4192871	201
1005439	2004188	201
742768	3069756	203
1019127	2113320	71
2709538	1005439	200
1688181	2822347	76
2823148	4429735	198
1090962	1005439	200
4088047	2113320	71
3645154	2113320	52
1005439	290280	202
4429735	2699499	76
2113320	4282761	74
764198	1005439	200
1841299	911619	204
75100	1005439	200
3178251	1221827	199
2113320	4471091	74
2113320	3107158	74
3178251	319291	199
4429735	4165736	199
1005439	3044834	201
4342367	1005439	200
3661290	1005439	200
3893588	2113320	71
3505702	2640487	74
3006993	1005439	75
1992074	4539112	76
508622	1005439	200
1005439	2737401	201
4072523	1005439	200
1005439	1260909	201
1257384	2113320	71
1005439	2575365	201
3093856	4514417	6
406087	2113320	71
2391988	1005439	200
3526398	2113320	71
2532813	1005439	119
3178251	2176893	199
1005439	1066857	201
2113320	2739171	74
983537	2113320	71
96974	1005439	200
2113320	3274239	74
1005439	2821329	201
2348522	1005439	200
4007881	2828107	204
2113320	4601769	74
435491	2113320	75
1005439	914137	201
4536719	1005439	52
2113320	2738861	74
1005439	3817978	201
1005439	3575157	201
2113320	1034945	74
1005439	4598464	201
2113320	2198988	74
75328	1005439	200
3178251	75100	199
2629099	4429735	198
1179039	1005439	200
1005439	2272321	202
2113320	4406103	74
4015047	2113320	71
4309448	4523087	41
2629099	1005439	200
2113320	1602146	74
1005439	836921	201
1361973	4429735	198
295629	1005439	200
1194348	1424690	203
3242463	4412086	204
708700	1005439	200
4429735	864330	199
1868850	400446	199
4286040	4514417	6
1044587	1005439	200
2113320	3377790	74
1005439	3843156	201
3954386	1005439	200
1005439	3295627	201
2113320	2737401	74
4429735	3754764	199
1005439	1611845	202
1404622	1005439	200
1507841	2113320	71
1897875	2113320	71
1868850	3718079	199
2113320	1806826	74
2130229	1005439	200
2164884	2113320	71
1233500	4138050	203
4429735	3373971	199
4429735	2228772	199
1776797	2113320	71
1330783	2113320	71
1497996	2113320	71
2113320	3988611	74
1101073	4514417	6
3562969	1005439	200
2136840	1005439	119
1005439	1536412	108
3555300	2113320	52
2113320	2402628	74
692044	2113320	71
1005439	3625383	201
4028837	1005439	200
845942	3505702	71
2113320	2244969	74
3071049	1005439	200
3888782	2113320	71
1005439	2866653	201
1005439	2049232	201
1614755	2113320	71
2545632	2113320	71
1005439	96974	201
2946664	1005439	52
1833847	2113320	71
2113320	285683	74
3605863	2322639	203
2067774	2113320	71
3413981	4107115	76
1005439	273047	201
2113320	2431247	74
1048018	1005439	200
1005439	475010	201
3178251	3843845	199
2113320	3960475	74
96974	2113320	71
3096802	282220	76
2832428	2113320	52
3962352	1005439	119
4128418	1496196	203
308153	2407099	204
1873438	1005439	200
1005439	343278	201
923229	1005439	119
4423600	2113320	75
4381268	4429735	198
4022259	4514417	6
1005439	2966761	201
2113320	1831998	74
1005439	2300171	201
2113320	4287455	74
2806499	1810602	198
1101646	4139449	204
769072	2113320	71
4172414	1005439	200
2113320	2609840	74
1005439	3648432	201
2168275	2113320	71
1123147	4514417	6
1005439	1754960	201
2240776	4429735	198
3661290	2113320	71
4328494	4429735	198
845942	4514417	6
890012	844829	198
3972311	1005439	200
3468940	1005439	200
1005439	299931	201
2113320	1216686	74
3360539	2113320	71
3714151	2113320	71
1766013	1005439	200
3309062	1005439	200
987811	2920134	203
2137325	2113320	71
1718076	355477	204
1005439	204247	201
1005439	905992	201
2938173	4094913	76
2113320	764198	74
2222252	1005439	200
4146530	3515944	71
2618984	1005439	200
1251917	1005439	75
1005439	3972105	201
1911221	1974859	76
2739171	4583357	17
529117	4429735	198
2113320	3977187	74
4445574	2113320	52
2113320	3723401	74
1821652	2113320	71
1893272	1005439	119
3865129	2113320	71
1005439	216604	202
4272077	1005439	200
2113320	3138551	74
3309062	2113320	71
958782	1005439	52
2912189	1005439	119
2113320	2999411	74
2113320	3798048	74
4230756	2113320	75
1216686	1005439	200
1005439	2322639	202
4429735	1894815	199
4104099	1005439	119
1005439	2891282	201
1005439	1923969	201
684980	2113320	71
1240541	1005439	200
745733	2113320	71
1005439	980105	201
2446258	4049839	80
3178251	4171700	199
1793871	2113320	71
99869	2113320	71
266170	1005439	119
1807886	1005439	200
302683	2113320	71
2069092	2593239	76
1952286	2113320	71
2113320	4230956	74
1005439	3435934	201
1868850	1125847	199
4065274	301288	17
4362852	4429735	198
3945097	463193	80
2897913	1005439	200
940553	4328494	204
1005439	4320144	201
1088184	4429735	198
2871493	2113320	52
641004	2113320	71
1648902	2113320	71
3274239	2113320	71
1005439	4091361	201
2113320	4634881	74
2760451	2113320	71
1005439	3945500	201
1005439	952520	201
3178251	4139827	199
1005439	1900368	201
3635839	2113320	52
216604	3204922	204
2497019	2326807	76
3178251	1776797	199
1005439	4551363	202
3773749	1005439	200
2113320	3553286	74
227013	4429735	198
2734467	2113320	71
1005439	2372759	202
1005439	736109	201
2113320	609297	74
1005439	3429687	201
4429735	3550886	199
350046	2402628	204
3522127	1005439	200
1090308	1005439	119
3680996	1005439	200
483318	1005439	200
1005439	355477	201
3320936	2113320	71
1289464	4429735	198
2113320	1746329	74
61312	2113320	71
2317635	1005439	200
2113320	986282	74
3932344	1868850	198
3360539	1005439	200
1165547	4514417	6
4260107	2113320	71
2050794	1005439	200
2124480	2096036	204
1005439	2124480	202
2113320	4590824	74
2113320	1222461	74
615788	2113320	71
3580909	1005439	200
2805244	1005439	119
4065274	2113320	71
3351581	4429735	198
1018034	2113320	52
2113320	742101	74
161000	2113320	71
1733909	1005439	200
2052998	1005439	119
2113320	1132876	74
4429735	108724	199
3360257	2113320	71
1634274	3832029	203
3940844	1005439	200
3309808	1005439	200
1980885	3178251	198
3178251	1597149	199
1005439	4406103	201
1451461	1005439	200
1005439	1177674	201
4598464	1005439	200
3700855	4514417	6
2113320	2787624	74
3991473	3178251	198
2689336	2113320	71
4156952	1005439	200
954081	1005439	200
2551499	1005439	200
3633555	2113320	52
3486442	1005439	119
4256471	1005439	200
1005439	2280806	201
3131955	1005439	200
1308183	1868850	198
2113320	4337161	74
2571482	1203482	204
2113320	685167	74
699069	1654241	76
3707805	1005439	200
1228927	102297	204
2871493	2113320	75
2823148	2783185	76
2113320	2575365	74
1005439	4435515	201
833442	850983	203
2113320	1643275	74
3890806	4429735	198
699069	1629572	198
3977187	1005439	200
619852	2232707	76
1613699	1005439	200
2113320	3846363	74
2571832	2828181	17
2113320	1793204	74
2113320	3435474	74
4595615	1005439	200
1980885	4514417	6
744209	2113320	71
708503	1005439	200
2113320	401546	74
2594090	4514417	6
2933303	2272321	203
3303470	1005439	200
4429735	2020787	199
4305560	4429735	198
607703	1005439	200
1005439	750483	201
1005439	4055171	201
1140993	1005439	200
2113320	3231545	74
3762106	1005439	200
1005439	1264406	201
1005439	76808	201
4493224	1123147	204
2832337	1005439	200
4429735	1088184	199
1769921	3762106	204
3098839	1242325	204
1816252	2113320	75
3756577	319291	204
2113320	2571832	74
2113320	1496698	74
2739171	4514417	6
1005439	2555722	201
1005439	1806697	202
2416663	1005439	52
1005439	4381909	201
911619	1841299	203
4630920	2113320	71
82193	1868850	198
2113320	3169956	74
1005439	965886	201
952520	1005439	200
3078218	2113320	71
2113320	142264	74
1407353	2113320	71
1028546	1005439	200
1059084	1005439	200
1871506	1005439	200
1005439	3644430	201
108724	3560673	203
1005439	1413721	201
1005439	3962352	202
2897913	2816654	76
3429687	1005439	200
4184656	2113320	71
2113320	3323992	74
2044659	890012	73
3787658	4429735	198
2582428	2113320	71
2113320	3057209	74
462712	1005439	119
2113320	2384963	74
1005439	1045326	201
3093856	1005439	200
2913660	2113320	71
3075122	2113320	52
1005439	4577279	201
124103	2113320	71
4476029	2113320	71
4312928	1005439	52
1295584	2113320	71
21508	1643275	204
1005439	3331595	201
1005439	4599980	202
523341	1005439	200
4429735	911619	199
3268408	1005439	75
2113320	3487210	74
2113320	3167294	74
1873891	2113320	71
2113320	3871880	74
2472801	844829	198
1005439	2818025	201
1005439	2404540	201
1005439	1237118	201
1125320	2113320	71
3755960	1005439	119
2113320	1959981	74
1005439	2860914	201
2113320	2437425	74
2666251	2113320	71
1005439	2381404	201
2113320	3886652	74
2818025	2113320	71
3977643	1005439	200
325502	3178251	198
1005439	956077	201
3923228	2113320	75
333520	1005439	119
1005439	219878	201
3747692	1005439	200
1005439	2103577	201
3567357	1005439	200
3918052	2113320	71
1231579	1686692	76
2113320	4229021	74
2783185	2113320	52
3544219	2113320	71
1801562	2113320	71
762941	1125847	204
2421420	2113320	71
1005439	1174656	201
3129618	2113320	71
2015016	1657327	76
3334910	1005439	52
2113320	1843894	74
1005439	883656	201
2113320	1424143	74
1005439	3010448	108
2113320	1476716	74
4594400	4429735	198
2113320	2332862	74
1005439	2610727	201
1005439	3707805	201
4429735	3945097	199
2113320	2666251	74
2113320	3610969	74
1692427	3178251	198
2113320	3843150	74
4429735	1361973	199
2113320	4357254	74
1614967	4514417	6
2113320	432796	74
4429735	2798397	199
3843688	2113320	71
1042317	1005439	200
149397	4429735	198
3832691	2113320	71
1426551	2113320	71
1027051	2113320	71
1005439	3421327	201
1005439	2508101	201
1005439	2198988	201
2043833	2113320	71
3664293	2113320	71
3629471	1005439	200
2604376	3945097	204
1005439	3977785	201
1005439	224213	201
2113320	4215234	74
2113320	705714	74
1708899	2113320	71
1447711	1005439	200
1005439	4251877	201
2187756	1005439	75
4210125	2113320	71
1005439	1279014	201
3213404	2113320	71
2113320	1445097	74
1995945	2113320	71
1005439	753517	201
1005439	2198446	201
2113320	4296603	74
295629	2113320	71
2113320	954081	74
2113320	3305278	74
1005439	814909	201
1992074	1599849	203
586044	4429735	198
4022259	3248115	17
2113320	1221024	74
2113320	2027011	74
1095046	2113320	71
2113320	4611952	74
2113320	3617334	74
1784001	2113320	71
1005439	1569692	201
3178251	1699401	199
2930562	2497019	204
1005439	3598938	201
4312928	1005439	75
1686692	1005439	75
2897913	4429735	198
4519153	1005439	200
1005439	3786025	201
1005439	3756155	201
1005439	2711499	202
2113320	4052866	74
1005439	2960775	201
4429735	2402628	199
2113320	396882	74
1005439	1233500	201
1005439	2240908	202
229443	1456351	76
4429735	1643275	199
1611618	1284776	76
3334910	1005439	75
3680996	1877068	76
2113320	1506356	74
1005439	557634	201
4429735	3700855	199
3670597	1005439	200
515710	2113320	75
1270484	2113320	71
2272321	2933303	204
1005439	89368	201
2130222	1005439	119
2113320	1793871	74
2113320	1091509	74
3305278	2113320	71
1005439	75100	201
1005439	241010	201
947364	4309448	38
463193	2113320	71
1005439	3703882	201
1005439	4562039	201
1890905	1005439	200
2113320	1980885	74
2113320	1330783	74
592396	1005439	200
2580370	1095366	17
1005439	2306839	201
1010910	2177566	76
1005439	5527	201
1444008	2113320	71
4261640	2887557	203
1005439	1544201	201
4429735	4107747	199
3178251	412808	199
1279014	2113320	71
3069756	1005439	119
2113320	3957733	74
2113320	4558057	74
2113320	2253200	74
741280	2113320	71
1981989	2113320	71
753517	2113320	71
2113320	707621	74
1959981	2113320	71
4146825	2113320	71
3557364	4423881	203
1005439	211293	523
1761302	2113320	71
520694	1005439	200
2113320	751115	74
4241504	1005439	119
1005439	1783174	202
1155911	1005439	200
377546	1005439	200
1005439	4275673	201
2113320	4280774	74
4429735	707096	199
2113320	1736544	74
1005439	4251621	201
2113320	89368	74
737325	1005439	200
616589	1005439	200
2757842	2113320	71
3039679	3407574	204
4107747	1005439	200
4073710	2113320	71
1005439	954544	201
1005439	2479477	201
3605863	4221872	76
1005439	2604376	202
3972311	4393261	76
2046664	2402141	204
2617580	2113320	75
4429735	1801562	199
2376840	2113320	71
2113320	1019127	74
2621625	2113320	71
1005439	3169956	201
1010385	2113320	71
326524	1005439	119
1005439	490735	201
1659708	1005439	200
1005439	1151980	201
2113320	2310046	74
4351741	1005439	200
2775830	2113320	71
1005439	4287455	201
1520840	899304	152
3178251	102297	199
2402141	3505647	17
2113320	3429687	74
1005439	3793338	201
4280774	1005439	200
2113320	3458679	74
2294190	3178251	198
3178251	1634274	199
2213893	1005439	75
3204922	2739711	76
1005439	1688181	201
4197058	2113320	75
3847264	1005439	200
1185825	4429735	198
4521106	1005439	200
4429735	1611618	199
549433	2640487	204
1005439	2567009	201
2091604	1005439	200
2310046	1005439	200
2113320	555345	74
4281319	2113320	71
1005439	1125320	201
4272077	2113320	71
2113320	1536412	74
3977785	2113320	71
34179	1005439	52
1005439	277800	201
1944560	3602313	76
2113320	3917883	74
4206387	2113320	71
1005439	2301511	201
3762106	4076794	367
2113320	737325	74
785735	1005439	119
4385238	2113320	71
2113320	4288601	74
1578366	1005439	200
2113320	2508101	74
1285826	301288	17
3270956	290280	203
1005439	819994	201
3010448	1005439	127
1005439	2136840	202
2113320	1763329	74
1005439	1141917	201
1005439	1136056	201
4146530	3178251	198
4560246	2711490	76
629145	3838321	203
2113320	3853248	74
2113320	1094130	74
1639333	1005439	119
1005439	208699	201
2415052	2113320	75
2113320	483757	74
1005439	27829	201
1005439	216818	201
1005439	2614622	201
2954628	1005439	200
4205241	1819273	203
954544	2113320	71
2481779	4514417	6
1005439	978837	201
1005439	1928745	201
3216157	301288	17
586044	2261233	76
1318198	2113320	71
399943	4429735	198
1611618	4653667	203
2113320	2693734	74
1749990	1005439	200
1221827	2044240	203
520490	1005439	200
4171963	2113320	71
4090497	2113320	71
1094130	1005439	200
1868850	4309448	199
2542446	2113320	71
1041127	3178251	198
3547012	2113320	71
4367870	4514417	6
2113320	3577373	74
2738861	1005439	200
2113320	108724	74
1688181	1005439	200
2113320	1872062	74
4139449	1101646	203
2415878	1005439	200
102297	1005439	200
1890905	4514417	6
2351750	4514417	6
2113320	4100049	74
2113320	954544	74
137460	2113320	71
2679788	2113320	71
2113320	2621625	74
2113320	616589	74
4429735	1848099	199
4337177	2113320	75
596032	767009	203
1005439	1505971	202
1005439	3031844	201
4653667	1005439	119
1005439	3036362	201
1327346	1005439	119
43693	3178251	198
3708080	1005439	200
2113320	641004	74
349634	2113320	71
1005439	2468139	201
75100	2113320	71
3413981	4514417	6
1746329	1005439	200
2113320	4591400	74
2113320	4117855	74
3178251	2442696	199
3231545	2113320	71
4429735	3435934	199
358744	2113320	52
2113320	2043321	74
2113320	764250	74
1073097	2113320	71
2575365	2113320	71
95280	4360915	203
1005439	1814371	201
3078302	2113320	71
2176893	4514417	6
1005439	1886310	202
325502	844829	198
2113320	3345674	74
3918447	1005439	200
160361	1005439	200
1005439	820982	201
1005439	1456766	201
2113320	1565650	74
1005439	538119	201
1005439	2757842	201
1005439	1096010	201
922898	430759	203
3207089	2113320	71
1659092	432408	76
3435934	1005439	200
2113320	796920	74
1264406	1005439	200
2113320	1578366	74
1005439	2363943	201
1005439	1389595	201
3495726	3178251	198
1005439	108724	201
4286040	3178251	198
4429735	4146530	199
2573925	2113320	71
3786025	1005439	200
3640131	1331098	76
2113320	2646664	74
1005439	220917	202
4429735	605028	199
15138	2113320	71
3413981	3178251	198
1005439	1042317	201
1871522	2113320	75
1005439	4521106	201
1005439	3798259	201
3178251	43693	199
1070358	1005439	200
1695866	3680996	38
2113320	660402	74
3598403	2113320	71
2860914	2113320	71
1005439	685167	201
4138398	2113320	71
1005439	3987660	201
2730380	3073995	76
1005439	932103	201
4437371	2113320	71
4533230	1005439	200
4429735	4435231	199
2113320	3603046	74
2113320	412808	74
1330518	4514417	6
3557470	1005439	200
1361973	4599185	203
1754960	2113320	71
2113320	349634	74
3016632	1005439	75
1779142	1005439	119
2113320	2773089	74
1052648	1005439	200
3505702	2594090	74
2397390	2113320	71
2113320	3598403	74
560936	1005439	200
161000	1005439	200
4381909	1005439	200
1005439	2666251	201
4501509	1005439	200
3709291	2113320	71
1005439	3377790	201
1886310	4028837	204
1005439	1938640	202
412808	2871493	76
3449906	2113320	71
2113320	1795212	74
1005439	3848177	201
2113320	3684765	74
163164	2113320	71
1005439	3413981	201
324584	2113320	71
3562969	4514417	6
1005439	1277408	202
1312776	1005439	52
1005439	3229027	201
301288	2214480	18
3487210	1005439	200
2464205	2113320	71
2113320	764421	74
2113320	3078218	74
1005439	4493224	202
2113320	4385895	74
1005439	2897913	201
3178251	4324206	199
3000877	2113320	71
3204922	4429735	198
2096036	1005439	200
688152	1005439	200
2299871	1005439	119
1887458	2113320	75
4066682	2113320	52
950102	1005439	200
1005439	3542707	201
1005439	3383681	201
3178251	2689336	199
2113320	90998	74
2788430	2113320	71
2113320	11800	74
2113320	3114688	74
2821329	2113320	71
2320132	2897913	147
517955	2113320	71
3661290	1513805	80
1005439	855683	202
1005439	3810845	201
1005439	2546261	201
1005439	2055307	201
2113320	28838	74
3178251	2621054	199
705714	1005439	200
4122089	2113320	71
1222461	1005439	200
1628851	1005439	200
1321133	2113320	52
1005439	1602146	201
1524872	2113320	71
1005439	1729179	201
769082	4514417	6
4305754	3016632	76
937388	1005439	200
4495039	3178251	198
1888347	2113320	71
435491	2113320	52
4165736	4514417	6
1005439	4510008	201
2990592	957013	76
727414	2113320	71
2113320	2133875	74
2113320	4123224	74
822820	1005439	119
1005439	3943836	201
2546375	1005439	200
1005439	679953	201
1005439	3091812	201
2113320	2913379	74
2113320	3889786	74
446237	1005439	125
1515693	1005439	200
1629572	4139449	199
956978	1005439	200
1842661	1005439	200
2101656	2817904	39
560936	2113320	71
1177674	2113320	71
760192	1005439	200
2113320	1749990	74
1005439	3957733	201
3628479	1005439	200
2113320	2391988	74
4065274	3792130	1877
764421	1005439	200
1644109	1005439	200
4558057	2113320	71
1005439	3402147	201
102297	3178251	198
1890905	3178251	198
1088184	344122	76
1005439	3596784	201
2311290	1005439	200
4571696	1005439	200
1005439	4074737	201
1868850	3386417	199
4414491	2113320	75
3945097	4514417	6
1005439	29528	201
4619299	2113320	71
978837	1005439	200
3762106	2113320	71
3203817	1005439	119
2113320	3222553	74
2113320	991519	74
1005439	3941224	201
3107158	2113320	71
169588	1005439	200
2113320	2880887	74
1005439	2043833	201
118359	2113320	71
3000877	1005439	200
2113320	1659636	74
2113320	1672603	74
416838	3515944	71
4429735	3805611	199
1893272	1101073	204
810094	2176893	204
2113320	3848177	74
1005439	104430	201
948430	1005439	119
325502	2460379	76
890012	3050276	17
4429735	860382	199
4429735	4362852	199
403889	3562969	204
1561679	74294	203
1005439	1037575	201
1005439	2878820	201
2113320	4094708	74
2113320	950102	74
2113320	4623944	74
3093856	2113320	71
90481	1005439	200
3216157	4197058	76
1798048	2113320	71
160027	1095366	17
4324206	1251554	203
3843156	1005439	200
1005439	396882	201
1005439	531149	201
1005439	446237	63
1005439	4591400	201
2113320	1478477	74
4367870	4429735	198
2113320	1174656	74
1094130	4108859	203
1005439	2165057	201
2214480	4522686	38
4353911	2113320	71
2614141	4514884	76
2087215	2113320	71
4123224	2113320	71
2113320	2327972	74
2728980	1005439	75
116927	2059797	76
4079229	3527181	203
1005439	517955	201
3143002	1005439	200
3839719	2113320	71
2113320	483318	74
3425967	1005439	200
1005439	8693	201
569123	1005439	200
1037814	4429735	198
1005439	2220239	201
4181535	1005439	52
883305	3787658	204
2812185	2113320	52
1222117	2113320	71
2113320	3036362	74
4146530	2466200	76
688152	2113320	71
1005439	1105762	201
2113320	313037	74
4429735	529117	199
3756155	1005439	200
2232707	2113320	52
4482795	712187	76
1005439	3518140	201
2357117	1005439	119
2562463	1005439	200
2545632	1005439	200
3178251	2087215	199
2113320	3847264	74
1073097	1005439	200
1005439	3157394	201
1005439	225915	201
1888502	2113320	71
2113320	3729894	74
2582921	1005439	200
4170396	1005439	200
4566011	1005439	200
1005439	1506356	201
1005439	796920	201
1067580	2113320	71
1005439	883305	202
4324206	1168264	76
2640487	1868850	198
2113320	2183834	74
3575157	1005439	200
1284776	2113320	75
3703882	2113320	71
1005439	4122089	201
4165736	2113320	71
4278753	3048247	204
2526026	2113320	71
4556600	2113320	71
890012	1868850	198
120019	1005439	200
2113320	3625833	74
2113320	1447711	74
2113320	1663127	74
2113320	1856233	74
4054619	2113320	71
2113320	3951077	74
2869375	1005439	119
2399145	4514417	6
3101927	1005439	200
4609783	4514417	6
2015902	1005439	75
2113320	3424850	74
4192871	4514417	6
2351750	3621273	76
1005439	4261640	201
2113320	769072	74
956077	1005439	200
1091509	1005439	200
1005439	2571832	201
4320144	2113320	71
2113320	16456	74
4108859	1094130	204
1005439	3351510	201
588326	1005439	119
3022439	3479839	204
685822	1005439	200
1005439	3897642	201
2113320	2348522	74
1005439	3364220	202
917660	2113320	71
1005439	4108859	202
1987586	2113320	71
1005439	2027011	201
3187292	4429735	198
632385	1005439	119
531149	2113320	71
2404540	1005439	200
1005439	1779142	202
2269442	2113320	71
1005439	4215930	201
2113320	245765	74
2113320	4309448	74
4073306	1005439	200
3786025	2113320	71
1005439	3764614	201
2113320	4186701	74
1005439	3992543	202
1005439	937388	201
3443139	1005439	200
1005439	3328430	201
1913559	4429735	198
1801562	4429735	198
1718076	1005439	119
1005439	555345	201
3988611	1005439	200
4052866	2113320	71
1005439	483525	201
3640131	2113320	71
1005439	1659708	201
1708899	1005439	200
4082462	1095366	17
2113320	2394477	74
3810123	948430	203
4066682	2113320	75
2113320	3706123	74
3690878	1005439	119
4605763	1005439	200
135471	1005439	200
4618029	2113320	71
2113320	1659092	74
430759	1005439	119
1191961	3178251	198
1151980	1005439	200
3364220	1005439	119
1848099	2113320	71
1678308	1005439	200
1005439	713711	201
619852	4429735	198
3992543	3435934	204
2113320	574645	74
2601969	2113320	71
4268563	1005439	200
2113320	1270484	74
4495039	1005439	200
778252	2113320	71
1005439	2077875	201
2113320	82193	74
1005439	308153	202
4010026	1005439	200
505760	2113320	71
3401845	1005439	200
403889	1005439	119
2472801	1868850	198
3069244	1005439	200
1005439	3107158	201
3351581	3528514	203
1005439	406087	201
778252	1005439	200
1005439	3462642	201
3969192	2533635	204
1005439	1052028	202
1005439	1821652	201
4520585	2113320	71
1064786	4171700	204
1712754	1005439	200
2113320	1279014	74
1789899	97796	204
1497280	1005439	75
1888347	1005439	200
2113320	2144405	74
2113320	1444008	74
2113320	1678235	74
1125320	1005439	200
324158	1005439	200
1451461	4114396	203
82193	3050276	17
1005439	313037	201
4309448	4583357	17
1005439	4090497	201
1005439	4342367	201
2571482	1005439	119
3787658	883305	203
392076	2471471	204
2113320	164458	74
1240541	2113320	71
1754960	1005439	200
3386417	1756855	76
1005439	624665	201
2113320	1386982	74
1005439	2446258	201
4100049	1005439	200
754476	2734570	204
1005439	2103149	201
2020787	4429735	198
1005439	1911221	201
3422377	1005439	200
3349555	2113320	71
2817904	833442	38
1166544	1005439	200
1005439	1987586	201
1005439	1805551	201
3331595	1005439	200
1005439	3832691	201
712187	1005439	52
2113320	2544167	74
3178251	2891282	199
4039554	2113320	71
290280	3270956	204
2113320	3495726	74
1285826	1683188	76
2113320	118788	74
1005439	1132876	201
2482412	1005439	200
1005439	383492	201
1005439	38844	201
990465	2113320	71
2113320	514350	74
4210125	1005439	200
3056024	2113320	71
1613699	2113320	71
2241513	2113320	71
3421267	2113320	75
2424581	1005439	200
2113320	3629471	74
3281479	1165547	204
1312776	1005439	75
1005439	3629471	201
4367916	3401845	204
1005439	427448	201
555345	2113320	71
2040605	554587	17
703284	1005439	200
1005439	1103472	201
3178251	4495039	199
1005439	830952	201
3994906	2113320	71
1005439	1634274	201
3764614	1005439	200
2321974	2113320	71
707096	1005439	200
1005439	2735171	201
1834110	2113320	71
3178251	4049839	199
3644430	4429735	198
2113320	4533230	74
1204749	1005439	200
2475878	2113320	75
1185825	4514417	6
1005439	1888502	201
2113320	2404540	74
4429735	3462642	199
2437488	1005439	119
4429735	1614967	199
1005439	3546562	201
4091361	1005439	200
1005439	3032353	201
2113320	2377430	74
1005439	142264	201
2294190	973400	76
2130222	2994242	204
1340176	2113320	52
2113320	4081131	74
2228772	4429735	198
2992986	1005439	200
4022259	3792130	3468
4028255	2113320	71
2946664	1005439	75
2113320	1291528	74
1005439	755576	201
4280774	2308191	203
1005439	2008275	201
965886	890012	72
2113320	4491119	74
1005439	707621	201
3890806	2320132	139
1005439	3382200	201
2113320	238054	74
2222252	2113320	71
2113320	1090962	74
3277277	2113320	71
2676080	2113320	71
2241513	1005439	200
948983	1005439	200
4367916	1005439	119
4251216	1005439	200
3571784	1005439	200
3178251	833442	199
4152586	4429735	198
1005439	4522686	201
939815	1005439	200
1005439	2222252	201
1005439	3408966	201
3351225	1005439	200
2979433	2113320	71
791797	2113320	71
1965482	2113320	71
1005439	804432	201
255525	2113320	75
1005439	2357117	202
3747692	2113320	71
2934921	3178251	198
2113320	3738930	74
2113320	1325217	74
2598551	1308183	204
4539112	2113320	52
2112019	440077	76
1005439	2994242	201
1538886	2113320	71
610420	1005439	200
216334	4514417	6
2113320	3393002	74
1005439	524631	201
2113320	1897875	74
860382	2805244	203
1005439	707096	201
3056024	1005439	200
2357117	2008275	204
1072885	2113320	71
1005439	2678095	201
313037	2113320	71
1005439	2894047	201
1005439	3512270	201
1034119	1005439	200
2113320	3893588	74
2805444	1005439	200
1005439	3640884	201
1194348	3178251	198
2689336	3923228	76
2571832	2113320	71
959211	2113320	75
4522686	1005439	200
1059084	2113320	71
238426	3505702	71
2113320	2271442	74
2113320	1707252	74
710895	2113320	71
4520585	1005439	200
4406403	1005439	200
1005439	957378	201
2113320	4107747	74
3582351	1005439	200
1005439	996737	201
3610969	1005439	200
1005439	4277516	201
3178251	4286040	199
3423553	2113320	71
3749804	1005439	119
233001	2113320	71
2332862	2113320	71
2533635	3969192	203
1776797	378194	203
1222461	2113320	71
3178251	1811557	199
2022501	1005439	200
4139449	1005439	200
3632894	2113320	71
1005439	3056024	201
1005439	2542493	201
3932344	2113320	71
1242325	4429735	198
2821329	1005439	200
2113320	703284	74
3168545	2113320	71
1005439	1389102	201
850983	833442	204
3943836	1005439	200
2472801	4514417	6
1165547	3896878	76
3633555	2113320	75
4429735	986112	199
1005439	101824	201
1561679	255014	17
1005439	4082462	201
1005439	2819367	201
959211	2113320	52
3482928	1005439	200
416838	3050276	17
4346979	1005439	200
499310	1005439	200
2113320	2637857	74
2113320	908497	74
2168623	4429735	198
2096036	629145	72
1005439	4431850	202
4094913	2113320	52
624050	2113320	52
2076235	1005439	119
1205728	3932344	204
3351225	2113320	71
1005439	3738930	201
2113320	688152	74
3396928	1005439	200
1005439	3640131	201
2816654	2113320	52
509270	4082462	204
957188	2113320	71
4429735	4305754	199
2935922	2113320	71
3386417	4429735	198
3545450	2113320	71
414774	2113320	71
1005439	1614755	201
2259055	1005439	200
1810602	3945097	199
1005439	1364547	201
1005439	3360257	201
2113320	1513354	101
1132876	2113320	71
3947232	2113320	71
2550343	2629099	204
1766013	2113320	71
1005439	1708899	201
479491	1695866	32
2544167	2113320	71
4010026	2113320	71
1048018	2113320	71
735929	2113320	71
148932	2113320	71
2077875	2113320	71
2113320	2729401	74
1005439	412808	201
3726684	2113320	6750
4609783	1005439	6877
1005439	2165057	6876
1005439	4493224	6795
2113320	3610969	6747
1734243	2113320	6750
1005439	229443	6876
302683	2113320	6750
531149	2113320	6750
4429735	2154957	6874
2113320	1822059	6747
4514417	4362852	6682
1639333	1005439	6878
2113320	742768	6747
1005439	1174656	6876
301288	2144482	6693
1980885	1005439	6877
3178251	4442106	6874
4429735	104430	6874
3996559	1005439	6877
4304495	1005439	6877
2113320	31705	6728
3425967	1005439	6877
4429735	3932344	6874
4429735	982185	6874
2113320	736109	6747
1005439	2423562	6876
2177161	1005439	6877
1005439	11800	6876
1123326	2113320	6750
2113320	108724	6747
1005439	1911221	6876
2113320	905992	6747
1005439	2108265	6751
2113320	2340397	6747
1513805	1706601	6880
3178251	3558391	6874
2227203	2399145	6879
1005439	2508101	6876
2113320	483757	6747
2804671	1005439	6877
1005439	3629541	6728
2113320	443010	6751
4514417	890012	6682
1005439	325706	6876
1005439	2739171	6876
3178251	1827979	6874
1005439	1643264	6876
416838	4429735	6875
3718079	1005439	6877
1005439	2746532	6876
2113320	3773864	6747
1005439	3346437	6876
844829	1513805	6874
2113320	1678308	6747
1005439	4192911	6751
1005439	1228927	6795
1507841	2113320	6750
1067580	2113320	6750
214390	1005439	6877
3178251	833442	6874
1005439	427448	6876
1046274	2113320	6750
2113320	1974859	6728
1005439	1299173	6876
4519153	1005439	6877
3596784	2113320	6750
3561592	2113320	6750
3644430	90979	6714
3002778	1005439	6877
1005439	3926183	6876
2819367	2320132	6714
1005439	2601065	6876
2113320	514350	6747
2482695	1005439	6877
3497044	1005439	6877
4157799	3373971	6752
4131486	4209687	6752
2113320	1823306	6747
1005439	3424424	6876
3056024	2113320	6750
3434216	1005439	6877
982185	1868850	6875
2113320	104430	6747
1005439	726540	6876
2734467	2113320	6750
2113320	624785	6747
332912	1005439	6877
3610724	2113320	6750
1005439	525255	6795
1005439	1064786	6795
1810602	3718079	6874
2113320	1923762	6747
1005439	1168264	6751
2415878	2113320	6750
2113320	101393	6747
3329578	3178251	6875
2113320	2022473	6747
3932344	505893	8551
2113320	4502800	6747
2089753	3178251	6875
2113320	218395	6747
3737897	1005439	6877
1005439	668534	6876
1005439	2218813	6728
2113320	3978039	6747
283763	2113320	6750
4429735	3972311	6874
1005439	2103577	6876
826177	2113320	6750
4123224	1005439	6877
4079229	1005439	6877
1420010	3945097	6752
1005439	1713965	6876
3495726	3178251	6875
1672934	2089753	6748
4566280	2113320	6750
1652674	2113320	6750
4613651	4028255	6752
2113320	1141917	6747
3762106	2113320	6750
2113320	3684765	6747
1005439	3793338	6876
4598464	2113320	6750
2113320	4080149	6747
1005439	1800978	6795
2795894	1204749	6879
1005439	3798048	6876
3754764	2338550	6880
1005439	2969543	6795
3819887	1005439	6877
1729179	2113320	6750
1005439	3605863	6876
605476	2113320	6750
1005439	2980398	6876
4351741	2113320	6750
1140993	2113320	6750
744209	2113320	6750
456040	2113320	6750
3178251	3359943	6874
3178251	2990683	6874
2113320	2509197	6747
2113320	1061863	6747
1005439	1605275	6876
2497019	2113320	6750
1850225	2113320	6750
2259055	1005439	6877
2113320	2470974	6751
3170543	1005439	6878
2113320	518930	6747
1005439	2426897	6876
1757073	1005439	6877
1592586	2113320	6750
2113320	1980885	6747
1005439	3129618	6876
1005439	911619	6876
4514417	1992074	6682
2702876	2113320	6750
1005439	3547012	6876
2604376	3945097	6879
4514417	3818233	6682
2113320	1707221	6728
325706	2113320	6750
1868850	1223721	6874
3774368	1533187	6880
2113320	397931	6747
1629572	2402141	6874
1445097	1005439	6877
2113320	4536297	6747
4259355	2113320	6750
2113320	2346361	6751
1005439	2805952	6876
2113320	79069	6728
1005439	2702278	6876
2376840	2113320	6750
3756577	319291	6879
1005439	4423881	6795
4080149	2113320	6750
3413981	3178251	6875
1005439	1569692	6876
2113320	3685072	6747
3505647	1242325	6693
1861072	2113320	6750
3648432	2113320	6750
3057209	1005439	6877
482413	2113320	6750
4222760	1005439	6878
620351	2113320	6750
1005439	4138050	6795
301288	479491	6693
3229027	2113320	6750
2569632	2113320	6750
2113320	4221872	6728
165668	1515696	7267
1005439	1616253	6795
2113320	3974674	6747
2113320	4010720	6747
1005439	1445097	6876
4192871	1611845	6880
2113320	708503	6747
2113320	4081131	6747
2113320	3571784	6747
2113320	710183	6747
1005439	4122089	6876
1101073	4429735	6875
2376528	619852	6682
1693438	1005439	6877
3853248	1005439	6877
1005439	3125188	6876
3178251	3216157	6874
3050276	2640487	6693
1530393	529117	6879
937388	2113320	6750
301288	1308183	6693
1671697	2113320	6750
495839	3960873	6879
1955623	632385	6880
3178251	1374651	6874
2113320	198836	6747
2113320	4418119	6751
4471091	1005439	6877
2418740	2823148	6879
2113320	3413428	6747
1005439	3629541	6751
1005439	2745712	6876
2113320	569123	6747
2739558	1005439	6877
2113320	3862371	6747
1005439	3167294	6876
2113320	980105	6747
4514417	3810123	6682
1005439	3349555	6876
1349029	2113320	6750
4611952	1005439	6877
4514417	1896413	6682
2843664	2113320	6750
2113320	4117855	6747
2030520	2113320	6750
3219224	1005439	6877
1005439	562802	6876
1005439	1039321	6876
4298278	1005439	6877
1942553	2113320	6750
2113320	1233500	6747
2113320	4518772	6747
568481	2113320	6750
1005439	1634274	6876
101393	1005439	6877
1691143	2113320	6750
1005439	245765	6876
1005439	1127501	6876
2113320	2995931	6747
1005439	865706	6876
4514417	116927	6682
4173638	1005439	6877
2113320	2321529	6747
2376528	505985	6682
1005439	3925432	6751
2113320	2672236	6747
1005439	944171	6876
1643264	2113320	6750
2113320	3817872	6747
1005439	3421327	6876
2113320	1958566	6728
2113320	2302719	6747
3022439	3479839	6879
2345122	2113320	6750
1005439	4393261	6728
1205728	3932344	6879
1114862	1005439	6877
1059084	1005439	6877
223262	1776797	6752
2113320	369725	6747
3284406	2113320	6750
1005439	2606235	6876
1005439	1245143	6876
210785	1005439	6878
1428809	2113320	6750
4429735	4107747	6874
1005439	3737897	6876
1005439	506615	6728
3178251	3818233	6874
1005439	2753935	6876
3050276	3413981	6708
2113320	125252	6747
1789899	97796	6879
4514417	2184474	6682
1589646	1005439	6877
2113320	325706	6747
3401845	4429735	6875
1005439	204247	6876
136160	2113320	6750
4514417	1611618	6682
4514417	825471	6682
742768	2113320	6750
1005439	3553732	6876
1005439	4082713	6876
2113320	2183835	6747
2113320	4521106	6747
4416010	1005439	6878
3117839	1005439	6877
1005439	1325217	6876
1614967	1005439	6877
99869	2113320	6750
2113320	3458679	6747
1005439	3423553	6876
2003935	2113320	6750
3178251	3810845	6874
1005439	277800	6876
3295627	2113320	6750
2113320	2558871	6728
1005439	1931228	6876
1005439	4291168	6876
333520	1005439	6878
2113320	3309808	6747
1005439	28838	6876
2069092	505893	8551
1005439	2458708	6876
668534	1005439	6877
3355628	1005439	6877
2113320	2818526	6747
1072259	1005439	6877
2113320	4337177	6728
1515693	2113320	6750
1005439	2044240	6795
3323992	1005439	6877
2113320	914137	6747
1005439	2773142	6876
1005439	3609148	6876
3213404	2113320	6750
1005439	505985	6876
1005439	1122504	6795
4334517	1005439	6877
3978039	2113320	6750
2113320	1543570	6747
2113320	1795212	6747
1118471	1005439	6877
1473938	923229	6880
844533	1005439	6877
1005439	4421335	6751
1005439	38844	6876
1005439	2887557	6795
4600915	1005439	6877
3443139	1005439	6877
1136056	2113320	6750
2113320	2271442	6747
2402141	1005439	6877
4429735	3479839	6874
3096802	2113320	6750
243876	1005439	6877
2113320	524631	6747
4630920	2113320	6750
1736544	1005439	6877
864330	4343795	6880
554587	4409593	6693
3931852	1005439	6877
3686074	1005439	6877
1225552	1005439	6877
1005439	3528514	6795
2752535	1005439	6877
2113320	3819887	6747
2113320	1608582	6747
4514417	3895411	6682
1005439	624785	6876
1374651	3486442	6880
1005439	3756577	6795
1005439	1513354	6686
2144482	1005439	6877
2113320	4539112	6751
216334	3178251	6875
3762106	3178251	6875
4381268	4429735	6875
3817872	2113320	6750
3890806	2113320	6750
2125270	2113320	6750
3396928	2113320	6750
2113320	4261947	6747
1005439	1530393	6795
3401845	1005439	6877
3518140	2113320	6750
2937703	1005439	6877
2533635	1005439	6877
3010448	2113320	6750
1005439	3581749	6876
3536435	2113320	6750
4233601	2113320	6750
2471471	2113320	6750
2310076	1233500	6752
2113320	4590824	6747
1399822	1005439	6877
2113320	283763	6747
2113320	4545984	6747
1769921	3762106	6879
1005439	3819887	6876
917660	1005439	6877
1944560	460479	6880
3828848	2113320	6750
3505702	116927	6747
2113320	31061	6728
2056699	452061	6752
2788430	1005439	6877
75328	2113320	6750
3547012	1005439	6877
1005439	3016632	6728
2113320	3726684	6747
1005439	511331	6876
4595615	1005439	6877
4514417	1125847	6682
4429735	986282	6874
3945097	463193	6748
247409	1005439	6878
1005439	3114688	6876
890012	4429735	6875
2113320	4230956	6747
4429735	890012	6874
4652770	505985	6752
2113320	3978377	6751
1005439	538119	6876
2363796	2113320	6750
1005439	1822059	6876
1005439	3634136	6876
1868850	3386417	6874
1001155	2689336	6879
3002778	2113320	6750
1847165	1373692	6880
90979	3640131	6707
1827979	4429735	6875
1757191	1005439	6877
1005439	2752535	6876
434252	1005439	6877
1005439	3381947	6876
2113320	533035	6747
1005439	3624397	6876
2071183	629145	6752
2739821	1005439	6878
1005439	2220239	6876
1995945	1005439	6877
2164884	2113320	6750
2113320	3529901	6747
1005439	4597948	6876
1507841	1005439	6877
3718079	2113320	6750
3178251	2640487	6874
2977397	1005439	6878
224213	2113320	6750
1005439	4284047	6795
2113320	2450257	6728
2113320	3435934	6747
524631	2113320	6750
1285826	2113320	6750
1005439	2340397	6876
2184474	4429735	6875
2934921	1005439	6877
1005439	4165736	6876
2113320	1707221	6751
4429735	1606573	6874
1005439	3886652	6876
1995945	2113320	6750
1005439	2870156	6876
1005439	3729894	6876
4251877	2113320	6750
1005439	1201198	6795
2113320	3843150	6747
2640487	4429735	6875
1005439	4601769	6876
2113320	4561500	6747
2113320	2404540	6747
2029636	1005439	6877
1389102	2113320	6750
3178251	1561679	6874
2113320	3987660	6747
1005439	3280641	6876
2113320	4519153	6747
3178251	4560246	6874
2113320	4620547	6747
4429735	4139827	6874
2113320	2954628	6747
3838931	1005439	6877
4514417	1894815	6682
890012	1005439	6877
2113320	2081395	6728
3591967	2113320	6750
2113320	3305846	6747
990465	2113320	6750
2113320	2412119	6747
2113320	2593239	6751
1005439	3489117	6876
1005439	4140053	6876
2113320	660402	6747
1005439	4117855	6876
2113320	455911	6728
4560485	1005439	6877
2113320	383492	6747
1005439	4282761	6876
4514417	2402141	6682
4233601	1005439	6877
2113320	2159249	6747
3616949	2113320	6750
2113320	499413	6751
4429735	2184474	6874
2464205	2113320	6750
1005439	2632330	6876
2159249	2113320	6750
2113320	3062883	6747
2043833	4429735	6875
1005439	1543570	6876
1375529	4381268	6879
1005439	2077875	6876
864330	1005439	6877
3664040	160027	6752
2621054	4313072	6748
4173638	2113320	6750
1842661	1005439	6877
2133875	1005439	6877
2489804	1005439	6877
3031844	2113320	6750
3213498	3203817	6880
2113320	3172167	6747
2113320	277800	6747
1005439	4523087	6801
3385115	1005439	6877
301288	1165547	6693
1005439	3360257	6876
2000717	3295627	6879
2113320	4140053	6747
2717561	2113320	6750
1005439	2402141	6876
4514417	996264	6682
2113320	3834345	6747
624665	4429735	6875
2124480	2096036	6879
3120340	2113320	6750
2113320	2739171	6747
1005439	3010448	6792
2055307	2113320	6750
1868850	3890806	6874
2113320	2823148	6747
4461272	1005439	6877
475010	2113320	6750
3136282	1005439	6877
2549795	1005439	6877
2113320	2092003	6747
3810123	2113320	6750
1868850	4146530	6874
82193	1868850	6875
3423553	1005439	6877
990490	1005439	6877
2113320	4268563	6747
986282	1005439	6877
1005439	1806826	6876
1005439	3582653	6876
4094708	1005439	6877
2113320	1125847	6747
4514417	4305560	6682
2113320	2574886	6747
2113320	3166213	6747
4514417	4594400	6682
326524	75100	6879
2113320	3115265	6747
2113320	2363943	6747
2073301	1005439	6877
741280	1005439	6877
2348522	1005439	6877
1149409	1005439	6877
3988611	1967996	6880
3837622	1980885	6879
942635	2113320	6750
1005439	3501128	6876
1005439	2640487	6876
2113320	443010	6728
1005439	1847165	6876
1005439	2363796	6876
4429735	4139449	6874
1005439	302683	6876
2113320	4100049	6747
2113320	1763329	6747
1005439	3390893	6876
200200	1005439	6877
1005439	615788	6876
4001307	2113320	6750
1204749	1005439	6877
1005439	4073710	6876
1005439	2412119	6876
2113320	4017196	6751
4573026	1005439	6877
1600771	1005439	6877
4146530	2044659	6749
4514417	4412086	6682
137460	2113320	6750
3178251	2891282	6874
2113320	2490852	6747
2087215	1005439	6877
4072523	1005439	6877
1177308	1005439	6877
1444008	1005439	6877
1125847	1005439	6877
4514417	1944560	6682
3257959	2113320	6750
3000877	2113320	6750
1005439	4598873	6876
1005439	1177674	6876
2113320	3434216	6747
3675405	1005439	6877
4514417	3605863	6682
2897913	3682093	6880
2113320	2101744	6747
1005439	2787624	6876
2546375	1005439	6877
1005439	2788530	6876
3178251	2689336	6874
4514417	3295627	6682
1005439	3602313	6751
4514417	1308183	6682
3951077	1005439	6877
2886714	2113320	6750
2113320	1906554	6747
3862371	2113320	6750
28838	1005439	6877
1005439	2027011	6876
1005439	2198446	6876
2113320	1942553	6747
1005439	3945500	6876
1005439	2822347	6751
1045326	2113320	6750
1005439	2896085	6876
2753935	1005439	6877
4387743	2113320	6750
1005439	2818526	6876
4514417	1183692	6682
1005439	3006946	6751
1645306	2113320	6750
3178251	1223721	6874
957188	1005439	6877
493916	2113320	6750
2101744	1005439	6877
1005439	268171	6876
2926767	2113320	6750
3960873	2113320	6750
2113320	3630604	6747
2113320	1140993	6747
1166544	1005439	6877
414995	2113320	6750
4065274	1005439	6877
4049839	2113320	6750
4429735	1731413	6874
3917883	1005439	6877
1005439	1174273	6876
2113320	2612555	6747
3050276	825471	6693
2392145	2113320	6750
2819367	4429735	6875
2113320	1149409	6747
1005439	2993838	6876
4509541	2113320	6750
2113320	1578366	6747
4431850	1896413	6879
3954386	2113320	6750
1005439	434252	6876
4280774	1005439	6877
1005439	2841599	6795
1005439	3358387	6795
2113320	1260909	6747
1304669	3810845	6879
2113320	4050177	6728
2946664	4594400	6752
1763329	1005439	6877
1005439	1997011	6876
2376528	4116966	6682
1005439	2402628	6876
1667179	1005439	6878
1005439	210785	6795
4615292	2113320	6750
1245143	1005439	6877
1795212	1005439	6877
3093856	1265697	6880
301288	412808	6693
3818233	4636756	6880
268171	2113320	6750
845942	1510993	6880
80671	2113320	6750
1318198	2113320	6750
2113320	3723401	6747
3282489	1005439	6877
2113320	4533230	6747
1005439	3798259	6876
3505702	2594090	6747
325502	844829	6875
2880887	1005439	6877
1005439	2321974	6876
939815	1005439	6877
4427768	1005439	6877
4050177	3644430	6752
1827979	3178251	6875
1005439	2728980	6728
1005439	1995945	6876
302683	1005439	6877
3987660	2113320	6750
1005439	3148720	6751
118788	1005439	6877
3120340	1005439	6877
2113320	216818	6747
844829	3157722	6874
2418740	1005439	6878
2113320	794627	6728
1005439	3229666	6795
1005439	2662937	6876
1005439	1959981	6876
794627	2472801	6752
1005439	1722201	6751
2113320	4107115	6728
2113320	2198446	6747
2113320	1569692	6747
2113320	2301511	6747
2993838	1005439	6877
1005439	2484956	6751
2113320	1588801	6747
1856607	1005439	6878
596032	1005439	6877
1005439	998816	6751
1005439	2756613	6751
3178251	2112019	6874
4514417	1285826	6682
2550343	2629099	6879
1005439	3320936	6876
1318198	3178251	6875
4166685	1005439	6877
2113320	2479477	6747
1005439	1923828	6876
1952286	2113320	6750
1005439	4187390	6876
1811557	2113320	6750
2079077	1374651	6752
4341556	2113320	6750
1052632	2113320	6750
4429735	2481779	6874
3894110	3972311	6879
3195174	2113320	6750
2113320	2629099	6747
1005439	4440783	6876
3773309	2113320	6750
1443326	2113320	6750
2113320	2968064	6728
2113320	1997011	6747
4435231	220917	6880
179727	2113320	6750
1033259	1005439	6878
4522686	1004486	6880
4514417	922898	6682
735929	1005439	6877
2113320	31061	6751
301288	1688181	6693
1005439	2240776	6876
1005439	1386982	6876
1938640	592396	6879
1005439	3037085	6876
1909608	2113320	6750
742101	1005439	6877
1005439	736109	6876
1786061	1005439	6877
1072885	2113320	6750
2113320	2099905	6747
4514417	1289464	6682
295629	1005439	6877
3229969	1005439	6877
2113320	1948121	6728
1005439	4153179	6795
2113320	3551179	6747
4320144	2113320	6750
2832337	2113320	6750
1349029	1005439	6877
2113320	3408966	6747
216334	1779142	6880
4039554	1005439	6877
4514417	2730380	6682
1005439	1046274	6876
1005439	4482795	6876
1005439	1295584	6876
2113320	2628889	6747
1005439	133157	6751
4109650	4152586	6879
1707252	1005439	6877
1005439	1242325	6876
1005439	2961337	6876
4393873	1005439	6877
3178251	4261640	6874
1005439	879169	6876
2268384	1230417	6880
2396231	2113320	6750
1005439	2640352	6795
3178251	4205241	6874
2597018	2113320	6750
1005439	3745705	6795
2113320	1331098	6728
1005439	116927	6876
277800	2113320	6750
2113320	1856233	6747
1005439	2308191	6795
2113320	3073995	6728
1893272	1101073	6879
3945500	2113320	6750
576990	2934921	6879
3048247	2113320	6750
1776797	1005439	6877
1005439	3229969	6876
2113320	4598464	6747
4429735	4128418	6874
1424797	2113320	6750
761606	2113320	6750
3522127	2113320	6750
4429735	3754764	6874
1091812	1005439	6877
2113320	1039321	6747
1005439	4228730	6751
2113320	1451461	6747
2113320	95280	6747
605643	2113320	6750
4514417	707096	6682
1005439	1052028	6795
1005439	686289	6876
2919959	2113320	6750
2113320	987811	6747
1046274	1005439	6877
1005439	4599980	6795
1005439	4320144	6876
1005439	3752061	6876
2113320	3957889	6747
1562328	1005439	6877
2993838	2113320	6750
1005439	1923762	6876
2113320	664391	6747
1005439	4281319	6876
2113320	942635	6747
2168623	4429735	6875
2258221	707096	6879
1166544	2869375	6880
1005439	576990	6795
632385	1005439	6878
1005439	4591400	6876
4146530	505893	8551
4429735	3596089	6874
4514417	911619	6682
2311290	1005439	6877
2113320	3679017	6728
4260107	1005439	6877
2829400	4152586	6752
1005439	3542707	6876
2431247	1005439	6877
3078218	1005439	6877
4385238	1005439	6877
1036321	1005439	6877
2113320	3945097	6747
1005439	4146530	6876
2113320	2669354	6747
2662937	1005439	6877
1005439	3734545	6876
2464205	1005439	6877
836921	2113320	6750
1005439	1938640	6795
2087215	2113320	6750
1005439	4296603	6876
2113320	3970381	6747
2826316	2113320	6750
2113320	3109812	6747
2621054	996264	6748
4435515	2113320	6750
3351581	4429735	6875
1005439	1285826	6876
3178251	2096036	6874
1005439	4088047	6876
791291	4014517	6752
1005439	3550886	6876
3467744	1005439	6877
1005439	3512270	6876
4636756	3818233	6879
1052028	4049839	6879
251072	1005439	6877
2828181	1037814	6693
2169207	2113320	6750
824825	2113320	6750
3265951	2113320	6750
3988611	3178251	6875
4219318	4429735	6875
1632548	1005439	6877
2913379	1005439	6877
3682093	2897913	6879
3505702	2113320	7446
2046664	1005439	6878
1589646	2113320	6750
4586415	596032	6752
2113320	16456	6747
1005439	3752355	6795
4288847	1005439	6877
708700	1005439	6877
592396	4429735	6875
3450695	1005439	6877
2702278	1005439	6877
2113320	1563652	6747
4146530	1868850	6875
2045330	2113320	6750
4429735	3462642	6874
4015047	2113320	6750
1005439	2919959	6876
1005439	1149409	6876
890012	505893	8551
2113320	4609907	6747
2113320	3737897	6747
4503399	1005439	6877
4429735	3991473	6874
2113320	3497960	6747
3709291	2113320	6750
2113320	141427	6747
2113320	1389595	6747
3762106	4076794	6748
2555722	2113320	6750
1005439	4552930	6876
579745	1005439	6878
1005439	2396231	6876
1005439	1562328	6876
941172	4429735	6875
1005439	4611952	6876
2936352	2113320	6750
2321529	2113320	6750
2302719	1005439	6877
1955623	3178251	6875
4514417	4261947	6682
2113320	3918447	6747
4429735	1827979	6874
2113320	4461272	6747
2760451	1005439	6877
1216686	1005439	6877
2113320	483318	6747
1424143	1005439	6877
664391	1005439	6877
164247	1865554	6879
2113320	3229969	6747
1890905	462712	6880
1005439	4215930	6876
2113320	3555580	6747
4429735	2021632	6874
3634136	1005439	6877
370229	1005439	6877
3101927	1005439	6877
75100	2113320	6750
3300245	2113320	6750
1633987	2113320	6750
2113320	1044587	6747
1005439	3865129	6876
2165633	1005439	6878
2113320	660328	6747
1005439	526628	6795
2338550	3754764	6879
1005439	3691106	6795
2113320	2536872	6747
1005439	3385115	6876
2113320	3262498	6747
1545466	2113320	6750
3345789	1005439	6877
4429735	2533635	6874
2113320	2711490	6728
1005439	4500292	6876
937388	982269	6880
1868850	3157722	6874
1404622	1005439	6877
1005439	1257384	6876
2096036	629145	6756
794019	1005439	6877
1894815	2113320	6750
3852864	2113320	6750
2113320	4192242	6747
2882957	2113320	6750
1005439	2992116	6876
2003935	1005439	6877
2606648	1005439	6877
1005439	605643	6876
4324206	1005439	6877
4333343	1005439	6877
1233500	844829	6875
1005439	4186701	6876
2214480	90979	6694
3328430	2113320	6750
2113320	3679017	6751
2046664	2402141	6879
2828107	1005439	6877
2936352	1005439	6877
615788	1005439	6877
2069092	1868850	6875
4055171	2113320	6750
2113320	2897913	6747
2113320	1663127	6747
2907343	2113320	6750
2113320	2466200	6728
2113320	427448	6747
1868850	3262498	6874
2113320	4100452	6747
1005439	2164504	6876
1005439	3105201	6876
4012975	1005439	6877
3105201	1005439	6877
3918052	2113320	6750
1005439	3057209	6876
1005439	34179	6751
4482795	3178251	6875
2113320	491390	6747
4302000	4560246	6879
1005439	623124	6876
1005439	847328	6876
1005439	2216805	6795
4146530	1810602	6875
1005439	1856233	6876
1005439	2555722	6876
2815242	2113320	6750
1510993	845942	6879
2113320	579207	6747
2113320	3295627	6747
1005439	3675405	6876
1122504	2990592	6879
3178251	982185	6874
2113320	1034945	6747
4514417	1233500	6682
1629572	2730380	6874
711817	1123147	6752
4439428	1800978	6880
1191961	4656550	6880
4104099	1005439	6878
2113320	505985	6747
2113320	4652770	6728
1005439	1395626	6876
2113320	2591539	6747
2362825	2113320	6750
2203755	1005439	6877
4393260	2113320	6750
1809408	2113320	6750
1005439	118632	6876
554587	142264	6693
2113320	3754764	6747
2113320	4079229	6747
1101073	1005439	6877
2113320	2773089	6747
2399145	2113320	6750
2113320	950102	6747
3685072	1005439	6877
3707805	2933303	6748
2113320	3930417	6747
1005439	4379442	6876
4514417	2938173	6682
895282	1005439	6878
2113320	3381947	6747
1005439	273047	6876
3871886	1005439	6877
3020048	1005439	6877
1451461	4114396	6880
847328	1005439	6877
2116987	4429735	6875
2878602	1005439	6877
1005439	4435515	6876
1061863	2113320	6750
1923762	2113320	6750
1005439	990465	6876
2640487	1868850	6875
2113320	3890806	6747
2113320	1718641	6747
2113320	2597018	6747
1543570	1005439	6877
4514417	860382	6682
1005439	80955	6876
2113320	4435515	6747
84972	3262498	6879
2376528	4442106	6682
4185057	1005439	6877
430759	1005439	6878
1608582	2113320	6750
1005439	3281479	6795
1005439	98318	6876
2113320	2558871	6751
1005439	3157394	6876
2828181	2069092	6693
4481951	4429735	6875
3781000	2113320	6750
762941	1005439	6878
4066682	75100	6752
1064786	1005439	6878
1005439	699069	6876
1005439	3257959	6876
2113320	970619	6747
160027	3178251	6875
1005439	1715628	6795
4514417	405048	6682
3428873	1005439	6877
1005439	97796	6876
1005439	2544167	6876
1005439	3323992	6876
2113320	1757073	6747
2113320	123045	6751
3262498	84972	6880
2113320	251072	6747
1222775	2113320	6750
1231579	1639333	6880
614287	1005439	6877
1708899	2113320	6750
4012975	2113320	6750
2113320	214390	6747
1285826	1505971	6880
4551363	825471	6879
1005439	444930	6795
1413721	4429735	6875
2113320	1221024	6747
1476716	1005439	6877
2113320	650069	6747
3779134	1005439	6877
4122089	2113320	6750
4514417	4381268	6682
1005439	1330783	6876
2113320	937388	6747
2022473	1005439	6877
1992074	3178251	6875
4429735	3718079	6874
2113320	1157308	6747
4152586	2113320	6750
2113320	2497019	6747
1013934	1005439	6877
2113320	2913379	6747
2351750	2969543	6880
371972	3407574	6752
3062883	2113320	6750
1027051	1005439	6877
3117839	2113320	6750
596032	2113320	6750
4536297	1005439	6877
1005439	2999411	6876
1313479	592396	6752
2154802	1005439	6877
3178251	614287	6874
4020768	4582079	6751
301288	2402628	6693
3686074	2113320	6750
3925366	2113320	6750
1722201	211293	6752
1005439	4157799	6728
1005439	3257490	6876
1426551	1005439	6877
844829	4146530	6874
1411481	2113320	6750
3390549	1614967	6752
1005439	332912	6876
3895635	2113320	6750
1005439	2386339	6876
1375529	1005439	6878
3284631	1005439	6877
905992	2113320	6750
4514417	3305278	6682
1005439	2857086	6795
1005439	4260107	6876
1005439	3846724	6876
1114846	2113320	6750
2923284	2571832	6879
3737897	2113320	6750
2113320	4595615	6747
3178251	3680996	6874
1731413	4429735	6875
4604424	2113320	6750
1005439	3207089	6876
2113320	844533	6747
754231	2113320	6750
944171	1005439	6877
1163797	1005439	6877
3918447	1005439	6877
1005439	835095	6876
2113320	3402147	6747
2992986	2113320	6750
4429735	3774368	6874
1005439	841462	6876
2937703	2113320	6750
549433	2640487	6879
2545408	2113320	6750
1005439	2760451	6876
3364220	452061	6879
1510993	1005439	6878
3062883	1005439	6877
2992116	1005439	6877
2113320	836921	6747
1561679	3178251	6875
957378	2113320	6750
2113320	1103472	6747
2113320	236705	6747
2113320	2601065	6747
2113320	4058795	6747
275954	1005439	6877
31061	3562969	6752
1005439	3102688	6876
1622929	2113320	6750
1796509	2113320	6750
1703748	2113320	6750
2113320	2202151	6747
1005439	2284124	6915
229443	2532813	6880
1005439	2715194	6876
4429735	2730380	6874
2113320	305619	6751
1005439	4476501	6876
355477	4429735	6875
1005439	3440726	6795
2113320	315210	6747
58696	2113320	6750
108724	3560673	6880
2113320	2081395	6751
1005439	1268680	6876
4514417	4522686	6682
554587	1203482	6693
1005439	3570017	6876
1776159	2113320	6750
301288	3754764	6693
2113320	3846363	6747
2113320	4098642	6747
90979	3644430	6708
1005439	4326925	6876
1005439	3843688	6876
4429735	3093856	6874
3349555	2113320	6750
2113320	160361	6747
1005439	2137325	6876
3425967	2113320	6750
3941224	2113320	6750
1005439	735929	6876
1888347	2113320	6750
2113320	3557470	6747
4514417	3644750	6682
1005439	605476	6876
1005439	405119	6876
2144405	1005439	6877
1991814	2113320	6750
1005439	1568519	6876
3050276	3718079	6693
1005439	3148720	6728
3262498	844829	6875
4429735	699069	6874
2376528	2994242	6682
2113320	3584150	6747
1634274	2113320	6750
2113320	4371827	6747
1005439	711630	6876
1005439	4381268	6876
1967996	3988611	6879
1678308	2113320	6750
809137	2113320	6750
1005439	4271365	6876
1228927	1005439	6878
2472801	1005439	6877
1285826	1005439	6877
2113320	4107115	6751
845942	3505702	6750
2113320	28296	6747
2113320	1562932	6747
1237118	2113320	6750
3780106	1005439	6877
163164	1005439	6877
4545984	2113320	6750
2113320	221006	6751
2113320	2475878	6728
1151980	2113320	6750
1005439	987811	6876
1005439	165668	6915
2044240	1005439	6878
2621054	1715628	6880
4514417	1231579	6682
942143	2113320	6750
2961337	1005439	6877
1005439	2870225	6795
3977785	2113320	6750
3101938	2113320	6750
2113320	686289	6747
1005439	3107158	6876
1592586	1005439	6877
2113320	3838931	6747
1005439	4192242	6876
4171700	90979	6714
1005439	3141765	6876
1515696	3178251	6875
850983	1005439	6878
1005439	4630920	6876
2113320	2096036	6747
4620547	1005439	6877
1005439	313947	6876
4209687	4429735	6875
3143002	2113320	6750
3242463	1005439	6878
3345789	2113320	6750
1005439	1808636	6876
399943	4429735	6875
2113320	1633987	6747
2926767	1005439	6877
1005439	208699	6876
2113320	2792392	6747
1005439	3472918	6728
2689336	2113320	6750
3536435	1005439	6877
2420362	1005439	6877
2113320	1349029	6747
2621054	1005439	6877
1005439	1522023	6876
2168623	1005439	6877
1766013	2113320	6750
1005439	3872564	6751
370229	2113320	6750
2113320	3924866	6747
1005439	1805551	6876
1005439	1010442	6876
1005439	1622929	6876
1770836	2113320	6750
2113320	509257	6747
4514417	3479839	6682
2113320	1096311	6747
2994242	3178251	6875
1005439	2353481	6751
2113320	1888424	6728
1005439	2598551	6795
403889	1005439	6878
1005439	3989504	6876
2113320	1174919	6747
1484519	1005439	6877
4514417	2171235	6682
2113320	2363796	6747
2113320	1088184	6747
2113320	2966761	6747
1005439	2230998	6876
2113320	2632330	6747
2882490	1005439	6877
1005439	1217508	6876
1176354	1005439	6877
2113320	899275	6747
2113320	3635839	6751
3832691	2113320	6750
4429735	116927	6874
2821884	2113320	6750
1868850	1125847	6874
1005439	3957733	6876
2446258	4049839	6748
1005439	1693438	6876
3226499	1005439	6877
1005439	860382	6876
1005439	4389867	6876
204247	2113320	6750
4155613	1005439	6877
4514417	3843845	6682
1005439	3853248	6876
2185875	1643275	6752
1005439	1252169	6876
3580909	1005439	6877
1005439	89368	6876
2992986	1005439	6877
3557364	3178251	6875
1005439	1757073	6876
405119	2113320	6750
1005439	1132876	6876
4342493	1005439	6877
2113320	2164504	6747
1005439	4509541	6876
3752061	2113320	6750
1005439	4337161	6876
487584	2113320	6750
392076	2471471	6879
1005439	1269855	6876
1407353	2113320	6750
2113320	3853248	6747
3409762	1005439	6877
2113320	4414491	6728
3422377	2113320	6750
2689336	1001155	6880
4007881	1005439	6878
3109812	2113320	6750
1005439	762941	6795
4412086	1005439	6877
4514417	1088184	6682
1805551	2113320	6750
4627003	1005439	6877
1868850	3718079	6874
1005439	2582428	6876
1992074	2113320	6750
104430	4429735	6875
3303470	2113320	6750
3413428	2113320	6750
2113320	2482412	6747
2165057	2113320	6750
2045330	1005439	6877
147568	1005439	6877
1005439	2101744	6876
1384658	1005439	6877
2601969	1005439	6877
3178251	3213498	6874
735929	2113320	6750
2113320	4326925	6747
4514417	43693	6682
1643275	1005439	6877
3421327	2113320	6750
1868850	1285826	6874
85364	3960873	6752
1005439	283763	6876
1005439	982269	6795
1005439	1505971	6795
4140053	2994242	6748
238426	1005439	6877
1041127	2113320	6750
2612555	1005439	6877
2113320	4147586	6747
1005439	844533	6876
3178251	1688181	6874
4281320	1005439	6877
1308183	1005439	6877
4514417	412808	6682
2113320	1683188	6728
479491	1695866	6714
1735139	2580370	6752
1005439	275954	6876
529092	1005439	6878
4184656	2113320	6750
2113320	992302	6751
611297	416838	6879
4561500	1005439	6877
2113320	1900368	6747
1005439	4556600	6876
3048247	1005439	6877
1005439	3544219	6876
3270956	4429735	6875
1160538	1005439	6877
2742057	2113320	6750
298929	2113320	6750
2113320	3925366	6747
301288	4014517	6693
4206387	1005439	6877
1814371	2113320	6750
1005439	764250	6876
4600915	2113320	6750
1005439	1691143	6876
1005439	3080969	6876
922898	430759	6880
1005439	2597018	6876
569123	1005439	6877
2113320	326630	6747
2113320	4107747	6747
2662937	2113320	6750
4514417	456040	6682
2113320	2934921	6747
2113320	4288847	6747
3577373	1005439	6877
2113320	2907343	6747
1005439	1159418	6795
3360539	1005439	6877
1247312	3605863	8553
4417473	2113320	6750
2113320	432408	6728
2552618	1005439	6877
1005439	2610727	6876
2113320	3450695	6747
4429735	4412086	6874
1265697	1005439	6878
301288	3762106	6693
1868850	1513805	6874
3685072	2113320	6750
1005439	3497044	6876
1005439	486511	6876
1005439	4528671	6876
4138398	2113320	6750
1005439	3773309	6876
3644430	382556	6880
3178251	160027	6874
4288847	2113320	6750
1005439	1796509	6876
518930	1005439	6877
4514417	4261640	6682
1005439	1633987	6876
4518772	2113320	6750
1005439	1067580	6876
4429735	3157722	6874
1123326	1005439	6877
3138551	1005439	6877
4079229	3527181	6880
2113320	1325217	6747
686289	1005439	6877
2907343	1005439	6877
166347	1634274	6752
2043833	3755960	6880
4222760	3373971	6879
3875110	1005439	6877
778252	1005439	6877
1005439	493916	6876
4445574	2471471	6752
1865554	1005439	6877
3178251	4324206	6874
2113320	593087	6747
3178251	2015016	6874
1005439	1293700	6795
2607348	825471	6752
1005439	414995	6876
4429735	1699401	6874
1006815	4073306	6752
2113320	1136056	6747
403889	3562969	6879
397931	2113320	6750
1005439	4491119	6876
1005439	3091812	6876
1707221	416838	6752
1005439	2867659	6876
4514417	2934921	6682
1005439	2757842	6876
2113320	3846724	6747
1005439	3031844	6876
1005439	3262498	6876
1005439	1265697	6795
16456	1005439	6877
1005439	624665	6876
2113320	4621801	6747
2994242	4140053	6756
1052648	1005439	6877
1005439	3300245	6876
1090308	4495039	6879
4139449	1005439	6877
2113320	1042317	6747
1005439	3120340	6876
3248115	149397	6693
2930689	1005439	6877
2113320	596032	6747
2870225	4014517	6879
1005439	3723401	6876
446237	826177	6846
4429735	769082	6874
2113320	412808	6747
2391988	1005439	6877
1005439	3518140	6876
2113320	3101938	6747
4514417	3401315	6682
2113320	616589	6747
2113320	3837269	6747
3787658	4429735	6875
1005439	1793204	6876
4461147	2113320	6750
1005439	216818	6876
1005439	2533635	6876
2806499	3178251	6875
2113320	1386982	6747
3257490	2113320	6750
2099905	1005439	6877
1005439	3621273	6728
1005439	2542493	6876
3178251	845942	6874
1808636	1005439	6877
2113320	4605763	6747
1005439	4421335	6728
2113320	3764614	6747
3282285	614287	6879
2113320	1756855	6751
1005439	754476	6795
2102529	1005439	6877
2113320	1399822	6747
3879380	2113320	6750
2113320	2581960	6747
1289464	4429735	6875
3276216	2113320	6750
2113320	1707252	6747
2228772	4284047	6880
2113320	348693	6747
3409762	2113320	6750
4519153	2113320	6750
1005439	3852864	6876
2574886	2113320	6750
958782	2240776	6752
3178251	4551827	6874
1005439	3703882	6876
1005439	2008275	6876
1165547	4429735	6875
2113320	3141765	6747
4533230	1005439	6877
2913660	1005439	6877
1005439	1544201	6876
4014517	1005439	6877
4514417	605028	6682
427530	1005439	6912
1005439	1444008	6876
4385895	1005439	6877
2930562	1005439	6878
2113320	2533635	6747
4653667	1005439	6878
2113320	4187390	6747
1005439	4079229	6876
4536719	4435231	6752
2113320	804432	6747
2632460	1005439	6878
2113320	1091812	6747
616589	1005439	6877
3360257	2113320	6750
3703882	2113320	6750
592396	1938640	6880
1005439	1118471	6876
3178251	1094130	6874
3131955	1005439	6877
1718641	1005439	6877
3810845	1304669	6880
1005439	2546261	6876
1001155	1005439	6878
2113320	3204922	6747
210785	2819367	6879
4562039	2113320	6750
1203482	1005439	6877
405119	1005439	6877
3718079	3178251	6875
4429735	3895411	6874
2113320	4379442	6747
1005439	4184656	6876
1005439	3822344	6876
1861072	1005439	6877
2113320	3848988	6747
3931852	2113320	6750
4098642	1005439	6877
1013934	2113320	6750
4251894	2113320	6750
2396231	1005439	6877
4246302	1005439	6878
2113320	2423562	6747
1096010	2113320	6750
3207089	1005439	6877
711630	2113320	6750
1738830	3818233	6752
1183708	1005439	6877
2301511	2113320	6750
956978	2113320	6750
1005439	1561679	6876
1005439	3895411	6876
1005439	2364085	6876
4282761	1005439	6877
4645901	1005439	6877
2113320	4094913	6751
4603354	4028255	6879
2113320	3622958	6747
3945791	2113320	6750
1005439	2124480	6795
2230998	1005439	6877
2113320	282220	6751
4209839	1005439	6877
4020768	4582079	6728
2113320	3071049	6747
2113320	3454361	6747
2113320	3467744	6747
3262498	3178251	6875
2113320	2460379	6728
4514417	3762106	6682
1634274	3832029	6880
3978377	3093856	6752
1005439	27829	6876
1005439	1848099	6876
3512270	2113320	6750
2728980	4362852	6752
4514417	3462642	6682
896017	2113320	6750
1005439	4620547	6876
2113320	501697	6747
4514417	2442696	6682
1754960	2113320	6750
1141917	2113320	6750
1005439	4263021	6795
2823148	2113320	6750
525255	1088184	6879
2909624	3843845	6693
2606648	2113320	6750
1005439	2240843	6795
3690878	2087215	6879
1005439	927169	6876
2113320	4050177	6751
4118636	1005439	6878
474102	2113320	6750
1364547	2113320	6750
2567948	2113320	6750
4423600	1451461	6752
4493224	1123147	6879
2113320	2049232	6747
2113320	2109735	6728
692044	2113320	6750
4014517	2870225	6880
1005439	1611313	6876
2113320	2300171	6747
285683	1005439	6877
43693	1005439	6877
2113320	1738830	6728
2113320	2569632	6747
3706123	1005439	6877
2574886	1005439	6877
996737	2113320	6750
2230998	2113320	6750
3515944	2640487	6747
1005439	3839719	6876
2280806	2113320	6750
2029636	2113320	6750
3547540	1005439	6877
2870156	1005439	6877
1005439	2676319	6728
1034119	1005439	6877
3311053	2113320	6750
1761302	2113320	6750
4100452	2113320	6750
4393873	2113320	6750
1005439	3601159	6876
1712754	2113320	6750
2113320	4389867	6747
2113320	4281320	6747
509257	2113320	6750
1005439	4518772	6876
1005439	4074737	6876
2113320	3257490	6747
4192911	4522686	6752
2818526	1005439	6877
1005439	3177176	6876
2113320	4123331	6747
505893	4146530	8552
3386417	1810602	6875
2113320	826177	6747
3137037	2113320	6750
1005439	2176893	6876
3102688	1005439	6877
2113320	3897642	6747
2336959	1005439	6877
2113320	4613651	6728
2164504	2113320	6750
676197	2113320	6750
1005439	3413428	6876
116927	444930	6880
1095046	2113320	6750
2113320	3401315	6747
4049839	1052028	6880
1005439	1380315	6876
899275	1005439	6877
2113320	1647672	6747
452061	1005439	6877
3837174	2113320	6750
2734570	1005439	6877
3178251	2351750	6874
2113320	2882490	6747
4514417	629145	6682
1005439	2269442	6876
1965482	2113320	6750
2113320	4082713	6747
1724243	1005439	6877
1005439	1734243	6876
2113320	750483	6747
216818	2113320	6750
4138398	1005439	6877
1005439	396143	6876
4429735	412808	6874
2113320	1513354	6686
1005439	2345122	6876
2113320	998585	6747
2640487	3515944	6750
554587	325502	6693
288651	2113320	6750
4000974	1005439	6878
3706491	1005439	6878
3595082	3810845	6752
4514417	1451461	6682
1005439	620351	6876
1005439	753517	6876
2551499	2113320	6750
1005439	4573026	6876
1005439	214390	6876
3105201	2113320	6750
1005439	3010448	6876
750483	2113320	6750
3632894	2113320	6750
2113320	4277516	6747
2113320	2489804	6747
2507716	216334	6752
1868850	238426	6874
1911221	2977397	6880
101393	2113320	6750
4337177	3754764	6752
1005439	1793871	6876
595780	4429735	6875
1005439	2831700	6876
1470524	1005439	6878
1005439	2203755	6876
2144482	3440726	6880
1699916	1005439	6877
3277277	1005439	6877
2113320	389337	6747
2583013	1005439	6878
3053396	1005439	6877
1260909	2113320	6750
3000877	1005439	6877
2113320	2165057	6747
1005439	1194348	6876
825471	1005439	6877
1005439	3682093	6795
3178251	2008275	6874
1800947	2113320	6750
2113320	2080366	6747
1005439	4054619	6876
4602291	2113320	6750
2113320	3311053	6747
4088047	2113320	6750
2113320	4218857	6751
1005439	593087	6876
4514417	530331	6682
3080969	1005439	6877
3178251	2571832	6874
2889242	1005439	6877
1005439	1886310	6795
2008726	2113320	6750
1005439	2654852	6795
4302000	1005439	6878
4514417	4152586	6682
1295584	2113320	6750
1005439	3409762	6876
3262498	4429735	6875
4520585	2113320	6750
1005439	652598	6876
1005439	3006514	6876
1073097	1005439	6877
405048	3178251	6875
4514417	1911221	6682
1005439	4173638	6876
3948621	1005439	6877
1005439	3020048	6876
1233500	1868850	6875
824825	1005439	6877
942635	1005439	6877
2700235	2008275	6752
1856233	1005439	6877
324158	1005439	6877
2320132	2897913	6815
2113320	621684	6747
1005439	224213	6876
3670597	1005439	6877
1005439	4609907	6876
388893	3557364	6752
505893	3932344	8552
2621054	2214480	6714
2039508	1005439	6877
414774	2113320	6750
1800978	1005439	6878
1005439	15138	6876
2113320	3744152	6747
2113320	1111187	6747
2113320	1991814	6747
4387743	1005439	6877
2686367	1005439	6877
2621054	2113320	6750
147568	2113320	6750
1005439	4063906	6876
1005619	1005439	6878
1005439	404810	6876
404810	1005439	6877
3872865	1330518	6752
3025268	911619	6752
1969250	1611313	6752
2346361	2176893	6752
1005439	1795212	6876
1005439	4435231	6876
3320936	2113320	6750
2113320	493916	6747
315210	1005439	6877
2113320	191697	6728
2113320	3818233	6747
1005439	3002778	6876
1005439	355477	6876
2562463	1005439	6877
1703748	1005439	6877
791797	1005439	6877
1223721	3178251	6875
1005439	3383681	6876
4482795	3745705	6880
1257384	2113320	6750
3977187	1005439	6877
233001	2113320	6750
1005439	4640757	6876
1542606	1005439	6877
2076461	2113320	6750
4210088	1005439	6877
2113320	2702278	6747
1005439	3879380	6876
2113320	2299103	6728
1395626	1005439	6877
2113320	835095	6747
1005439	1776159	6876
1246438	1005439	6877
2629099	1005439	6877
2397390	2113320	6750
1005439	514350	6876
3725311	2113320	6750
102297	1005439	6877
4140053	1005439	6877
2113320	3945791	6747
1005439	2894047	6876
873252	2113320	6750
2113320	200911	6747
1005439	745733	6876
2113320	2411155	6747
2113320	404810	6747
2113320	2594090	6747
1005439	3560503	6876
1005439	517955	6876
4429735	3945097	6874
1005439	4251621	6876
3598403	1005439	6877
4429735	4609783	6874
3890806	1868850	6875
3991473	4429735	6875
296655	1005439	6877
2362825	1005439	6877
1447711	1005439	6877
43693	4599980	6880
2113320	2310076	6728
2113320	1733909	6747
1533187	3774368	6879
2654852	1005439	6878
3383681	2113320	6750
1005439	2804671	6876
1005439	179727	6876
1005439	3951077	6876
2113320	2004188	6747
2113320	2384963	6747
3167774	2113320	6750
2113320	4282761	6747
3664293	1005439	6877
4210125	2113320	6750
710183	1005439	6877
3177176	1005439	6877
1811557	844829	6875
4230756	1811557	6752
95280	4360915	6880
4197898	1005439	6877
1005439	3089376	6876
3115265	2113320	6750
3204922	4429735	6875
3684765	1005439	6877
1005439	74294	6795
2113320	28838	6747
3281479	1005439	6878
833442	1005439	6877
1005439	4082462	6876
3424850	1005439	6877
2113320	2310076	6751
3584150	1005439	6877
4427337	2640487	6752
1005439	1650389	6728
3497044	2113320	6750
1005439	4117851	6876
95280	3178251	6875
1005439	1992074	6876
164458	1005439	6877
632385	1955623	6879
1005439	1364547	6876
4514417	1776797	6682
1005439	3006946	6728
4065042	2113320	6750
4096805	1005439	6877
2113320	2169207	6747
4429735	2497019	6874
301288	4481951	6693
1515696	1005439	6877
1230417	2268384	6879
1005439	3862371	6876
4429735	3401845	6874
2113320	2805444	6747
358464	2113320	6750
491390	2113320	6750
2113320	3553224	6747
2787624	1005439	6877
1888347	1005439	6877
4154005	1005439	6877
4429735	1520840	6874
624665	4555384	6880
4091361	2113320	6750
4227903	2113320	6750
1005439	4406103	6876
4172414	1005439	6877
3428873	2113320	6750
1005439	3848177	6876
416838	3515944	6750
3050276	4309448	6693
990465	1005439	6877
1230417	1005439	6878
3071049	1005439	6877
1247312	4022259	10144
4192871	4429735	6875
2672236	1005439	6877
505893	2640487	8552
2113320	1568519	6747
1005439	1524872	6876
1005439	2412970	6728
1005439	1854941	6728
3262498	2113320	6750
1005439	2849058	6876
2113320	1472408	6747
1520840	1005439	6877
3930417	1005439	6877
1372246	1005439	6877
2581960	1005439	6877
1001479	2113320	6750
1005439	2464205	6876
1611618	2113320	6750
4309448	4523087	6801
1005439	216334	6876
2113320	1010442	6747
3756155	2113320	6750
90481	2113320	6750
1734243	1005439	6877
31705	4233601	6752
1005439	4503399	6876
358464	1005439	6877
1005439	2990592	6876
1208373	1413721	6879
844829	1242325	6874
4429735	3605863	6874
1005439	2338550	6795
2092003	2113320	6750
2812185	4165736	6752
3178251	742768	6874
2113320	2551499	6747
586044	4429735	6875
2642274	2113320	6750
4429735	3805611	6874
104430	3008271	6880
2747659	1005439	6878
1005439	505760	6876
1005439	4558057	6876
2113320	4209839	6747
1005439	211293	7207
1005439	2553046	6876
2637700	2113320	6750
4514417	3988611	6682
2756613	1597149	6752
1005439	1203305	6876
2294190	3178251	6875
1005439	1313479	6751
1715628	1005439	6878
4448813	1005439	6877
1561679	74294	6880
478753	2113320	6750
2113320	3679014	6728
2113320	4049839	6747
1005439	1185825	6876
358744	2533635	6752
2113320	1141500	6747
4335934	1005439	6877
3596089	1005439	6877
1695866	479491	6707
2113320	3444022	6747
3744152	2113320	6750
1073245	1005439	6877
3630604	2113320	6750
3407574	4429735	6875
2113320	502718	6747
1005439	3137037	6876
1005439	1183708	6876
2113320	660363	6728
1005439	4010720	6876
3970381	2113320	6750
1817130	2113320	6750
742768	1005439	6877
1005439	3640131	6876
1498717	2113320	6750
1005439	483525	6876
923229	1005439	6878
1565650	1005439	6877
927169	1005439	6877
1798048	2113320	6750
2113320	1738830	6751
2933303	1005439	6877
2113320	224213	6747
1005439	3893588	6876
4429735	2990683	6874
3178251	825471	6874
1005439	1231579	6876
2113320	343278	6747
4514417	1204749	6682
3575157	2113320	6750
3625383	2113320	6750
2113320	1975388	6747
2113320	3582351	6747
2113320	2610727	6747
1005439	3462642	6876
652598	2113320	6750
1005439	3006514	6803
1094130	3178251	6875
1231579	1005439	6877
3178251	2471471	6874
2113320	499413	6728
301288	2481779	6693
908497	1005439	6877
382556	1005439	6878
399943	3178251	6875
1005439	2340707	6728
3178251	95280	6874
1005439	3168545	6876
3401315	2113320	6750
1005439	96831	6876
4466131	1005439	6877
2113320	1176354	6747
4010181	2113320	6750
2571832	1868850	6875
1005439	1191961	6876
2113320	456040	6747
1072259	2113320	6750
4429735	3822476	6874
2306839	2113320	6750
660328	1005439	6877
2113320	3609148	6747
98680	1005439	6877
1005439	2979433	6876
4514417	2897913	6682
1005439	2937703	6876
1005439	3988876	6728
3924866	2113320	6750
1005439	2666251	6876
4305754	1005439	6877
4514417	4219318	6682
2113320	705714	6747
1005439	1498717	6876
75328	1005439	6877
4514417	3810845	6682
2381404	2113320	6750
1005439	136160	6876
4309448	3515944	6750
1005439	3925366	6876
4146530	3515944	6750
983537	1005439	6877
99869	1005439	6877
1959981	1005439	6877
1005439	3706491	6795
2582921	1005439	6877
2377430	1005439	6877
2113320	1151980	6747
4514417	596032	6682
1005439	1877068	6728
2614141	4429735	6875
2113320	4096805	6747
4634881	1005439	6877
1505971	1285826	6879
1005439	1111187	6876
2612555	2113320	6750
1005439	3689979	6728
1103472	2113320	6750
1005439	4118636	6795
2113320	164458	6747
3805611	3178251	6875
1005439	761606	6876
2113320	396882	6747
1005439	1991814	6876
4170396	1005439	6877
2113320	4501509	6747
2424581	2113320	6750
1005439	4577279	6876
1005439	3136282	6876
3550886	1005439	6877
1005439	4461272	6876
3691106	1005439	6878
822820	1005439	6878
3308564	2113320	6750
3798259	2113320	6750
2591539	2113320	6750
3972311	4429735	6875
1088184	525255	6880
2598551	1005439	6878
2113320	96831	6747
2113320	3957799	6747
2113320	2648121	6747
2113320	3644430	6747
2113320	414995	6747
2113320	2829400	6751
1005439	970619	6876
2113320	142264	6747
1005439	1819273	6795
1095366	3818233	6693
2113320	2039508	6747
4555384	1005439	6878
1005439	3595405	6876
1005439	28296	6876
1005439	1091069	6728
3078302	2113320	6750
1005439	2891282	6876
2113320	1013934	6747
104430	2113320	6750
1005439	3706123	6876
1039321	2113320	6750
2113320	2606235	6747
4335934	2113320	6750
2203755	2113320	6750
4385238	2113320	6750
3213404	1005439	6877
2113320	2686367	6747
1005439	4000974	6795
1174273	1005439	6877
1669828	1614967	6879
4418119	1318198	6752
1005439	4287455	6876
2113320	2961337	6747
1611845	4192871	6879
1005439	3390549	6751
780914	1005439	6877
1005439	2322639	6795
1005439	2933303	6876
160027	1005439	6877
2471471	1005439	6877
1005439	4012975	6876
1231579	4429735	6875
2113320	2436819	6728
835095	1005439	6877
1005439	2536872	6876
2310046	1005439	6877
4429735	3270956	6874
1005439	4015047	6876
2113320	2399145	6747
2113320	3345789	6747
4261947	4429735	6875
2788530	2113320	6750
1005439	710183	6876
1005439	3889786	6876
4514417	2828107	6682
2137325	1005439	6877
2792392	1005439	6877
3957799	2113320	6750
864357	2113320	6750
3050276	3945097	6693
3544219	2113320	6750
463193	2113320	6750
2113320	1183708	6747
1005439	4602291	6876
2113320	3680604	6751
2113320	4602291	6747
1005439	4309448	6876
1005439	2858178	6876
2481779	4429735	6875
2609840	1005439	6877
4514417	4305754	6682
2394477	1005439	6877
2567009	4429735	6875
4597948	2113320	6750
1931228	2113320	6750
2113320	4560246	6747
1005439	2029636	6876
2929186	2113320	6750
116927	1005439	6877
4514417	3680996	6682
1285826	505893	8551
515710	952520	6752
4256471	2113320	6750
3440726	2144482	6879
4429735	2089753	6874
4076794	2113320	6750
4514417	2228772	6682
1822059	1005439	6877
1005439	3555580	6876
3355628	2113320	6750
3895199	1005439	6877
463194	1005439	6877
4429735	3581749	6874
1005439	3603046	6876
2113320	847328	6747
2113320	3931852	6747
2113320	3555300	6751
1005439	4590824	6876
2113320	2154802	6747
2113320	2091604	6747
1005439	3664293	6876
508622	1005439	6877
1563652	1005439	6877
1005439	2187756	6728
956077	2113320	6750
1005439	1308183	6876
2601065	2113320	6750
1005439	1101073	6876
432515	2113320	6750
2831700	2113320	6750
2113320	3648432	6747
3734545	1005439	6877
1005439	133157	6728
4117851	1005439	6877
2113320	3675405	6747
869271	1005439	6877
1005439	1784001	6876
1005439	3714151	6876
2498046	3178251	6875
3178251	1992074	6874
593087	1005439	6877
4514417	4205241	6682
3262498	1005439	6877
1854941	1473938	6752
3661290	1513805	6748
1005439	711817	6751
1005439	3402147	6876
1693438	2113320	6750
1289464	1005439	6877
3331595	2113320	6750
2113320	4017196	6728
4500292	1005439	6877
3358387	4065274	6879
1005439	4466131	6876
760950	1005439	6877
4262578	4362852	6879
4107747	1005439	6877
4304428	3178251	6875
1005439	2936352	6876
4353911	2113320	6750
2841599	1005439	6878
116927	2284124	7560
1005439	998816	6728
2113320	1724243	6747
644067	4495039	6752
2113320	3533165	6747
2934921	3178251	6875
1005439	2329601	6795
2113320	1622929	6747
2730380	4429735	6875
4271365	2113320	6750
1005439	2108265	6728
1249037	3640131	6879
2113320	601530	6747
3558391	1868850	6875
3714151	2113320	6750
1801562	2113320	6750
1005439	4123331	6876
2113320	1496698	6747
2113320	3940844	6747
1005439	4154005	6876
501697	2113320	6750
3777321	3216157	6879
4429735	3373971	6874
1005439	4215234	6876
4277516	2113320	6750
1005439	2866653	6876
2113320	3286312	6747
2742057	1005439	6877
2113320	1634274	6747
1005439	1072259	6876
2113320	3948621	6747
3581749	1856607	6880
4514417	1611313	6682
1019159	1005439	6877
2113320	2742057	6747
3444022	2113320	6750
3069756	1005439	6878
3434216	2113320	6750
1005439	2154957	6876
160027	3324064	6880
1005439	1735139	6751
1005439	1010910	6876
2113320	410490	6747
2113320	1919366	6747
1005439	744209	6876
1005439	4328494	6876
1923828	2113320	6750
4514417	1513805	6682
1094130	1005439	6877
3044834	2113320	6750
1005439	3994906	6876
1005439	660402	6876
1005439	4471091	6876
3669298	1005439	6877
1847165	1005439	6877
1319370	1005439	6877
2849058	1005439	6877
1808636	2113320	6750
4268563	2113320	6750
3894030	2294190	6879
2284124	116927	7267
2113320	1958566	6751
382556	3644430	6879
1360309	3700855	6879
1005439	2240908	6795
4429735	1659092	6874
2113320	973400	6728
2934921	576990	6880
2113320	4055171	6747
2715194	1005439	6877
1921084	1005439	6877
2240776	4429735	6875
1005439	2412970	6751
1005439	3462418	6876
3936603	1005439	6877
737325	1005439	6877
1005439	4320525	6876
4429735	229443	6874
4367870	4429735	6875
1005439	1459406	6876
4514417	160027	6682
3203817	3213498	6879
2402141	2113320	6750
1659708	2113320	6750
1005439	4439428	6876
2909624	82193	6693
1005439	3014924	6876
1005439	2601969	6876
1005439	4039554	6876
2113320	4440783	6747
1005439	1706601	6795
4429735	3640131	6874
1019159	2113320	6750
2980398	1005439	6877
3553224	1005439	6877
2113320	609297	6747
1005439	1769921	6795
3276216	1005439	6877
1005439	2202151	6876
1217508	2113320	6750
1692427	3178251	6875
2805444	1005439	6877
2113320	4074737	6747
2113320	2261233	6728
2113320	3596089	6747
1005439	3837269	6876
1005439	4360915	6795
2402628	1005439	6877
1005439	1536412	6803
1005439	403269	6876
3050276	2130229	6693
4514417	3187292	6682
4429735	3407574	6874
590268	2113320	6750
2202151	2113320	6750
4514417	3550886	6682
1005439	3894110	6795
1838358	1005439	6877
263058	1005439	6878
2645648	1005439	6877
1005439	3726684	6876
3393002	1005439	6877
2113320	1018034	6751
2113320	3779134	6747
899275	2113320	6750
1005439	4246302	6795
2416663	4028837	6752
4429735	2268384	6874
948430	1005439	6878
1005439	1034945	6876
2894047	2113320	6750
2113320	1806826	6747
1005439	1476716	6876
611297	1005439	6878
1005439	713711	6876
3454361	1005439	6877
2553046	1005439	6877
2113320	2481779	6747
2113320	4427337	6751
2552618	4429735	6875
90481	1005439	6877
4495039	1090308	6880
614287	3178251	6875
1005439	99869	6876
2113320	4611952	6747
1796038	1005439	6877
218395	2113320	6750
1005439	2507716	6728
2187756	1242325	6752
301288	2021632	6693
2113320	2109735	6751
2113320	3752061	6747
754231	1005439	6877
2775830	1005439	6877
163164	2113320	6750
2770446	1005439	6877
2113320	432515	6747
1005439	3970381	6876
523341	2113320	6750
1005439	1838358	6876
4514417	4560246	6682
1005439	3413981	6876
1231402	2113320	6750
2239603	2113320	6750
4207038	1005439	6877
2113320	80671	6747
4601769	1005439	6877
4614564	2113320	6750
4605763	2113320	6750
3351581	3528514	6880
1005439	3623291	6876
1821652	2113320	6750
1005439	160027	6876
1005439	1659092	6876
1005439	3988876	6751
443010	238426	6752
3679017	3305278	6752
596032	767009	6880
1005439	2541298	6876
1005439	1328760	6795
1005439	1967996	6795
4138050	1005439	6878
1005439	263058	6795
1005439	4452653	6876
1034945	1005439	6877
844829	3262498	6874
2896085	2113320	6750
1005439	371972	6751
2113320	3501431	6747
1497996	2113320	6750
1005439	2550343	6795
4409593	3178251	6875
1005439	2966761	6876
1005439	942143	6876
2113320	1070358	6747
434252	2113320	6750
1831998	1005439	6877
2113320	4427768	6747
3972105	2113320	6750
1005439	80671	6876
3148720	2089753	6752
4429735	1614967	6874
3610724	1005439	6877
608217	1005439	6877
2113320	3010448	6747
4309004	2113320	6750
1005439	4131486	6751
45503	1005439	6877
1005439	290280	6795
1724243	2113320	6750
3603046	1005439	6877
1971546	2113320	6750
3690878	1005439	6878
2253200	1005439	6877
2113320	2866653	6747
1470118	2113320	6750
3680996	3178251	6875
2113320	208699	6747
2081395	614287	6752
1801562	3509442	6880
4079229	2113320	6750
1005439	1167878	6876
703284	1005439	6877
2113320	3229027	6747
3501128	1005439	6877
2113320	1411481	6747
3947232	2113320	6750
1459406	1005439	6877
4429735	2567009	6874
1028546	1005439	6877
3700855	1360309	6880
1627145	1005439	6877
1005439	2953442	6876
2113320	3351510	6747
1822059	2113320	6750
1005439	796920	6876
3779134	579745	6880
1005439	1613667	6876
2113320	2069092	6747
4514417	4014517	6682
1005439	3848988	6876
917660	2113320	6750
2426897	2113320	6750
2113320	4335934	6747
2113320	1470118	6747
2113320	1335270	6747
229443	1005439	6877
4000974	1183692	6879
1706601	1005439	6878
1005439	741280	6876
2113320	1223721	6747
2113320	4063906	6747
554587	3644430	6693
726540	2113320	6750
1005439	463193	6876
1005439	4197898	6876
3286312	2113320	6750
1005439	2276756	6751
2968064	890012	6752
1005439	1608582	6876
4246302	2567009	6879
4519696	1005439	6877
2113320	3536435	6747
4556600	2113320	6750
2113320	2889242	6747
3014924	2113320	6750
2113320	332912	6747
1942553	1005439	6877
3780106	2113320	6750
255014	1561679	6708
2213893	4645901	6752
2818526	2113320	6750
2113320	3443139	6747
2648121	2113320	6750
2076461	1005439	6877
3777321	1005439	6878
1810602	3386417	6874
3050276	4146530	6693
3295627	2000717	6880
3818233	1005439	6877
1005439	2353481	6728
2113320	1672603	6747
2631275	1005439	6877
2113320	403269	6747
3178251	1811557	6874
1005439	1975388	6876
914137	2113320	6750
2113320	620351	6747
3346437	2113320	6750
922898	4429735	6875
4429735	2938173	6874
3838321	1005439	6878
2436819	986282	6752
2091604	2113320	6750
2113320	1105762	6747
1005439	3501431	6876
1606573	3178251	6875
1005439	1246438	6876
4514417	592396	6682
1005439	1041127	6876
2351750	1005439	6877
241010	2113320	6750
1005439	1497996	6876
3734545	2113320	6750
378194	1005439	6878
278160	1005439	6878
4522686	3178251	6875
1005439	4634881	6876
4146825	2113320	6750
1221827	2044240	6880
1005439	1062633	6795
90979	2214480	7254
1027103	4128418	6752
845942	1005439	6877
3219224	2113320	6750
2113320	3810845	6747
1005439	3099722	6876
1005439	1123326	6876
2113320	2992116	6747
4514417	4082462	6682
98318	1005439	6877
2113320	1195554	6747
986282	4091856	6880
4429735	3359943	6874
1005439	3779134	6876
2113320	1096010	6747
780914	2113320	6750
1204749	2795894	6880
564149	2113320	6750
1005439	1906554	6876
313947	1005439	6877
2113320	2436819	6751
4560246	3178251	6875
2113320	1928745	6747
2113320	791291	6751
1005439	830952	6876
2321974	2113320	6750
3178251	97796	6874
1005439	2913660	6876
785868	1005439	6877
2397390	1005439	6877
2113320	1091509	6747
1005439	2159249	6876
2113320	3605863	6747
1520840	899304	7009
1005439	137167	6876
1005439	348693	6876
3178251	4280774	6874
2113320	3581590	6747
1005439	2569632	6876
1005439	3700855	6876
1111187	2113320	6750
1095046	1005439	6877
825471	4551363	6880
3826428	1005439	6877
2113320	1424143	6747
574645	1005439	6877
2113320	3462418	6747
1005439	3390549	6728
1005439	61312	6876
2113320	2079077	6751
1005439	2580370	6876
1005439	3644430	6876
1005439	712187	6751
1005439	1987586	6876
2113320	4012975	6747
4623221	1005439	6877
1005439	644452	6876
2216805	1005439	6878
1443326	1005439	6877
1005439	1001479	6876
56061	1005439	6877
2183834	1005439	6877
1005439	3694633	6795
1005439	4606542	6876
1005439	2442696	6876
3679014	3988611	6752
1005439	873252	6876
2113320	2739711	6728
1005439	3117839	6876
3178251	2040605	6874
1005439	3660638	6876
2113320	3895635	6747
1629572	2497019	6874
4082713	2113320	6750
1944560	3178251	6875
4429735	4065274	6874
4065274	3358387	6880
3486442	1005439	6878
1005439	2542446	6876
1005439	2552618	6876
2113320	3548123	6751
1005439	866047	6795
1005439	388893	6728
1005439	176315	6795
2113320	1056987	6747
2601065	1005439	6877
1005439	3718079	6876
2676080	2113320	6750
1005439	3548925	6795
2113320	483525	6747
4523087	1005439	6739
4205241	1819273	6880
3501431	1005439	6877
4514417	3495726	6682
3178251	3562969	6874
1203305	1005439	6877
2113320	3157394	6747
1667179	142264	6879
1005439	4090497	6876
2804671	2113320	6750
2113320	3591967	6747
2113320	3331595	6747
791797	2113320	6750
97796	1005439	6877
2113320	3522127	6747
1005439	1230417	6795
1005439	1472408	6876
118359	2113320	6750
1005439	2168275	6876
3178251	3810123	6874
1005439	1611845	6795
4430319	2113320	6750
2470974	4139449	6752
1005439	8693	6876
191697	2399145	6752
2080366	2113320	6750
1005439	4309004	6876
1005439	490735	6876
3282285	1005439	6878
2113320	4432937	6747
4139827	4429735	6875
4514417	2823148	6682
2113320	703284	6747
2113320	3547540	6747
396143	2113320	6750
3006514	1005439	6877
2113320	136160	6747
2113320	2929186	6747
1005439	427530	6915
4173399	1005439	6877
1005439	590268	6876
4152586	4429735	6875
711630	1005439	6877
3080969	2113320	6750
1644109	2113320	6750
3274239	1005439	6877
2113320	1284776	6728
1005439	727414	6876
1005439	1770836	6876
1005439	914137	6876
4165736	1005439	6877
3810845	3178251	6875
1749990	1005439	6877
4281319	1005439	6877
623124	2113320	6750
4073710	2113320	6750
401546	1005439	6877
660328	2113320	6750
4537249	1005439	6877
3178251	3329578	6874
4429735	2990592	6874
324158	2113320	6750
4630920	1005439	6877
4514417	1200654	6682
4514417	2819367	6682
533035	1005439	6877
1005439	2497019	6876
1081829	1005439	6878
1005439	478753	6876
1005439	2985637	6876
2113320	4411902	6747
2686367	2113320	6750
1005439	1952286	6876
4362852	1005439	6877
1005439	2144482	6876
3178251	2933303	6874
1515696	943157	6880
3505702	3932344	6747
1005439	4604424	6876
2008275	3178251	6875
1731413	2113320	6750
3467657	2113320	6750
2176893	1005439	6877
2709538	1005439	6877
2113320	45503	6747
333520	3462642	6879
1304669	1005439	6878
2113320	3996559	6747
369725	1005439	6877
1159418	3550886	6879
3178251	3718079	6874
3750440	2113320	6750
2113320	4601769	6747
301288	1123147	6693
2113320	524247	6747
2113320	29528	6747
897147	1520840	6879
2113320	1659092	6747
227013	4429735	6875
2113320	4430598	6728
1059084	2113320	6750
2113320	2832337	6747
562802	1005439	6877
986112	1277408	6880
3178251	596032	6874
1800978	4439428	6879
1005439	1757191	6876
3178251	1597149	6874
819588	2096036	6752
2545632	1005439	6877
4305560	2136840	6880
462712	1890905	6879
3991473	3178251	6875
1841299	1005439	6878
3309062	2113320	6750
1005439	3974674	6876
2113320	1731413	6747
2113320	305619	6728
741280	2113320	6750
4429735	108724	6874
220917	4435231	6879
1005439	4494241	6876
2421420	2113320	6750
736109	2113320	6750
2240908	1688181	6879
4429735	2806499	6874
4165736	2113320	6750
1005439	165267	6915
1005439	1969250	6728
1005439	1289464	6876
2113320	3553286	6747
2113320	147568	6747
4280774	3178251	6875
1005439	3625383	6876
383492	2113320	6750
769072	1005439	6877
3890806	4429735	6875
301288	2294190	6693
1005439	3472918	6751
4514417	75100	6682
2113320	3871886	6747
1005439	4001307	6876
4001261	2113320	6750
3229666	1005439	6878
2113320	27829	6747
1005439	412808	6876
1005439	692044	6876
1868850	400446	6874
1005439	3584150	6876
1005439	432796	6876
2113320	1610088	6747
1432227	2113320	6750
2985637	1005439	6877
4098642	2113320	6750
3178251	216334	6874
2113320	2392145	6747
590268	1005439	6877
4514417	1688181	6682
586044	263058	6880
1005439	4250956	6876
474102	1005439	6877
3945791	1005439	6877
2113320	238426	6747
2113320	3160135	6747
1269855	1005439	6877
1005439	3557364	6876
1005439	104430	6876
2113320	3628479	6747
75100	326524	6880
4429735	238426	6874
1005439	1841299	6795
4411902	2113320	6750
4440783	2113320	6750
2113320	676197	6747
3115265	1005439	6877
1005439	1470118	6876
2113320	1010910	6747
2113320	2700235	6728
4514417	2497019	6682
2113320	4333343	6747
2113320	1770836	6747
4514417	1847165	6682
4514417	2154957	6682
2113320	2330088	6747
3992543	3435934	6879
2069092	2113320	6750
138887	2113320	6750
866047	1005439	6878
3752355	1005439	6878
118632	2113320	6750
266170	1005439	6878
3164173	1005439	6877
896017	1005439	6877
1578366	1005439	6877
4514417	104430	6682
1010442	1005439	6877
1894815	1201198	6880
4271365	1005439	6877
2113320	2553046	6747
1005439	1103472	6876
1613667	1005439	6877
1005439	1814371	6876
2113320	3518140	6747
1810602	6670	6874
4014517	90979	6714
3262498	1868850	6875
1005439	3577373	6876
1005439	1724243	6876
348693	2113320	6750
4518772	1005439	6877
2669354	1005439	6877
3096802	1005439	6877
1005439	4621801	6876
745733	1005439	6877
2113320	4387743	6747
2113320	2870156	6747
2214480	3612197	7100
1005439	2929186	6876
2113320	1340176	6751
4609907	1005439	6877
1005439	90998	6876
673285	1005439	6877
2113320	785868	6747
3670597	2113320	6750
4514417	3718079	6682
895282	1330518	6879
2113320	2346361	6728
2679788	2113320	6750
2276756	1289464	6752
1005439	3872865	6751
3157394	2113320	6750
2271442	1005439	6877
3050276	97796	6693
82193	1810602	6875
3178251	3762106	6874
1005439	4385238	6876
4514417	4309448	6682
2544648	2113320	6750
1005439	2977397	6795
1005439	369725	6876
2113320	325502	6747
4288601	1005439	6877
4514417	3787658	6682
1005439	225915	6876
3773749	2113320	6750
845942	3178251	6875
1005439	2165633	6795
1114846	1005439	6877
1318198	2545419	6880
3708080	2113320	6750
2113320	3951077	6747
4514417	4537249	6682
427448	2113320	6750
1005439	1888502	6876
1335270	1005439	6877
4346979	1005439	6877
3755960	1005439	6878
2113320	3871880	6747
2113320	2125270	6747
2113320	520490	6747
6670	1810602	6875
1005439	2376840	6876
3548925	1005439	6878
2562463	2113320	6750
1005439	452061	6876
4514417	4146530	6682
1005439	2168623	6876
1312776	1395626	6752
3280641	2113320	6750
3940844	1005439	6877
3551179	1005439	6877
4429735	355477	6874
4020768	2699499	6728
4429735	595780	6874
1005439	247409	6795
4171700	2113320	6750
3895199	2113320	6750
2437488	1010910	6879
1005439	1610088	6876
593087	2113320	6750
1005439	4277516	6876
3178251	2828107	6874
1005439	241010	6876
833442	2113320	6750
2484956	1561679	6752
2113320	562802	6747
2449463	1005439	6877
1801562	1005439	6877
2477160	4429735	6875
1451461	1005439	6877
2113320	1643264	6747
1005439	2294190	6876
2113320	2993838	6747
1005439	4600915	6876
3319437	2113320	6750
605643	1005439	6877
1005439	401546	6876
1944560	1005439	6877
2113320	3167774	6747
4065274	2113320	6750
1005439	750483	6876
3178251	2472801	6874
137460	1005439	6877
3505647	319291	6693
2113320	4172414	6747
1005439	406087	6876
1005439	3621273	6751
1005439	4152586	6876
1005439	679953	6876
4146530	3178251	6875
4017196	3779134	6752
2113320	396143	6747
1005439	2549795	6876
1841975	2113320	6750
3726684	1005439	6877
1005439	3648432	6876
2113320	1028546	6747
3945097	2113320	6750
142264	1667179	6880
3178251	3262498	6874
3178251	1318198	6874
2113320	3031844	6747
2536872	1005439	6877
2739821	3164173	6879
2113320	3623291	6747
1627145	2113320	6750
301288	922898	6693
4514417	1473938	6682
1005439	4055171	6876
1005439	3828848	6876
403269	2113320	6750
978837	2113320	6750
1825950	2798397	6752
2497019	1629572	6875
1005439	3509442	6795
3932344	4429735	6875
1005439	2056699	6728
4502800	1005439	6877
444930	1005439	6878
1005439	218395	6876
1005439	3838931	6876
3497960	2113320	6750
1005439	3408966	6876
821144	1005439	6877
2113320	668534	6747
1005439	2244969	6876
1005439	4551363	6795
3048247	3178251	6875
1997011	2113320	6750
3386417	4263021	6880
4154005	2113320	6750
1183692	4429735	6875
1005439	1105762	6876
2935922	2113320	6750
1005439	278160	6795
4595615	2113320	6750
1005439	2642274	6876
1095366	4139449	6693
1005439	1735139	6728
3505702	1285826	6747
2930562	2497019	6879
1005439	2822347	6728
3706491	3680996	6879
287042	2113320	6750
1005439	4226492	6876
1691143	1005439	6877
2113320	1021795	6747
2113320	4388599	6747
2113320	2185875	6751
2113320	2896085	6747
2113320	3512270	6747
1005439	568481	6876
2113320	82193	6747
4139449	4429735	6875
596032	3178251	6875
2113320	3120340	6747
3178251	2399145	6874
2113320	2700235	6751
2113320	2280806	6747
2113320	3848177	6747
4147586	1005439	6877
2497019	4429735	6875
1005439	3941224	6876
508622	2113320	6750
1005439	285683	6876
883656	2113320	6750
2113320	4271365	6747
1005439	3932344	6876
1159418	1005439	6878
2113320	2029636	6747
2294190	554587	6714
2113320	1515693	6747
4582079	3178251	6752
1005439	125252	6876
2467510	1005439	6877
4275673	2113320	6750
2113320	2327972	6747
2113320	2329126	6747
1005439	2449463	6876
2113320	4381909	6747
3039679	3407574	6879
2113320	3421267	6728
247409	2154957	6879
1005439	4342493	6876
2446258	2113320	6750
3443139	2113320	6750
2640352	4261947	6879
679953	2113320	6750
1005439	3219224	6876
3610969	1005439	6877
2113320	416838	6747
1005439	4562039	6876
1044587	2113320	6750
3727759	456040	6879
1005439	1223721	6876
2113320	4500292	6747
1005439	1165547	6876
1088184	2113320	6750
1249037	1005439	6878
1659092	1005439	6877
2709538	2113320	6750
826177	1005439	6877
2113320	3377790	6747
4476501	2113320	6750
2113320	1746329	6747
3141765	1005439	6877
1005439	3632894	6876
4514417	4128418	6682
2113320	1931228	6747
1005439	2073301	6876
2113320	432408	6751
2113320	2567052	6747
2458708	1005439	6877
1005439	3890806	6876
4514417	2130229	6682
1005439	4131486	6728
4514417	1692427	6682
4583357	452061	6693
4205241	3178251	6875
1005439	2920134	6795
1005439	810094	6795
2113320	4291168	6747
1470524	2552618	6879
1005439	326630	6876
2113320	2729401	6747
1005439	1801562	6876
2113320	2128646	6747
2113320	2735171	6747
1005439	2327972	6876
1005439	2689336	6876
624785	1005439	6877
2113320	1426855	6747
1005439	4281320	6876
1005439	4028255	6876
1005439	1432227	6876
1299173	2113320	6750
4514417	2580370	6682
1005439	2071183	6728
2113320	605643	6747
2490852	1005439	6877
3718079	4429735	6875
2113320	1734243	6747
1005439	1251554	6795
2113320	2936759	6747
4429735	2571832	6874
4429735	911619	6874
762941	1125847	6879
2788430	2113320	6750
2889242	2113320	6750
4514417	1094130	6682
1005439	3931852	6876
296655	2113320	6750
2113320	3596784	6747
4514417	2891282	6682
1005439	4536719	6751
479491	4429735	6875
1177308	2113320	6750
1868850	325502	6874
74294	1005439	6878
1005439	4058265	6876
3164458	1005439	6877
2637700	1005439	6877
3089376	2113320	6750
2113320	1372246	6747
899304	1005439	6717
180326	1005439	6877
4433771	1005439	6877
2113320	4652770	6751
1005439	1843894	6876
173830	2113320	6750
1005439	629145	6876
4618029	2113320	6750
2113320	2816654	6751
2798892	2113320	6750
2990683	4429735	6875
3440726	1005439	6878
3773749	1005439	6877
1005439	755576	6876
3890806	526628	6880
1005439	440077	6728
1005439	3401315	6876
3231545	1005439	6877
1005439	1969250	6751
3039679	1005439	6878
2113320	5527	6747
1096311	1005439	6877
200911	2113320	6750
579207	2113320	6750
2113320	619852	6747
1005439	3529901	6876
3747692	2113320	6750
2113320	3822344	6747
615788	2113320	6750
1005439	2607348	6728
3862371	1005439	6877
1005439	95280	6876
2113320	1285826	6747
2113320	3396928	6747
2113320	75328	6747
1005439	3242463	6795
2113320	1736544	6747
1005439	2421420	6876
2645648	2113320	6750
3633555	2994242	6752
3996559	2113320	6750
2113320	2549795	6747
2923284	1005439	6878
1005439	1647672	6876
1269855	2113320	6750
4197898	2113320	6750
1005439	1699916	6876
1975388	2113320	6750
2154802	2113320	6750
1776797	2113320	6750
1207910	4305754	6879
2113320	3663130	6747
4229021	1005439	6877
505760	1005439	6877
2826316	1005439	6877
3480886	2113320	6750
1005439	2030520	6876
1005439	2416663	6751
315210	2113320	6750
3725311	1005439	6877
3526398	1005439	6877
1005439	1125847	6876
2113320	1871506	6747
4146530	822820	6880
952520	2113320	6750
2113320	3988611	6747
2113320	3020048	6747
1005439	3598403	6876
2113320	873252	6747
1005439	3265951	6876
2113320	3032353	6747
2122816	2113320	6750
1005439	2545408	6876
97796	3178251	6875
3226499	2113320	6750
2113320	1811557	6747
4636756	1005439	6878
2113320	1659708	6747
2113320	72667	6751
160361	1005439	6877
2340397	1005439	6877
940553	1005439	6878
1005439	524631	6876
1005439	555345	6876
619852	4429735	6875
2113320	1179039	6747
3178251	3988611	6874
2113320	2936352	6747
2113320	1565650	6747
1426855	2113320	6750
1005439	2773089	6876
1005439	4345274	6751
2113320	2103964	6747
2113320	4146530	6747
3838931	2113320	6750
2113320	3640245	6747
2113320	1678235	6747
3598938	2113320	6750
1005439	2507716	6751
1005439	1456351	6728
2113320	3467657	6747
2113320	2637700	6747
1005439	2995931	6876
1005439	388893	6751
2805952	2113320	6750
2113320	1364547	6747
3093856	2113320	6750
3462418	1005439	6877
4514417	3216157	6682
1005439	4214660	6876
4170396	2113320	6750
1005439	415456	6751
1005439	2576076	6876
873252	1005439	6877
238426	844829	6875
2618984	2113320	6750
1005439	5527	6876
3505702	2640487	6747
3378622	1223721	6752
1005439	1686692	6728
1896413	4431850	6880
2953442	1005439	6877
4104099	3305278	6879
2113320	3645005	6747
3551179	2113320	6750
1848099	1005439	6877
2113320	101824	6747
4514417	624665	6682
1005439	1313479	6728
1005439	3822476	6876
2069092	4429735	6875
2113320	2562463	6747
2113320	1204749	6747
1471919	1005439	6877
1005439	3531191	6876
4594400	1005439	6877
2113320	2968064	6751
2113320	1715973	6747
2113320	94494	6747
4010026	1005439	6877
1459406	2113320	6750
579207	1005439	6877
897147	1005439	6878
826177	446237	6742
2552618	1470524	6880
2113320	2472801	6747
1823306	2113320	6750
2113320	2166434	6747
2113320	896017	6747
2113320	4304495	6747
509257	1005439	6877
2113320	3435474	6747
1005439	474102	6876
2113320	4091361	6747
3822476	1005439	6877
1052648	2113320	6750
4429735	2402628	6874
1005439	2381404	6876
1005439	1095046	6876
4153179	1005439	6878
2044659	2640487	6819
1005439	2498046	6876
2113320	824825	6747
2113320	3497044	6747
3178251	1203482	6874
1566085	1005439	6878
2317635	2113320	6750
1005439	4416010	6795
2913660	2113320	6750
2113320	4221872	6751
2571832	2923284	6880
1005439	2049232	6876
1005439	3948621	6876
751115	1005439	6877
2412119	2113320	6750
1005439	2913379	6876
2113320	2882957	6747
3424424	2113320	6750
2113320	3707805	6747
1005439	4594400	6876
1081829	1731413	6879
601530	2113320	6750
2113320	2170303	6751
2717561	1005439	6877
2542493	2113320	6750
1005439	4230956	6876
2113320	1693438	6747
3872564	1890905	6752
4259355	1005439	6877
21508	1643275	6879
2113320	4494241	6747
884694	1005439	6878
2113320	1221827	6747
2113320	1166544	6747
2113320	3828848	6747
1005439	1330518	6876
844829	1811557	6874
4514417	108724	6682
810094	1005439	6878
1005439	1001155	6795
2113320	2345122	6747
3560503	1005439	6877
2116987	4416010	6880
1133837	2113320	6750
890012	3178251	6875
1293700	3596089	6879
4566011	1005439	6877
2113320	718183	6751
1005439	4288601	6876
4552930	2113320	6750
1793871	1005439	6877
631084	1005439	6878
3381947	2113320	6750
3601159	1005439	6877
4291168	1005439	6877
176315	2739171	6879
3529901	1005439	6877
1005439	684980	6876
1005439	1789899	6795
1005439	1407353	6876
1005439	3277277	6876
4379442	1005439	6877
325706	1005439	6877
2567948	1005439	6877
4015047	1005439	6877
4367916	3401845	6879
2113320	1445097	6747
1005439	2591539	6876
3505647	3932344	6693
2113320	1073245	6747
3166213	1005439	6877
3091812	2113320	6750
301288	108724	6693
4514417	3096802	6682
841462	1005439	6877
2113320	4606542	6747
4328494	4429735	6875
2567052	1005439	6877
98318	2113320	6750
1672603	1005439	6877
2113320	1818834	6747
2113320	79069	6751
1005439	1496196	6795
1005439	233001	6876
3960873	4429735	6875
2581960	2113320	6750
176315	1005439	6878
3311053	1005439	6877
4609783	4429735	6875
3774204	2113320	6750
1005439	506615	6751
2113320	2849058	6747
3969192	1005439	6878
1010910	3178251	6875
3178251	2130229	6874
301288	4165736	6693
236705	1005439	6877
3050276	4482795	6693
1005439	986112	6876
1005439	124103	6876
2113320	4430171	6747
1569692	2113320	6750
3462642	333520	6880
1005439	432515	6876
2113320	241010	6747
2654852	699069	6879
1005439	825471	6876
1928745	2113320	6750
1005439	2004188	6876
2113320	4390884	6747
2113320	3468940	6747
4261947	2640352	6880
1854468	742768	6752
1005439	1036321	6876
1005439	2280806	6876
1005439	1919366	6876
2407099	1005439	6877
1005439	3435474	6876
3974674	1005439	6877
2113320	1749990	6747
2113320	957013	6728
509270	4082462	6879
1070358	1005439	6877
1005439	2239603	6876
1005439	1614967	6876
180326	2113320	6750
4599980	43693	6879
3744152	1005439	6877
2113320	2994242	6747
2087215	3690878	6880
2437425	1005439	6877
3609148	1005439	6877
3623291	1005439	6877
1005439	833442	6876
2113320	821144	6747
1005439	84972	6795
685822	1005439	6877
1005439	884694	6795
2990592	2113320	6750
4371827	1005439	6877
4429735	2477160	6874
4510008	2113320	6750
4514417	3640131	6682
4514417	2112019	6682
1699401	4429735	6875
1760487	2113320	6750
4514417	1801562	6682
3050276	75100	6693
707096	2258221	6880
3759874	826177	6879
3008271	104430	6879
416838	2113320	6750
1005439	1833847	6876
3178251	405048	6874
1005439	4614564	6876
1019127	1005439	6877
1809408	1005439	6877
947364	4309448	6708
2113320	3328430	6747
2869375	1005439	6878
2113320	4566280	6747
502718	2113320	6750
1005439	3894030	6795
3324064	1005439	6878
2113320	1291528	6747
2113320	3482928	6747
3773864	1005439	6877
2113320	2148821	6747
3050276	2819367	6693
4065274	3792130	10213
1005439	1411481	6876
1005439	4261947	6876
1157308	1005439	6877
3846724	2113320	6750
2113320	3943836	6747
2113320	1374651	6747
1005439	2227203	6795
2640487	2320132	6714
3213498	1005439	6877
165668	1005439	6912
2805952	1005439	6877
319291	844829	6875
4429735	452061	6874
2054725	1005439	6877
4521106	2113320	6750
1005439	4251894	6876
4432937	2113320	6750
2823148	1005439	6877
4184656	1005439	6877
1321133	4049839	6752
1005439	3945097	6876
4514417	4139449	6682
1919366	2113320	6750
1176354	2113320	6750
4146825	1005439	6877
2442696	1005619	6880
3305846	1005439	6877
3533165	1005439	6877
613680	2580370	6879
2113320	2467568	6747
3346437	1005439	6877
1005439	1897875	6876
3977643	1005439	6877
1994898	4537249	6752
2113320	4334517	6747
887423	1005439	6877
3894030	1005439	6878
4429735	4165736	6874
3661290	1005439	6877
2689336	1005439	6877
1520840	2113320	6750
2113320	764250	6747
4429735	592396	6874
1005439	3536435	6876
3663130	2113320	6750
2113320	4357254	6747
3822476	4429735	6875
755576	2113320	6750
2113320	1613667	6747
2399145	3178251	6875
1005439	3022439	6795
2113320	1850225	6747
1005439	986282	6876
2113320	3616949	6747
3531191	2113320	6750
568481	1005439	6877
1194348	1005439	6877
1871506	2113320	6750
3648287	1005439	6877
3582351	1005439	6877
3178251	1776797	6874
4226492	2113320	6750
2113320	2919959	6747
2113320	591193	6747
1005439	660328	6876
2739171	4429735	6875
1005439	1648902	6876
1252169	1005439	6877
4448813	2113320	6750
1807886	1005439	6877
2113320	2076461	6747
1868850	2069092	6874
2113320	1476716	6747
4156952	1005439	6877
950102	1005439	6877
1515696	165668	7560
1005439	2614141	6876
2591413	2113320	6750
2113320	4634881	6747
2113320	3776250	6747
1472408	2113320	6750
4545984	1005439	6877
1005439	2392145	6876
2113320	590268	6747
1196493	2897913	6763
1005439	1081829	6795
2113320	869271	6747
4081131	1005439	6877
1005439	4448813	6876
4362852	4262578	6880
4528671	2113320	6750
3178251	2020787	6874
2113320	3117839	6747
4609783	4153179	6880
1005439	529092	6795
353494	2113320	6750
2648121	1005439	6877
3865129	2113320	6750
3131955	2113320	6750
1201198	1894815	6879
4429735	605028	6874
2831700	1005439	6877
2113320	1756855	6728
4429735	1911221	6874
2113320	3378622	6728
414774	1005439	6877
2077875	2113320	6750
2113320	2431247	6747
2113320	4393873	6747
3467657	1005439	6877
2113320	865706	6747
1005439	137460	6876
2113320	3725311	6747
2113320	4233601	6747
3544219	1005439	6877
4429735	864330	6874
742768	3069756	6880
1005439	2272321	6795
3596089	1293700	6880
1005439	3053396	6876
1005439	1981989	6876
2545419	1318198	6879
3581590	2113320	6750
2113320	791291	6728
1833847	2113320	6750
2113320	4448813	6747
1005439	1141917	6876
2113320	841462	6747
1005439	2525911	6751
1005439	76808	6876
2920015	2113320	6750
4429735	1101073	6874
4429735	3644750	6874
1005439	509270	6795
1005439	382556	6795
1155911	1005439	6877
1005439	3328430	6876
2113320	3137037	6747
4309448	1005439	6877
826177	4429735	6875
2482412	2113320	6750
2113320	486511	6747
1005439	1823306	6876
3160135	1005439	6877
2113320	4152586	6747
2549795	2113320	6750
1005439	1205728	6795
2113320	118632	6747
1473938	3178251	6875
998585	1005439	6877
2113320	4491119	6747
1005439	217126	6751
3336815	1125847	6752
2122816	1005439	6877
3828848	1005439	6877
3542707	2113320	6750
1005439	2612555	6876
2330088	1005439	6877
4514417	2042763	6682
3819887	2113320	6750
80671	1005439	6877
3846363	1005439	6877
3570017	1005439	6877
4514417	4028837	6682
1005439	16456	6876
1395626	2711499	6880
1105762	2113320	6750
1005439	1225552	6876
2426897	1005439	6877
3960475	1005439	6877
4123331	1005439	6877
1005439	414774	6876
2113320	1174273	6747
3843150	1005439	6877
1167878	2113320	6750
1005439	3602313	6728
2113320	4627003	6747
1005439	2228772	6876
2113320	2920015	6747
3078302	1005439	6877
2113320	2645648	6747
1140993	1005439	6877
1005439	2099905	6876
1386982	1005439	6877
1005439	1798048	6876
1005439	58696	6876
369725	2113320	6750
1005439	3957889	6876
2702876	1005439	6877
4503399	2113320	6750
3178251	4522686	6874
3865129	1005439	6877
1005439	2930689	6876
1073097	2113320	6750
3755960	2043833	6879
3828168	1005439	6877
3413981	2113320	6750
4514417	2798397	6682
1909608	1005439	6877
3143002	1005439	6877
3764614	2113320	6750
499413	1513805	6752
4251621	2113320	6750
1174919	2113320	6750
2340397	2113320	6750
3487210	1005439	6877
2113320	282220	6728
529117	427530	7560
4423881	1005439	6878
4514417	4073306	6682
1005439	2467568	6876
2169207	1005439	6877
809137	1005439	6877
2113320	2259055	6747
4268563	1005439	6877
4261947	2113320	6750
1005439	1478477	6876
4514417	941172	6682
1005439	2144405	6876
2933303	3178251	6875
1005439	4362852	6876
2552919	845942	6752
1005439	1424797	6876
4528671	1005439	6877
2113320	4613651	6751
2113320	4072523	6747
1890905	1005439	6877
2113320	285683	6747
2411155	1005439	6877
4429735	1330518	6874
2532813	1005439	6878
4439428	3178251	6875
3557470	2113320	6750
4251216	1005439	6877
1847165	4429735	6875
1005439	2253200	6876
2113320	2437425	6747
2299871	1005439	6878
1005439	2614622	6876
4558057	1005439	6877
2113320	1644109	6747
4334517	2113320	6750
2113320	2177161	6747
1005439	3617334	6876
2528664	1005439	6877
3160135	2113320	6750
2113320	4210088	6747
325502	1868850	6875
1395626	4429735	6875
2294190	1005439	6877
2734467	1005439	6877
2320132	2640487	6708
4583357	2008275	6693
2113320	302000	6747
2113320	2311290	6747
1005439	940553	6795
2300171	2113320	6750
4052866	1005439	6877
1868850	4560246	6874
1268680	2113320	6750
1005439	4222760	6795
2015016	2113320	6750
3008271	1005439	6878
3932344	1868850	6875
2805444	2113320	6750
1005439	2960775	6876
1005439	4193811	6876
1005439	1426551	6876
3178251	1200654	6874
1005439	3930417	6876
1004486	4522686	6879
4514417	1811557	6682
1838358	2214480	6714
4514417	3164173	6682
2113320	1123326	6747
2113320	986282	6747
2154957	4429735	6875
524247	1005439	6877
4207038	2113320	6750
1005439	2076461	6876
554587	1005439	9253
4606542	1005439	6877
1005439	3229027	6876
3553286	1005439	6877
4442106	3178251	6875
1166544	4429735	6875
2113320	1955623	6747
460479	1944560	6879
2113320	1319370	6747
560936	1005439	6877
1005439	4007881	6795
4064483	3413981	6879
1005439	2739821	6795
4181535	1847165	6752
4514417	4495039	6682
2113320	1671697	6747
2113320	2646664	6747
1005439	482413	6876
1515693	1005439	6877
1628851	1005439	6877
2113320	718183	6728
1005439	3689979	6751
1005439	2645648	6876
2113320	2937703	6747
1733909	1005439	6877
2113320	939815	6747
2113320	2753935	6747
2467453	1005439	6877
1005439	887423	6876
3669298	2113320	6750
2113320	4014517	6747
1005439	1614755	6876
2113320	3738930	6747
1285826	3505702	6750
2099905	2113320	6750
98318	3178251	6875
2113320	1760487	6747
761606	1005439	6877
3988876	3401845	6752
4514417	3822476	6682
4305560	4429735	6875
1005439	942635	6876
1005439	2271442	6876
1319370	2113320	6750
2130229	3178251	6875
1088670	699069	6693
4536297	2113320	6750
865706	2113320	6750
2113320	3960475	6747
3178251	1233500	6874
1005439	4334517	6876
1005439	4185057	6876
4429735	941172	6874
288651	1005439	6877
1005439	1203482	6876
2113320	288651	6747
2936591	1005439	6877
1005439	1763329	6876
2113320	3601159	6747
2606235	2113320	6750
4412086	4429735	6875
1806697	2015016	6879
2113320	3562969	6747
1005439	3428873	6876
2113320	1252169	6747
1265697	3093856	6879
3822344	1005439	6877
2113320	2466200	6751
2113320	908497	6747
2113320	1627145	6747
4429735	3680996	6874
3309062	1005439	6877
505985	1005439	6877
142297	1005439	6877
2113320	2555722	6747
2113320	4139449	6747
4514417	1041127	6682
3918052	1005439	6877
4020768	2699499	6751
927169	2113320	6750
887423	2113320	6750
2113320	574645	6747
1005439	243876	6876
2113320	2415878	6747
1005439	2575365	6876
2933303	3505702	6750
1005439	1072885	6876
1005439	1923969	6876
2582428	2113320	6750
2392145	1005439	6877
1005439	2114416	6751
1784001	1005439	6877
1005439	3553224	6876
4429735	3779134	6874
1285826	844829	6875
2113320	4393260	6747
4514417	3386417	6682
1005439	2545419	6795
301288	3386417	6693
3932344	1005439	6877
1005439	2878820	6876
844829	1285826	6874
4501509	1005439	6877
4430171	1005439	6877
2113320	1923969	6747
2113320	3561592	6747
4583357	1894815	6693
1005439	990490	6876
760192	2113320	6750
1005439	2792392	6876
2511258	2113320	6750
1005439	3305278	6876
922898	2113320	6750
3071049	2113320	6750
1005439	1783174	6795
1005439	1565650	6876
990490	2113320	6750
1005439	3872564	6728
2113320	1657327	6728
1171885	1005439	6878
2113320	3136282	6747
1005439	4393873	6876
4010026	2113320	6750
3729894	1005439	6877
4514417	82193	6682
3407574	1005439	6877
2113320	1001479	6747
764421	1005439	6877
4100452	1005439	6877
1005439	2632460	6795
2113320	3006514	6747
4645901	4429735	6875
956978	1005439	6877
4561500	2113320	6750
1335270	2113320	6750
4573026	2113320	6750
2320132	2399145	6708
1005439	3351581	6876
948983	2113320	6750
1005439	2372759	6795
3178251	1955623	6874
4171963	2113320	6750
2735171	2113320	6750
4140080	2113320	6750
1411481	1005439	6877
1005439	4537249	6876
1005439	4545984	6876
3216157	3178251	6875
3640131	2113320	6750
3661290	2113320	6750
2113320	981227	6751
1005439	1834110	6876
4514417	3401845	6682
391795	1005439	6877
1005439	4561500	6876
2113320	2711490	6751
1005439	2100010	6876
2113320	2467510	6747
1005439	1349029	6876
2113320	482413	6747
1005439	410490	6876
414995	1005439	6877
4429735	2798397	6874
3178251	4049839	6874
523341	1005439	6877
1497280	1865554	6752
216334	1005439	6877
1545466	1005439	6877
1005439	3843150	6876
3178251	1606573	6874
4298345	2113320	6750
1005439	3987660	6876
1770836	1005439	6877
58696	1005439	6877
1005439	1484519	6876
4429735	1231579	6874
2113320	1477536	6747
460479	1005439	6878
3102688	2113320	6750
3277277	2113320	6750
2545632	2113320	6750
275954	2113320	6750
1005439	1045326	6876
4128418	1496196	6880
2100010	2113320	6750
1005439	2815242	6876
1270484	1005439	6877
1005439	3270956	6876
1611313	4429735	6875
302000	2113320	6750
2113320	1420010	6751
1005439	4081131	6876
4058265	2113320	6750
121393	987811	6752
301288	2214480	6698
1005439	2742057	6876
456040	4429735	6875
1127501	2113320	6750
2113320	1659636	6747
1424797	1005439	6877
3178251	3401315	6874
169588	2113320	6750
1005439	4094708	6876
238426	1868850	6875
1606573	4429735	6875
2113320	3413981	6747
2113320	819588	6751
4028837	1005439	6877
1005439	2363943	6876
3888782	2113320	6750
1611313	2240843	6880
3526398	2113320	6750
684980	1005439	6877
3546562	2113320	6750
3178251	1473938	6874
1005439	4091856	6795
3581590	1005439	6877
623124	1005439	6877
2113320	2690124	6747
3561592	1005439	6877
2113320	2043321	6747
1005439	1497280	6728
4514417	4551827	6682
3178251	1285826	6874
3468940	2113320	6750
810094	2176893	6879
1005439	3936603	6876
1005439	1136056	6876
3468940	1005439	6877
29528	2113320	6750
2614622	2113320	6750
1644109	1005439	6877
1005439	1019127	6876
1225552	2113320	6750
2113320	80955	6747
3032353	2113320	6750
4215930	2113320	6750
486511	1005439	6877
3168545	2113320	6750
4343795	1005439	6878
1005439	3888782	6876
1005439	4427768	6876
1203482	90979	6714
1005439	383492	6876
4429735	1894815	6874
3413981	3050276	6714
4241504	1005439	6878
1005439	1470524	6795
4429735	1611313	6874
3787658	1005439	6877
2498046	1005439	6877
2832337	1005439	6877
1005439	370229	6876
1005439	2399145	6876
1005439	4052866	6876
4230956	1005439	6877
2867659	1005439	6877
2113320	708700	6747
2113320	4591400	6747
2113320	2458708	6747
1005439	2828107	6876
3817978	2113320	6750
1005439	2606648	6876
4514417	416838	6682
668534	2113320	6750
1659636	1005439	6877
149397	4429735	6875
2008726	1005439	6877
245765	1005439	6877
1005439	3560673	6795
2113320	4640757	6747
3581749	1005439	6877
1374651	2113320	6750
1062633	2130229	6879
1090962	1005439	6877
2171235	4429735	6875
505893	1285826	8552
2113320	3954386	6747
1005439	4209839	6876
4280774	2308191	6880
2994242	2113320	6750
1005439	4096805	6876
2113320	2957469	6747
2164504	1005439	6877
549433	1005439	6878
4514417	937388	6682
2113320	255525	6728
2311290	2113320	6750
4298345	1005439	6877
11800	1005439	6877
1194348	3178251	6875
3557364	1005439	6877
1810602	3945097	6874
2113320	1632548	6747
3957799	1005439	6877
1005439	3032353	6876
1005439	1066857	6876
2067774	1005439	6877
2113320	2746532	6747
1373692	1005439	6878
4476501	1005439	6877
1005439	1536412	6792
1005439	1291528	6876
2113320	4406103	6747
61312	1005439	6877
2806499	1810602	6875
1005439	1426855	6876
4514417	4280774	6682
4454636	1005439	6877
3562969	3178251	6875
3750440	1005439	6877
4577279	2113320	6750
4337161	1005439	6877
1257384	1005439	6877
3548925	4645901	6879
2990592	1122504	6880
4143284	1005439	6877
4514417	2990683	6682
1005439	4551827	6876
869271	2113320	6750
2113320	4251216	6747
2353481	97796	6752
2113320	4275673	6747
4388599	2113320	6750
607703	1005439	6877
4028255	4429735	6875
1005439	2400679	6876
2632330	1005439	6877
2113320	879169	6747
1005439	3345789	6876
2113320	4227903	6747
3248115	1942636	6693
1233500	2113320	6750
2860914	2113320	6750
1240541	2113320	6750
1005439	3787658	6876
4010720	2113320	6750
4619299	2113320	6750
1005439	3685072	6876
4324206	1251554	6880
1005439	3957799	6876
301288	95280	6693
2125270	1005439	6877
1221827	1005439	6877
4118636	2798397	6879
607703	2113320	6750
2052998	1005439	6878
1005439	2882957	6876
1005439	3025268	6751
2320132	2897913	6708
2629099	4429735	6875
463194	2113320	6750
2113320	76808	6747
2113320	2812185	6751
1534307	3774368	6752
1478477	1005439	6877
3839719	2113320	6750
2113320	2637857	6747
2113320	568481	6747
1005439	1663127	6876
1005439	864357	6876
3137037	1005439	6877
3178251	1125847	6874
1605275	2113320	6750
3605863	4429735	6875
1005439	2795894	6795
2054725	2113320	6750
2533635	4429735	6875
2113320	3926183	6747
478753	1005439	6877
1005439	2116987	6876
1034119	2113320	6750
2897913	2113320	6750
21508	1005439	6878
2113320	1160538	6747
1005439	3895635	6876
2113320	405119	6747
1971546	1005439	6877
2511258	1005439	6877
1005439	1645306	6876
4514417	355477	6682
2113320	942143	6747
2676080	1005439	6877
4514417	3373971	6682
493916	1005439	6877
944569	2113320	6750
3781000	1005439	6877
1005439	1061863	6876
2113320	1843894	6747
4482795	1005439	6877
3970381	1005439	6877
79069	3262498	6752
1471324	2130229	6752
2113320	4001261	6747
1597149	1005439	6877
3994906	2113320	6750
3581749	4429735	6875
1005439	2102529	6876
4560246	1868850	6875
4389867	1005439	6877
2113320	3708080	6747
350046	2402628	6879
2332862	1005439	6877
4514417	4233601	6682
2113320	3257959	6747
4514417	1634274	6682
1005439	1456351	6751
2113320	3014924	6747
1005439	3918052	6876
1070358	2113320	6750
3435474	1005439	6877
2113320	814909	6747
2113320	927169	6747
1005439	2183834	6876
1005439	3977785	6876
1005439	3373971	6876
3381947	1005439	6877
4618029	1005439	6877
1629572	890012	6874
1513805	1868850	6875
1776159	1005439	6877
325502	2113320	6750
2591413	1005439	6877
4605763	1005439	6877
15138	1005439	6877
2113320	3936603	6747
490735	2113320	6750
1005439	4437371	6876
1005439	3776250	6876
1088184	1005439	6877
1005439	1123147	6876
1005439	3759874	6795
1005439	2015016	6876
3570017	2113320	6750
1036321	2113320	6750
3773864	2113320	6750
1005439	1592586	6876
4429735	2580370	6874
1005439	287042	6876
3075122	1955623	6752
4173399	2113320	6750
684980	2113320	6750
1005439	349634	6876
2021632	4429735	6875
1005439	883656	6876
4063906	2113320	6750
1543570	2113320	6750
554587	238426	6693
4251216	2113320	6750
1005439	4298345	6876
4514417	987811	6682
2168275	2113320	6750
2269442	2113320	6750
3680996	3706491	6880
2113320	4205241	6747
1399822	2113320	6750
123045	2481779	6752
2113320	1072259	6747
2113320	4012605	6728
2345122	1005439	6877
2113320	2183834	6747
2113320	978866	6747
2113320	4461147	6747
4514417	3213498	6682
2113320	4623944	6747
1005439	2637857	6876
1005439	4209687	6876
2113320	2468139	6747
2113320	4173399	6747
4514417	3048247	6682
4320525	1005439	6877
2113320	3053396	6747
2528664	2113320	6750
2113320	2829400	6728
4429735	1166544	6874
1208373	1005439	6878
4603354	1005439	6878
2113320	4173638	6747
4312928	4261640	6752
101824	2113320	6750
2594090	1005439	6877
1005439	707621	6876
2113320	4250956	6747
3303470	1005439	6877
2113320	2593239	6728
4209839	2113320	6750
2113320	2244969	6747
1005439	148932	6876
2113320	3177176	6747
1005439	2039508	6876
4429735	2739171	6874
1384658	2113320	6750
3449753	2113320	6750
3178251	1221827	6874
1005439	1707252	6876
1318198	118359	6756
3351510	2113320	6750
1005439	899304	6801
1005439	2935922	6876
2978098	142264	6752
2113320	673285	6747
15138	2113320	6750
3562969	2113320	6750
3286312	1005439	6877
1233500	3178251	6875
3178251	505985	6874
2113320	4427337	6728
1955623	1005439	6877
1005439	4010181	6876
4514417	1942636	6682
2969543	1005439	6878
1005439	68283	6876
3945097	2044659	6749
3555300	3810123	6752
2891282	855683	6880
3178251	4482795	6874
2113320	4032455	6751
1205728	1005439	6878
1005439	1473938	6876
4514417	1374651	6682
3168545	1005439	6877
825471	3178251	6875
1496639	1005439	6877
619852	2165633	6880
3989504	1005439	6877
483757	1005439	6877
3229666	2089753	6879
1005439	4353911	6876
514350	1005439	6877
2113320	2116987	6747
1807886	2113320	6750
3762106	4076794	7014
2621054	4022259	6756
2113320	1645306	6747
4028837	4429735	6875
27829	2113320	6750
2113320	3424850	6747
2113320	3284406	6747
2920015	1005439	6877
2113320	102297	6747
554587	2144482	6693
1005439	2482695	6876
1005439	2747659	6795
1005439	1761302	6876
2113320	2804671	6747
2467568	1005439	6877
1643264	1005439	6877
844829	1233500	6874
1652674	1005439	6877
2489804	2113320	6750
3680996	1005439	6877
1005439	4411902	6876
4429735	3096802	6874
238426	2113320	6750
2338550	1005439	6878
1005439	4636756	6795
1608582	1005439	6877
2113320	1308183	6747
1005439	3996559	6876
2240776	278160	6880
3423553	2113320	6750
1005439	3896878	6728
266170	2472801	6879
4514417	986112	6682
3889786	1005439	6877
1005439	1471919	6876
1911221	2113320	6750
444930	116927	6879
1533187	1005439	6878
3213498	3178251	6875
2113320	4251894	6747
1005439	883305	6795
4514417	2631275	6682
1005439	2843664	6876
4140080	1005439	6877
2631275	4429735	6875
1426855	1005439	6877
1005439	3282285	6795
2113320	761606	6747
1005439	591193	6876
2646664	1005439	6877
2113320	245765	6747
2113320	2230998	6747
1005439	2164884	6876
217126	355477	6752
2113320	1424797	6747
4514417	2008275	6682
2113320	252742	6747
3114688	1005439	6877
1005439	21508	6795
2113320	1231402	6747
3172167	2113320	6750
943157	1515696	6879
2329126	1005439	6877
2165633	619852	6879
2113320	1066857	6747
3099722	2113320	6750
2202151	1005439	6877
3895635	1005439	6877
377546	2113320	6750
1005439	1195554	6876
1005439	3834345	6876
1005439	4357254	6876
2610727	2113320	6750
1096311	2113320	6750
3749804	3096802	6879
1965482	1005439	6877
1223721	178628	8551
1432227	1005439	6877
2934921	2113320	6750
4440783	1005439	6877
1005439	1037575	6876
1330518	895282	6880
3826428	2113320	6750
392076	1005439	6878
4007881	2828107	6879
2113320	3969500	6747
2113320	68283	6747
2113320	499310	6747
4001261	1005439	6877
1873891	2113320	6750
2113320	3706123	6747
1056987	1005439	6877
4429735	4192871	6874
1005439	1602146	6876
4619299	1005439	6877
2113320	3960873	6747
2815242	1005439	6877
2745712	2113320	6750
2113320	4251621	6747
1005439	3454361	6876
830952	2113320	6750
1005439	2268384	6876
1919366	1005439	6877
911619	1005439	6877
3846724	1005439	6877
1005439	3750440	6876
2113320	713711	6747
708503	1005439	6877
1796038	2113320	6750
1713965	1005439	6877
3390893	2113320	6750
2113320	2054725	6747
1731413	1005439	6877
2148821	2113320	6750
1005439	742101	6876
1005439	824825	6876
2113320	4604424	6747
2113320	3037085	6747
4429735	2043833	6874
4429735	3305278	6874
3630604	1005439	6877
2450257	95280	6752
2113320	4571696	6747
1445127	3718079	6879
980105	2113320	6750
3943836	2113320	6750
2113320	1167878	6747
992302	4261947	6752
1005439	3838321	6795
4064483	1005439	6878
2113320	3548123	6728
3624397	2113320	6750
2113320	3495726	6747
1005439	2420362	6876
1005439	2567052	6876
2386339	2113320	6750
96831	1005439	6877
982185	4429735	6875
4014517	2113320	6750
2196992	2113320	6750
1005439	29528	6876
2113320	3169956	6747
332912	2113320	6750
1005439	2860914	6876
1005439	2003935	6876
4096805	2113320	6750
1222775	1005439	6877
1088670	3359943	6693
1005439	1921084	6876
4621801	2113320	6750
4523087	4309448	6828
4514417	3407574	6682
4126984	4309448	6879
456040	3727759	6880
2113320	557634	6747
1005439	3527181	6795
4621801	1005439	6877
4416010	2116987	6879
1005439	3630604	6876
1010385	1005439	6877
4514417	4028255	6682
4251894	1005439	6877
2113320	956978	6747
1005439	4371827	6876
1445127	1005439	6878
3843688	1005439	6877
2113320	1887458	6728
1005439	3164458	6876
2113320	809137	6747
4604424	1005439	6877
4054619	2113320	6750
2113320	1683188	6751
4514417	529117	6682
2176893	2113320	6750
1005439	3551179	6876
32491	2113320	6750
2113320	4346979	6747
2113320	1237118	6747
2113320	169588	6747
1688181	2240908	6880
2870156	2113320	6750
3178251	2498046	6874
4560246	2113320	6750
3897642	2113320	6750
1648902	2113320	6750
1513805	844829	6875
1005439	315210	6876
2509197	2113320	6750
4205241	2113320	6750
1005439	3480886	6876
3605863	1005439	6877
2113320	4586415	6728
3282489	2113320	6750
3812089	1005439	6877
4430598	4107747	6752
1005439	2045330	6876
4406403	1005439	6877
2113320	4445574	6751
1155911	2113320	6750
3969500	1005439	6877
2113320	2079077	6728
90998	1005439	6877
3691106	1659092	6879
1005439	487584	6876
1005439	2818025	6876
3401315	1033259	6880
2113320	4298345	6747
3050276	3295627	6693
890012	2113320	6750
4058795	2113320	6750
1005439	3115265	6876
2113320	4197058	6728
1823306	1005439	6877
1005439	609297	6876
4514417	2471471	6682
1810602	82193	6874
2096036	1005439	6877
4514417	4209687	6682
1289464	785735	6880
4429735	2614141	6874
2113320	4597948	6747
601530	1005439	6877
2113320	1456766	6747
1005439	2926767	6876
4491119	1005439	6877
1648902	1005439	6877
1005439	3449753	6876
2113320	3660638	6747
1005439	440077	6751
2113320	3531191	6747
1005439	2112019	6876
4281320	2113320	6750
2546375	2113320	6750
1005439	216604	6795
3622958	2113320	6750
965886	890012	6756
2113320	796920	6747
4514417	586044	6682
1005439	1375529	6795
3682093	1005439	6878
4155613	2113320	6750
4429735	4261947	6874
2113320	1404622	6747
2471471	3178251	6875
1005439	3533165	6876
2886714	1005439	6877
165267	3596089	7267
2702278	2113320	6750
1005439	1825950	6728
1005439	820982	6876
1005439	1136914	6876
2000717	1005439	6878
1005439	785868	6876
2113320	3843156	6747
2571832	3178251	6875
1088670	1223721	6693
1005439	3407574	6876
1005439	2734570	6876
3454361	2113320	6750
1426551	2113320	6750
1005439	2679788	6876
2798397	1005439	6877
283763	1005439	6877
1194348	2113320	6750
1005439	2046664	6795
1005439	826177	6876
2113320	3603046	6747
1005439	1818834	6876
1005439	1231402	6876
4563057	2113320	6750
3449906	1005439	6877
3096802	3749804	6880
3178251	2806499	6874
1005439	3268408	6728
2043321	1005439	6877
1005439	3960475	6876
4429735	1611618	6874
2113320	3670597	6747
2113320	3319437	6747
229443	4429735	6875
4514417	2043833	6682
4514417	319291	6682
947364	3718079	6708
2113320	2738861	6747
2214480	1838358	6708
1005439	3738930	6876
4417473	1005439	6877
406087	2113320	6750
1005439	4207038	6876
866047	3895411	6879
2168275	1005439	6877
2113320	2336959	6747
3918447	2113320	6750
3774368	4429735	6875
2103964	1005439	6877
1005439	531149	6876
2640487	2044659	6749
2113320	2990592	6747
3645154	2739171	6752
1981989	2113320	6750
2113320	275954	6747
1513354	1005439	6777
3178251	319291	6874
3779134	4429735	6875
2773142	1005439	6877
4173479	1005439	6877
2113320	1432227	6747
1005439	2154802	6876
1672934	2113320	6750
3069244	2113320	6750
3280641	1005439	6877
932103	2113320	6750
1424690	1005439	6878
3497960	1005439	6877
2113320	2253200	6747
2909624	2498046	6693
1659092	3691106	6880
4429735	4073306	6874
3050276	707096	6693
4514417	1223721	6682
1005439	4259355	6876
2329126	2113320	6750
785868	2113320	6750
1005439	754231	6876
4429735	1123147	6874
1005439	4262578	6795
1005439	296655	6876
2497019	1005439	6877
2357117	2008275	6879
3178251	4439428	6874
3814034	1005439	6878
2052998	238426	6879
1871506	1005439	6877
3178251	4139827	6874
2113320	2045330	6747
1005439	905992	6876
4514417	4439428	6682
268171	1005439	6877
2113320	2015016	6747
1228927	102297	6879
2113320	2730380	6747
1005439	922898	6876
325502	3178251	6875
2113320	2752535	6747
2113320	1384658	6747
1005439	4140080	6876
1005439	1588801	6876
1718076	355477	6879
415456	2498046	6752
2113320	179727	6747
1005439	3382200	6876
753517	2113320	6750
1992074	1599849	6880
1005439	1027051	6876
4439132	1005439	6877
4001307	1005439	6877
620351	1005439	6877
2113320	32491	6747
2113320	2960775	6747
560936	2113320	6750
2113320	3280641	6747
2113320	2103428	6747
3164458	2113320	6750
4429735	1643275	6874
2113320	2745712	6747
2113320	2739711	6751
483318	1005439	6877
4117855	1005439	6877
1201198	1005439	6878
1005439	3449906	6876
1005439	1980885	6876
4514417	4049839	6682
2130229	1062633	6880
2113320	3421327	6747
4345274	4381268	6752
4152843	2113320	6750
4227903	1005439	6877
2113320	370229	6747
2113320	2470974	6728
1005439	3287018	6876
4284047	1005439	6878
2113320	2894047	6747
3582653	1005439	6877
4429735	2819367	6874
1484519	2113320	6750
3747692	1005439	6877
1005439	2103428	6876
116927	4429735	6875
826177	3759874	6880
1865554	4429735	6875
1613667	2113320	6750
1942636	4429735	6875
1911221	4429735	6875
3164173	2739821	6880
3624397	1005439	6877
1389595	2113320	6750
3932344	3505702	6750
2113320	1545466	6747
2690124	1005439	6877
586044	1005439	6877
660402	1005439	6877
2113320	4519696	6747
1005439	821144	6876
1005439	2898830	6876
4514417	3774368	6682
1005439	3635892	6728
4556600	1005439	6877
2113320	3383681	6747
2113320	742101	6747
957188	2113320	6750
4514417	864330	6682
884694	412808	6879
3178251	2994242	6874
1005439	3166213	6876
2076235	1041127	6879
1005439	1627145	6876
3895411	1005439	6877
3172167	1005439	6877
1005439	4173479	6876
4429735	4028255	6874
3947232	1005439	6877
124103	2113320	6750
1005439	2471471	6876
1473938	1005439	6877
1005439	3377790	6876
1005439	2607348	6751
2113320	1871522	6728
2384963	1005439	6877
1404622	2113320	6750
1810602	4146530	6874
2113320	2576076	6747
1005439	1731413	6876
1005439	4228730	6728
1185825	1005439	6877
2113320	3089376	6747
1005439	2567948	6876
4514417	986282	6682
349634	1005439	6877
1451461	2113320	6750
3560673	1005439	6878
1005439	1994898	6728
3229969	2113320	6750
1800947	1005439	6877
2113320	697141	6747
2113320	957378	6747
2044659	3945097	6819
3810123	3178251	6875
2113320	204247	6747
3567357	1005439	6877
487584	1005439	6877
301288	2629099	6693
586044	2113320	6750
2113320	4454636	6747
2113320	166347	6751
284131	3178251	6875
2113320	90481	6747
2897913	2320132	6714
3204922	2113320	6750
2113320	1872062	6747
391795	2113320	6750
1005439	2332862	6876
2113320	3462642	6747
1005439	2672236	6876
4452653	1005439	6877
1005439	3276216	6876
3204922	1005439	6877
102297	2113320	6750
1005439	4275673	6876
1005439	2734467	6876
4226492	1005439	6877
520490	1005439	6877
4250956	1005439	6877
1900368	2113320	6750
2102529	2113320	6750
4560485	2113320	6750
3871886	2113320	6750
1897875	1005439	6877
2113320	1397934	6747
4304495	2113320	6750
1374651	1005439	6877
4185057	2113320	6750
278160	2240776	6879
2113320	2394477	6747
3644430	4429735	6875
2113320	2508101	6747
2113320	2177566	6728
3178251	2734570	6874
1005439	1942553	6876
2113320	4287455	6747
1005439	4335934	6876
273047	2113320	6750
2545419	1005439	6878
2113320	3625833	6747
609297	1005439	6877
3754764	1005439	6877
133157	2567009	6752
1005439	1672603	6876
1005439	2122816	6876
1407353	1005439	6877
1005439	2258221	6795
1757191	2113320	6750
1067580	1005439	6877
2113320	4251877	6747
4514417	3890806	6682
4153179	4609783	6879
198836	2113320	6750
2113320	2886714	6747
2049232	2113320	6750
2805244	1005439	6878
2113320	142297	6747
1005439	3872865	6728
673285	2113320	6750
1005439	298929	6876
4429735	1848099	6874
1005439	3871880	6876
554587	3779134	6693
3006514	2113320	6750
1005439	983537	6876
4514417	97796	6682
2113320	1807886	6747
2113320	2826316	6747
1125847	2113320	6750
1991814	1005439	6877
845942	2113320	6750
2113320	760950	6747
1005439	2329126	6876
1185825	4429735	6875
2482695	2113320	6750
1005439	529117	6876
82193	4429735	6875
1123147	4429735	6875
2113320	4503399	6747
4514417	1597149	6682
517955	2113320	6750
2113320	954081	6747
2113320	1245143	6747
1005439	3969500	6876
2933303	3707805	6756
1005439	965886	6876
1163797	2113320	6750
3752061	1005439	6877
124103	1005439	6877
2113320	3595405	6747
3495726	1783174	6880
1005439	2920015	6876
1183708	2113320	6750
4022259	3792130	9534
2321529	1005439	6877
3694633	4233601	6879
2929186	1005439	6877
1005439	2321529	6876
3680996	4429735	6875
1005439	3561592	6876
2113320	737325	6747
2113320	2220239	6747
1005439	3895199	6876
1005439	3138551	6876
3895411	866047	6880
1200654	3178251	6875
699069	4429735	6875
2113320	2805952	6747
1005439	1562932	6876
610420	2113320	6750
3099722	1005439	6877
90979	1203482	6708
2128646	1005439	6877
2857086	2498046	6879
238426	2052998	6880
28296	2113320	6750
505985	3178251	6875
4390884	1005439	6877
2113320	166347	6728
4514417	742768	6682
1868850	1811557	6874
502718	1005439	6877
4514417	952520	6682
1005439	2059797	6751
1005439	2276756	6728
2113320	623124	6747
1005439	2089753	6876
4429735	82193	6874
1005439	4461147	6876
676197	1005439	6877
1005439	1413721	6876
2113320	1052648	6747
3136282	2113320	6750
3709291	1005439	6877
4429735	3164173	6874
3660638	2113320	6750
2678095	2113320	6750
1005439	1384658	6876
3329578	4429735	6875
1005439	4519696	6876
4514417	4409593	6682
2558871	1194348	6752
2166434	1005439	6877
2551499	1005439	6877
3401315	1005439	6877
2113320	4342367	6747
1165547	1005439	6877
1005439	4603354	6795
4645901	3548925	6880
4173479	2113320	6750
4393260	1005439	6877
1149409	2113320	6750
1005439	2676319	6751
4390884	2113320	6750
1005439	890012	6876
403269	1005439	6877
2239603	1005439	6877
302000	1005439	6877
1005439	3109812	6876
2376840	1005439	6877
1005439	641004	6876
2818025	2113320	6750
1005439	4001261	6876
80955	1005439	6877
2113320	3424424	6747
3776250	2113320	6750
2113320	4065042	6747
2113320	391795	6747
3170543	1848099	6879
2442696	1005439	6877
2015016	1806697	6880
4571696	1005439	6877
4012605	2116987	6752
2159249	1005439	6877
1005439	4229021	6876
2113320	1118471	6747
4514417	1194348	6682
2113320	2858178	6747
1005439	32491	6876
533035	2113320	6750
3178251	142264	6874
942143	1890905	6748
2364085	2113320	6750
4429735	860382	6874
4514417	826177	6682
1005439	2218813	6751
2113320	3774368	6747
1005439	2071183	6751
3925366	1005439	6877
2113320	3679014	6751
3359943	4429735	6875
1712754	1005439	6877
2113320	324158	6747
4073306	3814034	6880
1005439	4205241	6876
1005439	3006993	6728
4514417	2144482	6682
1005439	1496639	6876
1923762	1005439	6877
483525	2113320	6750
1005439	4302000	6795
1005439	869271	6876
416838	611297	6880
2020787	3178251	6875
4429735	2171235	6874
3774368	2113320	6750
142264	3178251	6875
1005439	1005619	6795
2113320	1217508	6747
1005439	4206387	6876
1088670	3270956	6708
2113320	1786061	6747
2113320	2992986	6747
726540	1005439	6877
1005439	3640245	6876
820982	2113320	6750
1005439	142264	6876
1005439	1643275	6876
2113320	3640884	6747
1010910	1005439	6877
1005439	1251917	6728
1240541	1005439	6877
1005439	3222553	6876
1285826	3178251	6875
1005439	1456766	6876
1005439	3167774	6876
785735	1005439	6878
2113320	3629471	6747
2482412	1005439	6877
2113320	3595082	6728
3515944	1811557	6747
1005439	1010385	6876
1005439	1776797	6876
4514417	1221827	6682
1868850	3562969	6874
3178251	2402141	6874
2113320	2770446	6747
3345674	1005439	6877
2423562	1005439	6877
3424424	1005439	6877
699069	1005439	6877
1718641	2113320	6750
4076794	3762106	6756
3567357	2113320	6750
4128418	4429735	6875
1005439	564149	6876
1005439	2788430	6876
1005439	2362825	6876
2545408	1005439	6877
1005439	1073245	6876
978866	2113320	6750
2113320	1712754	6747
2113320	2546375	6747
3596089	165267	7560
1005439	579745	6795
1005439	791797	6876
2113320	11800	6747
2228772	1005439	6877
2621054	3612197	7484
2113320	313947	6747
3895411	4429735	6875
631084	2631275	6879
2113320	1921084	6747
2113320	2326807	6751
2113320	4017290	6747
3773309	1005439	6877
2753935	2113320	6750
1005439	4417473	6876
1005439	392076	6795
1538886	2113320	6750
1524872	2113320	6750
2113320	833442	6747
2113320	56061	6747
2113320	2449463	6747
1005439	3274239	6876
238426	3505702	6750
2113320	610420	6747
3837269	2113320	6750
650069	1005439	6877
2977397	1911221	6879
2113320	2542493	6747
1005439	1877068	6751
1005439	1443326	6876
686289	2113320	6750
860382	2805244	6880
2113320	2980398	6747
1005439	2690124	6876
970619	2113320	6750
982269	1005439	6878
2113320	4197898	6747
3435934	2113320	6750
1005439	2484956	6728
4429735	1847165	6874
718183	826177	6752
1005439	3969192	6795
2113320	2880887	6747
2693734	1005439	6877
1890905	3178251	6875
2113320	137167	6747
1380315	1005439	6877
1021795	1005439	6877
2632330	2113320	6750
1005439	2648121	6876
1372246	2113320	6750
688152	1005439	6877
136160	1005439	6877
2113320	4154005	6747
4560246	1005439	6877
2711499	1395626	6879
3449753	1005439	6877
1005439	2702876	6876
1005439	4171963	6876
2878820	2113320	6750
1005439	501697	6876
90979	4014517	6708
1005439	2125270	6876
1246438	2113320	6750
4429735	2640487	6874
1005439	1611618	6876
1005439	3526398	6876
263058	586044	6879
1125320	2113320	6750
1955306	2113320	6750
2113320	121393	6751
2113320	614287	6747
1005439	1825950	6751
1699916	2113320	6750
4429735	3295627	6874
1005439	4566280	6876
1005439	2621625	6876
3351225	2113320	6750
4514417	2533635	6682
397931	1005439	6877
4192242	2113320	6750
2022501	2113320	6750
595780	3178251	6875
1005439	2080366	6876
2817904	833442	6708
1005439	353494	6876
1005439	4108859	6795
708503	2113320	6750
2113320	944171	6747
178628	1223721	8552
3890806	1005439	6877
2015016	1005439	6877
4147586	2113320	6750
3605863	1247312	10213
2479477	2113320	6750
1005439	324584	6876
4514417	400446	6682
301288	2990592	6693
1251554	1005439	6878
3640245	1005439	6877
1005439	4251877	6876
1204749	4429735	6875
452061	3364220	6880
2113320	652598	6747
505985	1171885	6880
1005439	2468139	6876
1005439	3450695	6876
3989504	2113320	6750
2113320	2420362	6747
2103577	2113320	6750
1005439	4393260	6876
4483361	2087215	6752
1005439	2166434	6876
1470118	1005439	6877
1005439	1019159	6876
1005439	3044834	6876
2113320	3226499	6747
2113320	4226492	6747
2241513	2113320	6750
4514417	1191961	6682
2113320	434252	6747
2113320	4433771	6747
4514417	4328494	6682
3167774	1005439	6877
2113320	2467453	6747
3050276	4028837	6693
4437371	2113320	6750
1923969	2113320	6750
1005439	944569	6876
2113320	2898830	6747
2594090	2113320	6750
794019	2113320	6750
1005439	1566085	6795
2113320	3826428	6747
2113320	3480886	6747
1005439	3213498	6876
214390	2113320	6750
301288	2533635	6693
2598551	1308183	6879
2113320	3167294	6747
3974674	2113320	6750
2614141	1005439	6877
1811557	1868850	6875
3988611	1005439	6877
2113320	3382200	6747
1005439	3231545	6876
3281479	1165547	6879
3041727	3178251	6875
2933303	2113320	6750
1005439	3596089	6876
652598	1005439	6877
4514417	4079229	6682
2679788	1005439	6877
890012	2216805	6880
2113320	2773142	6747
8693	2113320	6750
4597948	1005439	6877
1005439	4123224	6876
3489117	2113320	6750
2113320	4058265	6747
2113320	3138551	6747
4193811	1005439	6877
940553	4328494	6879
1005439	3774204	6876
2960775	2113320	6750
2114416	1203482	6752
1562932	1005439	6877
1906554	2113320	6750
2113320	2130166	6747
1005439	3925432	6728
1614967	1669828	6880
3501128	2113320	6750
3178251	4409593	6874
1005439	2994242	6876
2259055	2113320	6750
2113320	564149	6747
1330518	1005439	6877
2100010	1005439	6877
1834110	1005439	6877
1141500	1005439	6877
2113320	221006	6728
2113320	2177566	6751
2113320	2471471	6747
2113320	3546562	6747
4082462	4429735	6875
1005439	288651	6876
4080149	1005439	6877
2412970	2734570	6752
943157	1005439	6878
4353911	1005439	6877
4514417	2015016	6682
767009	1005439	6878
1005439	3286312	6876
3718079	947364	6714
1221024	1005439	6877
4514417	2990592	6682
4320525	2113320	6750
624785	2113320	6750
1005439	1971546	6876
844829	3401315	6874
2113320	2617580	6728
2676319	624665	6752
2113320	4342493	6747
2746532	1005439	6877
1037575	2113320	6750
2113320	2396231	6747
2113320	4218857	6728
2113320	1923828	6747
3645005	1005439	6877
1005439	3828168	6876
991519	1005439	6877
2113320	2552919	6728
2773089	1005439	6877
4514417	95280	6682
3894110	1005439	6878
3125188	2113320	6750
1005439	1513805	6876
4514417	1848099	6682
3178251	2089753	6874
301288	3351581	6693
1005439	3164173	6876
1005439	2306839	6876
3006514	1005439	6784
4495039	1005439	6877
981227	2043833	6752
2113320	4439132	6747
1923828	1005439	6877
1005439	644067	6751
4430319	1005439	6877
2113320	3625383	6747
621684	1005439	6877
2770446	2113320	6750
2841599	952520	6879
2154957	1005439	6877
1005439	1114846	6876
3723401	1005439	6877
1005439	3345674	6876
2632460	2168623	6879
1496698	1005439	6877
2113320	2317635	6747
2113320	1513805	6747
819994	2113320	6750
2113320	4423600	6728
1005439	3596784	6876
2113320	1652674	6747
1005439	896017	6876
2990592	4429735	6875
2113320	3598938	6747
1183692	4000974	6880
1715973	2113320	6750
1005439	1865554	6876
2113320	3810123	6747
4435231	1005439	6877
4296603	1005439	6877
2898830	1005439	6877
4514417	4107747	6682
2113320	3216157	6747
4514417	3596089	6682
1005439	2302719	6876
1818834	2113320	6750
1005439	574645	6876
2113320	85364	6751
2113320	2788530	6747
3413428	1005439	6877
1160538	2113320	6750
2144482	3178251	6875
4640757	1005439	6877
4514417	3351581	6682
4609907	2113320	6750
1513805	3178251	6875
4429735	4537249	6874
3762106	1005439	6877
4478759	2113320	6750
4192242	1005439	6877
1678235	1005439	6877
2113320	4185057	6747
2015902	4609783	6752
2849058	2113320	6750
1005439	2936591	6876
860382	1005439	6877
1005439	1177308	6876
3178251	3048247	6874
1005439	2544648	6876
2938173	2113320	6750
1005439	2594090	6876
3837174	1005439	6877
2472801	266170	6880
2113320	820982	6747
1005439	2351750	6876
1958566	2571832	6752
1222461	1005439	6877
4088047	1005439	6877
301288	1731413	6693
324584	2113320	6750
2340707	2819367	6752
1497996	1005439	6877
1005439	4152843	6876
1005439	1477536	6876
1588801	1005439	6877
2113320	764198	6747
2618984	1005439	6877
1374651	3178251	6875
1789899	1005439	6878
1005439	3036362	6876
1005439	3434216	6876
3270956	1088670	6714
1005439	4192911	6728
4514417	2571832	6682
3837622	1005439	6878
1005439	1545466	6876
1005439	2525911	6728
2869375	1166544	6879
2241513	1005439	6877
1005439	2574886	6876
1477536	1005439	6877
1174273	2113320	6750
1005439	1944560	6876
2113320	4193811	6747
1005439	3832029	6795
1005439	3324064	6795
1005439	4388599	6876
2113320	3798259	6747
1005439	2775830	6876
1330783	1005439	6877
2113320	2144405	6747
4341556	1005439	6877
1562328	2113320	6750
4583357	4022259	6693
4566280	1005439	6877
1868850	4309448	6874
4388599	1005439	6877
1597149	2329601	6880
2567052	2113320	6750
1848099	3170543	6880
1005439	4523087	6722
1221827	2113320	6750
1005439	1027103	6751
1868850	2571832	6874
1005439	4080149	6876
4514417	3557364	6682
1136914	1005439	6877
1005439	3444022	6876
2164884	1005439	6877
2113320	2122661	6747
2113320	1045326	6747
2196992	1005439	6877
2112019	529092	6880
2113320	1841975	6747
520694	1005439	6877
2407099	2113320	6750
4028255	2113320	6750
2999411	1005439	6877
1005439	4065274	6876
3810123	948430	6880
1005439	1181243	6876
1125847	3178251	6875
1005439	2340707	6751
1005439	2446258	6876
2113320	3287018	6747
4514417	2498046	6682
1330518	4429735	6875
1997011	1005439	6877
3596089	4429735	6875
1179039	2113320	6750
2113320	4563057	6747
2113320	1443326	6747
1005439	4305754	6876
4514417	2268384	6682
3178251	2442696	6874
2449463	2113320	6750
1039321	1005439	6877
3925432	1515696	6752
1005439	4298278	6876
12581	2113320	6750
3265951	1005439	6877
2113320	4309448	6747
4583357	3048247	6693
4357254	1005439	6877
1005439	908497	6876
1005439	1800947	6876
4514417	3204922	6682
4429735	3550886	6874
3125188	1005439	6877
2113320	3793338	6747
2113320	1037575	6747
4514417	2240776	6682
1373692	1847165	6879
2113320	2936591	6747
3694633	1005439	6878
4461147	1005439	6877
4017290	2113320	6750
462712	1005439	6878
1005439	1671697	6876
588326	1005439	6878
1005439	2054725	6876
1005439	4192871	6876
1005439	3945791	6876
1005439	2000717	6795
1931228	1005439	6877
4429735	4079229	6874
727414	2113320	6750
2113320	3577373	6747
2113320	4186701	6747
4360915	1005439	6878
2113320	3501128	6747
2990683	3178251	6875
4514417	1515696	6682
3528514	1005439	6878
2467568	2113320	6750
2113320	3393002	6747
1005439	3875110	6876
2091604	1005439	6877
4429735	216334	6874
1005439	1722201	6728
1005439	2300171	6876
1005439	2886714	6876
1005439	2889242	6876
4063906	1005439	6877
208699	2113320	6750
2113320	2003935	6747
178628	1848099	8552
1005439	899275	6876
3625833	1005439	6877
3037085	1005439	6877
319291	1868850	6875
1005439	2756613	6728
3759874	1005439	6878
2294190	3894030	6880
1005439	1896413	6876
1005439	2008726	6876
499310	2113320	6750
1610088	1005439	6877
2177161	2113320	6750
2216805	890012	6879
4514417	1659092	6682
2113320	4010181	6747
2108265	529117	6752
1340176	3718079	6752
125252	2113320	6750
299931	2113320	6750
1610088	2113320	6750
2113320	956077	6747
3972311	3894110	6880
4500292	2113320	6750
1005439	1399822	6876
3509442	1801562	6879
1530393	1005439	6878
4429735	479491	6874
2821884	1005439	6877
2113320	1809408	6747
2617580	1520840	6752
4215234	1005439	6877
2980398	2113320	6750
2113320	1203305	6747
1005439	2472801	6876
2113320	4615292	6747
2113320	1854468	6751
34179	860382	6752
416838	1005439	6877
2113320	287042	6747
2399145	2227203	6880
1101646	1005439	6878
1005439	164458	6876
511331	1005439	6877
2113320	3837174	6747
1005439	1538886	6876
4326925	1005439	6877
2113320	2843664	6747
1005439	2092003	6876
1005439	4430319	6876
1647672	2113320	6750
1005439	4439132	6876
3324064	160027	6879
1005439	1994898	6751
3396928	1005439	6877
4429735	2552618	6874
2113320	2739558	6747
1761302	1005439	6877
2961337	2113320	6750
1005439	1856607	6795
2067774	2113320	6750
3195174	1005439	6877
1005439	2770446	6876
2089753	4429735	6875
1838358	2113320	6750
2113320	3265951	6747
165267	1005439	6912
3562969	1868850	6875
3545450	2113320	6750
745733	2113320	6750
389337	2113320	6750
3628479	2113320	6750
3582653	2113320	6750
3167294	1005439	6877
1005439	2336959	6876
4429735	6670	6874
2363943	2113320	6750
998816	4305560	6752
2935922	1005439	6877
3168697	1005439	6878
754476	2734570	6879
2113320	2027011	6747
1005439	524247	6876
2113320	2008275	6747
1010442	2113320	6750
2821329	2113320	6750
1005439	3169956	6876
3812089	2113320	6750
3141765	2113320	6750
200911	1005439	6877
2407099	4429735	6875
301288	3640131	6693
216334	4429735	6875
4028255	4603354	6880
2113320	1974859	6751
1327346	1005439	6878
2113320	2831700	6747
1318198	1005439	6877
4514417	4324206	6682
2823148	2418740	6880
1242325	4429735	6875
3571784	2113320	6750
2472801	1868850	6875
1005439	4014517	6876
1005439	2821884	6876
1810602	2069092	6874
2113320	4430598	6751
1005439	3078302	6876
4514417	1731413	6682
2113320	2450257	6751
1005439	1821652	6876
4091856	1005439	6878
1622929	1005439	6877
2113320	2618984	6747
4140053	2113320	6750
1811557	3515944	6750
2113320	1542606	6747
1783174	3495726	6879
3843156	2113320	6750
4514417	238426	6682
1005439	3467744	6876
3904509	2113320	6750
629145	3838321	6880
2113320	726540	6747
2113320	1757191	6747
978866	1005439	6877
3609148	2113320	6750
1005439	3351510	6876
2113320	2702876	6747
998585	2113320	6750
3756577	1005439	6878
4263021	1005439	6878
1871522	2934921	6752
2490852	2113320	6750
2113320	3773749	6747
3617334	1005439	6877
2113320	474102	6747
4065042	1005439	6877
3505702	2933303	6747
3852864	1005439	6877
2113320	1034119	6747
118632	1005439	6877
2103428	1005439	6877
400446	4429735	6875
1005439	1520840	6876
1005439	3622958	6876
2113320	3847264	6747
1746329	1005439	6877
1520840	4429735	6875
1005439	4609783	6876
1044587	1005439	6877
2640487	505893	8551
1005439	2015902	6728
629145	1005439	6877
2069092	1810602	6875
2113320	1428809	6747
1299173	1005439	6877
1005439	3497960	6876
1005439	2114416	6728
4261947	1005439	6877
2008275	2113320	6750
2113320	2415052	6728
4298278	2113320	6750
3164173	4429735	6875
1005439	1533187	6795
3798048	1005439	6877
2541298	1005439	6877
4371827	2113320	6750
3401315	844829	6875
1733909	2113320	6750
2113320	780914	6747
1005439	4510008	6876
301288	2214480	6700
4305754	1207910	6880
1568519	2113320	6750
2351750	3178251	6875
2113320	2867659	6747
295629	2113320	6750
2113320	1909608	6747
4514417	1242325	6682
324584	1005439	6877
3616949	1005439	6877
3050276	2472801	6693
1005439	1542606	6876
2113320	2133875	6747
4429735	4219318	6874
4351741	1005439	6877
4454636	2113320	6750
3969500	2113320	6750
4028255	1005439	6877
986112	1005439	6877
1005439	1004486	6795
1005439	1955306	6876
2113320	58696	6747
2073301	2113320	6750
2745712	1005439	6877
4039554	2113320	6750
4429735	1513805	6874
2113320	1459406	6747
2113320	3648287	6747
1005439	1850225	6876
1091812	2113320	6750
1005439	4166685	6876
1005439	483757	6876
161000	1005439	6877
2472801	844829	6875
1001479	1005439	6877
1005439	4514884	6751
983537	2113320	6750
2113320	2030520	6747
1980885	3178251	6875
2113320	268171	6747
2113320	4418119	6728
3305278	1005439	6877
1005439	2148821	6876
2113320	4032455	6728
2113320	2999411	6747
1222117	1005439	6877
2030520	1005439	6877
1005439	3817872	6876
1005439	1277408	6795
4452653	2113320	6750
692044	1005439	6877
1380315	2113320	6750
1629572	4139449	6874
1005439	664391	6876
1005439	533035	6876
1005439	1304669	6795
1005439	1900368	6876
1005439	3709291	6876
4430171	2113320	6750
1005439	3547540	6876
2113320	3542707	6747
90979	3779134	6707
4032455	4205241	6752
2866653	2113320	6750
3178251	3557364	6874
301288	2823148	6693
2113320	3091812	6747
760192	1005439	6877
2544167	1005439	6877
2113320	4623221	6747
3178251	2087215	6874
4514417	3779134	6682
2113320	996737	6747
2580370	4429735	6875
3178251	284131	6874
2113320	90998	6747
2113320	223262	6751
3305278	4104099	6880
3595405	2113320	6750
710183	2113320	6750
2113320	2783185	6751
2268384	4429735	6875
1005439	1872062	6876
1005439	4227903	6876
2113320	3773309	6747
2113320	1643275	6747
3178251	2477160	6874
1005439	2183835	6876
1921084	2113320	6750
1005439	980105	6876
4514417	833442	6682
2113320	2055307	6747
4429735	3262498	6874
2640487	1005439	6877
1005439	2196992	6876
1005439	2628889	6876
3178251	4304428	6874
2113320	4094708	6747
2113320	2640487	6747
2113320	2198988	6747
3178251	98318	6874
2734570	3178251	6875
2113320	2926767	6747
2113320	2978098	6728
2183835	1005439	6877
1005439	1208373	6795
1005439	4109650	6795
2113320	1133837	6747
350046	1005439	6878
2113320	4143284	6747
1005439	1909608	6876
814909	2113320	6750
518930	2113320	6750
2113320	3282489	6747
2113320	2100010	6747
2113320	3125188	6747
2113320	3895199	6747
3871880	1005439	6877
233001	1005439	6877
2752535	2113320	6750
2424581	1005439	6877
4514417	325502	6682
1005439	4385895	6876
2113320	4152843	6747
2113320	3057209	6747
2113320	2386339	6747
2576076	2113320	6750
2746532	2113320	6750
2113320	511331	6747
2113320	2402141	6747
3168697	2594090	6879
879169	2113320	6750
4429735	1183692	6874
1005439	2798892	6876
2113320	3886652	6747
2113320	520694	6747
2113320	490735	6747
2240843	1611313	6879
592396	1005439	6877
3810845	2113320	6750
2113320	4614564	6747
505893	890012	8552
2113320	3323992	6747
1005439	845942	6876
1005439	198836	6876
4514417	1865554	6682
2308191	1005439	6878
3053396	2113320	6750
2113320	3143002	6747
1005439	2431247	6876
4193811	2113320	6750
2113320	89368	6747
1810602	2730380	6874
343278	2113320	6750
1850225	1005439	6877
4514417	4482795	6682
1203305	2113320	6750
1277408	986112	6879
1005439	4128418	6876
3462418	2113320	6750
2113320	608217	6747
1005439	3282489	6876
2936759	1005439	6877
2170303	3762106	6752
3349555	1005439	6877
1061863	1005439	6877
1005439	1335270	6876
138887	1005439	6877
1005439	4305560	6876
4262578	1005439	6878
2113320	2528664	6747
1955306	1005439	6877
1361973	4599185	6880
2113320	1805551	6747
2113320	1562328	6747
3390893	1005439	6877
1513805	4429735	6875
2113320	4417473	6747
2113320	4337161	6747
1005439	608217	6876
1005439	3744152	6876
3622958	1005439	6877
2299103	1848099	6752
1005439	4645901	6876
2113320	2364085	6747
1123147	1005439	6877
3178251	1242325	6874
1005439	509257	6876
2995931	1005439	6877
2113320	487584	6747
2113320	4510008	6747
2399145	2320132	6714
3178251	227013	6874
3373971	1810602	6875
1005439	3216157	6876
2113320	751115	6747
2113320	1090962	6747
1242325	1005439	6877
1005439	4536297	6876
1005439	4333343	6876
3093856	4429735	6875
4228730	4439428	6752
1005439	1141500	6876
1268680	1005439	6877
3960873	495839	6880
1285826	1868850	6875
1632548	2113320	6750
353494	1005439	6877
1848099	178628	8551
2113320	3977643	6747
4571696	2113320	6750
4291168	2113320	6750
3645005	2113320	6750
251072	2113320	6750
3810123	1005439	6877
1005439	2301511	6876
1223721	1005439	6877
2321974	1005439	6877
3386417	1005439	6877
2113320	1228613	6751
3640245	2113320	6750
432515	1005439	6877
2113320	2299103	6751
2912189	1005439	6878
1005439	2880887	6876
2113320	1041127	6747
557634	2113320	6750
1005439	3311053	6876
1177674	2113320	6750
614287	3282285	6880
4476029	2113320	6750
1005439	3727759	6795
4209687	2372759	6880
4432937	1005439	6877
2113320	1816252	6728
2113320	864357	6747
2113320	4351741	6747
1171885	505985	6879
3178251	1515696	6874
348693	1005439	6877
1896413	4429735	6875
1005439	491390	6876
2113320	1208847	6751
1231402	1005439	6877
4514417	1010910	6682
3093856	1005439	6877
1678308	1005439	6877
4476029	1005439	6877
2113320	4586415	6751
2092003	1005439	6877
1114862	2113320	6750
3050276	2897913	6693
2116987	2113320	6750
1005439	2604376	6795
137167	2113320	6750
4272077	2113320	6750
1005439	4599185	6795
1328760	3822476	6879
1786061	2113320	6750
1005439	2678095	6876
2113320	1246438	6747
1766013	1005439	6877
3505702	529117	6747
2113320	243876	6747
3486442	1374651	6879
2113320	3945500	6747
1451461	3178251	6875
1005439	2437425	6876
1005439	1157308	6876
1295584	1005439	6877
619852	1005439	6877
3904509	1005439	6877
1005439	4233601	6876
4514417	2089753	6682
2423562	2113320	6750
2113320	1600771	6747
2747659	2614141	6879
2113320	2391988	6747
3628479	1005439	6877
2819367	210785	6880
2113320	3002778	6747
2113320	4117851	6747
1005439	3479839	6876
1360309	1005439	6878
3786025	2113320	6750
1005439	3458679	6876
4214660	2113320	6750
2113320	3048247	6747
3037085	2113320	6750
2113320	508622	6747
1005439	2737401	6876
952520	4429735	6875
2113320	2552919	6751
1005439	1729179	6876
2966761	2113320	6750
1005439	12581	6876
3832029	1005439	6878
1005439	4656550	6795
2930689	2113320	6750
1010910	2113320	6750
2376528	1955623	6682
2113320	3308564	6747
2113320	1611618	6747
1005439	1703748	6876
2113320	3219224	6747
1005439	3664040	6751
1005439	1133837	6876
2806499	4429735	6875
2113320	2985637	6747
1522023	1005439	6877
3848988	2113320	6750
1005439	4431850	6795
1005439	1736544	6876
148932	1005439	6877
2043833	2113320	6750
4429735	3435934	6874
3002454	2113320	6750
2113320	358464	6747
1896413	1005439	6877
1005439	251072	6876
2113320	3889786	6747
1005439	957378	6876
1005439	3663130	6876
1628851	2113320	6750
2113320	1796509	6747
1010385	2113320	6750
3257959	1005439	6877
72667	1041127	6752
2113320	624050	6751
2372759	4209687	6879
2113320	3957733	6747
3718079	1810602	6875
769082	4429735	6875
1005439	3393002	6876
1005439	313037	6876
3793338	2113320	6750
396143	1005439	6877
2113320	3345674	6747
1005439	3308564	6876
2113320	4600915	6747
2022501	1005439	6877
3957889	1005439	6877
2113320	3096802	6747
4429735	952520	6874
2113320	1447711	6747
509270	1005439	6878
4514417	614287	6682
2113320	1854468	6728
1005439	3319437	6876
710895	1005439	6877
2415052	4309448	6752
1397934	2113320	6750
1005439	2213893	6728
2116987	1005439	6877
1981989	1005439	6877
446237	1005439	6717
1005439	2418740	6795
2823148	4429735	6875
3305846	2113320	6750
1048018	1005439	6877
1613699	1005439	6877
4421335	1191961	6752
3957889	2113320	6750
82193	1005439	6877
2113320	4552930	6747
1136914	2113320	6750
641004	1005439	6877
952520	2841599	6880
4187390	2113320	6750
2571482	1203482	6879
821144	2113320	6750
2594090	3168697	6880
1005439	3284406	6876
2103149	2113320	6750
1005439	4393261	6751
554587	2294190	6708
2637857	1005439	6877
2113320	1225552	6747
847328	2113320	6750
2113320	4298278	6747
3707805	2113320	6750
120019	1005439	6877
1005439	1600771	6876
1992074	1005439	6877
2113320	123045	6728
2113320	2821884	6747
1005439	1237118	6876
1913559	4429735	6875
2113320	1269855	6747
2553046	2113320	6750
3177176	2113320	6750
3635839	2402628	6752
4551827	2583013	6880
3640131	1249037	6880
1005439	1507841	6876
2113320	1299173	6747
1629572	4146530	6874
1005439	697141	6876
68283	2113320	6750
2113320	377546	6747
4514417	1643275	6682
2621625	1005439	6877
1005439	1831998	6876
4326925	2113320	6750
3834345	1005439	6877
890012	844829	6875
4284047	2228772	6879
2130222	2994242	6879
2113320	1520840	6747
3940844	2113320	6750
2113320	3385115	6747
3386417	2113320	6750
2113320	1114846	6747
3022439	1005439	6878
1005439	3495726	6876
1561679	255014	6714
2240776	1005439	6877
2113320	225915	6747
1223721	844829	6875
1005439	2798397	6876
243876	2113320	6750
2113320	1094130	6747
2386339	1005439	6877
4389867	2113320	6750
1005439	3773864	6876
1005439	644067	6728
2269442	1005439	6877
3875110	2113320	6750
2938173	4429735	6875
2113320	344122	6728
2113320	3828168	6747
400446	1005439	6877
3450695	2113320	6750
4342493	2113320	6750
1005439	4345274	6728
4429735	4028837	6874
96831	2113320	6750
4514417	1413721	6682
4109650	1005439	6878
2113320	957013	6751
98680	2113320	6750
529117	1530393	6880
1005439	3006514	6792
3309808	1005439	6877
1005439	3008271	6795
4342367	2113320	6750
2113320	2662937	6747
2004188	2113320	6750
2526026	1005439	6877
227013	3178251	6875
1868850	1233500	6874
554587	4522686	6693
1005439	1096010	6876
4514417	98318	6682
2113320	760192	6747
2113320	2402628	6747
844829	3413981	6874
2113320	3069244	6747
1005439	118788	6876
1562932	2113320	6750
148932	2113320	6750
1005439	780914	6876
2113320	586044	6747
1005439	2573925	6876
2113320	4140080	6747
1005439	2528664	6876
1005439	2377430	6876
2882490	2113320	6750
2113320	1420010	6728
400446	1566085	6880
2113320	1544201	6747
1005439	2717561	6876
3050276	3413981	6693
923229	1473938	6879
2843664	1005439	6877
4429735	2631275	6874
4233601	4429735	6875
2299871	4594400	6879
1005439	1928745	6876
2954628	1005439	6877
1005439	804432	6876
1005439	2198988	6876
1005439	1894815	6876
2113320	2953442	6747
412808	4429735	6875
1005439	1160538	6876
1005439	2490852	6876
1397934	1005439	6877
1663127	1005439	6877
4146530	2113320	6750
4514417	3754764	6682
982269	937388	6879
1975388	1005439	6877
2481779	2113320	6750
1005439	1266507	6728
1688181	3178251	6875
822820	4146530	6879
1179039	1005439	6877
2113320	200200	6747
1251917	707096	6752
404810	2113320	6750
2113320	922898	6747
835095	2113320	6750
3401315	3178251	6875
4429735	4309448	6874
2400679	1005439	6877
1005439	751115	6876
1005439	549433	6795
1005439	3467657	6876
1005439	2043833	6876
1005439	2055307	6876
2113320	432796	6747
1242325	844829	6875
12581	1005439	6877
1223721	1616253	6880
4117851	2113320	6750
3101938	1005439	6877
1005439	3812089	6876
1005439	1632548	6876
4346979	2113320	6750
608217	2113320	6750
1005439	3947232	6876
2113320	2008726	6747
2113320	2073301	6747
4437371	1005439	6877
1005439	350046	6795
1005439	819994	6876
4514417	3435934	6682
4520585	1005439	6877
2628889	2113320	6750
2320132	2819367	6708
2113320	3105201	6747
3926183	2113320	6750
1217508	1005439	6877
2113320	1264406	6747
710895	2113320	6750
2113320	2933303	6747
1005439	138887	6876
2113320	819994	6747
1005439	200200	6876
1868850	3558391	6874
841462	2113320	6750
1718076	1005439	6878
456040	1005439	6877
1005439	2056699	6751
2113320	4478759	6747
1005439	1599849	6795
3550886	1159418	6880
2792392	2113320	6750
3129618	1005439	6877
2113320	3036362	6747
1005439	4157799	6751
3422377	1005439	6877
2113320	1155911	6747
2571832	4429735	6875
1005439	4430171	6876
2113320	1484519	6747
4152586	1005439	6877
2806499	1629572	6875
1005439	4615292	6876
1005439	518930	6876
4165736	2912189	6880
2336959	2113320	6750
1005439	917660	6876
1005439	3725311	6876
1005439	864330	6876
2857086	1005439	6878
1005439	2467510	6876
1005439	1033259	6795
3482928	1005439	6877
2113320	2832428	6751
2573925	1005439	6877
2113320	4476501	6747
200200	2113320	6750
2113320	3102688	6747
3178251	2144482	6874
2113320	135471	6747
1361973	1005439	6877
1005439	4058795	6876
3320936	1005439	6877
4514417	3972311	6682
1005439	4619299	6876
4309004	1005439	6877
2050794	1005439	6877
3402147	2113320	6750
3309808	2113320	6750
2148821	1005439	6877
3178251	1699401	6874
1005439	3664040	6728
2113320	1177308	6747
4598873	1005439	6877
2044659	4146530	6819
2992116	2113320	6750
1005439	147568	6876
524247	2113320	6750
2113320	98680	6747
4381268	1005439	6877
301288	3605863	6693
3482928	2113320	6750
1005439	200911	6876
2113320	2239603	6747
699069	1629572	6875
2113320	72667	6728
3557470	1005439	6877
4429735	456040	6874
3648287	2113320	6750
4107747	3962352	6880
2113320	463194	6747
1088184	3505702	6750
1005439	2930562	6795
2113320	38844	6747
2113320	755576	6747
1005439	252742	6876
4514417	2294190	6682
2569632	1005439	6877
2113320	2050794	6747
3308564	1005439	6877
2113320	2460379	6751
1005439	1428809	6876
2113320	4001307	6747
1005439	1013934	6876
2113320	538119	6747
4233601	3694633	6880
1072885	1005439	6877
218395	1005439	6877
4594400	2299871	6880
1005439	3924866	6876
3505702	1088184	6747
1616253	1005439	6878
135471	1005439	6877
1028546	2113320	6750
1005439	1654241	6728
525255	1005439	6878
4429735	3700855	6874
2113320	644452	6747
2606235	1005439	6877
1005439	238426	6876
135471	2113320	6750
3605863	2113320	6750
2113320	523341	6747
2583013	4551827	6879
95280	2113320	6750
944569	1005439	6877
2113320	3425967	6747
4514417	2567009	6682
3178251	530331	6874
1005439	3640884	6876
1005439	4146825	6876
614287	2113320	6750
942143	1005439	6877
1650389	2828107	6752
2113320	3731136	6747
2113320	794627	6751
619852	2113320	6750
4514417	1203482	6682
922898	1005439	6877
1498717	1005439	6877
4017290	1005439	6877
2113320	1228613	6728
610420	1005439	6877
1005439	82193	6876
1471919	2113320	6750
2113320	515710	6728
4429735	629145	6874
38844	2113320	6750
1005439	343278	6876
1005439	3635892	6751
1005439	3386417	6876
45503	2113320	6750
3545450	1005439	6877
1952286	1005439	6877
4514417	2640487	6682
2113320	2426897	6747
2113320	180326	6747
4555384	624665	6879
1005439	3424850	6876
1325217	1005439	6877
4406403	2113320	6750
1005619	2442696	6879
1524872	1005439	6877
4514417	3262498	6682
1005439	1360309	6795
1413721	1208373	6880
4514417	452061	6682
2089753	1005439	6877
2760451	2113320	6750
3178251	2042763	6874
2220239	2113320	6750
2113320	1888424	6751
2113320	353494	6747
1195554	2113320	6750
1005439	1496698	6876
2870225	1005439	6878
959211	3462642	6752
2858178	1005439	6877
2113320	118788	6747
2629099	2113320	6750
2113320	978837	6747
1599849	1005439	6878
3533165	2113320	6750
313947	2113320	6750
1027051	2113320	6750
4537249	4429735	6875
1005439	1319370	6876
2113320	607703	6747
1456766	2113320	6750
2113320	2482695	6747
2113320	120019	6747
2113320	4230756	6728
2113320	2878820	6747
4514417	4313072	6682
4502800	2113320	6750
216604	3204922	6879
2113320	711630	6747
2113320	3386417	6747
1005439	3204922	6876
562802	2113320	6750
2198446	2113320	6750
3178251	1010910	6874
3257490	1005439	6877
3270956	1005439	6877
3977643	2113320	6750
2113320	2102529	6747
1066857	2113320	6750
2113320	3812089	6747
164247	1005439	6878
4429735	826177	6874
1615519	1005439	9289
4514417	1913559	6682
2113320	1268680	6747
95280	1005439	6877
1242325	3178251	6875
3178251	1634274	6874
1127501	1005439	6877
3879380	1005439	6877
2546261	2113320	6750
305619	1894815	6752
2154957	247409	6880
3745705	1005439	6878
3810845	4429735	6875
2042763	3178251	6875
1005439	389337	6876
1056987	2113320	6750
3222553	1005439	6877
2920134	1005439	6878
2113320	4207038	6747
3522127	1005439	6877
1873438	1005439	6877
2113320	3429687	6747
1005439	1715973	6876
1005439	3598938	6876
2995931	2113320	6750
3595405	1005439	6877
4494241	2113320	6750
4656550	1191961	6879
1005439	3780106	6876
1208847	82193	6752
1293700	1005439	6878
2113320	2306839	6747
2113320	1992074	6747
1005439	3814034	6795
3843688	2113320	6750
4594400	4429735	6875
1005439	3226499	6876
1005439	978866	6876
987811	1005439	6877
1005439	1168264	6728
3178251	937388	6874
4429735	4209687	6874
1005439	2934921	6876
3749804	1005439	6878
2113320	973400	6751
3204922	1615519	7014
2113320	4296603	6747
1005439	98680	6876
1005439	1389102	6876
1005439	4618029	6876
4210088	2113320	6750
2113320	1389102	6747
4514417	699069	6682
1715973	1005439	6877
141427	1005439	6877
2798892	1005439	6877
1005439	3195174	6876
1005439	1515696	6876
890012	1629572	6875
2113320	830952	6747
1005439	3669298	6876
1005439	3897642	6876
2113320	948983	6747
1005439	4623944	6876
2113320	3575157	6747
2183835	2113320	6750
4429735	3329578	6874
1005439	1510993	6795
3305278	4429735	6875
1796360	2113320	6750
1133837	1005439	6877
4014517	4429735	6875
526628	3890806	6879
255525	456040	6752
3529901	2113320	6750
1005439	4343795	6795
2544648	1005439	6877
1873891	1005439	6877
4623221	2113320	6750
4166685	2113320	6750
4620547	2113320	6750
1005439	1056987	6876
2420362	2113320	6750
3020048	2113320	6750
2957469	1005439	6877
4429735	416838	6874
141427	2113320	6750
948983	1005439	6877
987811	2920134	6880
2113320	4430319	6747
1906554	1005439	6877
1005439	3048247	6876
1005439	4098642	6876
1566085	400446	6879
1886310	4028837	6879
2113320	1194348	6747
2113320	1628851	6747
3660638	1005439	6877
2113320	4320525	6747
2113320	1948121	6751
3178251	1513805	6874
2113320	3300245	6747
32491	1005439	6877
1005439	101393	6876
3948621	2113320	6750
4210125	1005439	6877
1233500	4138050	6880
1980885	3837622	6880
697141	2113320	6750
1018034	1801562	6752
954081	1005439	6877
1005439	1233500	6876
2936591	2113320	6750
1856607	3581749	6879
605476	1005439	6877
4514417	2629099	6682
4429735	4481951	6874
3727759	1005439	6878
2580370	1005439	6877
4537249	3752355	6880
3560503	2113320	6750
937388	3178251	6875
1005439	1786061	6876
2113320	2582921	6747
1091069	1361973	6752
2828181	2990683	6693
2113320	990490	6747
4281319	2113320	6750
2475878	1094130	6752
2113320	3355628	6747
3689979	2442696	6752
1122504	1005439	6878
3640884	2113320	6750
1005439	4100452	6876
1005439	3545450	6876
1568519	1005439	6877
1005439	302000	6876
697141	1005439	6877
2730380	1810602	6875
2509197	1005439	6877
1041127	3178251	6875
3216157	2113320	6750
1195554	1005439	6877
4143284	2113320	6750
4186701	1005439	6877
2113320	2103577	6747
708700	2113320	6750
2113320	3422377	6747
412808	884694	6880
1005439	685167	6876
2113320	1380315	6747
1005439	1088184	6876
4126984	1005439	6878
1005439	4433771	6876
4429735	987811	6874
1948121	4280774	6752
2582428	1005439	6877
1005439	502718	6876
2113320	1817130	6747
3635892	2144482	6752
2113320	1796360	6747
2113320	2878602	6747
3837269	1005439	6877
1052632	1005439	6877
2437488	1005439	6878
3515944	4309448	6747
1833847	1005439	6877
1005439	173830	6876
2130166	1005439	6877
2113320	3669298	6747
3509442	1005439	6878
1005439	3172167	6876
588326	1185825	6879
2113320	1496639	6747
1706601	1513805	6879
3562969	1005439	6877
3888782	1005439	6877
4514417	4065274	6682
1005439	308153	6795
1819273	1005439	6878
169588	1005439	6877
2113320	3409762	6747
1005439	1373692	6795
2113320	298929	6747
4429735	2116987	6874
1005439	2130166	6876
255014	2580370	6693
1203482	3178251	6875
2113320	455911	6751
1005439	56061	6876
4599185	1005439	6878
2076235	1005439	6878
1005439	3591967	6876
4146530	844829	6875
3351225	1005439	6877
3779134	2113320	6750
2113320	3075122	6751
2739171	176315	6880
2458708	2113320	6750
2113320	2511258	6747
3557364	4423881	6880
3932344	2113320	6750
2739171	1005439	6877
4309448	4429735	6875
2113320	2815242	6747
1194348	1424690	6880
3745705	4482795	6879
3178251	3843845	6874
1005439	1389595	6876
1005439	1174919	6876
2113320	1861072	6747
2400679	2113320	6750
4091856	986282	6879
2113320	3624397	6747
4146530	1629572	6875
4433771	2113320	6750
3930417	2113320	6750
3814034	4073306	6879
2113320	1174656	6747
1005439	1654241	6751
4552930	1005439	6877
2113320	3570017	6747
2113320	845942	6747
3640131	4429735	6875
4241504	98318	6879
1987586	2113320	6750
1005439	4064483	6795
4139449	2113320	6750
1005439	1667179	6795
2113320	1873438	6747
1005439	1796038	6876
4514417	3041727	6682
2113320	1471919	6747
1118471	2113320	6750
1005439	397931	6876
1005439	45503	6876
301288	1611618	6693
198836	1005439	6877
4439428	1005439	6877
1091509	1005439	6877
1633987	1005439	6877
3495726	1005439	6877
855683	2891282	6879
3774204	1005439	6877
1204749	2113320	6750
526628	1005439	6878
2113320	1136914	6747
1005439	2384963	6876
3178251	412808	6874
2415878	1005439	6877
1005439	586044	6876
1005439	3062883	6876
2113320	2614622	6747
1005439	4454636	6876
1005439	460479	6795
2113320	2446258	6747
76808	2113320	6750
3839719	1005439	6877
1005439	1176354	6876
2113320	4156952	6747
1005439	1091069	6751
2113320	2567948	6747
2113320	2400679	6747
1033259	3401315	6879
1005439	2087215	6876
4205241	1005439	6877
137167	1005439	6877
2669354	2113320	6750
2113320	3114688	6747
1223721	2113320	6750
1005439	2122661	6876
2113320	31705	6751
4514417	2087215	6682
1888502	2113320	6750
1005439	3846363	6876
2113320	2709538	6747
505985	2113320	6750
1005439	1096311	6876
1616253	1223721	6879
2775830	2113320	6750
1784001	2113320	6750
1005439	1471324	6751
629145	4429735	6875
3547540	2113320	6750
1005439	1163797	6876
1005439	4017290	6876
1005439	358464	6876
3360539	2113320	6750
1522023	2113320	6750
1005439	619852	6876
2113320	1127501	6747
4514417	1561679	6682
2113320	2381404	6747
2898830	2113320	6750
2550343	1005439	6878
2113320	3390893	6747
1005439	1279014	6876
4381909	2113320	6750
4343795	864330	6879
1645306	1005439	6877
1005439	621684	6876
2113320	3756155	6747
4514417	1166544	6682
4073306	1005439	6877
1005439	958782	6751
3006946	319291	6752
2715194	2113320	6750
2113320	4214660	6747
804432	2113320	6750
1005439	957188	6876
2113320	4566011	6747
84972	1005439	6878
1005439	1101646	6795
2594090	4429735	6875
2130229	1005439	6877
2302719	2113320	6750
1005439	2177161	6876
1005439	415456	6728
4214660	1005439	6877
3284631	2113320	6750
3178251	3041727	6874
2113320	1036321	6747
844533	2113320	6750
3547012	2113320	6750
1005439	1809408	6876
1005439	1222117	6876
2113320	3044834	6747
1005439	2489804	6876
3351581	1005439	6877
2113320	2310046	6747
2113320	299931	6747
2399145	1005439	6877
650069	2113320	6750
4583357	1041127	6693
3284406	1005439	6877
2113320	3617334	6747
1191961	1005439	6877
4187390	1005439	6877
1005439	1260909	6876
2113320	2717561	6747
1005439	1650389	6751
4606542	2113320	6750
3582351	2113320	6750
1185825	588326	6880
1005439	4278753	6795
844829	1223721	6874
3178251	399943	6874
4519696	2113320	6750
326524	1005439	6878
435491	108724	6752
579745	3779134	6879
2113320	1838358	6747
4640757	2113320	6750
1005439	954544	6876
1005439	943157	6795
225915	2113320	6750
1005439	601530	6876
2113320	401546	6747
1005439	1006815	6751
2113320	2362825	6747
2113320	4173479	6747
2113320	3101927	6747
2621054	4116966	6756
2533635	2113320	6750
713711	2113320	6750
4260107	2113320	6750
1005439	3684765	6876
2317635	1005439	6877
3591967	1005439	6877
432796	1005439	6877
4602291	1005439	6877
4514417	2116987	6682
3644750	4429735	6875
4156952	2113320	6750
3334910	2891282	6752
1308183	1868850	6875
2640487	3178251	6875
520490	2113320	6750
1817130	1005439	6877
4429735	4082462	6874
1005439	141427	6876
4171700	1005439	6877
1005439	614287	6876
410490	1005439	6877
624050	2933303	6752
1005439	3645005	6876
1166544	2113320	6750
1005439	1955623	6876
2402141	1629572	6875
1005439	3078218	6876
4082713	1005439	6877
1793204	1005439	6877
2113320	12581	6747
2113320	1592586	6747
1207910	1005439	6878
1005439	3168697	6795
3893588	1005439	6877
2113320	4215930	6747
2542446	2113320	6750
2101656	211293	6926
2113320	1019159	6747
1005439	4261640	6876
3945097	1005439	6877
1544201	2113320	6750
1005439	1270484	6876
1005439	4143284	6876
2757842	2113320	6750
2113320	1703748	6747
1538886	1005439	6877
1004486	1005439	6878
1005439	855683	6795
4523087	1005439	6717
1005439	2646664	6876
1005439	1841975	6876
1005439	3625833	6876
1005439	1471324	6728
2113320	4598873	6747
2113320	685167	6747
2113320	3750440	6747
2089753	1672934	6756
2113320	3567357	6747
1005439	1318198	6876
4551827	3178251	6875
1005439	4114396	6795
1062633	1005439	6878
1005439	3818233	6876
2113320	1331098	6751
1955623	2113320	6750
1005439	742768	6876
2113320	4483361	6728
1005439	1854941	6751
1005439	391795	6876
3050276	4560246	6693
2258221	1005439	6878
1005439	3754764	6876
3776250	1005439	6877
2795894	1005439	6878
1167878	1005439	6877
660363	922898	6752
3501431	2113320	6750
1005439	579207	6876
2113320	2232707	6751
644452	1005439	6877
4514417	2040605	6682
1868850	319291	6874
1611618	1005439	6877
1005439	3810123	6876
179727	1005439	6877
2113320	3303470	6747
2327972	1005439	6877
4514417	1361973	6682
2113320	4406403	6747
1222117	2113320	6750
2468139	2113320	6750
1308183	4429735	6875
1005439	3160135	6876
1005439	1817130	6876
2113320	1321133	6751
569123	2113320	6750
3157722	1868850	6875
1005439	3896878	6751
4090497	2113320	6750
2113320	3336815	6751
1005439	3837622	6795
2113320	4256471	6747
3553224	2113320	6750
1841975	1005439	6877
1639333	1231579	6879
1005439	2330088	6876
2412119	1005439	6877
1005439	1563652	6876
2990592	1005439	6877
3166213	2113320	6750
1005439	101824	6876
2113320	794019	6747
4627003	2113320	6750
2113320	3560503	6747
452061	4429735	6875
2113320	4385895	6747
4514417	3581749	6682
3178251	1451461	6874
2954628	2113320	6750
2113320	1657327	6751
28296	1005439	6877
1005439	2526026	6876
3700855	1005439	6877
2573925	2113320	6750
3664293	2113320	6750
3675405	2113320	6750
3527181	1005439	6878
1005439	2907343	6876
3810123	4429735	6875
4209687	1005439	6877
2294190	2113320	6750
2113320	1911221	6747
705714	1005439	6877
2113320	1602146	6747
1611618	4653667	6880
3605863	2322639	6880
2113320	3164458	6747
1542606	2113320	6750
3295627	4429735	6875
2122661	2113320	6750
252742	2113320	6750
1005439	2882490	6876
1005439	676197	6876
1041127	1005439	6877
1893272	1005439	6878
1760487	1005439	6877
2113320	4452653	6747
3834345	2113320	6750
1005439	2022473	6876
3089376	1005439	6877
1472408	1005439	6877
554587	2730380	6693
2113320	981227	6728
1005439	2133875	6876
1048018	2113320	6750
1005439	1372246	6876
1005439	4623221	6876
1588801	2113320	6750
2113320	2606648	6747
2113320	4471091	6747
4429735	1942636	6874
2113320	273047	6747
1005439	3098839	6795
1005439	1597149	6876
2113320	2737401	6747
1005439	463194	6876
1005439	416838	6876
1005439	495839	6795
4623944	1005439	6877
2113320	191697	6751
1005439	2711499	6795
1672934	1005439	6877
1005439	557634	6876
2985637	2113320	6750
219878	2113320	6750
1005439	108724	6876
1005439	1249037	6795
3634136	2113320	6750
1496196	1005439	6878
3129618	2113320	6750
764250	1005439	6877
1005439	3170543	6795
1252169	2113320	6750
82193	1327346	6880
2730380	1629572	6875
2858178	2113320	6750
2113320	707621	6747
2113320	3489117	6747
3489117	1005439	6877
2113320	1672934	6747
221006	4065274	6752
3848988	1005439	6877
4514417	2614141	6682
1005439	1669828	6795
4429735	1413721	6874
4514417	2552618	6682
1477536	2113320	6750
1005439	1965482	6876
4010720	1005439	6877
2214480	4522686	6708
4514417	142264	6682
326630	1005439	6877
1291528	1005439	6877
3359943	3178251	6875
1141500	2113320	6750
2166434	2113320	6750
3480886	1005439	6877
2113320	138887	6747
1713965	4309448	6756
2421420	1005439	6877
1005439	2067774	6876
1005439	4412086	6876
1266507	4551827	6752
3408966	2113320	6750
2867659	2113320	6750
2113320	3781000	6747
3731136	2113320	6750
236705	2113320	6750
3006993	400446	6752
2113320	3798048	6747
238426	4429735	6875
2113320	358744	6751
1611313	1005439	6877
3718079	1445127	6880
4514417	4645901	6682
1600771	2113320	6750
4309448	4126984	6880
3268408	4328494	6752
2089753	3229666	6880
2113320	1534307	6728
2113320	4309004	6747
2113320	3080969	6747
3580909	2113320	6750
3978039	1005439	6877
2113320	992302	6728
3644430	2113320	6750
4305560	1005439	6877
2113320	2930689	6747
1005439	1652674	6876
2113320	4259355	6747
685822	2113320	6750
505760	2113320	6750
576990	1005439	6878
80955	2113320	6750
2096036	2113320	6750
1005439	1615519	8895
3373971	1005439	6877
2113320	4076794	6747
2113320	2348522	6747
1005439	1374651	6876
2729401	1005439	6877
2591539	1005439	6877
2640352	1005439	6878
4152843	1005439	6877
4514417	2168623	6682
1005439	2394477	6876
4429735	4233601	6874
2130166	2113320	6750
326630	2113320	6750
4429735	4014517	6874
1894815	1005439	6877
1513805	1005439	6877
2498046	2857086	6880
1647672	1005439	6877
2979433	1005439	6877
2113320	1894815	6747
4261640	2887557	6880
1005439	3284631	6876
3098839	1242325	6879
1005439	4147586	6876
1005439	4560485	6876
1005439	991519	6876
2739558	2113320	6750
1005439	1221024	6876
1005439	217126	6728
1005439	4138398	6876
2113320	2122816	6747
1005439	94494	6876
742768	3178251	6875
1005439	1183692	6876
1005439	3810845	6876
161000	2113320	6750
1005439	2676080	6876
1669828	1005439	6878
1328760	1005439	6878
2113320	3634136	6747
501697	1005439	6877
4590824	1005439	6877
3926183	1005439	6877
2113320	890012	6747
4514417	2020787	6682
3462642	2113320	6750
1428809	1005439	6877
4429735	4305754	6874
2103964	2113320	6750
1005439	1861072	6876
4100049	1005439	6877
2113320	4012605	6751
4272077	1005439	6877
1005439	3096802	6876
987811	2113320	6750
1005439	371972	6728
1088670	3787658	6693
2330088	2113320	6750
538119	2113320	6750
1005439	611297	6795
699069	2654852	6880
2113320	2546261	6747
2113320	2176893	6747
2113320	1955306	6747
2113320	3774204	6747
1005439	43693	6876
2113320	1971546	6747
2601969	2113320	6750
2130222	1005439	6878
1005439	1027103	6728
2113320	3989504	6747
4123331	2113320	6750
94494	1005439	6877
2113320	4466131	6747
664391	2113320	6750
1834110	2113320	6750
2113320	4166685	6747
3708080	1005439	6877
3680604	2594090	6752
2113320	1691143	6747
2113320	3336815	6728
2109735	3890806	6752
298929	1005439	6877
2113320	3276216	6747
1005439	4181535	6751
3623291	2113320	6750
4429735	1308183	6874
1005439	710895	6876
2113320	3718079	6747
4514417	1395626	6682
1005439	1718641	6876
3178251	2176893	6874
3157722	844829	6875
2112019	1005439	6877
301288	2087215	6693
4566011	2113320	6750
982185	3178251	6875
2621054	4429735	6875
4054619	1005439	6877
3187292	4429735	6875
1005439	3826428	6876
1005439	1021795	6876
4429735	3810123	6874
4058795	1005439	6877
1005439	4555384	6795
1757073	2113320	6750
2788530	1005439	6877
3553732	1005439	6877
3994906	1005439	6877
2113320	2541298	6747
1005439	1760487	6876
1005439	1361973	6876
4309448	1713965	6748
2113320	4288601	6747
2113320	3131955	6747
1005439	4304495	6876
2113320	98318	6747
2113320	121393	6728
1005439	3025268	6728
2284124	1005439	6912
1245143	2113320	6750
3386417	4429735	6875
2113320	223262	6728
1005439	3837174	6876
2113320	2678095	6747
4514417	2096036	6682
2113320	3284631	6747
987811	4429735	6875
4429735	986112	6874
3069244	1005439	6877
4429735	4146530	6874
2912189	4165736	6879
4514417	3270956	6682
970619	1005439	6877
1005439	1171885	6795
1005439	3039679	6795
118359	1318198	6748
530331	3178251	6875
4072523	2113320	6750
2112019	3178251	6875
1613699	2113320	6750
2015016	3178251	6875
4146530	1005439	6877
3817872	1005439	6877
844829	319291	6874
2526026	2113320	6750
4563057	1005439	6877
252742	1005439	6877
3002454	1005439	6877
1005439	3581590	6876
4172414	2113320	6750
1005439	809137	6876
1563652	2113320	6750
1005439	1678235	6876
2113320	3923228	6728
1005439	1397934	6876
4218857	1166544	6752
778252	2113320	6750
4494241	1005439	6877
2113320	2170303	6728
944171	2113320	6750
2536872	2113320	6750
2113320	2261233	6751
3822344	2113320	6750
2113320	1046274	6747
4250956	2113320	6750
744209	1005439	6877
506615	2268384	6752
1005439	3781000	6876
591193	2113320	6750
2113320	4560485	6747
4509541	1005439	6877
1005439	456040	6876
1228613	98318	6752
2122661	1005439	6877
2979433	2113320	6750
2472801	2113320	6750
1005439	1091812	6876
2113320	3580909	6747
4079229	4429735	6875
2411155	2113320	6750
3954386	1005439	6877
2113320	4577279	6747
2040605	3178251	6875
1848099	2113320	6750
2113320	2798892	6747
3178251	595780	6874
1005439	767009	6795
3385115	2113320	6750
1005439	769072	6876
1005439	895282	6795
4429735	1395626	6874
2832428	3048247	6752
2113320	3645154	6751
4429735	1865554	6874
1005439	299931	6876
2113320	3553732	6747
1005439	2169207	6876
2113320	605476	6747
1005439	4288847	6876
2113320	2978098	6751
1005439	3553286	6876
125252	1005439	6877
1005439	1806697	6795
3890806	2320132	6823
2113320	4280774	6747
2113320	3195174	6747
4514417	3644430	6682
4429735	1896413	6874
2567009	4246302	6880
1181243	2113320	6750
3847264	1005439	6877
2730380	2113320	6750
2113320	3978377	6728
1005439	4390884	6876
2113320	2424581	6747
2113320	991519	6747
939815	2113320	6750
2244969	1005439	6877
2022473	2113320	6750
486511	2113320	6750
3601159	2113320	6750
4152586	4109650	6880
4379442	2113320	6750
1005439	3213404	6876
2953442	2113320	6750
2113320	3941224	6747
1005439	2567009	6876
4073306	4429735	6875
4367916	1005439	6878
4429735	922898	6874
1005439	711817	6728
4429735	400446	6874
4429735	1165547	6874
3479839	1005439	6877
2919959	1005439	6877
1796509	1005439	6877
499310	1005439	6877
1005439	1221827	6876
1005439	2479477	6876
173830	1005439	6877
94494	2113320	6750
2113320	2196992	6747
2113320	4170396	6747
1615519	3204922	7043
1798048	1005439	6877
4514417	1318198	6682
2113320	1536412	6747
3287018	1005439	6877
2113320	3346437	6747
3596089	2113320	6750
1005439	219878	6876
2136840	4305560	6879
1005439	142297	6876
2113320	2545408	6747
727414	1005439	6877
1157308	2113320	6750
2222252	2113320	6750
301288	3680996	6693
1887458	833442	6752
1659092	4429735	6875
2113320	3729894	6747
2044659	890012	6819
3358387	1005439	6878
1005439	2878602	6876
2642274	1005439	6877
1671697	1005439	6877
3207089	2113320	6750
529092	2112019	6879
4074737	2113320	6750
760950	2113320	6750
2672236	2113320	6750
455911	2402141	6752
1005439	1659636	6876
2113320	2185875	6728
4514417	1520840	6682
3632894	1005439	6877
61312	2113320	6750
1308183	2113320	6750
2113320	2544648	6747
4615292	1005439	6877
754476	1005439	6878
4171963	1005439	6877
3096802	4429735	6875
2113320	1498717	6747
1005439	2128646	6876
3555580	1005439	6877
1005439	2637700	6876
3300245	1005439	6877
3886652	1005439	6877
2113320	478753	6747
3050276	3373971	6693
2113320	4573026	6747
2113320	1808636	6747
890012	1868850	6875
482413	1005439	6877
3962352	4107747	6879
2897913	4429735	6875
1005439	2826316	6876
4461272	2113320	6750
2113320	344122	6751
1810602	3373971	6874
410490	2113320	6750
389337	1005439	6877
2376528	2933303	6682
1890905	942143	6756
287042	1005439	6877
2113320	1796038	6747
3178251	1944560	6874
2227203	1005439	6878
2113320	944569	6747
1005439	2043321	6876
1005439	3101938	6876
4439132	2113320	6750
2080366	1005439	6877
1021795	2113320	6750
1005439	1424690	6795
4501509	2113320	6750
1005439	475010	6876
1005439	760950	6876
1005439	2411155	6876
4263021	3386417	6879
2101744	2113320	6750
3421267	4079229	6752
2113320	1776159	6747
4514417	4435231	6682
1005439	996737	6876
1005439	3871886	6876
1005439	814909	6876
3818233	2113320	6750
1005439	4387743	6876
1010910	2437488	6880
1005439	4210088	6876
2103428	2113320	6750
2113320	2377430	6747
3924866	1005439	6877
2542446	1005439	6877
4551827	1005439	6877
2137325	2113320	6750
2329601	1597149	6879
1005439	2511258	6876
96974	2113320	6750
1005439	1873891	6876
1005439	4126984	6795
2113320	85364	6728
463193	1005439	6877
1005439	2819367	6876
1264406	2113320	6750
3444022	1005439	6877
2128646	2113320	6750
3449906	2113320	6750
2113320	3595082	6751
2878602	2113320	6750
2597018	1005439	6877
2576076	1005439	6877
1005439	1796360	6876
1196493	2640487	6763
3818233	3178251	6875
4328494	1005439	6877
3098839	1005439	6878
2329601	1005439	6878
1005439	3546562	6876
2582921	2113320	6750
1731413	1081829	6880
5527	2113320	6750
865706	1005439	6877
1779142	216334	6879
4010181	1005439	6877
4309448	4523087	7009
4514417	3932344	6682
1005439	220917	6795
1629572	2806499	6874
2113320	952520	6747
4429735	3810845	6874
2113320	3879380	6747
1005439	4478759	6876
3178251	986282	6874
554587	102297	6693
1005439	2957469	6876
4128418	1005439	6877
56061	2113320	6750
2477160	3178251	6875
4429735	707096	6874
644452	2113320	6750
2363796	1005439	6877
1005439	2571832	6876
591193	1005439	6877
1005439	1672934	6876
2113320	3977187	6747
98318	4241504	6880
1005439	3978039	6876
2218813	3550886	6752
2113320	1699916	6747
2113320	3099722	6747
1005439	2735171	6876
1005439	3992543	6795
1513805	2113320	6750
1005439	446237	6722
1327346	82193	6879
2113320	3582653	6747
1191961	3178251	6875
301288	952520	6693
1005439	998585	6876
2896085	1005439	6877
4514417	2402628	6682
2113320	1522023	6747
3101927	2113320	6750
3010448	1005439	6877
3731136	1005439	6877
2113320	2294190	6747
1614755	2113320	6750
1183692	1005439	6877
68283	1005439	6877
2168623	2632460	6880
4514417	4304428	6682
2113320	1534307	6751
2113320	4562039	6747
2113320	3449753	6747
2113320	1181243	6747
4429735	2069092	6874
4466131	2113320	6750
1005439	3295627	6876
3319437	1005439	6877
2113320	2022501	6747
2113320	3222553	6747
2113320	3378622	6751
621684	2113320	6750
2828107	3178251	6875
2320132	2897913	6707
1090308	1005439	6878
3752355	4537249	6879
1005439	3616949	6876
3413981	844829	6875
1005439	4560246	6876
4278753	3048247	6879
4478759	1005439	6877
2113320	1814371	6747
3571784	1005439	6877
1005439	1266507	6751
1005439	650069	6876
2364085	1005439	6877
529117	3505702	6750
4598873	2113320	6750
3472918	2168623	6752
1872062	1005439	6877
2773142	2113320	6750
1561679	1005439	6877
4114396	1005439	6878
3828168	2113320	6750
3242463	4412086	6879
4514417	2069092	6682
2936759	2113320	6750
2113320	219878	6747
1005439	1424143	6876
4381268	1375529	6880
4073710	1005439	6877
1005439	2923284	6795
4206387	2113320	6750
879169	1005439	6877
1174919	1005439	6877
785735	1289464	6879
4614564	1005439	6877
2113320	475010	6747
1005439	2631275	6876
4514417	102297	6682
3458679	1005439	6877
1005439	400446	6876
1005439	2581960	6876
1005439	836921	6876
4514417	2689336	6682
3531191	1005439	6877
2113320	883656	6747
2113320	2938173	6747
3014924	1005439	6877
495839	1005439	6878
3479839	4429735	6875
1005439	850983	6795
564149	1005439	6877
1769921	1005439	6878
2113320	2642274	6747
844829	238426	6874
142297	2113320	6750
4560246	4302000	6880
2113320	1800947	6747
1111187	1005439	6877
1005439	4155613	6876
2113320	685822	6747
2113320	1605275	6747
4514417	284131	6682
2113320	8693	6747
3203817	1005439	6878
1796360	1005439	6877
2113320	2326807	6728
613680	1005439	6878
1873438	2113320	6750
2113320	4528671	6747
986282	4429735	6875
1967996	1005439	6878
2113320	3505702	7206
864357	1005439	6877
2039508	2113320	6750
2113320	1842661	6747
1005439	4476029	6876
1868850	982185	6874
1005439	2583013	6795
2113320	754231	6747
1005439	2729401	6876
2571482	1005439	6878
1605275	1005439	6877
1005439	2103964	6876
2113320	2715194	6747
2113320	296655	6747
1005439	2686367	6876
1005439	3355628	6876
1005439	3305846	6876
1005439	2669354	6876
4333343	2113320	6750
427530	529117	7267
2113320	1216686	6747
1095366	1848099	6693
3467744	2113320	6750
3584150	2113320	6750
1005439	4563057	6876
1005439	3731136	6876
2113320	3073995	6751
2096036	3178251	6875
2882957	1005439	6877
116927	3505702	6750
2113320	3852864	6747
2113320	1478477	6747
3548123	104430	6752
120019	2113320	6750
1005439	2467453	6876
3629541	43693	6752
2113320	1793204	6747
2628889	1005439	6877
90979	2214480	6700
4429735	3960873	6874
2113320	1208847	6728
1005439	2397390	6876
529117	1005439	6877
3413981	4064483	6880
3287018	2113320	6750
2113320	2787624	6747
377546	1005439	6877
1843894	1005439	6877
2957469	2113320	6750
4022259	1247312	9534
2113320	3734545	6747
1005439	3648287	6876
4414491	3596089	6752
3178251	890012	6874
1005439	673285	6876
4656550	1005439	6878
3555580	2113320	6750
4429735	624665	6874
2532813	229443	6879
2113320	679953	6747
2113320	660363	6751
2240843	1005439	6878
2640487	2113320	6750
2467510	2113320	6750
3553732	2113320	6750
1005439	4065042	6876
160361	2113320	6750
238054	1005439	6877
3754764	2113320	6750
2113320	4509541	6747
1888424	1204749	6752
2614141	2747659	6880
505893	2069092	8552
1005439	2823148	6876
491390	1005439	6877
1223721	1868850	6875
2113320	4483361	6751
1806826	1005439	6877
511331	2113320	6750
2541298	2113320	6750
3109812	1005439	6877
2738861	1005439	6877
1005439	2059797	6728
1181243	1005439	6877
2798397	4118636	6880
1816252	1731413	6752
986282	3178251	6875
2113320	2203755	6747
1005439	794019	6876
1005439	4627003	6876
2969543	2351750	6879
3382200	2113320	6750
4058265	1005439	6877
4256471	1005439	6877
1005439	180326	6876
1005439	4502800	6876
4429735	4645901	6874
2887557	1005439	6878
2268384	1005439	6877
2113320	887423	6747
1042317	2113320	6750
2113320	3487210	6747
2113320	4229021	6747
1005439	236705	6876
2113320	3780106	6747
3663130	1005439	6877
2690124	2113320	6750
1005439	1445127	6795
2113320	173830	6747
2113320	1163797	6747
4514417	3960873	6682
1695866	3680996	6708
2113320	1831998	6747
1842661	2113320	6750
1005439	2739558	6876
1005439	396882	6876
1041127	2076235	6880
2402141	3178251	6875
520694	2113320	6750
3178251	3805611	6874
1005439	4173399	6876
2113320	3875110	6747
2472801	3178251	6875
2467453	2113320	6750
4429735	2594090	6874
3216157	1005439	6877
3714151	1005439	6877
4411902	1005439	6877
2050794	2113320	6750
1818834	1005439	6877
1005439	596032	6876
4429735	4435231	6874
2113320	819588	6728
1005439	1207910	6795
2525911	3787658	6752
1073245	2113320	6750
1005439	163164	6876
1005439	3832691	6876
1005439	4432937	6876
1005439	1006815	6728
764198	1005439	6877
3178251	75100	6874
4261640	3178251	6875
1005439	2936759	6876
4514417	2734570	6682
2113320	3680604	6728
3936603	2113320	6750
4065274	4429735	6875
3050276	1611313	6693
1005439	2509197	6876
1005439	4514884	6728
3972311	1005439	6877
4429735	1204749	6874
4278753	1005439	6878
2113320	3428873	6747
2113320	764421	6747
2113320	4215234	6747
2113320	1729179	6747
4427768	2113320	6750
1496639	2113320	6750
4514417	229443	6682
3050276	3550886	6693
2113320	4155613	6747
1005439	4324206	6876
3822476	1328760	6880
3373971	4222760	6880
4192871	1005439	6877
2004188	1005439	6877
3069756	742768	6879
2113320	1019127	6747
1005439	2709538	6876
2822347	1688181	6752
4429735	2823148	6874
1005439	1090962	6876
2113320	4088047	6747
2113320	3645154	6728
290280	1005439	6878
2699499	4429735	6752
4282761	2113320	6750
1005439	764198	6876
911619	1841299	6880
1005439	75100	6876
1221827	3178251	6875
4471091	2113320	6750
3107158	2113320	6750
319291	3178251	6875
4165736	4429735	6875
3044834	1005439	6877
1005439	4342367	6876
1005439	3661290	6876
2113320	3893588	6747
2640487	3505702	6750
1005439	3006993	6751
4539112	1992074	6752
1005439	508622	6876
2737401	1005439	6877
1005439	4072523	6876
1260909	1005439	6877
2113320	1257384	6747
2575365	1005439	6877
4514417	3093856	6682
2113320	406087	6747
1005439	2391988	6876
2113320	3526398	6747
1005439	2532813	6795
2176893	3178251	6875
1066857	1005439	6877
2739171	2113320	6750
2113320	983537	6747
1005439	96974	6876
3274239	2113320	6750
2821329	1005439	6877
1005439	2348522	6876
2828107	4007881	6880
4601769	2113320	6750
2113320	435491	6751
914137	1005439	6877
1005439	4536719	6728
2738861	2113320	6750
3817978	1005439	6877
3575157	1005439	6877
1034945	2113320	6750
4598464	1005439	6877
2198988	2113320	6750
1005439	75328	6876
75100	3178251	6875
4429735	2629099	6874
1005439	1179039	6876
2272321	1005439	6878
4406103	2113320	6750
2113320	4015047	6747
4523087	4309448	6717
1005439	2629099	6876
1602146	2113320	6750
836921	1005439	6877
4429735	1361973	6874
1005439	295629	6876
1424690	1194348	6879
4412086	3242463	6880
1005439	708700	6876
864330	4429735	6875
400446	1868850	6875
4514417	4286040	6682
1005439	1044587	6876
3377790	2113320	6750
3843156	1005439	6877
1005439	3954386	6876
3295627	1005439	6877
2737401	2113320	6750
3754764	4429735	6875
1611845	1005439	6878
1005439	1404622	6876
2113320	1507841	6747
2113320	1897875	6747
3718079	1868850	6875
1806826	2113320	6750
1005439	2130229	6876
2113320	2164884	6747
4138050	1233500	6879
3373971	4429735	6875
2228772	4429735	6875
2113320	1776797	6747
2113320	1330783	6747
2113320	1497996	6747
3988611	2113320	6750
4514417	1101073	6682
1005439	3562969	6876
1005439	2136840	6795
1536412	1005439	6784
2113320	3555300	6728
2402628	2113320	6750
2113320	692044	6747
3625383	1005439	6877
1005439	4028837	6876
3505702	845942	6747
2244969	2113320	6750
1005439	3071049	6876
2113320	3888782	6747
2866653	1005439	6877
2049232	1005439	6877
2113320	1614755	6747
2113320	2545632	6747
96974	1005439	6877
1005439	2946664	6728
2113320	1833847	6747
285683	2113320	6750
2322639	3605863	6879
2113320	2067774	6747
4107115	3413981	6752
273047	1005439	6877
2431247	2113320	6750
1005439	1048018	6876
475010	1005439	6877
3843845	3178251	6875
3960475	2113320	6750
2113320	96974	6747
282220	3096802	6752
2113320	2832428	6728
1005439	3962352	6795
1496196	4128418	6879
2407099	308153	6880
1005439	1873438	6876
343278	1005439	6877
1005439	923229	6795
2113320	4423600	6751
4429735	4381268	6874
4514417	4022259	6682
2966761	1005439	6877
1831998	2113320	6750
2300171	1005439	6877
4287455	2113320	6750
1810602	2806499	6874
4139449	1101646	6880
2113320	769072	6747
1005439	4172414	6876
2609840	2113320	6750
3648432	1005439	6877
2113320	2168275	6747
4514417	1123147	6682
1754960	1005439	6877
4429735	2240776	6874
2113320	3661290	6747
4429735	4328494	6874
4514417	845942	6682
844829	890012	6874
1005439	3972311	6876
1005439	3468940	6876
299931	1005439	6877
1216686	2113320	6750
2113320	3360539	6747
2113320	3714151	6747
1005439	1766013	6876
1005439	3309062	6876
2920134	987811	6879
2113320	2137325	6747
355477	1718076	6880
204247	1005439	6877
905992	1005439	6877
4094913	2938173	6752
764198	2113320	6750
1005439	2222252	6876
3515944	4146530	6747
1005439	2618984	6876
1005439	1251917	6751
3972105	1005439	6877
1974859	1911221	6752
4583357	2739171	6693
4429735	529117	6874
3977187	2113320	6750
2113320	4445574	6728
3723401	2113320	6750
2113320	1821652	6747
1005439	1893272	6795
2113320	3865129	6747
216604	1005439	6878
1005439	4272077	6876
3138551	2113320	6750
2113320	3309062	6747
1005439	958782	6728
1005439	2912189	6795
2999411	2113320	6750
3798048	2113320	6750
2113320	4230756	6751
1005439	1216686	6876
2322639	1005439	6878
1894815	4429735	6875
1005439	4104099	6795
2891282	1005439	6877
1923969	1005439	6877
2113320	684980	6747
1005439	1240541	6876
2113320	745733	6747
980105	1005439	6877
4049839	2446258	6756
4171700	3178251	6875
2113320	1793871	6747
2113320	99869	6747
1005439	266170	6795
1005439	1807886	6876
2113320	302683	6747
2593239	2069092	6752
2113320	1952286	6747
4230956	2113320	6750
3435934	1005439	6877
1125847	1868850	6875
301288	4065274	6693
4429735	4362852	6874
463193	3945097	6756
1005439	2897913	6876
4328494	940553	6880
4320144	1005439	6877
4429735	1088184	6874
2113320	2871493	6728
2113320	641004	6747
2113320	1648902	6747
2113320	3274239	6747
4091361	1005439	6877
4634881	2113320	6750
2113320	2760451	6747
3945500	1005439	6877
952520	1005439	6877
4139827	3178251	6875
1900368	1005439	6877
2113320	3635839	6728
3204922	216604	6880
2326807	2497019	6752
1776797	3178251	6875
4551363	1005439	6878
1005439	3773749	6876
3553286	2113320	6750
4429735	227013	6874
2113320	2734467	6747
2372759	1005439	6878
736109	1005439	6877
609297	2113320	6750
3429687	1005439	6877
3550886	4429735	6875
2402628	350046	6880
1005439	3522127	6876
1005439	1090308	6795
1005439	3680996	6876
1005439	483318	6876
355477	1005439	6877
2113320	3320936	6747
4429735	1289464	6874
1746329	2113320	6750
2113320	61312	6747
1005439	2317635	6876
986282	2113320	6750
1868850	3932344	6874
1005439	3360539	6876
4514417	1165547	6682
2113320	4260107	6747
1005439	2050794	6876
2096036	2124480	6880
2124480	1005439	6878
4590824	2113320	6750
1222461	2113320	6750
2113320	615788	6747
1005439	3580909	6876
1005439	2805244	6795
2113320	4065274	6747
4429735	3351581	6874
2113320	1018034	6728
742101	2113320	6750
2113320	161000	6747
1005439	1733909	6876
1005439	2052998	6795
1132876	2113320	6750
108724	4429735	6875
2113320	3360257	6747
3832029	1634274	6879
1005439	3940844	6876
1005439	3309808	6876
3178251	1980885	6874
1597149	3178251	6875
4406103	1005439	6877
1005439	1451461	6876
1177674	1005439	6877
1005439	4598464	6876
4514417	3700855	6682
2787624	2113320	6750
3178251	3991473	6874
2113320	2689336	6747
1005439	4156952	6876
1005439	954081	6876
1005439	2551499	6876
2113320	3633555	6728
1005439	3486442	6795
1005439	4256471	6876
2280806	1005439	6877
1005439	3131955	6876
1868850	1308183	6874
4337161	2113320	6750
1203482	2571482	6880
685167	2113320	6750
1654241	699069	6752
1005439	3707805	6876
102297	1228927	6880
2113320	2871493	6751
2783185	2823148	6752
2575365	2113320	6750
4435515	1005439	6877
850983	833442	6879
1643275	2113320	6750
4429735	3890806	6874
1629572	699069	6874
1005439	3977187	6876
2232707	619852	6752
1005439	1613699	6876
3846363	2113320	6750
2828181	2571832	6693
1793204	2113320	6750
3435474	2113320	6750
1005439	4595615	6876
4514417	1980885	6682
2113320	744209	6747
1005439	708503	6876
401546	2113320	6750
4514417	2594090	6682
2272321	2933303	6879
1005439	3303470	6876
2020787	4429735	6875
4429735	4305560	6874
1005439	607703	6876
750483	1005439	6877
4055171	1005439	6877
1005439	1140993	6876
3231545	2113320	6750
1005439	3762106	6876
1264406	1005439	6877
76808	1005439	6877
1123147	4493224	6880
1005439	2832337	6876
1088184	4429735	6875
3762106	1769921	6880
1242325	3098839	6880
2113320	1816252	6751
319291	3756577	6880
2571832	2113320	6750
1496698	2113320	6750
4514417	2739171	6682
2555722	1005439	6877
1806697	1005439	6878
1005439	2416663	6728
4381909	1005439	6877
1841299	911619	6879
2113320	4630920	6747
1868850	82193	6874
3169956	2113320	6750
965886	1005439	6877
1005439	952520	6876
2113320	3078218	6747
142264	2113320	6750
2113320	1407353	6747
1005439	1028546	6876
1005439	1059084	6876
1005439	1871506	6876
3644430	1005439	6877
3560673	108724	6879
1413721	1005439	6877
3962352	1005439	6878
2816654	2897913	6752
1005439	3429687	6876
2113320	4184656	6747
3323992	2113320	6750
890012	2044659	6749
4429735	3787658	6874
2113320	2582428	6747
3057209	2113320	6750
1005439	462712	6795
2384963	2113320	6750
1045326	1005439	6877
1005439	3093856	6876
2113320	2913660	6747
2113320	3075122	6728
4577279	1005439	6877
2113320	124103	6747
2113320	4476029	6747
1005439	4312928	6728
2113320	1295584	6747
1643275	21508	6880
3331595	1005439	6877
4599980	1005439	6878
1005439	523341	6876
911619	4429735	6875
1005439	3268408	6751
3487210	2113320	6750
3167294	2113320	6750
2113320	1873891	6747
3871880	2113320	6750
844829	2472801	6874
2818025	1005439	6877
2404540	1005439	6877
1237118	1005439	6877
2113320	1125320	6747
1005439	3755960	6795
1959981	2113320	6750
2860914	1005439	6877
2437425	2113320	6750
2113320	2666251	6747
2381404	1005439	6877
3886652	2113320	6750
2113320	2818025	6747
1005439	3977643	6876
3178251	325502	6874
956077	1005439	6877
2113320	3923228	6751
1005439	333520	6795
219878	1005439	6877
1005439	3747692	6876
2103577	1005439	6877
1005439	3567357	6876
2113320	3918052	6747
1686692	1231579	6752
4229021	2113320	6750
2113320	2783185	6728
2113320	3544219	6747
2113320	1801562	6747
1125847	762941	6880
2113320	2421420	6747
1174656	1005439	6877
2113320	3129618	6747
1657327	2015016	6752
1005439	3334910	6728
1843894	2113320	6750
883656	1005439	6877
1424143	2113320	6750
3010448	1005439	6784
1476716	2113320	6750
4429735	4594400	6874
2332862	2113320	6750
2610727	1005439	6877
3707805	1005439	6877
3945097	4429735	6875
2666251	2113320	6750
3610969	2113320	6750
3178251	1692427	6874
3843150	2113320	6750
1361973	4429735	6875
4357254	2113320	6750
4514417	1614967	6682
432796	2113320	6750
2798397	4429735	6875
2113320	3843688	6747
1005439	1042317	6876
4429735	149397	6874
2113320	3832691	6747
2113320	1426551	6747
2113320	1027051	6747
3421327	1005439	6877
2508101	1005439	6877
2198988	1005439	6877
2113320	2043833	6747
2113320	3664293	6747
1005439	3629471	6876
3945097	2604376	6880
3977785	1005439	6877
224213	1005439	6877
4215234	2113320	6750
705714	2113320	6750
2113320	1708899	6747
1005439	1447711	6876
4251877	1005439	6877
1005439	2187756	6751
2113320	4210125	6747
1279014	1005439	6877
2113320	3213404	6747
1445097	2113320	6750
2113320	1995945	6747
753517	1005439	6877
2198446	1005439	6877
4296603	2113320	6750
2113320	295629	6747
954081	2113320	6750
3305278	2113320	6750
814909	1005439	6877
1599849	1992074	6879
4429735	586044	6874
3248115	4022259	6693
1221024	2113320	6750
2027011	2113320	6750
2113320	1095046	6747
4611952	2113320	6750
3617334	2113320	6750
2113320	1784001	6747
1569692	1005439	6877
1699401	3178251	6875
2497019	2930562	6880
3598938	1005439	6877
1005439	4312928	6751
1005439	1686692	6751
4429735	2897913	6874
1005439	4519153	6876
3786025	1005439	6877
3756155	1005439	6877
2711499	1005439	6878
4052866	2113320	6750
2960775	1005439	6877
2402628	4429735	6875
396882	2113320	6750
1233500	1005439	6877
2240908	1005439	6878
1456351	229443	6752
1643275	4429735	6875
1284776	1611618	6752
1005439	3334910	6751
1877068	3680996	6752
1506356	2113320	6750
557634	1005439	6877
3700855	4429735	6875
1005439	3670597	6876
2113320	515710	6751
2113320	1270484	6747
2933303	2272321	6880
89368	1005439	6877
1005439	2130222	6795
1793871	2113320	6750
1091509	2113320	6750
2113320	3305278	6747
75100	1005439	6877
241010	1005439	6877
4309448	947364	6714
2113320	463193	6747
3703882	1005439	6877
4562039	1005439	6877
1005439	1890905	6876
1980885	2113320	6750
1330783	2113320	6750
1005439	592396	6876
1095366	2580370	6693
2306839	1005439	6877
2177566	1010910	6752
5527	1005439	6877
2113320	1444008	6747
2887557	4261640	6879
1544201	1005439	6877
4107747	4429735	6875
412808	3178251	6875
2113320	1279014	6747
1005439	3069756	6795
3957733	2113320	6750
4558057	2113320	6750
2253200	2113320	6750
2113320	741280	6747
2113320	1981989	6747
2113320	753517	6747
707621	2113320	6750
2113320	1959981	6747
2113320	4146825	6747
4423881	3557364	6879
211293	1005439	7199
2113320	1761302	6747
1005439	520694	6876
751115	2113320	6750
1005439	4241504	6795
1783174	1005439	6878
1005439	1155911	6876
1005439	377546	6876
4275673	1005439	6877
4280774	2113320	6750
707096	4429735	6875
1736544	2113320	6750
4251621	1005439	6877
89368	2113320	6750
1005439	737325	6876
1005439	616589	6876
2113320	2757842	6747
3407574	3039679	6880
1005439	4107747	6876
2113320	4073710	6747
954544	1005439	6877
2479477	1005439	6877
4221872	3605863	6752
2604376	1005439	6878
4393261	3972311	6752
2402141	2046664	6880
2113320	2617580	6751
1801562	4429735	6875
2113320	2376840	6747
1019127	2113320	6750
2113320	2621625	6747
3169956	1005439	6877
2113320	1010385	6747
1005439	326524	6795
490735	1005439	6877
1005439	1659708	6876
1151980	1005439	6877
2310046	2113320	6750
1005439	4351741	6876
2113320	2775830	6747
4287455	1005439	6877
899304	1520840	6828
102297	3178251	6875
3505647	2402141	6693
3429687	2113320	6750
3793338	1005439	6877
1005439	4280774	6876
3458679	2113320	6750
3178251	2294190	6874
1634274	3178251	6875
1005439	2213893	6751
2739711	3204922	6752
1688181	1005439	6877
2113320	4197058	6751
1005439	3847264	6876
4429735	1185825	6874
1005439	4521106	6876
1611618	4429735	6875
2640487	549433	6880
2567009	1005439	6877
1005439	2091604	6876
1005439	2310046	6876
555345	2113320	6750
2113320	4281319	6747
1125320	1005439	6877
2113320	4272077	6747
1536412	2113320	6750
2113320	3977785	6747
1005439	34179	6728
277800	1005439	6877
3602313	1944560	6752
3917883	2113320	6750
2113320	4206387	6747
2301511	1005439	6877
4076794	3762106	7043
737325	2113320	6750
1005439	785735	6795
2113320	4385238	6747
4288601	2113320	6750
1005439	1578366	6876
2508101	2113320	6750
301288	1285826	6693
290280	3270956	6879
819994	1005439	6877
1005439	3010448	6803
2136840	1005439	6878
1763329	2113320	6750
1141917	1005439	6877
1136056	1005439	6877
3178251	4146530	6874
2711490	4560246	6752
3838321	629145	6879
3853248	2113320	6750
1094130	2113320	6750
1005439	1639333	6795
208699	1005439	6877
2113320	2415052	6751
483757	2113320	6750
27829	1005439	6877
216818	1005439	6877
2614622	1005439	6877
1005439	2954628	6876
1819273	4205241	6879
2113320	954544	6747
4514417	2481779	6682
978837	1005439	6877
1928745	1005439	6877
301288	3216157	6693
2261233	586044	6752
2113320	1318198	6747
4429735	399943	6874
4653667	1611618	6879
2693734	2113320	6750
1005439	1749990	6876
2044240	1221827	6879
1005439	520490	6876
2113320	4171963	6747
2113320	4090497	6747
1005439	1094130	6876
4309448	1868850	6875
2113320	2542446	6747
3178251	1041127	6874
2113320	3547012	6747
4514417	4367870	6682
3577373	2113320	6750
1005439	2738861	6876
108724	2113320	6750
1005439	1688181	6876
1872062	2113320	6750
1101646	4139449	6879
1005439	2415878	6876
1005439	102297	6876
4514417	1890905	6682
4514417	2351750	6682
4100049	2113320	6750
954544	2113320	6750
2113320	137460	6747
2113320	2679788	6747
2621625	2113320	6750
616589	2113320	6750
1848099	4429735	6875
2113320	4337177	6751
767009	596032	6879
1505971	1005439	6878
3031844	1005439	6877
1005439	4653667	6795
3036362	1005439	6877
1005439	1327346	6795
3178251	43693	6874
1005439	3708080	6876
641004	2113320	6750
2113320	349634	6747
2468139	1005439	6877
2113320	75100	6747
4514417	3413981	6682
1005439	1746329	6876
4591400	2113320	6750
4117855	2113320	6750
2442696	3178251	6875
2113320	3231545	6747
3435934	4429735	6875
2113320	358744	6728
2043321	2113320	6750
764250	2113320	6750
2113320	1073097	6747
2113320	2575365	6747
4360915	95280	6879
1814371	1005439	6877
2113320	3078302	6747
4514417	2176893	6682
1886310	1005439	6878
844829	325502	6874
3345674	2113320	6750
1005439	3918447	6876
1005439	160361	6876
820982	1005439	6877
1456766	1005439	6877
1565650	2113320	6750
538119	1005439	6877
2757842	1005439	6877
1096010	1005439	6877
430759	922898	6879
2113320	3207089	6747
432408	1659092	6752
1005439	3435934	6876
796920	2113320	6750
1005439	1264406	6876
1578366	2113320	6750
2363943	1005439	6877
1389595	1005439	6877
3178251	3495726	6874
108724	1005439	6877
3178251	4286040	6874
4146530	4429735	6875
2113320	2573925	6747
1005439	3786025	6876
1331098	3640131	6752
2646664	2113320	6750
220917	1005439	6878
605028	4429735	6875
2113320	15138	6747
3178251	3413981	6874
1042317	1005439	6877
2113320	1871522	6751
4521106	1005439	6877
3798259	1005439	6877
43693	3178251	6875
1005439	1070358	6876
3680996	1695866	6714
660402	2113320	6750
2113320	3598403	6747
2113320	2860914	6747
685167	1005439	6877
2113320	4138398	6747
3987660	1005439	6877
3073995	2730380	6752
932103	1005439	6877
2113320	4437371	6747
1005439	4533230	6876
4435231	4429735	6875
3603046	2113320	6750
412808	2113320	6750
4514417	1330518	6682
1005439	3557470	6876
4599185	1361973	6879
2113320	1754960	6747
349634	2113320	6750
1005439	3016632	6751
1005439	1779142	6795
2773089	2113320	6750
1005439	1052648	6876
2594090	3505702	6750
2113320	2397390	6747
3598403	2113320	6750
1005439	560936	6876
1005439	161000	6876
1005439	4381909	6876
2666251	1005439	6877
1005439	4501509	6876
2113320	3709291	6747
3377790	1005439	6877
4028837	1886310	6880
1938640	1005439	6878
2871493	412808	6752
2113320	3449906	6747
1795212	2113320	6750
3848177	1005439	6877
3684765	2113320	6750
2113320	163164	6747
3413981	1005439	6877
2113320	324584	6747
4514417	3562969	6682
1277408	1005439	6878
1005439	1312776	6728
3229027	1005439	6877
2214480	301288	6694
1005439	3487210	6876
2113320	2464205	6747
764421	2113320	6750
3078218	2113320	6750
4493224	1005439	6878
4385895	2113320	6750
2897913	1005439	6877
4324206	3178251	6875
2113320	3000877	6747
4429735	3204922	6874
1005439	2096036	6876
1005439	688152	6876
1005439	2299871	6795
2113320	1887458	6751
2113320	4066682	6728
1005439	950102	6876
3542707	1005439	6877
3383681	1005439	6877
2689336	3178251	6875
90998	2113320	6750
2113320	2788430	6747
11800	2113320	6750
3114688	2113320	6750
2113320	2821329	6747
2897913	2320132	6823
2113320	517955	6747
1513805	3661290	6756
855683	1005439	6878
3810845	1005439	6877
2546261	1005439	6877
2055307	1005439	6877
28838	2113320	6750
2621054	3178251	6875
1005439	705714	6876
2113320	4122089	6747
1005439	1222461	6876
1005439	1628851	6876
2113320	1321133	6728
1602146	1005439	6877
2113320	1524872	6747
1729179	1005439	6877
4514417	769082	6682
3016632	4305754	6752
1005439	937388	6876
3178251	4495039	6874
2113320	1888347	6747
2113320	435491	6728
4514417	4165736	6682
4510008	1005439	6877
957013	2990592	6752
2113320	727414	6747
2133875	2113320	6750
4123224	2113320	6750
1005439	822820	6795
3943836	1005439	6877
1005439	2546375	6876
679953	1005439	6877
3091812	1005439	6877
2913379	2113320	6750
3889786	2113320	6750
1005439	446237	6801
1005439	1515693	6876
4139449	1629572	6875
1005439	956978	6876
1005439	1842661	6876
2817904	2101656	6715
2113320	560936	6747
2113320	1177674	6747
1005439	760192	6876
1749990	2113320	6750
3957733	1005439	6877
1005439	3628479	6876
2391988	2113320	6750
3792130	4065274	8553
1005439	764421	6876
1005439	1644109	6876
2113320	4558057	6747
3402147	1005439	6877
3178251	102297	6874
3178251	1890905	6874
344122	1088184	6752
3596784	1005439	6877
1005439	2311290	6876
1005439	4571696	6876
4074737	1005439	6877
3386417	1868850	6875
2113320	4414491	6751
4514417	3945097	6682
29528	1005439	6877
2113320	4619299	6747
1005439	978837	6876
2113320	3762106	6747
1005439	3203817	6795
3222553	2113320	6750
991519	2113320	6750
3941224	1005439	6877
2113320	3107158	6747
1005439	169588	6876
2880887	2113320	6750
2043833	1005439	6877
2113320	118359	6747
1005439	3000877	6876
1659636	2113320	6750
1672603	2113320	6750
3515944	416838	6747
3805611	4429735	6875
1101073	1893272	6880
2176893	810094	6880
3848177	2113320	6750
104430	1005439	6877
1005439	948430	6795
2460379	325502	6752
3050276	890012	6693
860382	4429735	6875
4362852	4429735	6875
3562969	403889	6880
74294	1561679	6879
1037575	1005439	6877
2878820	1005439	6877
4094708	2113320	6750
950102	2113320	6750
4623944	2113320	6750
2113320	3093856	6747
1005439	90481	6876
4197058	3216157	6752
2113320	1798048	6747
1095366	160027	6693
1251554	4324206	6879
1005439	3843156	6876
396882	1005439	6877
531149	1005439	6877
446237	1005439	6739
4591400	1005439	6877
1478477	2113320	6750
4429735	4367870	6874
1174656	2113320	6750
4108859	1094130	6879
2165057	1005439	6877
4522686	2214480	6714
2113320	4353911	6747
4514884	2614141	6752
2113320	2087215	6747
2113320	4123224	6747
2327972	2113320	6750
1005439	2728980	6751
2059797	116927	6752
3527181	4079229	6879
517955	1005439	6877
1005439	3143002	6876
2113320	3839719	6747
483318	2113320	6750
1005439	3425967	6876
8693	1005439	6877
1005439	569123	6876
4429735	1037814	6874
2220239	1005439	6877
1005439	4181535	6728
3787658	883305	6880
2113320	2812185	6728
2113320	1222117	6747
3036362	2113320	6750
2466200	4146530	6752
2113320	688152	6747
1105762	1005439	6877
313037	2113320	6750
529117	4429735	6875
1005439	3756155	6876
2113320	2232707	6728
712187	4482795	6752
3518140	1005439	6877
1005439	2357117	6795
1005439	2562463	6876
1005439	2545632	6876
2087215	3178251	6875
3847264	2113320	6750
1005439	1073097	6876
3157394	1005439	6877
225915	1005439	6877
2113320	1888502	6747
3729894	2113320	6750
1005439	2582921	6876
1005439	4170396	6876
1005439	4566011	6876
1506356	1005439	6877
796920	1005439	6877
2113320	1067580	6747
883305	1005439	6878
1168264	4324206	6752
1868850	2640487	6874
2183834	2113320	6750
1005439	3575157	6876
2113320	1284776	6751
2113320	3703882	6747
4122089	1005439	6877
2113320	4165736	6747
3048247	4278753	6880
2113320	2526026	6747
2113320	4556600	6747
1868850	890012	6874
1005439	120019	6876
3625833	2113320	6750
1447711	2113320	6750
1663127	2113320	6750
1856233	2113320	6750
2113320	4054619	6747
3951077	2113320	6750
1005439	2869375	6795
4514417	2399145	6682
1005439	3101927	6876
4514417	4609783	6682
1005439	2015902	6751
3424850	2113320	6750
4514417	4192871	6682
3621273	2351750	6752
4261640	1005439	6877
769072	2113320	6750
1005439	956077	6876
1005439	1091509	6876
2571832	1005439	6877
2113320	4320144	6747
16456	2113320	6750
1094130	4108859	6880
3351510	1005439	6877
1005439	588326	6795
3479839	3022439	6880
1005439	685822	6876
3897642	1005439	6877
2348522	2113320	6750
3364220	1005439	6878
2113320	917660	6747
4108859	1005439	6878
2113320	1987586	6747
2027011	1005439	6877
4429735	3187292	6874
1005439	632385	6795
2113320	531149	6747
1005439	2404540	6876
1779142	1005439	6878
2113320	2269442	6747
4215930	1005439	6877
245765	2113320	6750
4309448	2113320	6750
1005439	4073306	6876
2113320	3786025	6747
3764614	1005439	6877
4186701	2113320	6750
3992543	1005439	6878
937388	1005439	6877
1005439	3443139	6876
3328430	1005439	6877
4429735	1913559	6874
4429735	1801562	6874
1005439	1718076	6795
555345	1005439	6877
1005439	3988611	6876
2113320	4052866	6747
483525	1005439	6877
2113320	3640131	6747
1659708	1005439	6877
1005439	1708899	6876
1095366	4082462	6693
2394477	2113320	6750
948430	3810123	6879
2113320	4066682	6751
3706123	2113320	6750
1005439	3690878	6795
1005439	4605763	6876
1005439	135471	6876
2113320	4618029	6747
1659092	2113320	6750
1005439	430759	6795
3178251	1191961	6874
1005439	1151980	6876
1005439	3364220	6795
2113320	1848099	6747
1005439	1678308	6876
713711	1005439	6877
4429735	619852	6874
3435934	3992543	6880
574645	2113320	6750
2113320	2601969	6747
1005439	4268563	6876
1270484	2113320	6750
1005439	4495039	6876
2113320	778252	6747
2077875	1005439	6877
82193	2113320	6750
308153	1005439	6878
1005439	4010026	6876
2113320	505760	6747
1005439	3401845	6876
1005439	403889	6795
1868850	2472801	6874
1005439	3069244	6876
3107158	1005439	6877
3528514	3351581	6879
406087	1005439	6877
1005439	778252	6876
3462642	1005439	6877
2533635	3969192	6880
1052028	1005439	6878
1821652	1005439	6877
2113320	4520585	6747
4171700	1064786	6880
1005439	1712754	6876
1279014	2113320	6750
97796	1789899	6880
1005439	1497280	6751
1005439	1888347	6876
2144405	2113320	6750
1444008	2113320	6750
1678235	2113320	6750
1005439	1125320	6876
1005439	324158	6876
4114396	1451461	6879
3050276	82193	6693
313037	1005439	6877
4583357	4309448	6693
4090497	1005439	6877
4342367	1005439	6877
1005439	2571482	6795
883305	3787658	6879
2471471	392076	6880
164458	2113320	6750
2113320	1240541	6747
1005439	1754960	6876
1756855	3386417	6752
624665	1005439	6877
1386982	2113320	6750
2446258	1005439	6877
1005439	4100049	6876
2734570	754476	6880
2103149	1005439	6877
4429735	2020787	6874
1911221	1005439	6877
1005439	3422377	6876
2113320	3349555	6747
833442	2817904	6714
1005439	1166544	6876
1987586	1005439	6877
1805551	1005439	6877
1005439	3331595	6876
3832691	1005439	6877
1005439	712187	6728
2544167	2113320	6750
2891282	3178251	6875
2113320	4039554	6747
3270956	290280	6880
3495726	2113320	6750
1683188	1285826	6752
118788	2113320	6750
1132876	1005439	6877
1005439	2482412	6876
383492	1005439	6877
38844	1005439	6877
2113320	990465	6747
514350	2113320	6750
1005439	4210125	6876
2113320	3056024	6747
2113320	1613699	6747
2113320	2241513	6747
2113320	3421267	6751
1005439	2424581	6876
3629471	2113320	6750
1165547	3281479	6880
1005439	1312776	6751
3629471	1005439	6877
3401845	4367916	6880
427448	1005439	6877
2113320	555345	6747
554587	2040605	6693
1005439	703284	6876
1103472	1005439	6877
4495039	3178251	6875
830952	1005439	6877
2113320	3994906	6747
1634274	1005439	6877
1005439	3764614	6876
2113320	2321974	6747
1005439	707096	6876
2735171	1005439	6877
2113320	1834110	6747
4049839	3178251	6875
4429735	3644430	6874
4533230	2113320	6750
1005439	1204749	6876
2113320	2475878	6751
4514417	1185825	6682
1888502	1005439	6877
2404540	2113320	6750
3462642	4429735	6875
1005439	2437488	6795
1614967	4429735	6875
3546562	1005439	6877
1005439	4091361	6876
3032353	1005439	6877
2377430	2113320	6750
142264	1005439	6877
973400	2294190	6752
2994242	2130222	6880
2113320	1340176	6728
4081131	2113320	6750
4429735	2228772	6874
1005439	2992986	6876
3792130	4022259	10144
2113320	4028255	6747
1005439	2946664	6751
1291528	2113320	6750
755576	1005439	6877
2308191	4280774	6879
2008275	1005439	6877
890012	965886	6748
4491119	2113320	6750
707621	1005439	6877
2320132	3890806	6815
3382200	1005439	6877
238054	2113320	6750
2113320	2222252	6747
1090962	2113320	6750
2113320	3277277	6747
2113320	2676080	6747
1005439	2241513	6876
1005439	948983	6876
1005439	4367916	6795
1005439	4251216	6876
1005439	3571784	6876
833442	3178251	6875
4429735	4152586	6874
4522686	1005439	6877
1005439	939815	6876
2222252	1005439	6877
3408966	1005439	6877
1005439	3351225	6876
2113320	2979433	6747
2113320	791797	6747
2113320	1965482	6747
804432	1005439	6877
2113320	255525	6751
2357117	1005439	6878
2113320	3747692	6747
3178251	2934921	6874
3738930	2113320	6750
1325217	2113320	6750
1308183	2598551	6880
2113320	4539112	6728
440077	2112019	6752
2994242	1005439	6877
2113320	1538886	6747
1005439	610420	6876
4514417	216334	6682
3393002	2113320	6750
524631	1005439	6877
1897875	2113320	6750
2805244	860382	6879
707096	1005439	6877
1005439	3056024	6876
2008275	2357117	6880
2113320	1072885	6747
2678095	1005439	6877
2113320	313037	6747
2894047	1005439	6877
3512270	1005439	6877
1005439	1034119	6876
3893588	2113320	6750
1005439	2805444	6876
3640884	1005439	6877
3178251	1194348	6874
3923228	2689336	6752
2113320	2571832	6747
2113320	959211	6751
1005439	4522686	6876
2113320	1059084	6747
3505702	238426	6747
2271442	2113320	6750
1707252	2113320	6750
2113320	710895	6747
1005439	4520585	6876
1005439	4406403	6876
957378	1005439	6877
4107747	2113320	6750
1005439	3582351	6876
996737	1005439	6877
1005439	3610969	6876
4277516	1005439	6877
4286040	3178251	6875
2113320	3423553	6747
1005439	3749804	6795
2113320	233001	6747
2113320	2332862	6747
3969192	2533635	6879
378194	1776797	6879
2113320	1222461	6747
1811557	3178251	6875
1005439	2022501	6876
1005439	4139449	6876
2113320	3632894	6747
3056024	1005439	6877
2542493	1005439	6877
2113320	3932344	6747
4429735	1242325	6874
1005439	2821329	6876
703284	2113320	6750
2113320	3168545	6747
1389102	1005439	6877
833442	850983	6880
1005439	3943836	6876
4514417	2472801	6682
3896878	1165547	6752
2113320	3633555	6751
986112	4429735	6875
101824	1005439	6877
255014	1561679	6693
4082462	1005439	6877
2819367	1005439	6877
2113320	959211	6728
1005439	3482928	6876
3050276	416838	6693
1005439	4346979	6876
1005439	499310	6876
2637857	2113320	6750
908497	2113320	6750
4429735	2168623	6874
629145	2096036	6748
4431850	1005439	6878
2113320	4094913	6728
2113320	624050	6728
1005439	2076235	6795
3932344	1205728	6880
2113320	3351225	6747
3738930	1005439	6877
688152	2113320	6750
1005439	3396928	6876
3640131	1005439	6877
2113320	2816654	6728
4082462	509270	6880
2113320	957188	6747
4305754	4429735	6875
2113320	2935922	6747
4429735	3386417	6874
2113320	3545450	6747
2113320	414774	6747
1614755	1005439	6877
1005439	2259055	6876
3945097	1810602	6875
1364547	1005439	6877
3360257	1005439	6877
1513354	2113320	6777
2113320	1132876	6747
2113320	3947232	6747
2629099	2550343	6880
2113320	1766013	6747
1708899	1005439	6877
1695866	479491	6708
2113320	2544167	6747
2113320	4010026	6747
2113320	1048018	6747
2113320	735929	6747
2113320	148932	6747
2113320	2077875	6747
2729401	2113320	6750
412808	1005439	6877
