84247	4514417	6
4562199	3422473	31
1603345	2190917	80
2990628	4514417	6
15275	3526505	212
515969	4583357	17
306730	4514417	6
2771874	4514417	6
3438767	4514417	6
655661	4583357	17
3442512	4514417	6
1522431	4583357	17
4583357	991758	18
2502369	4583357	17
1889946	4514417	6
1641679	4583357	17
2319732	4583357	17
2218717	4583357	17
522065	4514417	6
26266	4514417	6
2748213	4514417	6
1512827	4583357	17
1145536	4583357	17
1479554	4514417	6
4645587	4514417	6
2231902	4583357	17
715168	4583357	17
4029337	4583357	17
2857494	4514417	6
1662500	4583357	17
1655600	4514417	6
1642664	4514417	6
124915	4583357	17
2223881	4583357	17
2288381	4583357	17
3800776	4514417	6
849385	4583357	17
850824	4514417	6
1367935	4514417	6
726360	2012757	80
2292848	4514417	6
2531732	4514417	6
4583357	2451225	38
4234856	4583357	17
1924960	4583357	17
2693248	4514417	6
4478829	4583357	17
2387868	4583357	17
4572650	4583357	17
4326148	4514417	6
3736412	4514417	6
2753662	4514417	6
1814568	4514417	6
3492444	4514417	6
2946479	4583357	17
2416441	4583357	17
2791862	4583357	17
1122077	4583357	32
1913131	4583357	17
15275	2043133	212
1833630	4514417	6
575420	4583357	17
2396260	4514417	6
3516909	4514417	6
717251	4583357	17
432797	4583357	17
388360	4514417	6
4583357	333033	38
1603345	4631207	80
3438767	4583357	17
3860115	1117632	74
601414	4514417	6
1063038	4514417	6
15275	2012757	212
2604947	4583357	17
485922	4514417	6
2481159	4514417	6
4393963	4514417	6
4575382	4583357	17
2867559	1366814	74
3835325	4583357	17
2258426	4514417	6
1009133	4514417	6
3202847	4583357	17
195478	4514417	6
3722340	4583357	23
680735	4583357	32
791567	4514417	6
2604947	4514417	6
3569543	2652351	338
595216	4583357	17
101455	4583357	17
432134	4583357	17
3292170	4583357	32
1328607	4583357	17
3338940	4514417	6
3714151	4583357	32
2609837	4583357	17
1161946	4583357	17
856661	4514417	6
1969780	4514417	6
1379225	4583357	17
4583357	3774821	38
4160246	4583357	17
1285232	4514417	6
174562	4514417	6
934048	4583357	17
3761679	4514417	6
1603345	15275	698
1515837	1603345	72
1848496	4514417	6
726360	4583357	17
1925002	4514417	6
3515232	4514417	6
724711	4514417	6
655882	4583357	17
740558	4583357	17
3716806	3338470	32
224529	4514417	6
476391	4583357	17
3544509	4583357	17
4418892	4514417	6
2156121	4583357	17
1974712	4514417	6
2011557	15275	698
4583357	2289253	38
697803	4514417	6
2745803	4583357	17
2357556	4514417	6
1373419	4514417	6
1340749	4583357	17
372189	4583357	17
3325844	4514417	6
2998836	4583357	24
158585	4583357	17
2312704	4583357	17
1899911	4514417	6
1169434	4583357	17
2205270	4583357	32
2086562	4583357	17
1763695	4583357	17
2170600	4583357	17
3000755	4583357	17
3720253	4514417	6
2331596	4583357	17
2790397	4583357	17
3386048	4583357	17
1519907	4514417	6
1639004	4514417	6
3925953	4514417	6
3076691	4514417	6
4213502	4514417	6
3153474	4514417	6
2011557	4583357	17
2219292	4583357	17
2995318	4583357	31
336498	4514417	6
205964	4583357	17
3527794	4514417	6
15275	2180840	212
4064694	4583357	17
4128249	4583357	17
2498762	4583357	17
712900	4583357	31
1674688	4514417	6
4502919	4514417	6
2522561	4583357	17
3736598	4583357	17
1014138	4583357	32
3441636	4583357	17
3213753	2867559	71
193619	4583357	17
1820853	4583357	17
11273	4583357	17
151552	4514417	6
2682366	2760480	588
170989	4514417	6
1279722	4583357	17
4600857	4514417	6
4583357	4459531	38
3997465	4583357	32
3244583	2760480	257
1353698	4514417	6
3059371	4203425	80
2549159	4583357	17
3570634	4583357	17
781929	602833	71
1249215	4514417	6
1414412	4514417	6
4583357	1281360	18
347444	4583357	17
2956001	4583357	17
3776360	4583357	32
1799115	4514417	6
2154955	4514417	6
783027	4514417	6
3618798	4583357	17
2166588	4514417	6
4330763	4583357	17
3059371	3215579	80
1432945	4514417	6
3817633	4583357	17
588006	4514417	6
3250181	4514417	6
3367103	4514417	6
1590884	4583357	17
4643360	15275	10
1265642	4583357	17
4074755	4514417	6
2076458	4583357	17
2872060	4514417	6
1618117	4514417	6
4478550	4514417	6
449358	4514417	6
1739345	4583357	17
3116936	4583357	32
2653969	4514417	6
405696	4583357	17
586512	4583357	17
1795551	4583357	17
1084596	4514417	6
1559851	4514417	6
61283	4514417	6
2894802	4514417	6
3370513	4583357	17
4161260	4514417	6
3808287	4514417	6
2503704	4583357	32
876911	3860115	71
1273927	4583357	32
1938567	4514417	6
1506742	4514417	6
306730	4583357	17
2998469	4583357	17
3255874	4583357	17
3205454	4514417	6
810032	4583357	17
1172337	4583357	32
3508647	4514417	6
3813778	4514417	6
4583357	3076691	38
2451225	4583357	32
4031128	4514417	6
3895062	4583357	17
2451045	15275	698
2060501	4583357	17
3252785	4583357	17
15275	4515946	212
920589	4583357	17
3175947	4514417	6
1240643	4583357	32
855507	4514417	6
2891457	4583357	17
1438115	4514417	6
2648961	4583357	17
559751	4514417	6
3399037	4583357	17
3035647	4583357	17
4148871	4514417	6
1861472	739107	72
4607812	4514417	6
1772847	4514417	6
3928826	4583357	17
368345	4583357	17
140055	4514417	6
2628251	4514417	6
751726	4514417	6
3899107	4514417	6
1822489	4583357	17
1135905	4583357	17
2331657	4583357	17
3627691	4583357	32
880471	4514417	6
678523	4514417	6
1170241	4583357	17
4583357	2998645	38
3726530	887360	72
4088823	4583357	17
79788	4514417	6
316225	4583357	17
4163536	4583357	17
671387	4583357	17
2425564	4583357	17
4176088	4514417	6
4268922	4583357	17
1135022	4583357	17
3034068	4514417	6
4583357	3082200	38
4436007	4583357	17
3047795	4583357	17
2938919	4583357	17
43898	4583357	17
2828446	4583357	17
4165009	1603345	72
3227092	4583357	32
200325	4514417	6
3720820	4514417	6
4583357	4400742	38
1751140	4514417	6
509714	4514417	6
2867559	4082451	74
1625743	4514417	6
1591321	4514417	6
1577809	4514417	6
872978	4583357	17
4583357	3808277	38
3162574	4583357	17
2710582	4514417	6
99766	4583357	17
521371	4583357	17
2214795	4514417	6
2009911	4514417	6
468402	4514417	6
3671329	4514417	6
283087	4583357	17
1424108	4514417	6
3046655	4583357	17
2600237	4583357	32
4426859	4583357	32
18909	4583357	17
2100553	4514417	6
2355735	4514417	6
4174156	3059371	72
3613064	2867559	103
4009081	4514417	6
4376528	4583357	17
2082636	4583357	17
4583357	3498070	38
3230555	4514417	6
4165175	4514417	6
1181100	4583357	17
1891734	4514417	6
497248	4514417	6
4583357	2572011	38
2159638	4514417	6
2349793	4583357	17
3162079	4583357	17
4586792	4583357	17
2477671	4583357	32
1996015	4514417	6
2485595	4583357	17
138072	4583357	17
3909143	4583357	17
3132260	4583357	17
3821899	4514417	6
2760981	4583357	17
2956590	2179884	80
3531641	4583357	17
976145	4583357	17
3505796	3016619	212
1228407	4583357	17
1749980	4583357	17
2240424	4514417	6
3026572	4514417	6
1536245	4583357	17
739107	1603345	72
3589951	4514417	6
4019906	4514417	6
2002575	4583357	17
3056206	4583357	17
2727954	4583357	24
952198	4514417	6
3880916	4514417	6
2785525	4514417	6
23237	4583357	17
485238	4583357	17
4301141	4514417	6
4644476	4583357	17
4629112	4583357	167
2804257	4583357	17
4325375	3338470	32
523760	4583357	17
935630	4514417	6
815574	4583357	17
4231730	4583357	17
4427575	4514417	6
973446	4514417	6
1931427	4514417	6
2461975	4514417	6
3746074	4583357	17
3329900	4583357	17
4478967	4514417	6
1435325	4514417	6
1340749	4583357	32
2002713	4514417	6
2750276	4583357	17
1613272	4514417	6
845967	4514417	6
2444127	4583357	17
90362	4583357	32
1854108	4583357	17
2449610	4514417	6
1123537	4514417	6
2411324	4583357	35
4650007	4514417	6
3664495	4514417	6
2029168	4514417	6
4054702	4514417	6
1923098	4583357	17
2219292	4514417	6
4029402	4583357	17
1046505	4514417	6
217764	4583357	17
2815063	4514417	6
158356	4514417	6
3338470	2736431	38
2348414	4514417	6
3385426	4514417	6
4583357	3951359	38
4058518	4583357	17
3115412	4583357	17
204309	4514417	6
520972	4583357	35
2692964	4583357	17
2344675	4583357	17
1995049	4514417	6
3330981	4514417	6
2468358	4583357	17
1063840	4514417	6
3096363	4514417	6
3520581	4514417	6
2490012	4583357	17
259650	1622725	68
2675125	4583357	17
3595472	4583357	17
4583357	2034947	38
1704496	4583357	17
2652351	3473432	2662
4629673	4514417	6
907324	4583357	17
3677749	4583357	17
673076	4514417	6
4063842	4514417	6
132284	4514417	6
4438159	4514417	6
1632646	4514417	6
4583826	4514417	6
3643721	4583357	17
4426064	4514417	6
3112104	4514417	6
305511	4514417	6
3831048	4583357	17
4124055	4583357	17
2202864	4583357	17
3402105	4583357	17
3870311	4514417	6
1995049	4583357	17
675553	4583357	17
677989	4514417	6
4331395	4583357	17
774311	4514417	6
13897	4583357	17
1743490	4514417	6
3275731	4514417	6
15275	4174156	212
4587509	4514417	6
2322513	4583357	17
1019964	4514417	6
1138620	4583357	565
4098151	4514417	6
3230167	4514417	6
1048629	4583357	17
3215728	15275	698
2794283	4514417	6
1636951	4583357	17
946907	4583357	17
1752225	4583357	17
3205297	4583357	17
1707345	4514417	6
1575704	4583357	17
4583357	3699960	38
1065902	2210410	698
3892270	4583357	17
3934135	4583357	17
2743201	4583357	17
4093512	4514417	6
3086948	4583357	32
3576977	4514417	6
1230832	4583357	17
1366814	480947	87
628684	4514417	6
4430123	3244583	258
1844103	4514417	6
233000	4514417	6
2734605	4514417	6
1809403	4583357	17
3944881	4514417	6
3373452	4583357	17
3984512	4514417	6
1410500	4583357	17
4094866	4583357	17
4545456	4583357	17
3603768	4583357	17
3181262	4514417	6
4102412	4583357	17
1416008	4583357	17
4583357	3804012	38
2711933	4514417	6
4047812	4514417	6
2767821	4583357	17
4335676	4514417	6
4478967	4583357	17
2736431	4203425	80
719307	4583357	17
2254254	4583357	17
1370316	4583357	17
1867402	4583357	17
2771629	4583357	17
2866374	4514417	6
808894	4583357	17
2123611	15275	698
4115255	4514417	6
1424108	4583357	17
1432508	4583357	17
2141518	4514417	6
1003525	4514417	6
4010876	4514417	6
2338696	4583357	17
1250026	4514417	6
259708	4514417	6
3930197	4514417	6
1396324	4514417	6
1406898	4583357	17
1732145	4514417	6
3679226	4583357	17
2541559	4583357	17
3009051	1908089	71
1123537	4583357	17
2837451	4514417	6
3860115	2699467	74
1495058	4583357	17
4438746	4583357	17
3453174	4514417	6
118267	4514417	6
695927	4583357	17
4157324	4583357	17
2518317	4583357	17
2909256	4583357	17
1377919	4514417	6
1350077	4514417	6
2548713	4583357	17
3050924	4514417	6
671059	4514417	6
4562199	1138620	698
4458158	4514417	6
1411996	4583357	17
4099954	4583357	17
1332152	4583357	17
1438115	4583357	17
2246391	4583357	17
3112441	4514417	6
607917	4514417	6
4023565	4514417	6
3299620	4514417	6
414088	4514417	6
4106114	4583357	17
4031128	4583357	17
305608	4583357	17
2231862	4583357	17
1959250	4583357	17
3148892	4514417	6
2956877	4514417	6
1738630	4583357	17
550802	4514417	6
2197901	4583357	17
2382700	4583357	17
1544784	4514417	6
4647934	4514417	6
4148489	4514417	6
3325679	4514417	6
1169642	4514417	6
1485074	4583357	17
381557	3860115	71
2285368	4583357	17
3966778	4583357	17
2347531	4583357	17
1704496	4514417	6
3755414	4583357	17
3903794	4583357	17
2845840	4583357	17
1534547	4583357	17
963675	4583357	17
2459933	4583357	17
15275	2298051	212
13910	4583357	17
3194613	4583357	17
1673571	4514417	6
1395688	4583357	17
856756	4583357	17
3061321	4583357	17
193023	4514417	6
4245412	4514417	6
338251	4583357	17
1670460	4583357	17
2976935	2571339	1160
2652351	520972	41
1332060	4514417	6
3281873	4514417	6
3557461	4514417	6
4028129	4514417	6
1219836	4514417	6
2926772	2192018	38
3764269	4583357	46
2363500	4514417	6
114133	4583357	17
4583357	3643721	38
1819104	4583357	17
3718517	4514417	6
1414271	4514417	6
2656464	4583357	17
4291920	4514417	6
2392695	4583357	17
1847323	4514417	6
2415158	4514417	6
1399481	4583357	17
2484181	4514417	6
4380199	4583357	17
2703207	4583357	17
1169890	4583357	17
968098	4514417	6
657929	4583357	17
2560528	4583357	17
2354621	4583357	17
223897	4514417	6
803232	4514417	6
4583357	1161299	38
1121077	4514417	6
680735	4583357	17
985824	4583357	17
664316	4583357	17
2122008	4583357	17
4459531	4514417	6
3175947	4583357	17
651186	4583357	17
409217	4514417	6
701951	4583357	17
3633109	4583357	17
1265381	4514417	6
594938	4514417	6
166407	4514417	6
1302331	4583357	17
629689	4583357	17
4204291	4583357	17
4640191	4583357	17
4106063	4514417	6
3059522	4514417	6
1608847	4583357	17
3428834	4514417	6
2708660	4514417	6
2521953	4583357	17
2515897	4514417	6
4308498	4583357	17
989651	4514417	6
1014943	4514417	6
2065235	4514417	6
1193140	4583357	17
476391	4514417	6
4374672	4514417	6
1983375	4583357	32
1809406	4583357	17
2836324	4583357	17
3069930	4583357	17
1601318	4514417	6
4160331	4514417	6
2451045	1117560	72
1281360	2190917	147
3305644	4583357	17
2401050	4514417	6
1390510	4514417	6
798358	4514417	6
2361540	4514417	6
3716806	4583357	17
43285	4583357	17
167170	4583357	17
4589413	4514417	6
3955032	4514417	6
2824565	4514417	6
1040185	4514417	6
644899	4583357	17
1649200	4583357	17
1045925	4514417	6
1978380	4583357	17
2785818	4514417	6
748873	4583357	17
520868	4583357	17
2743415	4514417	6
2652351	2079880	41
4459450	4583357	17
2991092	4514417	6
4264641	4514417	6
1649034	4514417	6
4583357	1414137	38
4562656	920767	80
3334750	4583357	17
3907398	4583357	17
3297740	4514417	6
3226125	4583357	17
4171658	4583357	17
4212476	4514417	6
860569	4583357	17
3569543	4514417	6
3204308	4583357	17
3252198	4514417	6
2911651	4514417	6
1609356	4514417	6
939179	4583357	17
4583357	4074130	38
2724405	4583357	17
604485	4583357	17
2731399	4583357	17
1615389	4514417	6
1500775	4514417	6
65970	4583357	17
2239504	4583357	17
3300585	4583357	17
4643478	4514417	6
2576353	4583357	17
3711025	4514417	6
4279470	4583357	17
210968	4514417	6
957327	4583357	17
2086870	3338470	31
2616886	4514417	6
3162821	2508616	1527
177754	4514417	6
4451721	4583357	17
726268	4514417	6
3558056	4583357	17
2623683	4583357	17
1750870	4583357	17
795469	4583357	17
2451225	4583357	17
21559	4514417	6
111790	4583357	17
151967	4514417	6
358846	4583357	17
1492485	4514417	6
208833	4583357	17
1989213	4583357	17
2865360	4514417	6
1209375	4583357	17
782440	4514417	6
1425817	4583357	17
1662249	4514417	6
3456318	4514417	6
15275	3215579	212
2874400	4583357	17
3928140	4514417	6
395732	4583357	17
2768612	4514417	6
310956	4514417	6
3731479	4583357	17
4453800	4583357	17
1563146	4514417	6
738673	4583357	17
3140602	4583357	17
3435278	4514417	6
2287619	4514417	6
4113547	4583357	17
256283	4583357	17
905863	4583357	32
153715	4514417	6
752155	4514417	6
804860	4583357	17
2467999	4583357	32
2967059	4583357	17
4583357	4629112	45
2190917	1281360	139
3420179	15275	698
1109633	4583357	17
158491	4583357	17
4465564	4514417	6
1222813	4514417	6
3329424	4514417	6
3549260	4583357	17
992441	4514417	6
4583357	2784661	38
1843398	4514417	6
2431961	4583357	17
1609297	4583357	17
468833	4583357	17
2809149	4514417	6
265672	4583357	17
3254138	4583357	17
3099620	4583357	17
1793536	4583357	17
1986905	4514417	6
857207	4583357	17
2175186	4583357	17
365412	4514417	6
708163	4514417	6
2766699	4583357	17
456759	4514417	6
1165003	4514417	6
4358037	4514417	6
4251571	4514417	6
380251	4583357	17
2354621	4514417	6
113440	4514417	6
614175	4583357	17
2981759	4583357	17
3601828	4583357	17
1718486	4514417	6
981447	4514417	6
2970922	4514417	6
1849964	4583357	17
259650	3681996	77
2124138	4583357	17
547471	4583357	17
717384	4583357	17
1013246	4583357	17
4348859	4583357	17
3015663	4583357	17
4429428	4514417	6
3860115	1908089	530
76958	4514417	6
3375038	4583357	17
792486	4514417	6
4322685	4583357	17
2143211	4514417	6
2033094	4514417	6
4393963	4583357	17
2990682	4078522	38
939528	4514417	6
54409	4583357	17
2471583	4514417	6
933910	4514417	6
1853889	4514417	6
119743	4583357	32
2867559	1937348	248
1994126	4514417	6
2180840	4583357	17
2441298	4514417	6
1143177	4514417	6
2387868	4514417	6
4358037	4583357	17
2878682	4514417	6
4146436	4583357	17
1714802	4583357	17
624946	4583357	17
2288439	4514417	6
520972	2652351	125
167170	4514417	6
4160246	15275	698
15275	105383	212
44452	4514417	6
1707345	4583357	17
2782443	4583357	17
1365452	4583357	17
4025089	4583357	17
3895062	4514417	6
3503941	2736431	72
2193360	4583357	17
4403271	4514417	6
113440	4583357	17
1244929	4514417	6
2976935	15275	103
1824447	4514417	6
1603345	480947	87
2338696	4583357	32
595955	4514417	6
4223187	4583357	17
3526918	3365000	80
2707942	4514417	6
1361271	4583357	17
810032	4514417	6
1932785	4583357	17
259650	3354636	1251
1077139	4514417	6
15275	3059371	212
3044850	4514417	6
2206523	4514417	6
1938705	4583357	17
3207810	4514417	6
2854906	4514417	6
868563	2652351	338
2320590	4514417	6
2522561	4514417	6
1296289	4514417	6
2637736	4583357	17
3009413	4514417	6
230179	4583357	17
4443236	4514417	6
2216124	4514417	6
4640795	2652351	338
987754	1117560	80
3780543	4583357	17
1813490	4514417	6
1207696	4583357	17
3851736	4583357	17
327605	4514417	6
4520564	4583357	17
939528	4583357	17
215254	4583357	17
1022083	4514417	6
651914	4514417	6
871036	4514417	6
3416786	4514417	6
4034870	4583357	17
2648150	4583357	17
1998880	4583357	17
2853661	4514417	6
1254016	4583357	17
3226277	4514417	6
498025	4514417	6
1926345	259650	79
1726604	4514417	6
920767	1065902	72
401155	4583357	17
1448679	4583357	32
4154249	4583357	17
2587741	4514417	6
4583357	3524221	38
2131908	4583357	24
3147178	4514417	6
21329	4514417	6
1753345	4583357	17
2271862	4583357	17
2374235	4514417	6
3639780	4583357	17
3524338	4583357	17
3153474	4583357	32
1172517	4583357	17
372373	4514417	6
4583357	4390116	38
3559255	4583357	17
181620	4583357	17
3494157	4583357	17
4643296	4583357	32
1787660	4583357	17
3053471	4583357	17
3544182	4514417	6
1726604	2652351	338
2842293	4514417	6
804403	15275	698
1726604	480947	454
2961500	4514417	6
4416073	4514417	6
4068669	4255056	698
3826238	4514417	6
1395704	4514417	6
362837	4583357	17
4223922	4514417	6
2546264	4514417	6
1117632	4583357	17
3524338	4514417	6
3011207	4514417	6
4029127	4583357	17
3109843	4583357	17
4608128	4514417	6
3860115	3850617	74
2862146	4583357	17
640205	4514417	6
1672455	4583357	17
3556806	4583357	17
4164999	4583357	17
3679398	4583357	17
4333504	4514417	6
3506793	4583357	17
2737187	4583357	17
256283	4514417	6
1097994	4514417	6
3434155	4583357	17
150702	4583357	17
4583357	3116936	38
2965397	4514417	6
1133752	4514417	6
218678	4514417	6
2999601	4583357	17
3009051	4583357	17
4562199	15275	698
3876877	4583357	31
406883	4583357	17
4340039	4514417	6
893816	4583357	17
2141412	15275	698
1961118	4514417	6
2985077	4583357	17
4415973	4583357	17
1772286	4514417	6
2043133	15275	698
2609344	4514417	6
2564288	4583357	17
3644645	4514417	6
322009	4583357	17
3003696	4583357	17
3681996	4514417	6
3814379	4583357	17
1478166	4514417	6
4544181	4583357	17
2364942	4583357	17
4013934	4514417	6
76273	4583357	17
595216	4514417	6
3439470	4514417	6
1117560	3338470	32
4306305	4514417	6
2969197	4514417	6
3843902	4514417	6
2102332	4583357	17
4583357	2021715	18
1948491	4514417	6
3612287	4583357	17
1916520	4583357	17
4023833	4583357	17
1926345	4514417	6
1099719	4514417	6
2332794	4583357	17
454428	4514417	6
328354	4514417	6
3420972	4583357	17
4583357	3524071	38
1311871	4514417	6
1492952	4583357	32
138072	4514417	6
2076458	4514417	6
1860845	4583357	17
3814367	4583357	17
2905149	4583357	17
1409169	4583357	17
3247446	4514417	6
3204460	4583357	17
3880777	4583357	17
4453089	4583357	17
363446	4583357	17
2975591	4583357	17
3108577	4583357	32
3643168	4583357	17
2629246	3526918	79
2799138	4583357	17
1298968	4514417	6
4161775	4583357	17
189612	4514417	6
2185251	4583357	17
3533854	15275	698
1614867	4514417	6
2379988	4583357	17
1448679	4583357	17
3833437	4583357	17
810628	4583357	17
95302	4514417	6
1919070	4514417	6
4115097	4514417	6
4503987	4583357	17
920	4514417	6
15275	4078522	212
2609453	4514417	6
396076	4514417	6
3832443	4514417	6
1753345	4514417	6
4211240	4514417	6
3070377	4514417	6
1475239	4583357	17
3159806	4583357	17
1861205	4514417	6
1604442	4583357	17
1746116	4583357	17
3669428	4583357	17
41373	4514417	6
3930057	4514417	6
4653691	4514417	6
259708	4583357	17
4295500	4583357	17
1573936	4514417	6
2231927	4514417	6
2258426	4583357	17
423048	4583357	17
1197900	4583357	17
151414	4514417	6
3644645	4583357	17
3163313	4583357	17
633500	4583357	17
4394053	4514417	6
4440655	4514417	6
3704199	4583357	17
4586792	4514417	6
620635	4514417	6
1003525	4583357	17
2422933	4583357	17
4502919	4583357	32
2141412	3533854	72
1016642	4583357	17
4396743	4583357	17
4637626	4583357	17
3813778	4583357	17
1986905	4583357	17
1429670	4514417	6
4383511	4583357	17
1201097	4583357	17
1672066	4514417	6
1837117	4583357	17
2461714	4583357	17
3778043	4514417	6
3679398	4514417	6
4421542	4514417	6
3860115	762695	74
1941207	4514417	6
1832439	4514417	6
1263752	4514417	6
97883	4583357	17
1445538	4429827	84
1778887	4514417	6
2991092	4583357	17
140644	4514417	6
3240405	4583357	17
4583357	1448679	38
1847988	4583357	17
4629365	4514417	6
4216193	4514417	6
3688879	4514417	6
1249215	4583357	17
364124	4583357	17
3925953	4583357	17
3036593	4583357	17
3435736	4514417	6
3646334	4514417	6
2386127	4514417	6
1491524	4583357	17
3727415	4514417	6
732249	4514417	6
4028129	4583357	17
1813036	4583357	17
1652504	4514417	6
1959250	4514417	6
2086870	3338470	32
1037396	4514417	6
3650273	4514417	6
4583357	3206075	38
4069372	4583357	17
3299620	4583357	17
2609344	4583357	17
3189916	4514417	6
1414137	4583357	32
1948491	4583357	17
15275	1820464	212
2732183	4514417	6
2652351	3521248	41
1743490	4583357	17
3226125	4514417	6
2576353	4514417	6
2301199	4514417	6
1109633	4514417	6
3552011	4514417	6
4550593	4514417	6
2180111	4514417	6
4113607	4583357	17
4583357	3643168	38
2574397	4514417	6
378307	4583357	17
2985077	4514417	6
112544	4514417	6
2766699	4514417	6
81102	4583357	17
2107415	4514417	6
2156121	4514417	6
1789315	4583357	17
3498143	4583357	32
3050043	4514417	6
1267760	4514417	6
1287647	4583357	17
3226942	4082451	213
15275	887360	212
3271037	4583357	17
3653088	4514417	6
2984928	4583357	17
2507338	4583357	17
3297740	4583357	17
739107	1861472	80
3165703	4514417	6
3930057	4583357	17
3850617	3860115	71
2174295	4583357	17
2827458	4583357	17
1910384	4583357	17
1201265	4583357	17
1218975	4583357	17
3338470	3175531	38
3331345	4514417	6
3865772	4514417	6
987999	4514417	6
3726950	4514417	6
3647271	4583357	17
2880282	4583357	17
4294089	4514417	6
2537351	4514417	6
2219225	4514417	6
4048142	4583357	17
856661	4583357	17
1806920	4583357	17
322009	4514417	6
3181034	4583357	17
888027	4514417	6
2860228	4583357	17
4583357	82735	38
1963291	4514417	6
657929	4514417	6
820653	4583357	17
387896	4583357	32
1494876	4514417	6
1544927	4583357	17
3321898	4514417	6
340533	4583357	17
3008059	4583357	17
1670460	4514417	6
348957	4583357	17
2298150	4514417	6
4452388	4583357	17
4279346	4583357	17
3732055	4583357	32
3020598	4514417	6
959888	4514417	6
158491	4514417	6
3904588	4583357	17
3113672	4583357	17
3338470	3526505	38
4204291	4514417	6
1973439	4514417	6
3884520	4514417	6
2711049	4583357	17
1948315	4514417	6
4271906	4583357	17
2078214	4583357	17
1685466	4583357	17
4068392	4514417	6
2530945	4514417	6
15275	726360	212
1795551	4514417	6
159912	4514417	6
3279678	4514417	6
2138277	4583357	17
880501	4514417	6
3791789	4514417	6
20001	4514417	6
2240424	4583357	17
1880325	4514417	6
224529	4583357	17
4583357	40603	38
491047	4514417	6
3767781	4583357	17
969710	4514417	6
259650	2882745	32
1059705	4583357	17
1455486	4583357	17
2606433	4583357	17
2652351	4517443	77
2793814	4514417	6
395828	4583357	17
1200625	4514417	6
4471012	4583357	17
4583357	2202900	38
1880077	4514417	6
3443900	4583357	17
665729	4583357	17
3424822	4514417	6
374932	4583357	17
2290960	4583357	17
3137454	4583357	17
3338470	739107	38
2616545	4514417	6
4583357	2727954	18
3671329	4583357	17
3422995	4583357	17
1762882	4514417	6
3409147	4583357	17
1639219	4514417	6
3194483	4514417	6
3911263	4514417	6
363995	4514417	6
2190917	15275	698
1013246	4514417	6
4204651	4514417	6
2375784	4583357	17
2867559	1516042	530
615	4514417	6
1134713	4514417	6
4340039	4583357	17
510456	4583357	17
2026143	4514417	6
2386127	4583357	17
2210410	1515837	212
1122019	4514417	6
2774620	4583357	17
1800614	4514417	6
2268681	4514417	6
984823	4514417	6
1059705	4514417	6
83846	4583357	17
2867559	2785578	74
4552423	4514417	6
4249200	4514417	6
224966	4583357	17
743383	4514417	6
1837486	4583357	17
3855085	4514417	6
1169434	4514417	6
4583357	1097994	38
1983375	4514417	6
702151	4583357	17
3009051	1281360	139
309806	4514417	6
1241365	4514417	6
4028915	4583357	17
2909620	4583357	32
4343916	4514417	6
1372668	15275	698
4583357	4518043	18
1603345	4583357	17
1199423	480947	87
3644158	4514417	6
3855944	4514417	52
3386048	4514417	6
4584502	4583357	32
1509058	4514417	6
4144326	4514417	6
1711451	4583357	17
761447	4514417	6
1399536	4583357	17
775139	4583357	17
1108695	3981092	80
1820490	4514417	6
2756201	4583357	17
1622725	259650	103
3526505	3338470	32
670570	2886525	18
1312759	4514417	6
1212485	4583357	17
4639936	4514417	6
3349243	4583357	17
792486	4583357	17
1772847	4583357	17
1304483	4514417	6
1279063	4514417	6
2315428	4583357	17
153715	4583357	17
869906	4583357	17
3508541	4583357	17
4068392	4583357	17
2961959	4583357	17
3175531	887360	72
1328607	4514417	6
4573424	4583357	17
1973481	4514417	6
81911	4583357	17
666105	4583357	17
1575704	4514417	6
1596008	4514417	6
1985232	4583357	17
2162872	4514417	6
3802816	4583357	17
1727691	4583357	17
2202864	4514417	6
2870856	4583357	17
1918455	4583357	32
540526	4583357	17
684132	4514417	6
3801462	4583357	17
4583357	4316304	18
3052812	4583357	17
557538	4583357	17
965703	4583357	17
4255118	4514417	6
32363	4583357	17
4269429	4514417	6
603403	4514417	6
4465566	4583357	17
3397623	4514417	6
1404770	4583357	17
2737904	4583357	17
4508813	15275	698
1108695	1372668	80
105383	3338470	31
4254805	4583357	17
1909498	4583357	17
485238	4514417	6
34359	4514417	6
3971797	4583357	17
3208735	4514417	6
4160246	480947	87
1733266	4514417	6
3851374	4514417	6
1558706	4583357	17
2857494	4583357	17
1996015	4583357	17
697803	4583357	17
4141903	4583357	17
3781547	4514417	6
499675	4514417	6
3524221	4514417	6
3257637	4514417	6
3537085	4514417	6
3409147	4514417	6
774564	4316304	31
1761824	3526918	79
1099719	4583357	17
873878	4514417	6
2784661	4583357	17
4583357	2658264	38
1924842	4583357	17
1889120	4514417	6
1379165	4514417	6
3946278	4514417	6
993571	4514417	6
381557	4514417	6
378054	4514417	6
1185258	4514417	6
3338470	4583826	38
2466453	4514417	6
1376319	4514417	6
1195787	4583357	17
4394053	4583357	17
4271159	4514417	6
2652351	4411208	77
2969197	4583357	17
4272556	4514417	6
2780300	4514417	6
3557461	4583357	17
4583357	848111	38
2590968	4514417	6
4545456	4514417	6
4054702	4583357	17
2453255	4583357	17
3245151	4514417	6
3339737	4514417	6
3067609	4583357	17
420470	4514417	6
3338470	2012757	38
1644369	4583357	17
1731126	4583357	17
3879366	4583357	17
1513515	4583357	17
4423048	4514417	6
4588703	4514417	6
2311750	4514417	6
2428720	4583357	17
480947	2998836	1099
4508813	1395688	72
4572506	4514417	6
1838298	4583357	32
13144	4514417	6
4421789	4583357	17
831428	4514417	6
1490714	4514417	6
3928616	4583357	17
3398735	4583357	17
2698625	4514417	6
856234	4583357	17
2134249	4583357	17
3260107	4514417	6
687140	4583357	17
4268922	4514417	6
3709143	4514417	6
905863	4514417	6
4300441	4514417	6
2815063	4583357	17
3402105	4514417	6
891278	4583357	17
2064570	4583357	17
2635808	4514417	6
1870468	4514417	6
2124138	4514417	6
4656154	4514417	6
966176	4514417	6
3690337	4583357	17
4583357	2503704	38
3338470	4562656	38
2871535	4514417	6
2298149	4583357	17
132751	4514417	6
3039845	4514417	6
3890162	4514417	6
1374836	4514417	6
673436	4583357	17
1896774	4583357	17
4583357	2725667	38
4445685	4583357	17
3526918	1761824	77
1960928	4583357	17
1551951	4583357	17
1165003	4583357	17
4583357	1838298	38
4583357	2990682	18
1731126	4514417	6
887360	751351	72
4406759	4583357	32
206459	4583357	17
3047795	4514417	6
3378829	4583357	17
2833641	4583357	17
1964	4514417	6
1173281	4583357	17
4241364	4514417	6
2830728	4583357	17
2652351	151967	72
1492952	4583357	17
2020809	4583357	17
2266784	4583357	17
1372668	3338470	32
3870311	4583357	17
3007589	4514417	6
3429146	4583357	17
120632	4583357	17
3878813	4514417	6
4028915	4514417	6
3860115	4095957	74
446818	4583357	17
3479235	4514417	6
4353463	4583357	17
539652	4514417	6
2288118	4583357	17
4531629	4514417	6
4149254	4012831	71
2867559	3860115	770
2416441	4514417	6
4161295	4583357	17
877138	4583357	17
1975731	4514417	6
4047812	4583357	17
2100177	4583357	17
3551655	739107	212
443464	4514417	6
2747383	4514417	6
506875	4583357	17
789513	4583357	17
1326870	4583357	17
1853763	4583357	17
4088823	4514417	6
1521169	4514417	6
947076	4514417	6
2031254	4514417	6
3942931	4514417	6
4573424	4514417	6
3748528	4583357	17
4063842	4583357	17
4583357	406883	38
2616886	4583357	17
1820464	4583357	17
1179860	4583357	17
2168089	4583357	17
1432508	4514417	6
897915	4583357	32
245831	4583357	17
163894	4583357	17
1559880	4514417	6
4238639	4583357	17
3844619	4514417	6
1905421	4583357	17
2600237	4514417	6
2513838	4514417	6
2949186	4514417	6
2093252	4514417	6
751726	4583357	17
3154756	4514417	6
920767	480947	87
3600545	4583357	17
2033008	4514417	6
4603230	4514417	6
693954	4583357	17
79778	4583357	17
4396332	4514417	6
3227232	4514417	6
4082451	3226942	166
3033086	4583357	17
2706344	4583357	17
3909143	4514417	6
4082464	4583357	17
335998	4583357	17
1670758	4514417	6
1959871	4583357	17
3726530	15275	698
3175947	4583357	32
3338470	1279722	38
1820103	3338470	1713
882937	4514417	6
2465614	4583357	17
336498	4583357	17
4583357	61429	18
1304864	4514417	6
2451045	1825184	80
2471966	4583357	17
3361650	4514417	6
2995318	4514417	6
887360	4583357	17
3613064	2571339	1160
1811879	4583357	17
1284917	4514417	6
2055922	4514417	6
2817574	3420179	72
2121694	4583357	17
1820910	4514417	6
384312	4514417	6
236122	4514417	6
3728540	4514417	6
4583357	3428608	38
2119239	4583357	17
829289	4583357	17
4069053	4583357	17
32363	4514417	6
415718	4514417	6
3510620	4514417	6
4600504	4514417	6
4583357	4502919	38
1201508	4583357	17
4583357	625083	38
1025795	4514417	6
2292205	4514417	6
3000755	4514417	6
1244957	4583357	17
1757932	4514417	6
4583357	4108578	38
2797830	4583357	17
3728495	4583357	17
15275	4508813	212
4471012	4514417	6
2467999	4514417	6
2762040	4514417	6
1913131	4514417	6
3336403	4583357	17
2298051	4514417	6
4299343	4514417	6
2175186	4514417	6
1417504	3338470	32
2438456	4583357	17
374779	4583357	17
1385635	4583357	17
4230634	4514417	6
1763890	4583357	17
4486608	4583357	17
3878813	4583357	17
1818498	4583357	17
1374051	4583357	17
4067401	4583357	17
4583357	3776360	38
3363931	4583357	17
389090	4583357	17
3044850	4583357	17
4583357	859405	38
4396762	4583357	17
4204651	4583357	17
2491379	4514417	6
2528548	4514417	6
986099	4514417	6
1736460	4514417	6
258709	4514417	6
892002	4514417	6
3059522	4583357	17
2697601	4514417	6
3876877	4583357	17
3247143	4514417	6
2708660	4583357	17
1707248	4583357	17
609254	4583357	17
4508813	3233741	31
4576876	4514417	6
926737	4583357	17
2884716	4514417	6
2133318	4514417	6
4583357	1917251	18
592261	4583357	17
2916372	4583357	17
4293030	2965996	698
3670022	4514417	6
3530614	4514417	6
2990682	4583357	24
15275	1479555	212
3879366	4514417	6
168064	4583357	17
2390056	4514417	6
3138323	4514417	6
1214984	4583357	17
388360	4583357	17
1566952	4583357	17
1161922	4583357	17
1564984	4583357	17
48635	4583357	17
2975025	4514417	6
1457823	4583357	17
594803	4514417	6
3333851	4583357	17
551329	4514417	6
2086870	4562199	80
2956590	2965996	698
4325375	4514417	6
3963350	4514417	6
1273927	4514417	6
23156	4514417	6
2250748	4514417	6
1276855	4583357	17
305415	4583357	17
793540	4583357	17
2422249	4514417	6
3125297	4583357	17
4101200	4583357	17
1855506	4514417	6
2065235	4583357	17
1068638	4583357	17
1763890	4514417	6
832184	4583357	17
4158746	4514417	6
3061569	4514417	6
3645736	4583357	17
3198003	4514417	6
4631138	4514417	6
2390056	4583357	17
4583357	705585	18
146006	4514417	6
1185258	4583357	17
438326	4583357	17
4425225	4583357	17
4522858	4514417	6
1934862	4514417	6
4583357	3170031	38
4631207	4514417	6
448126	4514417	6
3112206	4583357	17
4045907	4583357	32
61455	4583357	17
2395984	4514417	6
2789955	4514417	6
1906143	4583357	17
217764	4514417	6
4518043	4583357	24
3374145	4583357	17
2583846	4583357	17
1498813	4583357	17
4524530	4514417	6
1678431	4514417	6
664316	4514417	6
4583357	1975731	38
1825184	4514417	6
1084734	4514417	6
3778441	4583357	17
1493418	4514417	6
1941422	4514417	6
3618373	4514417	6
4444268	4514417	6
2368868	4514417	6
1131168	4514417	6
2771629	4514417	6
2069482	4514417	6
1959842	4583357	17
1313990	4583357	17
4552149	4583357	17
2012757	4514417	6
139700	4583357	17
497303	4514417	6
1652548	4583357	17
2671858	4514417	6
920435	4583357	17
1574177	4583357	17
3326280	4514417	6
2288084	4514417	6
4367522	4583357	17
550536	4583357	17
3352821	4514417	6
2886618	4583357	17
4621500	4583357	17
4583357	2705811	18
1678431	4583357	17
550393	4514417	6
4191198	4514417	6
1279722	4515946	72
872978	4514417	6
2316040	4583357	17
4044230	4514417	6
1156284	4514417	6
155393	4583357	17
1162531	3860115	71
412405	4514417	6
4583357	3442512	38
4203682	4514417	6
4452769	4583357	17
3726530	4514417	6
1143177	4583357	17
1651583	4583357	17
485222	4583357	17
2743191	4514417	6
3190471	4583357	17
3865964	4583357	32
4637626	4514417	6
675553	4514417	6
1802626	4514417	6
4355851	4514417	6
1435325	4583357	17
1010913	4514417	6
2413524	4583357	32
3809752	4583357	17
4173238	4583357	17
3884335	4514417	6
2850026	4514417	6
3696462	4583357	17
2021349	4583357	17
1193140	4514417	6
387948	4514417	6
58323	4514417	6
3737969	4514417	6
602392	4514417	6
1509185	4514417	6
580299	4583357	17
2590968	4583357	17
1330123	4583357	17
813729	4583357	17
239510	4583357	17
3521915	4583357	17
2331596	4514417	6
477423	4583357	17
2097780	4583357	17
547471	4514417	6
3843117	4514417	6
3029015	4583357	17
2757509	4514417	6
3091186	4583357	17
4383511	4514417	6
1012302	4514417	6
3875389	4583357	17
1645743	4514417	6
380795	4583357	17
2218717	4583357	31
959844	4583357	17
375978	4514417	6
3927183	4583357	17
774564	2123611	72
3019260	4514417	6
1974712	4583357	17
3804012	4583357	32
2102983	4583357	17
3325844	4583357	17
3194483	4583357	17
2718276	4583357	24
2404264	4514417	6
3207432	4583357	17
740558	4514417	6
334975	4514417	6
4491845	4583357	17
3827890	4514417	6
3353544	4514417	6
3857554	4514417	6
2192018	15275	698
15275	2190917	212
673076	15275	698
2266784	4514417	6
3526918	987754	80
2112664	4583357	17
322616	4514417	6
3486215	4583357	17
1467090	4514417	6
2540959	4583357	17
204309	4583357	17
4429230	4514417	6
342721	4514417	6
4031394	4583357	17
3919352	4514417	6
3297590	4514417	6
3871632	4514417	6
3199838	4583357	17
3524071	4514417	6
3096363	4583357	17
219223	4583357	17
2531070	4583357	17
3268903	1334405	652
3526505	480947	87
951757	4514417	6
4048388	4583357	17
4292242	4514417	6
451358	4514417	6
4397807	4514417	6
2917394	4583357	17
81911	4514417	6
594938	4583357	17
4348809	4583357	17
3737936	4514417	6
965703	4514417	6
1917641	4583357	17
4583357	3086948	38
310372	4583357	17
2801168	4583357	32
1432118	4514417	6
1285664	4514417	6
3132260	4514417	6
2291372	4514417	6
2956877	4583357	17
3115458	4514417	6
2548772	4514417	6
4583357	2446890	38
3713253	4583357	17
2668644	4514417	6
2591706	4583357	17
3367963	4583357	17
2342664	3860115	770
2733630	4583357	17
3705112	4583357	17
1149598	4514417	6
768789	4583357	17
3761679	4583357	17
3876877	4514417	6
1466278	4514417	6
4629365	4583357	17
1848808	4583357	17
3451980	4583357	17
405696	4514417	6
1015370	4583357	17
3533854	4514417	6
3016619	887360	72
2419166	4583357	17
170989	4583357	17
2008804	4514417	6
1162445	4514417	6
3594084	4514417	6
370961	4514417	6
3941554	4583357	17
2693248	4583357	17
1307416	4583357	17
3069930	4514417	6
1235191	4583357	17
3505796	4583357	565
2935828	4514417	6
2513147	4583357	17
3602355	4583357	17
3286828	4514417	6
1819104	4514417	6
4097596	4583357	17
2515392	4514417	6
3016619	15275	698
4452769	4514417	6
1324477	4514417	6
1290670	4514417	6
2052666	4514417	6
624495	4583357	32
2760480	2682366	969
4534614	4514417	6
3443168	4514417	6
905863	4583357	17
72652	4514417	6
840864	4514417	6
4461969	4583357	17
3492444	4583357	17
3659718	4514417	6
2652351	1695973	367
4232451	4514417	6
1625743	4583357	17
1359612	4514417	6
4455133	4583357	17
3198474	4583357	17
449405	4514417	6
2946165	4514417	6
417968	4514417	215
4515050	4583357	17
2078317	4514417	6
1923432	4583357	17
1528160	4514417	6
4429428	4583357	17
4416073	4583357	17
1441429	4514417	6
3950351	4514417	6
1162445	4583357	17
1773743	4583357	17
2965397	4583357	17
3280300	4583357	17
497303	4583357	17
1499419	4514417	6
2743191	4583357	17
3302191	4583357	17
1812662	4514417	6
2862146	4514417	6
2399096	4514417	6
1118154	4583357	17
2861977	4583357	17
2320590	4583357	17
1897369	4583357	17
2578484	4514417	6
1173281	4514417	6
701951	4514417	6
857207	4514417	6
3583752	4583357	17
4484394	4583357	17
2664143	4514417	6
1383826	4514417	6
3699960	4583357	32
3316314	4583357	17
806880	4583357	17
2736431	2021715	13
2652351	4583357	17
2957768	4583357	17
2818584	4514417	6
3144612	4514417	6
625135	4514417	6
2628440	4514417	6
3856919	4583357	17
3268903	15275	103
1753387	4514417	6
374779	4514417	6
852491	4514417	6
2731043	4514417	6
807998	4514417	6
4515216	4583357	17
4504083	4514417	6
4640795	480947	803
613437	4583357	17
1135022	4514417	6
3544509	4514417	6
2241368	4514417	6
782009	4583357	17
4583357	1564984	38
543771	4583357	17
1822605	4514417	6
4583357	119743	38
1242036	4583357	17
76273	4514417	6
604485	4514417	6
2725667	4514417	6
1219836	4583357	32
1514019	4514417	6
800717	4514417	6
4613113	4583357	17
2319079	4583357	17
1245118	4583357	17
312173	4583357	17
2850026	4583357	32
4583357	4045907	38
3702341	4583357	17
2371709	4583357	17
4149254	4514417	6
3711025	4583357	17
2629342	4514417	6
3091358	4583357	17
1978716	4514417	6
4533357	4583357	32
1279886	2886525	32
447415	4514417	6
105811	4583357	17
3501479	4583357	17
3728355	4514417	6
478228	4514417	6
2366247	4583357	17
3354636	4514417	215
873878	4583357	17
4361862	4514417	6
3207209	4514417	6
1854849	4514417	6
50866	4583357	17
2082636	4514417	6
4155624	4583357	17
4010344	4514417	6
3216212	4514417	6
12893	4514417	6
386036	4583357	17
3373926	4583357	17
4583357	2531070	38
1054138	4583357	17
2446890	4514417	6
4533357	4514417	6
540488	4514417	6
4562656	4583357	17
1072528	4583357	17
1514775	4583357	17
811573	4514417	6
1820464	15275	698
2403105	4514417	6
3561878	4583357	17
2938919	4514417	6
4386797	4514417	6
3945686	4583357	17
3346487	4583357	17
2463461	4583357	17
1223380	4514417	6
2848375	4514417	6
703555	4583357	17
2409431	4583357	17
2967059	4514417	6
3965892	4514417	6
3149683	4583357	17
3397623	4583357	17
1330144	4514417	6
1244929	4583357	32
2124634	4583357	17
4583357	3227092	38
3118017	4514417	6
15275	2956590	212
775940	4514417	6
3526505	4160246	72
3789570	4514417	6
1070854	4514417	6
383411	4514417	6
4504039	4514417	6
4149074	4583357	17
2805153	4514417	6
2545518	4583357	17
4004435	4514417	6
1357587	4514417	6
2652351	480947	87
464537	4514417	6
698558	4514417	6
4119127	4583357	17
1590090	4514417	6
3304798	4514417	6
680735	4514417	6
4583357	2761155	38
899934	4514417	6
1006847	4514417	6
4187562	4514417	6
3776712	4583357	17
3108577	4514417	6
1833630	3338470	31
4640198	4514417	6
197509	4514417	6
3446841	4583357	17
3857554	4583357	17
3193176	4514417	6
154527	4583357	17
796797	4583357	17
255244	4514417	6
646855	4583357	17
1469795	4583357	17
4118949	4583357	17
2360120	4514417	6
1372668	1108695	72
1957456	4583357	17
4583357	3911263	38
1616153	4583357	17
2652351	3764269	41
3839975	4583357	17
420254	4583357	17
4596567	4514417	6
1277590	4583357	17
1094217	4583357	17
804398	4514417	6
2412540	4583357	17
1660832	4514417	6
2312538	4583357	17
2948804	4514417	6
15275	3526918	212
2012521	4583357	17
1333901	4583357	17
4583357	2338696	38
2491017	4514417	6
4068669	4362623	80
4316160	4514417	6
4052229	4583357	17
1200625	4583357	17
3608470	4583357	17
4224074	4583357	17
4531629	4583357	17
920	4583357	17
2278011	4514417	6
2503704	4583357	17
1039053	4514417	6
804403	4514417	6
804860	4514417	6
2725971	4583357	17
1287647	4514417	6
2130279	4583357	17
150702	4514417	6
3503941	4583357	17
368294	4514417	6
1039053	4583357	17
1279722	4514417	6
1726604	480947	87
4583357	3233741	1713
2223841	4583357	17
951300	4514417	6
3374398	4583357	17
131511	4514417	6
2515897	4583357	17
652956	4583357	17
3526918	3681996	77
1343506	4583357	17
3338470	3212939	38
2637109	4583357	17
981278	4583357	17
1745766	4514417	6
4160246	887360	72
2883275	4583357	17
4119127	4514417	6
823954	4514417	6
1118741	4514417	6
390475	4514417	6
771556	4583357	17
4563313	4514417	6
78558	4514417	6
1366682	4583357	17
3826238	4583357	17
4462778	4514417	6
512307	4514417	6
2226799	4514417	6
4634261	3860115	71
491047	4583357	32
2328401	4583357	17
3900255	4583357	17
15275	804403	212
139470	4514417	6
1398430	4514417	6
4111644	4583357	17
3027308	4514417	6
1544927	4514417	6
1979878	4514417	6
4562656	4514417	6
3399037	4514417	6
3440907	4514417	6
1113924	4583357	17
2817574	4514417	6
4607812	4583357	17
2616545	4583357	17
335046	4583357	17
1711451	4514417	6
3233741	4583357	24
235252	4514417	6
2693046	4583357	17
1992397	4514417	6
1117632	480947	87
805847	4583357	17
1325086	4514417	6
4453109	4583357	17
3659013	4514417	6
4269429	4583357	32
3576977	4583357	17
4586016	4514417	6
132284	4583357	17
4078522	3551655	698
3281873	4583357	17
4165420	4514417	6
1754977	4583357	17
981527	4514417	6
3170031	4514417	6
3719189	4583357	17
1732906	4514417	6
2428345	4583357	17
3316314	4514417	6
4071427	4514417	6
4494759	4583357	17
2164149	4583357	17
63676	4583357	17
4367457	4583357	17
2123611	3215579	72
2516844	4514417	6
3277835	4583357	17
4203475	4583357	17
3008878	4514417	6
2383568	4583357	17
2027698	4583357	17
1861205	4583357	17
1773649	4583357	17
4583357	2882745	18
2472400	4583357	17
4553969	4514417	6
3134420	4583357	17
1776601	4514417	6
3399230	4514417	6
2522382	2886525	84
2226799	4583357	32
2428720	4514417	6
906110	4583357	17
2542106	4583357	17
1973400	4514417	6
451358	4583357	17
782440	4583357	17
670570	4583357	18
2100927	4583357	17
3303245	4583357	17
1404434	4514417	6
2180840	480947	87
510142	4514417	6
154527	4514417	6
58985	4514417	6
2176982	4514417	6
2069482	2867559	71
4451035	4514417	6
2897919	4514417	6
4348859	4514417	6
2732691	4583357	17
711821	4514417	6
637805	4583357	17
3338470	4325375	38
1853763	4514417	6
4583357	3707264	38
4006421	4514417	6
2440957	4514417	6
3338470	1117560	38
1406192	4514417	6
4506360	4514417	6
3830776	4583357	17
3719189	4514417	6
85704	4583357	17
2648150	4514417	6
2141412	4583357	17
1524749	4514417	6
3541260	4514417	6
3894998	4514417	6
275078	4583357	17
1994126	4583357	17
4503987	4514417	6
2461714	4514417	6
3847682	4514417	6
1108695	4508813	72
1333901	4514417	6
2288030	4514417	6
2355735	4583357	17
2225578	4514417	6
2451108	4514417	6
740721	4514417	6
2037164	4514417	6
3649656	4583357	17
976376	4514417	6
1800154	4514417	6
1450635	4514417	6
4583357	387896	38
3429146	4514417	6
3215579	480947	87
3531641	4514417	6
2867559	417968	248
4149394	4514417	6
2791406	4583357	17
2753662	4583357	17
913722	4583357	17
3715873	4514417	6
3860115	1286190	74
1152272	4583357	17
3418792	4514417	6
4078587	4583357	17
4196520	4583357	17
411062	4583357	17
1657586	4583357	17
761525	4583357	17
305608	4514417	6
3460962	4583357	17
3501027	4583357	17
1872866	4514417	6
2345742	4514417	6
1093858	4583357	17
2785578	2867559	71
1366814	4514417	6
2867559	781929	74
3012657	4583357	17
1478166	4583357	17
1811879	4514417	6
13144	4583357	17
549607	4514417	6
2799706	4514417	6
3294829	4514417	6
2141412	4514417	6
3997465	4514417	6
4165009	15275	698
2804257	4514417	6
4245412	4583357	17
849471	4583357	32
1444436	4514417	6
124915	4514417	6
372189	4514417	6
3979016	4514417	6
4480301	4514417	6
3735660	4514417	6
2572609	4514417	6
1504963	4583357	17
658902	4583357	17
1897523	4583357	17
254413	4514417	6
1044436	4514417	6
4363313	4514417	6
1117560	4514417	6
932312	4514417	6
2397987	4514417	6
717384	4514417	6
3045937	4514417	6
3802816	4514417	6
4515946	673076	72
3206170	4583357	17
855629	4583357	17
3699960	4514417	6
4358076	4514417	6
4301723	4514417	6
887360	3215579	72
4587509	4583357	17
3653169	4583357	17
3716483	4583357	17
2404729	4583357	17
2660410	4514417	6
2259395	4583357	17
314191	4583357	17
226580	4583357	17
3114500	4583357	17
655068	4514417	6
158794	15275	698
1635323	4514417	6
4635062	4514417	6
4583357	1444436	38
2970922	4583357	17
2097402	4583357	17
359318	4583357	17
495382	4514417	6
2763351	4514417	6
2845840	4514417	6
807998	4583357	17
468892	4583357	17
2658264	4583357	32
262821	4583357	17
877237	4514417	6
4254083	4583357	17
1791385	4514417	6
3526918	2298051	80
3205454	4583357	17
1480493	4514417	6
383875	4514417	6
2043133	2141412	72
870502	4583357	31
2438136	4514417	6
1983425	4514417	6
1855728	4514417	6
957327	4514417	6
2649398	4583357	17
2734324	4583357	17
830539	4583357	17
795788	4514417	6
2411324	2652351	125
84385	4514417	6
350998	4514417	6
1060470	4514417	6
4030203	4583357	17
3567778	4514417	6
3215579	3338470	32
1707248	4514417	6
2064206	4514417	6
4583357	3142961	38
3856340	4514417	6
4649583	2867559	71
1173599	4514417	6
4544970	4514417	6
3908316	4514417	6
312173	4514417	6
540129	4583357	17
1719488	4514417	6
3849393	4583357	17
63676	4514417	6
181620	4583357	31
105383	1417504	80
959844	4514417	6
2009691	4583357	17
384867	4514417	6
506875	4514417	6
2653619	4583357	32
13433	4583357	17
2197901	4514417	6
4365116	4583357	17
4644476	4514417	6
2074641	4583357	17
2756201	4514417	6
4134072	4583357	17
2962936	4514417	6
4431778	4514417	6
645398	4583357	17
3240789	4583357	17
3118295	4583357	17
15275	4325375	212
4185158	4514417	6
2567071	4514417	6
1493660	4514417	6
3477860	4583357	17
870582	4583357	17
1665062	4583357	17
3162821	4514417	6
1655600	4583357	17
802291	2867559	71
1214600	4583357	17
3015663	4514417	6
1869389	4514417	6
3952072	4583357	17
813573	4583357	17
4400742	4514417	6
4119026	4583357	17
4583357	2697216	38
1841475	4583357	17
4450500	4514417	6
1333128	4514417	6
939008	4583357	17
2648194	4514417	6
3180150	4583357	17
171867	4583357	17
447415	4583357	17
2672916	4583357	32
2750276	4514417	6
328354	4583357	17
1610986	4514417	6
4012831	1108695	74
74951	4514417	6
1859568	4583357	17
366388	4514417	6
652956	4514417	6
3965629	4514417	6
494054	4583357	17
139700	4514417	6
615572	4583357	17
2742161	4583357	17
3182058	4514417	6
509714	4583357	17
1406553	4583357	17
736470	4514417	6
3526918	4514417	6
3767781	4514417	6
4041321	4583357	17
2867559	4649583	74
3338470	105383	38
1161946	4514417	6
1113924	4514417	6
2709804	4583357	17
1388032	4583357	17
3951359	4514417	6
379666	4514417	6
13897	4514417	6
1719488	4583357	17
3548093	4514417	6
2021349	4514417	6
2631749	2451045	80
396076	4583357	17
2874400	4514417	6
1791552	4583357	17
3539807	4583357	17
3247446	4583357	17
2261717	4583357	17
1104747	4583357	17
551240	4514417	6
965060	4583357	17
2414048	4583357	17
1417504	15275	698
1513840	4514417	6
2965996	2956590	212
2472400	4514417	6
4165552	4583357	32
1407214	4583357	17
2552042	4583357	17
4358836	4583357	17
603437	4583357	17
1473149	4583357	17
1740711	4514417	6
1501586	3860115	71
2909233	4583357	17
14264	4583357	17
3810776	4514417	6
3653088	4583357	17
4016454	4583357	17
155540	4514417	6
4040048	4514417	6
2628556	4514417	6
1386925	4514417	6
824992	4514417	6
1094156	4514417	6
4424443	4583357	17
4067264	4514417	6
2560528	4514417	6
136793	4583357	17
3970152	4514417	6
4586414	4583357	17
3338470	2956590	38
2635927	4583357	17
2658264	4514417	6
3643168	4583357	32
2548772	4583357	17
4291340	4514417	6
4396405	4583357	17
3521534	4583357	17
2094630	4583357	17
4470640	4514417	6
2171637	4583357	17
4643296	4514417	6
2046241	4583357	17
4108578	4514417	6
1616794	4514417	6
2990628	4583357	17
4529391	4583357	17
3685793	4514417	6
3712262	4583357	17
1856783	4514417	6
871036	4583357	17
3656142	4583357	17
1971593	4514417	6
3749944	4583357	17
2355821	2652351	125
998490	4583357	17
1857451	4583357	17
4588703	4583357	17
3126235	4514417	6
2214795	4583357	17
99766	4514417	6
2652351	4514417	6
4174156	3338470	32
4625609	4514417	6
4583357	2860228	38
4100107	4514417	6
1458410	4583357	17
871344	4514417	6
3150742	4583357	17
1416008	4514417	6
2263925	4583357	17
2781780	4514417	6
870502	4514417	6
4629238	4583357	17
1649034	4583357	17
2307244	4514417	6
4583357	2506634	38
764094	4514417	6
4311174	4514417	6
23156	4583357	17
855849	4514417	6
2027698	4514417	6
625083	4514417	6
2546395	4583357	17
4583357	2467999	38
4089537	4514417	6
4152370	4514417	6
4203475	4514417	6
3544182	4583357	17
46825	4514417	6
299370	4514417	6
3142961	4514417	6
1787660	4514417	6
2268854	4583357	17
1762960	4583357	17
613437	4514417	6
4425225	4514417	6
4160331	4583357	17
3003696	4514417	6
4394107	4583357	17
2638337	4514417	6
1985232	4514417	6
4583357	2687841	18
85344	4514417	6
746261	4583357	17
4112953	4514417	6
1096583	4514417	6
3135821	4583357	17
3533854	3338470	31
1757664	4514417	6
2040500	4583357	32
500964	4514417	6
883713	4514417	6
4583357	3537085	38
1761824	4583357	17
1456843	4583357	17
4583357	75516	38
3490326	4514417	6
2245150	15275	698
680806	4514417	6
771907	4514417	6
1356817	4514417	6
1386925	4583357	17
3849887	4514417	6
4583357	3659414	101
3403540	4583357	17
1322073	4583357	17
1462453	4583357	17
4496166	4514417	6
2508616	2867559	653
1680063	4583357	17
1228948	4583357	17
2047959	4583357	17
4603230	4583357	17
957506	4583357	17
3334452	4583357	17
2502369	4514417	6
4443110	4514417	6
21126	4514417	6
2264414	4583357	17
3002792	4514417	6
2623188	4583357	17
3924161	4514417	6
4452388	4514417	6
1564984	4514417	6
2532311	4583357	17
583831	4583357	17
3286166	4583357	17
4260377	4583357	32
4284182	4514417	6
3225187	4583357	17
4095957	4514417	6
4355207	4514417	6
4386797	4583357	17
3860115	2121543	74
3944881	4583357	17
82735	4583357	32
1279722	15275	698
1355666	4583357	17
46335	4514417	6
3524071	4583357	32
4552788	4583357	17
3293772	4583357	17
4069053	4514417	6
3670022	4583357	17
456311	4583357	17
15275	2631749	212
421635	4583357	17
2623412	4583357	17
3843117	4583357	17
3244583	4514417	6
2848375	4583357	17
2432036	4514417	6
1400572	4514417	6
4583357	4228245	38
3747641	4583357	17
147818	4583357	17
2033626	4583357	17
3089055	4514417	6
4330763	4514417	6
2755816	4583357	17
39175	4583357	17
3501027	4514417	6
1572254	4583357	17
877138	4514417	6
1014943	4583357	17
1736460	4583357	17
1188079	4583357	17
4376528	4514417	6
4184601	4583357	17
1086332	4514417	6
4626785	4583357	17
3936315	4583357	17
1222813	4583357	17
3779833	4583357	17
2543729	4514417	6
1672455	4514417	6
1792934	4583357	17
4074130	4583357	17
4309266	4583357	17
2977168	4514417	6
3852959	4514417	6
3453445	4583357	17
993571	4583357	17
671387	4514417	6
2707942	4583357	17
4348738	4583357	32
1954938	4583357	17
3804012	4514417	6
2700513	480947	454
3526918	105383	72
2089383	4583357	17
4343916	15275	698
3034068	4583357	17
37760	4514417	6
2413989	4514417	6
3338470	3009051	38
4375124	4583357	17
871375	4583357	17
2344675	4514417	6
4443110	4583357	17
2826543	4514417	6
2387753	4583357	17
2381414	4583357	17
2078317	4583357	17
1376463	4583357	17
2180840	15275	698
1547475	4583357	17
3672887	4583357	24
2007019	4514417	6
726360	1820464	80
1117560	987754	72
2073154	4583357	17
4162202	4514417	6
3955032	4583357	17
2366404	4514417	6
2822709	4583357	17
2539487	4514417	6
4389439	4583357	17
2652351	1726604	367
2123611	774564	80
4034870	4514417	6
4375616	4583357	17
2377037	4514417	6
4112953	4583357	17
1074705	4583357	17
2102983	4514417	6
189240	4514417	6
3650990	4583357	17
4128249	4514417	6
4165552	4583357	17
2414048	4514417	6
2510469	4583357	17
3304574	4514417	6
2378930	4514417	6
2924053	4583357	17
3728495	4514417	6
848534	4583357	17
4533222	4514417	6
3161050	4583357	17
1707504	4583357	17
3226757	4583357	17
3420410	4514417	6
3884520	4583357	17
2993100	4514417	6
480947	4640795	1099
3570170	4514417	6
448126	4583357	17
2235412	4583357	17
4583357	2522382	45
1535986	4514417	6
3105802	4514417	6
2979936	4514417	6
235262	4583357	17
1286190	3860115	71
4174530	4583357	17
1118741	4583357	17
3498070	4514417	6
4267427	4514417	6
4583357	1484495	38
3207810	4583357	17
4217507	4514417	6
3451405	4514417	6
1783510	4583357	17
1180426	4514417	6
2297865	4583357	17
3064094	4514417	6
1141224	4514417	6
2133318	4583357	17
4400742	4583357	17
3161050	4514417	6
4087752	4583357	17
2164276	4514417	6
3351957	4514417	6
1690505	4583357	17
3009051	3059371	72
39601	4583357	17
378307	4514417	6
4031457	4514417	6
1916520	4514417	6
644899	4514417	6
247132	4514417	6
4449536	4583357	17
511060	4583357	17
2038590	4514417	6
4524530	4583357	17
3800776	4583357	32
4211240	4583357	17
4165009	4514417	6
2652351	4640795	367
27080	4583357	17
3845678	4583357	17
3368854	4514417	6
2514706	4514417	6
2428784	4514417	6
4113547	4514417	6
852491	4583357	17
1452612	4514417	6
3365846	4583357	17
4587093	4583357	17
828926	4514417	6
4230634	4583357	17
1927494	4583357	17
3788497	4583357	17
3875729	4583357	32
1596557	4514417	6
1747071	4514417	6
2553114	4583357	17
4369986	4583357	17
2652351	4430684	367
1616794	4583357	17
3029015	4514417	6
4149254	4234222	72
1875335	4514417	6
3175531	15275	698
2366690	4583357	17
1709516	4514417	6
4430123	2867559	234
4035727	4583357	17
348957	4514417	6
26266	4583357	17
3714151	4514417	6
1296289	4583357	17
1610778	4514417	6
848650	4514417	6
3646334	4583357	17
3222215	4514417	6
2555049	4514417	6
4583357	1918455	38
3009051	15275	698
3774821	4583357	17
3016619	1228948	80
4362623	3526918	72
4583357	2545408	38
4097596	4514417	6
3950351	4583357	17
1141224	4583357	17
3019260	4583357	17
3066293	4514417	6
3692018	4514417	6
3712262	4514417	6
3363887	4583357	17
3681996	480947	87
359259	4514417	6
2091778	4514417	6
2760427	4514417	6
3466719	4583357	17
575420	4514417	6
1018072	4583357	17
2087719	4514417	6
2451225	4514417	6
1705069	4514417	6
3670006	4514417	6
2513933	4514417	6
2790397	4514417	6
592829	4583357	17
3852959	4583357	17
2540959	4514417	6
1317279	4514417	6
854007	4583357	17
1729821	4514417	6
811213	4514417	6
2148703	4514417	6
2544886	4514417	6
3039845	4583357	17
4446828	4514417	6
355032	4514417	6
1878370	4583357	17
144720	4583357	17
3729098	4583357	17
832184	4514417	6
2546264	4583357	17
3590297	4514417	6
4348738	4583357	17
809163	4514417	6
1484495	4514417	6
3068299	4514417	6
2558724	4514417	6
4319001	4514417	6
926386	2451045	72
2763964	4583357	17
1738630	4514417	6
94718	4514417	6
2438456	4514417	6
3453445	4514417	6
4364401	4583357	17
3584	4514417	6
1524749	4583357	17
1509058	4583357	17
2736431	15275	698
1964	4583357	17
4308498	4514417	6
1510999	4514417	6
4271906	4514417	6
1680063	4514417	6
2911651	887360	72
240090	4514417	6
4411656	4514417	6
4647934	4583357	17
3346557	4583357	17
343756	4514417	6
3806452	4514417	6
1696782	4514417	6
1462453	4514417	6
1267975	4583357	17
2493047	4514417	6
4624653	4583357	17
3728355	4583357	17
3262456	4583357	17
1604442	4514417	6
1768219	4514417	6
4583357	1374836	38
2097402	4514417	6
3884589	4583357	17
3856919	4514417	6
3215579	2123611	80
886707	4514417	6
1649347	4583357	17
1973916	4583357	17
327447	4514417	6
1992940	4514417	6
3344037	4583357	32
111366	4514417	6
3556806	4514417	6
4583357	1219836	38
2697601	4583357	17
3518607	4514417	6
1201508	4514417	6
2421864	4514417	6
726360	105383	80
3801462	4514417	6
659501	4583357	17
739107	2025150	80
871375	4514417	6
1207696	4514417	6
3250081	4514417	6
2905149	4514417	6
1747071	4583357	17
1512827	4514417	6
3305296	4583357	17
580970	4583357	17
3834500	4583357	17
2202900	4583357	32
2477671	4583357	17
1421530	4514417	6
1214434	4514417	6
3526505	3672887	31
3428608	4583357	17
1006847	4583357	17
2742161	4514417	6
3089055	4583357	17
4406759	4514417	6
2545518	4514417	6
2097768	4583357	17
475613	4514417	6
4353726	4583357	17
2145337	4514417	6
3524977	4583357	17
4631207	4583357	17
3545720	4583357	17
1911880	4583357	17
4515050	4514417	6
4158359	4514417	6
4583357	3672887	18
2212353	4514417	6
4258574	4583357	17
2171637	4514417	6
653625	4583357	17
15275	3175531	212
359926	4514417	6
2528548	4583357	17
15275	3365000	212
4583357	2653619	38
4169955	4583357	17
583831	4514417	6
4418892	4583357	17
4309448	4514417	6
2145624	4583357	17
1558331	4514417	6
2736431	85704	80
15275	1452612	212
4497024	4583357	17
3198626	4583357	17
1498813	4514417	6
3704995	4583357	17
4613664	4514417	6
330561	4514417	6
3808287	4583357	17
2915986	4514417	6
2917394	4514417	6
2076120	4514417	6
739107	4583357	17
2796238	4583357	17
4082464	4514417	6
867019	4583357	17
417968	2867559	234
3494650	4514417	6
1881727	4583357	17
144165	4514417	6
4176088	4583357	17
62458	4583357	17
890050	4583357	17
348173	4514417	6
2331657	4514417	6
1281360	3009051	147
2715071	4514417	6
1068638	4514417	6
3774821	4514417	6
3215728	887360	72
4259362	4583357	17
2400865	4583357	17
1399555	4583357	17
818696	4583357	17
159912	4583357	17
897760	4514417	6
4550792	4583357	17
2012521	4514417	6
3423478	4514417	6
3510620	4583357	17
1230550	4583357	17
3274798	4583357	17
3643688	4514417	6
4592890	4514417	6
108194	4514417	6
4583357	3204460	38
48147	4514417	6
2086666	4514417	6
540526	4514417	6
4306321	4583357	17
681952	4583357	17
4411109	4583357	17
3551584	4583357	17
1249021	4514417	6
3908383	4514417	6
15275	2086870	212
2207170	4514417	6
4583357	4348738	38
2015048	4514417	6
4133966	3226942	1130
91032	4583357	17
2504756	4583357	17
2212457	4514417	6
1802613	4583357	17
274277	4583357	17
2312820	4583357	17
2045249	4514417	6
2100177	4514417	6
1899911	4583357	17
1522431	4514417	6
2653504	4583357	17
4515946	15275	698
666105	4514417	6
502109	4583357	17
3623547	4514417	6
4572506	4583357	17
4549338	4583357	17
1557653	4514417	6
3053142	4583357	17
1372668	4583357	17
2554270	4514417	6
1957456	887360	72
3093140	4583357	17
969481	4514417	6
941966	4583357	17
1301305	4583357	17
2758304	4514417	6
2862302	4514417	6
112544	4583357	17
1444105	4514417	6
4643478	4583357	17
1376319	4583357	17
3333851	4514417	6
3436877	4514417	6
3300937	4583357	17
3416089	4514417	6
2288084	4583357	17
1108695	4583357	17
4009081	4583357	17
4108578	4583357	32
1209618	4514417	6
1557653	4583357	17
954804	4514417	6
2689629	4514417	6
4429827	655882	72
1793536	4514417	6
4562656	3338470	31
2607057	2652351	338
3306727	4514417	6
465100	4514417	6
4146894	4514417	6
1365452	4514417	6
407048	4583357	17
1324477	4583357	17
4583357	1529966	38
2883286	4583357	17
646855	4514417	6
48147	4583357	17
1906143	4514417	6
2977636	4514417	6
3240690	4583357	17
4629720	4583357	17
4514417	2760480	156
1041636	4583357	17
4139771	4514417	6
2121543	3860115	71
2572011	4514417	6
2089383	4514417	6
2170600	4514417	6
3860115	4634261	74
4362623	3338470	32
783027	4583357	17
991758	4583357	24
1696227	4583357	17
2290960	4514417	6
1866944	4514417	6
876911	4514417	6
1040185	4583357	17
1123828	4583357	17
3564955	4514417	6
2652351	1199423	367
1993883	4583357	17
1509151	4583357	17
1615389	4583357	17
2028787	4583357	17
515969	4514417	6
3775710	4583357	17
1395688	3939723	749
512523	4514417	6
4562199	2736431	72
1566076	4514417	6
2045807	4583357	17
1705442	4583357	17
1571457	4514417	6
4271159	4583357	17
2158282	4583357	17
2698625	4583357	17
1573955	4583357	17
15275	1515837	212
2316040	4514417	6
560813	4583357	17
105383	3526918	80
122848	4514417	6
1757932	4583357	17
2033094	4583357	23
3338470	3981092	38
4205543	4514417	6
3291302	4514417	6
4012755	4583357	17
2719717	4583357	17
3035488	4514417	6
4428278	4583357	17
15275	3716806	212
2456820	4583357	17
953863	4514417	6
3558056	4514417	6
351765	4514417	6
3056665	4583357	17
1686243	4514417	6
3498143	4514417	6
4073317	4583357	17
1117560	15275	698
383875	4583357	17
427781	4514417	6
2728383	4514417	6
2180111	4583357	17
2719717	4514417	6
1870468	15275	698
2958621	4583357	17
3137676	4583357	17
3849887	4583357	17
4342276	4514417	6
2742658	4583357	32
2738058	4514417	6
356933	4514417	6
1966118	4514417	6
673436	4514417	6
355254	4583357	17
3503941	15275	698
2718276	4583357	22
892362	4583357	17
1914507	4514417	6
108864	4514417	6
3675561	4583357	17
4301723	4583357	17
2394382	4583357	17
3108577	4583357	17
1722006	4514417	6
3163313	4514417	6
739107	3970330	80
1813490	4583357	17
4496166	4583357	17
2210410	1065902	212
3716806	15275	698
2736431	3338470	31
2618968	4514417	6
119592	4583357	17
2513147	4514417	6
3821899	4583357	32
3823411	4583357	17
3882019	4514417	6
4523337	4583357	17
4583357	3521248	63
4012623	4583357	17
2355799	4514417	6
4022340	4583357	17
3338470	4174156	38
4433548	4514417	6
4192336	4514417	6
930994	4583357	17
879054	4514417	6
3860115	2493047	74
2184321	4583357	17
193619	4514417	6
3741235	4514417	6
3398735	4514417	6
2840193	4514417	6
3783422	4583357	17
2045935	4583357	17
3737940	4583357	17
4110222	4514417	6
2202900	4514417	6
2366247	4514417	6
39175	4514417	6
374044	4583357	17
3736598	4514417	6
2506634	4514417	6
3785042	4514417	6
3905949	4583357	17
4188969	4583357	17
4221679	4583357	17
2990531	4583357	17
645398	4514417	6
655068	4583357	17
1332152	4514417	6
888027	4583357	17
4426859	4514417	6
395732	4514417	6
2446890	4583357	32
1973342	4514417	6
446389	4583357	17
3190020	4514417	6
913722	4514417	6
401155	4514417	6
1532754	4514417	6
2328945	4514417	6
2892026	4514417	6
1267673	4583357	17
2436047	4514417	6
1444105	4583357	17
3326280	4583357	32
2035903	4583357	17
969410	4514417	6
1146466	4514417	6
4583357	1914345	18
1091407	4583357	31
2263387	4514417	6
1414137	4514417	6
1147120	4583357	17
4095050	4583357	17
62458	4514417	6
1400572	4583357	17
2025150	4583357	17
2011557	4012831	71
3865772	4583357	17
3687671	4514417	6
1380397	4583357	32
1450397	4583357	17
1559880	4583357	17
4297026	4583357	17
2360120	4583357	17
2192751	4583357	17
3293459	4583357	17
1603345	739107	80
2644326	4583357	17
1547545	4514417	6
15275	4293030	212
3170686	4583357	17
816043	4583357	17
4572650	4514417	6
3530614	4583357	17
4637503	4583357	17
3526918	2629246	77
887360	480947	87
3629053	4514417	6
3847798	4514417	6
2661761	4514417	6
3880773	4583357	17
1492952	4514417	6
2385839	4514417	6
2554957	4583357	17
3966778	4514417	6
1326870	4514417	6
1295306	4514417	6
3971647	4583357	17
3334452	4514417	6
4459450	4514417	6
3338470	2141412	38
3508647	4583357	17
1941995	4514417	6
1346649	4514417	6
2355821	4583357	35
4583357	3763424	38
609254	4514417	6
3814379	4514417	6
1047325	4583357	17
592370	4583357	17
595760	4514417	6
2250705	4583357	17
458197	4583357	17
3300585	4514417	6
1800614	4583357	17
2192018	2926772	32
4504341	4514417	6
1118778	4514417	6
4583357	2509742	38
1875617	4514417	6
353974	4583357	17
384312	4583357	17
595427	4514417	6
1574650	4583357	17
259650	3338470	31
3007589	4583357	17
3286745	4514417	6
2567498	4583357	17
751351	3716806	80
3860115	2342664	530
2105587	4514417	6
4583357	1897369	38
1398430	4583357	17
1383146	4583357	17
1762960	4514417	6
1581691	4514417	6
986099	4583357	17
4606058	4583357	17
2864102	4583357	32
2857175	4514417	6
881510	4583357	17
3946278	4583357	17
3265593	4514417	6
240437	4429827	38
3375734	4583357	17
2059441	4514417	6
849385	4514417	6
551329	4583357	17
969410	4583357	17
4421789	4514417	6
4583357	3344037	38
3702341	4514417	6
235262	4514417	6
1562888	4583357	17
705585	4583357	24
3368692	4514417	6
1820464	3338470	31
1616153	4514417	6
1963032	4514417	6
3245021	4514417	6
335046	4514417	6
18909	4514417	6
1817285	4514417	6
2038489	4583357	17
3462345	4583357	17
1172337	4583357	17
2705811	774564	38
43285	4514417	6
345437	4583357	17
1555340	4514417	6
1438115	4583357	32
4613664	4583357	17
985824	4514417	6
20775	4583357	17
3508327	4583357	17
2545408	4583357	17
2298051	4068669	72
1908089	3716806	74
177096	4514417	6
1073844	4583357	17
2377944	4514417	6
1117632	4514417	6
4150602	4583357	17
3271734	4583357	17
2344361	4514417	6
929763	4514417	6
2312820	4514417	6
3359667	4583357	17
580970	4514417	6
3524071	4583357	17
4440354	4583357	17
4554906	4583357	17
1493966	4514417	6
1632537	4583357	17
1284917	4583357	17
1180426	4583357	17
2994464	4583357	17
1204030	4514417	6
3679772	4583357	17
3627691	4583357	17
87107	4583357	17
2323645	4514417	6
2235238	4583357	17
3132500	4583357	17
3549260	4514417	6
182382	4514417	6
2635808	4583357	31
2980746	4583357	17
4455133	4514417	6
224966	4514417	6
3911001	4583357	17
4153120	4514417	6
2037164	4583357	17
1475206	4583357	17
3518705	4583357	17
4491043	4583357	17
2067180	4583357	17
4390116	4514417	6
2026961	4583357	17
2729821	4514417	6
329157	4514417	6
393820	4583357	565
2986715	4583357	17
3735660	4583357	17
2679826	4583357	17
1574177	4514417	6
1845056	4583357	17
4398346	4583357	17
4293030	15275	698
4367522	4514417	6
2794283	4583357	17
3004856	4583357	17
1302331	4514417	6
3564955	4583357	17
4111644	4514417	6
4583357	3422473	18
3883660	4583357	17
3338470	804403	38
1058529	4583357	17
2710544	4583357	17
2345899	4514417	6
72652	4583357	17
3244583	480947	87
2312538	4514417	6
2387058	4583357	17
1563146	4583357	17
4013934	4583357	17
2780300	4583357	17
259650	4514417	6
3360516	4514417	6
4559133	4583357	17
1117544	4514417	6
4583357	2038489	38
588006	4583357	17
4527810	4583357	17
1742679	4514417	6
1404069	4514417	6
1999159	4583357	17
1340358	4514417	6
41178	4583357	31
1969214	4514417	6
1054138	4514417	6
3880773	4514417	6
4394107	4514417	6
3521534	4514417	6
3948101	4514417	6
2736431	4514417	6
4227640	4583357	17
2583846	4514417	6
2094671	4514417	6
476704	4514417	6
2541417	4514417	6
3830586	4514417	6
406883	4583357	32
2026961	4514417	6
1044394	4514417	6
3386020	4514417	6
805847	4514417	6
1590457	4514417	6
1549355	4583357	17
46297	4583357	17
761447	4583357	17
4583357	3732055	38
2653577	4583357	17
736667	4514417	6
444160	4514417	6
4242066	4514417	6
3199838	4514417	6
1746964	4514417	6
1869389	4583357	17
2210817	4583357	17
2985177	4514417	6
4012755	4514417	6
808894	4514417	6
902394	4514417	6
4095957	3860115	71
1425817	4514417	6
673076	4515946	80
41178	4514417	6
2387058	4514417	6
1322073	4514417	6
1289825	4514417	6
1130236	4514417	6
3515232	4583357	17
1528420	4583357	17
2461515	4514417	6
3809152	4514417	6
3634237	4514417	6
3401731	4514417	6
1244957	4514417	6
4343244	4583357	17
2360792	4514417	6
4276158	4583357	17
3763424	4583357	32
2355799	4583357	17
3267579	4583357	17
2305903	4514417	6
1549315	4583357	17
3381136	4514417	6
3624525	4514417	6
2652351	480947	454
991499	4514417	6
1720512	4514417	6
4583357	2789955	38
4423696	4514417	6
408698	4583357	17
891278	4514417	6
105383	726360	72
4583357	3575215	38
3389521	4514417	6
4184601	4514417	6
2011557	4514417	6
4093512	4583357	17
920767	4583357	17
1395688	3338470	31
1825184	2451045	72
1720746	4583357	17
198025	4583357	17
2344361	4583357	17
1377145	4583357	32
2246391	4514417	6
1590457	4583357	17
3650273	4583357	17
101455	4514417	6
1567138	4583357	17
1695973	4514417	6
3035488	4583357	17
4249200	4583357	17
2145932	4583357	17
3908383	4583357	17
955541	4514417	6
2933911	4514417	6
1566652	4583357	17
2108002	4514417	6
856756	4514417	6
1095301	4583357	17
1668751	4583357	17
1866744	4514417	6
2703335	4583357	17
500964	4583357	17
3061569	4583357	17
1938705	4514417	6
2993100	4583357	17
343756	4583357	17
2292930	4514417	6
3338470	3716806	38
3338470	4515946	38
549981	4514417	6
88361	4514417	6
957506	4514417	6
1639219	4583357	17
4365450	4583357	17
1429599	4583357	17
1396324	4583357	17
2947944	4583357	17
4102412	4514417	6
485922	4583357	17
1420690	4514417	6
4413999	4583357	17
1485074	4514417	6
1665306	4514417	6
3557283	4583357	17
15275	1108695	212
2672916	4514417	6
1623246	4514417	6
4583357	897915	38
1522177	4514417	6
3516909	4583357	17
1058529	4514417	6
53702	4514417	6
2141412	2043133	80
4508813	4514417	6
1305980	1395688	80
2264488	4514417	6
956503	4583357	17
2949186	4583357	17
2071608	4583357	17
1545407	4583357	17
340780	4583357	17
468892	4514417	6
1902174	4514417	6
4517443	2652351	79
3105031	4514417	6
3338470	4293030	38
213946	4514417	6
1571630	4583357	17
2976935	1334405	652
4340424	4514417	6
4362623	15275	698
880501	4583357	17
1432701	4514417	6
1718486	4583357	17
4019906	4583357	17
2063381	4583357	17
4064286	4583357	17
363832	4583357	17
414013	4514417	6
762695	3860115	71
3997191	4562656	72
1504963	4514417	6
1480493	4583357	17
404328	4583357	17
719122	4514417	6
2580	4514417	6
3347009	4583357	17
1279722	3338470	32
2342185	4583357	17
1654718	4583357	17
473637	4514417	6
4583357	2682366	101
887360	1957456	80
3502661	4583357	17
1824447	4583357	17
770753	4583357	167
2619315	4583357	17
3783422	4514417	6
3722340	4583357	17
4549338	4514417	6
1309454	4514417	6
1760990	4514417	6
2419188	4514417	6
1045925	4583357	17
1833630	4583357	17
3367103	4583357	17
295891	4514417	6
199748	4583357	17
3044682	4583357	17
4298610	4514417	6
1847595	4514417	6
2761155	4514417	6
1989056	4583357	17
3091358	4514417	6
1870468	1108695	72
2887322	4514417	6
2282704	4583357	24
2146038	4514417	6
1717143	4583357	17
4583357	3737936	38
860569	4514417	6
1470876	4583357	17
645770	4514417	6
1649347	4514417	6
1169441	4583357	17
2193360	4514417	6
2947182	4583357	17
2043133	602833	71
2758304	4583357	17
4362623	4325375	80
1550587	4514417	6
3257652	4514417	6
13433	4514417	6
15275	4631207	212
4647094	4514417	6
726360	15275	698
3069290	4583357	17
2254254	4514417	6
4029127	4514417	6
880080	4514417	6
2382700	4514417	6
6244	4514417	6
1101904	4514417	6
3958553	4514417	6
3366289	4514417	6
1822171	4514417	6
4397807	4583357	32
1437120	4514417	6
724969	4514417	6
4533357	4583357	17
844506	4583357	17
171867	4514417	6
2990531	4514417	6
329157	4583357	17
4629112	2886525	84
802291	4583357	17
1590884	4514417	6
1499180	4583357	17
2975549	4583357	17
3293772	4514417	6
1665590	4583357	17
2658777	4514417	6
2401050	4583357	17
2311857	4514417	6
902394	4583357	17
2098588	4583357	17
601013	4583357	17
4154249	4514417	6
3256569	4514417	6
3729989	4583357	17
3144612	4583357	17
2352512	4583357	17
2705811	4583357	24
225251	4583357	17
838455	4514417	6
4023833	4514417	6
2212457	4583357	17
768789	4514417	6
4259362	4514417	6
4583357	4365696	38
1010913	4583357	17
15275	1065902	212
149301	480947	87
4583357	2231139	38
1978716	4583357	17
1613910	4514417	6
193023	4583357	17
3850617	4514417	6
3329900	4514417	6
4399202	4583357	17
4254083	4514417	6
1844103	4583357	17
1509151	4514417	6
2308401	4583357	17
2926772	4583357	24
2554957	4514417	6
1622725	3592153	503
3658683	4514417	6
3158780	4514417	6
4181080	4583357	17
2377037	4583357	17
4115255	4583357	17
3418925	4514417	6
2176982	4583357	17
2394118	4583357	17
1214600	4514417	6
822774	4583357	17
1014138	4583357	17
4414355	4514417	6
1773743	4514417	6
2045249	4583357	17
2961500	4583357	17
21126	4583357	17
739107	3338470	32
1623246	4583357	17
1012302	4583357	32
2121543	4514417	6
4139771	4583357	32
438326	4514417	6
2653577	4514417	6
674330	4514417	6
3798070	4514417	6
4191594	4583357	17
297463	4514417	6
1771373	4583357	17
4385984	4514417	6
860053	4514417	6
739107	3551655	698
3931178	4514417	6
1917251	4583357	24
2631749	15275	698
3036593	4514417	6
925936	4583357	17
1563246	4583357	17
711821	4583357	17
4394107	4583357	32
3836052	4583357	17
3016619	3505796	698
4226348	4583357	17
412405	4583357	17
4562656	2180840	80
3681996	259650	79
2235454	4514417	6
1305394	4583357	17
1528420	4514417	6
3160754	4583357	17
1847595	4583357	17
3958689	4583357	17
2449610	4583357	17
1696227	4514417	6
3207432	4514417	6
4424111	4583357	17
2219225	4583357	17
4583357	675553	38
3692370	4514417	6
2340181	4583357	17
3890162	4583357	17
4428278	4514417	6
4528444	4583357	17
3194613	4514417	6
887360	3338470	31
3280300	4514417	6
1878370	4514417	6
1379165	4583357	17
583676	4514417	6
4480301	4078522	80
423048	4514417	6
2672931	4514417	6
4583357	2998836	18
2864102	4514417	6
490381	4583357	17
1566952	4514417	6
1814568	4583357	17
4078522	2990682	32
910697	4583357	17
2948804	4583357	17
3860115	2867559	530
1225042	4514417	6
4362091	4514417	6
886761	4583357	17
2315428	4514417	6
1367935	4583357	32
684132	4583357	17
963675	4514417	6
3088224	4514417	6
1609356	4583357	17
2862302	4583357	17
3428834	4583357	17
224181	4583357	17
2289505	4514417	6
3613922	4583357	17
3014014	4514417	6
1470876	4514417	6
640036	4583357	17
2223881	4514417	6
1150817	4583357	17
934048	4514417	6
1399536	4514417	6
1931427	4583357	17
2239152	4583357	17
4141828	4514417	6
2171675	4583357	17
1860845	4514417	6
1123537	4583357	23
340780	4514417	6
2875	4583357	17
1828644	4583357	17
151414	4583357	17
2953121	4583357	17
3036450	4514417	6
2646078	4583357	17
1809868	4583357	17
2427390	4514417	6
2399096	4583357	17
4430684	480947	454
1285232	4583357	17
3531641	4583357	32
1341139	4514417	6
4182598	4514417	6
4583357	2926772	18
2381414	4514417	6
1407741	4583357	17
2319956	4514417	6
4347608	4514417	6
2287211	4583357	32
1155896	4583357	17
3260107	4583357	32
1250026	4583357	17
2180840	4514417	6
1338851	4514417	6
1236179	4583357	17
2977636	4583357	17
2206523	4583357	17
4016751	4514417	6
2942472	4514417	6
2884716	4583357	17
4251741	4583357	23
15275	1603345	212
1091407	4514417	6
1936317	4583357	32
135580	4514417	6
1891835	4583357	17
65970	4514417	6
1069092	4583357	17
4215453	4583357	17
3720290	4583357	17
4406137	4583357	17
1829056	4514417	6
774410	4583357	17
2141518	4583357	17
1674688	4583357	17
3297590	4583357	17
3405847	4514417	6
1777683	4514417	6
4583357	4367522	38
4583357	4584502	38
3486215	4514417	6
4629807	4583357	17
2510469	4514417	6
2159638	4583357	17
1019964	4583357	17
645770	4583357	17
2477671	4514417	6
439977	4583357	17
1977061	4514417	6
2789023	4583357	17
15275	920767	212
2699467	4514417	6
987999	4583357	17
4583357	2287211	38
1426554	4514417	6
1558331	4583357	17
3524977	4514417	6
2011557	3212939	80
4583357	3260107	38
801353	4583357	17
2055922	4583357	17
738005	4583357	17
3518607	4583357	17
2149210	4514417	6
1472626	4514417	6
943742	4583357	17
3300937	4514417	6
454428	4583357	17
3887864	4583357	17
4583357	892362	38
560926	4514417	6
4025089	4514417	6
1308397	4583357	17
2652351	2700513	367
3138873	4583357	17
1215600	4583357	17
4362091	4583357	32
4421687	4583357	17
182934	4514417	6
389090	4514417	6
4520564	4514417	6
3914904	4583357	17
1458569	4514417	6
3350741	4583357	17
3473432	480947	87
917849	4514417	6
1822171	4583357	17
1304483	4583357	17
2820818	4514417	6
4353463	4514417	6
1771576	4514417	6
3705112	4514417	6
3552513	4514417	6
2791406	4514417	6
840579	4583357	17
182934	4583357	17
4583357	1380397	38
4122255	4514417	6
1972867	4514417	6
3338470	3215579	38
1549315	4514417	6
4294089	4583357	17
3599051	4583357	17
4377953	4514417	6
1002321	1870468	38
3871041	4583357	17
1665590	4514417	6
640294	4514417	6
845069	4583357	17
4082451	480947	87
3363887	4514417	6
3313221	4514417	6
3215628	4583357	17
1846381	4514417	6
693544	4583357	17
3043227	4514417	6
593031	4583357	17
4583357	283978	38
3124988	4583357	17
1987485	4514417	6
3931496	4583357	17
3215628	4514417	6
3317199	4514417	6
4074095	4514417	6
364124	4514417	6
4635380	4514417	6
2820051	4583357	17
4285550	4514417	6
4087752	4514417	6
1889120	4583357	17
3992475	4583357	17
4583357	4165552	38
1287184	4514417	6
2736431	3215579	80
3852425	4514417	6
3293670	4514417	6
2882745	4583357	24
2517521	4583357	17
87107	4514417	6
2789023	4514417	6
3101457	4583357	17
2865895	4514417	6
2298051	3526918	72
4292074	4514417	6
3647271	4514417	6
3533854	3338470	32
2537351	4583357	17
3830586	4583357	17
4125595	4514417	6
1245872	4514417	6
2865666	4514417	6
3490326	4583357	17
2360792	4583357	17
4451035	4583357	17
2445786	4583357	17
3780543	4514417	6
4589413	4583357	17
494609	4514417	6
4012831	3533854	74
2206290	4583357	17
3965629	4583357	32
359926	4583357	17
4241716	4514417	6
3727415	4583357	17
3874553	4583357	17
1870468	4316304	31
3529561	4583357	17
3212939	3338470	32
1719488	4583357	32
4583357	1133752	38
1722251	4583357	17
675553	4583357	32
3066293	4583357	32
992230	4583357	17
1203077	4583357	17
1614867	4583357	17
871278	4583357	17
1707504	4514417	6
368294	4583357	17
4363310	4583357	17
1497344	4583357	17
2293371	4583357	17
985689	4583357	17
2394118	4514417	6
3875729	4514417	6
4160246	4514417	6
4298610	4583357	17
2716830	4583357	17
965472	4583357	17
315358	4583357	17
3205297	4514417	6
2184321	4514417	6
4583357	1244929	38
2270262	4514417	6
4583357	4533357	38
1483950	4583357	17
2297865	4514417	6
2171675	4514417	6
635697	4583357	17
1275448	4514417	6
4583357	849471	38
4430404	4514417	6
1044436	4583357	17
4647094	4583357	17
1515837	15275	698
3827363	4514417	6
3346734	4514417	6
801353	4514417	6
4180006	4514417	6
3003756	4583357	17
3987181	4514417	6
1698835	4583357	17
3849393	4514417	6
2289620	4583357	17
2385839	4583357	17
3823151	4514417	6
4058518	4514417	6
968098	4583357	17
860053	4583357	17
1891835	4514417	6
966047	4583357	17
3386893	4583357	17
333809	4514417	6
2256186	4514417	6
105311	4583357	17
1521293	4583357	17
3257637	4583357	17
593031	4514417	6
4583357	2226799	38
2830728	4514417	6
1846381	4583357	17
4111857	4514417	6
2461975	4583357	17
4187562	4583357	17
1635323	4583357	17
2780395	4583357	17
3912772	4514417	6
4342276	4583357	17
3963350	4583357	17
2631011	4514417	6
2816448	4583357	17
4517443	480947	87
2719082	4583357	17
4215453	4514417	6
1591321	4583357	17
1227552	4583357	17
3365000	3526918	72
2112619	4514417	6
2382700	4583357	32
2985177	4583357	17
2975549	4514417	6
637805	4514417	6
4097805	4514417	6
3614970	4514417	6
910697	4514417	6
2652351	705585	32
1228948	3016619	72
4407405	4514417	6
3022624	4583357	17
1483607	4514417	6
3390747	4514417	6
1551951	4514417	6
4325375	15275	698
2637109	4514417	6
1753618	4583357	17
3459852	4583357	17
1563246	4514417	6
3247143	4583357	17
4322609	4583357	17
3182141	4514417	6
1065902	15275	698
375713	4583357	17
1295306	4583357	17
406549	4514417	6
338251	4514417	6
4242028	4514417	6
806880	4514417	6
4583357	491047	38
511060	4514417	6
3093140	4514417	6
1086236	4514417	6
1037396	4583357	17
2793814	4583357	17
15275	4583826	212
105383	4583357	17
4023565	4583357	17
3215579	4583357	17
2308401	4514417	6
3737936	4583357	17
2523159	4514417	6
3344037	4583357	17
1924241	4514417	6
3454433	4514417	6
3712326	4514417	6
3919352	4583357	17
1040508	4514417	6
44452	4583357	17
886707	4583357	17
3537513	4514417	6
289400	4583357	17
2121694	4514417	6
1509185	4583357	17
3115458	4583357	17
2956590	15275	698
3399690	4514417	6
4489860	4583357	32
2375784	4514417	6
2794047	4583357	17
3860115	1095674	74
1696227	4583357	32
560813	4514417	6
105383	1395688	80
1932785	4514417	6
4292074	4583357	32
920767	15275	698
1311589	4583357	17
2406418	4583357	17
1287184	4583357	17
2100553	4583357	17
3427573	4514417	6
2319956	4583357	17
199748	4514417	6
3079539	4514417	6
4562199	3181034	80
1641679	4514417	6
3679226	4514417	6
4035727	4514417	6
3082200	4583357	17
3595361	4514417	6
1344246	4583357	17
1108695	15275	698
2791862	4514417	6
3703981	4514417	6
3911001	4514417	6
4631207	2192018	72
3066290	4514417	6
2033094	4583357	17
832689	4583357	17
2682366	4583357	10
1215711	4514417	6
4649583	4514417	6
3585299	4514417	6
2383128	4583357	17
2292205	4583357	17
4634261	4514417	6
1834701	4583357	17
2781780	4583357	17
816462	4514417	6
1652548	4514417	6
1636951	4514417	6
2348381	4514417	6
310372	4514417	6
2976482	4514417	6
3215579	2736431	72
972043	4514417	6
3847798	4583357	17
2933911	4583357	17
918931	4514417	6
235705	4583357	17
4203425	2736431	72
3938286	4583357	17
1341613	4514417	6
1457823	4514417	6
4163802	4583357	17
1409169	4514417	6
1660646	4514417	6
3749944	4514417	6
1610778	4583357	17
1147087	4514417	6
2123611	1422491	698
3575215	4583357	17
2715071	4583357	17
1882586	4583357	17
1574099	4514417	6
1775398	4583357	17
3939723	4583357	24
3059371	85704	80
1212958	4514417	6
3715901	4583357	17
275078	4514417	6
3215579	1479555	80
4173663	4583357	17
2637374	4514417	6
2147654	4583357	17
4297026	4514417	6
2711828	4514417	6
4390542	4514417	6
1937348	4514417	215
3817394	4514417	6
1407214	4514417	6
3860115	351765	74
3808277	4583357	32
2278011	4583357	17
2833929	4514417	6
1426554	4583357	17
4583357	2131908	18
2765934	4514417	6
499675	4583357	17
525327	4583357	17
4224726	4514417	6
2322513	4514417	6
4583357	3153474	38
739107	1914345	31
1679278	4583357	17
4396159	4583357	17
4644297	4514417	6
3878797	4583357	17
4608128	4583357	17
1838263	4583357	17
887360	3338470	32
959034	4514417	6
1807577	4514417	6
1344972	4514417	6
118267	4583357	17
953863	4583357	17
3420410	4583357	17
2382430	4583357	17
4311174	4583357	17
3303379	4583357	17
4221679	4514417	6
2969709	4514417	6
1733266	4583357	17
3426553	4514417	6
1705041	4514417	6
2632451	4583357	17
4267730	4583357	17
2091778	4583357	17
81468	4514417	6
3800357	4583357	17
4196641	4514417	6
2868284	4583357	17
2817841	4514417	6
3245151	4583357	17
4369986	4514417	6
947076	4583357	17
4430684	4514417	6
539208	4583357	17
3150742	4514417	6
1265642	3860115	71
4173663	4514417	6
4141828	4583357	17
1632646	4583357	17
3243174	4583357	17
2093439	4583357	17
4351635	4583357	17
4610402	4514417	6
1311589	4514417	6
1957456	15275	698
2147394	4583357	17
3895132	4514417	6
4583357	2163550	38
27080	4514417	6
4583357	3175947	38
2002480	4583357	17
475613	4583357	17
1161299	4514417	6
15275	2123611	212
66345	4583357	17
3544260	4583357	17
1428061	4514417	6
3324147	4583357	17
1911880	4514417	6
4583357	3326280	38
2637736	4514417	6
3544522	4514417	6
2471966	4514417	6
989651	4583357	17
2471583	4583357	17
3952072	4514417	6
1608847	4514417	6
1957090	4514417	6
3162079	4514417	6
4583357	3066293	38
1528690	4514417	6
131511	4583357	17
2743939	4583357	17
3580127	4583357	17
4212476	4583357	17
221332	4583357	17
1072528	4514417	6
1023671	4514417	6
2558535	4514417	6
3484664	4514417	6
678523	4583357	17
1117560	1108695	80
1771373	4514417	6
2445786	4514417	6
930994	4514417	6
2424310	4514417	6
4272556	4583357	17
1727295	4583357	17
3215579	4514417	6
385388	4583357	17
761525	4514417	6
4583357	4237163	38
4037824	4514417	6
3056665	4514417	6
1404770	4514417	6
2725971	4514417	6
2192751	4514417	6
1012807	4583357	17
480886	4514417	6
2816525	4514417	6
1086236	4583357	17
4316304	4583357	24
3244697	4514417	6
4299139	4514417	6
1824350	4583357	17
3079539	4583357	17
798358	4583357	17
330561	4583357	17
3653169	4514417	6
3785042	4583357	17
3320969	4583357	17
442970	4514417	6
55202	4514417	6
4349562	4583357	17
4166844	4514417	6
640205	4583357	17
2897919	4583357	17
1960928	4514417	6
4562199	4583357	17
2134528	4514417	6
3742322	4583357	17
2309671	4583357	17
2545408	4514417	6
2892026	4583357	17
586512	4514417	6
3704512	4514417	6
442778	4583357	17
1519907	4583357	17
3764269	2652351	125
4179252	4514417	6
1395704	4583357	17
3436877	4583357	17
1466278	4583357	17
76708	4583357	17
4583357	4119740	18
4443391	4583357	17
1821137	4583357	17
2631385	4583357	17
2531732	4583357	17
4583357	1012302	38
3599508	4583357	17
2031254	4583357	17
2057798	4514417	6
1046505	4583357	17
3602355	4514417	6
3477402	4514417	6
3198474	4514417	6
2298149	4514417	6
4291920	4583357	17
2909620	4514417	6
4634666	4583357	17
3338470	3526918	38
2218340	4583357	17
1335909	4583357	17
15275	3997191	212
2661761	4583357	17
1265642	4514417	6
2734512	4583357	17
3520077	4583357	17
3050924	4583357	17
3905949	4514417	6
81059	4514417	6
2250705	4514417	6
2310535	4514417	6
209365	4514417	6
2276376	4583357	17
3149163	4514417	6
2635927	4514417	6
815574	4514417	6
82735	4514417	6
946770	4583357	17
4583357	1240643	38
629860	4583357	17
2867559	149301	74
3353544	4583357	17
1215600	4514417	6
2523159	4583357	17
3338470	1452612	38
2936223	4583357	17
1973481	4583357	32
3118017	4583357	17
1227552	4514417	6
3364780	4514417	6
3206564	4514417	6
887360	4160246	80
987754	15275	698
2142600	4583357	17
3433380	4583357	17
960453	4514417	6
2572609	4583357	17
3480096	4514417	6
2283511	4514417	6
1069935	4514417	6
1361271	4514417	6
1399369	4514417	6
3669428	4514417	6
2145624	4514417	6
151967	2652351	80
1701073	4514417	6
3365000	4583357	17
1575583	4583357	17
987754	2288032	31
1848808	4514417	6
2591889	4583357	17
848650	4583357	17
2245150	4429827	80
2465614	4514417	6
179012	4514417	6
4228245	4514417	6
3814496	4514417	6
1374051	4514417	6
168065	4514417	6
4238639	4514417	6
1617563	4583357	17
3520077	4514417	6
832689	4514417	6
3317199	4583357	17
4583357	4394107	38
4074130	4514417	6
2445768	4583357	17
3888299	4514417	6
3814496	4583357	17
4289944	4514417	6
1905421	4583357	31
543771	4514417	6
1048629	4514417	6
1516042	2867559	770
4403271	4583357	17
1914345	4583357	24
15275	4643360	101
380795	4514417	6
956661	4583357	17
420254	4514417	6
1908089	3860115	770
887360	4514417	6
2292930	4583357	17
1820490	4583357	17
1877079	4514417	6
2332193	4514417	6
4166844	4583357	17
1373465	4514417	6
2941392	4583357	17
1660646	4583357	17
905171	4583357	17
333033	4514417	6
3681996	3526918	79
3370513	4514417	6
3731285	4514417	6
665190	4583357	17
2323003	4583357	17
2424310	4583357	17
683592	4514417	6
2797830	4514417	6
1811274	4514417	6
139470	4583357	17
2737904	4514417	6
4583357	4342276	38
3880916	4583357	17
907324	4514417	6
687140	4514417	6
1383146	4514417	6
3914904	4514417	6
2413524	4583357	17
526938	4583357	17
3148513	4514417	6
4343916	4583357	17
4649583	2718276	32
4470640	4583357	17
2823493	4514417	6
2245150	4514417	6
3645736	4514417	6
4586414	4514417	6
3070377	4583357	32
2076120	4583357	17
309806	4583357	17
598366	4514417	6
4227640	4514417	6
868563	4583357	24
4119026	4514417	6
705585	2652351	38
2061674	4583357	17
3009051	2736431	72
1504339	4514417	6
2710582	4583357	17
823954	4583357	17
1734970	4514417	6
899934	4583357	32
348173	4583357	17
2919860	4514417	6
22153	4583357	17
1313718	4583357	17
4161260	4583357	17
2729821	4583357	17
2287619	4583357	17
1718577	4514417	6
120632	4514417	6
3226942	4133966	1288
4541695	4583357	17
2189259	4583357	17
4348738	4514417	6
181620	4514417	6
3361650	4583357	17
905171	4514417	6
4068669	15275	698
1069935	4583357	17
4384670	4514417	6
4583357	615	38
858982	4583357	17
4583357	3800776	38
1966337	4514417	6
2883275	4514417	6
442778	4514417	6
4098151	4583357	17
1383826	4583357	17
4429827	240437	32
54409	4514417	6
4089537	4583357	17
3223992	4514417	6
3823411	4514417	6
2743939	4514417	6
254001	4514417	6
4583357	943742	38
1813919	4514417	6
4506813	4514417	6
3613922	4514417	6
2609644	4514417	6
2338696	4514417	6
3643721	4583357	32
4232451	4583357	17
2132002	4514417	6
810628	4514417	6
2752506	4583357	17
1822605	4583357	17
3774821	4583357	32
15275	1279722	212
372373	4583357	17
2416225	4583357	17
4583357	3245021	38
2630200	4583357	17
2323645	4583357	17
3624525	4583357	17
1844111	4583357	17
811573	4583357	17
2310535	4583357	17
3244697	4583357	17
3958553	4583357	17
3656142	4514417	6
1263939	4514417	6
1375929	4514417	6
1218975	4514417	6
4014748	4583357	32
4583357	3555677	38
422513	4583357	17
1340358	4583357	17
3351504	4514417	6
2780395	4514417	6
4301141	4583357	17
2373319	4514417	6
4583357	2718276	18
3508541	4514417	6
1705442	4514417	6
2127093	4583357	17
3839975	4514417	6
2916372	4514417	6
2748213	4583357	17
3519815	4514417	6
2688325	4583357	32
4583357	680735	38
163894	4514417	6
2328401	4514417	6
1717143	4514417	6
2738786	4583357	17
991758	802291	38
4155624	4514417	6
910272	4583357	17
4124055	4514417	6
385388	4514417	6
3468345	4583357	17
4090612	4583357	17
2785578	480947	87
2348576	4514417	6
3330981	4583357	17
2387753	4514417	6
3860115	645775	74
1956977	4514417	6
4508813	1108695	80
1752164	4583357	17
3930867	4583357	17
2283095	4514417	6
3008878	4583357	17
3385426	4583357	17
1529966	4583357	32
15275	3503941	212
1305980	3338470	31
1118778	4583357	17
55202	4583357	17
1628042	4514417	6
1545407	4583357	23
1158106	4583357	17
4082451	3855944	76
3454433	4583357	17
1524670	4583357	17
1399555	4514417	6
2629342	4583357	17
1460365	4514417	6
2441298	4583357	17
4583357	3736412	38
3851736	4514417	6
3440907	4583357	17
4426859	4583357	17
732249	4583357	17
1820853	4514417	6
4031394	4514417	6
4583357	3939723	18
295891	4583357	17
2791657	4583357	17
764094	4583357	17
3779833	4514417	6
195478	4583357	17
456311	4514417	6
3887864	4514417	6
959888	4583357	17
3225303	4514417	6
2986715	4514417	6
1665306	4583357	17
1161299	4583357	17
3895132	4583357	17
562159	4583357	17
1233159	4583357	17
4293030	3338470	32
197509	4583357	17
13910	4514417	6
3116936	4514417	6
1832439	4583357	17
1731274	4583357	17
4587380	4514417	6
3860115	1162531	74
1429670	4583357	17
4504341	4583357	17
1973916	4514417	6
1603345	2736431	72
3350741	4514417	6
1227803	4514417	6
1746705	4583357	17
562159	4514417	6
219223	4514417	6
2736431	3338470	32
1330123	4514417	6
939008	4514417	6
2451045	4583357	17
4508813	3338470	32
2298051	3338470	32
2424218	4514417	6
1917397	4583357	17
1395688	105383	72
4523337	4514417	6
3960420	4514417	6
2239152	4514417	6
2065470	4583357	17
3834500	4514417	6
3366289	4583357	17
3338470	1603345	38
4203425	3338470	32
4016454	4514417	6
2619718	4514417	6
26480	4514417	6
1524670	4514417	6
1077139	4583357	17
363995	4583357	17
4068669	3338470	31
1844111	4514417	6
4095050	4514417	6
121727	4514417	6
4179252	4583357	17
109643	4583357	17
4267730	4514417	6
3552011	4583357	17
2818584	4583357	17
4111832	4583357	17
4480849	4583357	17
4039890	4514417	6
2207170	4583357	17
1108695	3338470	32
2367855	4583357	17
1755044	4514417	6
3321898	4583357	17
4362623	4583357	17
3899107	4583357	17
4078522	15275	698
3212939	2011557	72
4107196	4514417	6
2762040	4583357	17
471648	4583357	17
1953261	4583357	17
909201	4583357	17
2913635	4514417	6
4462778	4583357	17
3526918	3338470	32
2752715	4514417	6
2068985	4514417	6
140644	4583357	17
1494286	4514417	6
406563	4583357	17
4330159	4514417	6
2703207	4514417	6
887360	15275	698
4263636	4514417	6
926386	4514417	6
3731285	4583357	17
3715873	4583357	17
3670006	4583357	17
3116936	4583357	17
396726	4583357	17
310956	4583357	17
64122	4514417	6
3714925	4583357	17
3420179	2817574	80
3716806	3215579	72
4349562	4514417	6
4583357	4416073	38
677989	4583357	17
1766238	4583357	17
881899	4583357	17
3934135	4514417	6
3109843	4514417	6
2880115	4514417	6
4152370	4583357	17
2729174	4583357	17
1820910	4583357	17
421635	4514417	6
2850026	4583357	17
774410	4514417	6
130141	4514417	6
2365098	4583357	17
3338470	1372668	38
4163802	4514417	6
2301199	4583357	17
1467090	4583357	17
2871584	4583357	17
1590680	4514417	6
4583357	1915700	38
4594649	4514417	6
1853889	4583357	32
1738745	4583357	17
2116878	4583357	17
4583357	2382700	38
3050043	4583357	17
219238	4583357	17
2580	4583357	17
4430684	2652351	338
119743	4583357	17
2113206	4514417	6
1432508	4583357	32
851006	4514417	6
1366814	2867559	71
3984688	4583357	17
353974	4514417	6
761871	4514417	6
3981092	1108695	72
4635380	4583357	17
1547475	4514417	6
1267673	4514417	6
1880325	4583357	17
2617616	4514417	6
86222	4583357	17
208939	4583357	32
3292170	4514417	6
3352821	4583357	17
1263939	4583357	17
2127093	4514417	6
4583357	4406759	38
943742	4514417	6
3607781	4514417	6
707755	4583357	17
3338470	1395688	38
879054	4583357	17
1838496	4514417	6
1969214	4583357	17
3860115	1265642	74
3685793	4583357	17
2395984	4583357	17
4251741	4583357	17
1233159	4514417	6
336328	4514417	6
1732145	4583357	17
1230076	4514417	6
224181	4514417	6
2587741	4583357	17
2896250	4514417	6
740721	4583357	17
2340694	4514417	6
3374230	4583357	17
1146841	4514417	6
4068669	3365000	80
2535836	4514417	6
2805153	4583357	17
2299446	4514417	6
1587212	4514417	6
3928826	4514417	6
4361497	4514417	6
411062	4514417	6
3124988	4514417	6
4583357	1719488	38
1598486	4583357	17
1996624	4583357	17
4414355	4583357	17
4303742	4514417	6
525327	4514417	6
2822709	4514417	6
1308397	4514417	6
1817285	4583357	17
3533854	4012831	71
1905802	4514417	6
456759	4583357	17
4631776	4583357	17
1973439	4583357	17
816043	4514417	6
3420972	4514417	6
4486263	4583357	17
465236	4583357	17
2732183	4583357	17
943742	4583357	32
4424111	4514417	6
3152031	4514417	6
1281360	1117560	147
15275	4362623	212
3076691	4583357	32
3655916	4583357	17
265672	4514417	6
407048	4514417	6
581626	4514417	6
4158746	4583357	17
1104747	4514417	6
2375219	4514417	6
2092688	4514417	6
1417092	4514417	6
4148375	4514417	6
3103518	4583357	17
2145353	4514417	6
4119687	4583357	17
1731274	4514417	6
2126332	4514417	6
4276158	4514417	6
1549355	4514417	6
4583357	1122077	38
3521618	4583357	17
2094671	4583357	17
2966727	4583357	17
215254	4514417	6
2210817	4514417	6
1106292	4514417	6
2141412	3338470	32
3346557	4514417	6
635819	4514417	6
1375929	4583357	17
3817633	4514417	6
2019635	4583357	17
1562888	4514417	6
3158195	4514417	6
2541559	4514417	6
1372422	4514417	6
4340325	4514417	6
1775398	4514417	6
3764269	4583357	35
3591143	4583357	17
205964	4514417	6
3704995	4514417	6
3137676	4514417	6
259650	1926345	77
4583357	4552423	38
539652	4583357	17
3368692	4583357	17
2732691	4514417	6
3302191	4514417	6
426137	4514417	6
2046241	4514417	6
3112206	4514417	6
4583357	4269429	38
554828	4583357	17
4306321	4514417	6
41373	4583357	17
3338470	2451045	38
1194203	4583357	17
4508813	480947	87
3428608	4583357	32
2975025	4583357	17
81460	4583357	17
4163536	4514417	6
4484394	4514417	6
2867559	3213753	74
1313715	4514417	6
2356698	4583357	17
189240	4583357	17
1395688	3338470	32
2292848	4583357	17
1603345	3059371	72
720417	4583357	17
4396762	4514417	6
262821	4514417	6
3213753	4514417	6
2250748	4583357	17
1906762	4514417	6
4258574	4514417	6
4583357	4271972	38
465100	4583357	17
3662433	4583357	17
4242066	4583357	17
1117560	2451045	80
3009051	2131908	31
4348809	4514417	6
3240789	4514417	6
4450500	4583357	17
4391984	4514417	6
2345297	4514417	6
4195648	4583357	17
2935887	4583357	17
1121077	4583357	17
4366750	4583357	17
446218	4583357	17
2946479	4514417	6
158794	4518043	31
3619626	4514417	6
1009021	4514417	6
3415771	4514417	6
1863255	4583357	17
2731419	4514417	6
1833630	480947	87
1240871	4583357	17
3227092	4514417	6
1769021	4583357	17
4237163	4583357	17
1777683	4583357	17
105383	3338470	32
1768219	4583357	17
2376896	4583357	17
981278	4514417	6
1199423	4514417	6
37117	4514417	6
1188079	4514417	6
4302049	4583357	17
2747383	4583357	17
3152031	4583357	17
4365696	4514417	6
3161566	4514417	6
2514706	4583357	17
3941662	4583357	17
1559851	4583357	17
1705069	4583357	17
2138277	4514417	6
2097768	4514417	6
1837486	4514417	6
1044394	4583357	17
4530427	4514417	6
3338470	726360	38
479861	4514417	6
109643	4514417	6
1867402	4514417	6
1577923	4583357	17
1460365	4583357	17
1750870	4514417	6
1973400	4583357	17
53702	4583357	17
2123611	1041656	80
3143967	4583357	17
4366750	4514417	6
1463464	4514417	6
4522458	4514417	6
1172517	4514417	6
887360	3215728	80
3215579	3716806	80
2351983	4583357	17
973446	4583357	17
959034	4583357	17
2868695	4514417	6
2883286	4514417	6
4174156	4583357	17
2176912	4514417	6
1915700	4514417	6
3640885	4583357	17
3172584	4514417	6
1528160	4583357	17
201410	4514417	6
2453255	4583357	32
1431873	4514417	6
2190917	1603345	72
2162872	4583357	17
1501802	4583357	17
2261717	4514417	6
3175531	3338470	32
2108002	4583357	17
3314991	4514417	6
2999601	4514417	6
4583357	3764269	63
2240018	4583357	17
1399369	4583357	17
4171658	4514417	6
4222740	4514417	6
1117544	2956590	72
1598486	4514417	6
4355851	4583357	17
4453109	4514417	6
3694648	4514417	6
3125297	4514417	6
3365051	4583357	17
1649200	4514417	6
3846889	4583357	17
2298943	4583357	17
4111857	4583357	17
2578484	4583357	17
2667163	4583357	17
4020428	4514417	6
3562702	4583357	17
3860115	2145337	74
4480301	4583357	17
1330852	4514417	6
4059551	4583357	17
2948704	4583357	17
3643688	4583357	17
1522177	4583357	17
3374145	4514417	6
920435	4514417	6
1117632	3860115	71
1462103	4514417	6
15275	1305980	212
3456318	4583357	17
2192018	4583357	17
2866891	4514417	6
2509742	4583357	32
4165420	4583357	17
3181034	4562199	72
3158195	4583357	17
2063381	4514417	6
1841475	4514417	6
493353	4583357	17
2439312	4514417	6
969481	4583357	17
774564	1422491	698
1924093	4514417	6
2843702	4583357	17
2434481	4583357	17
4465566	4514417	6
2352512	4514417	6
1209618	4583357	17
4583357	2854906	38
4515216	4514417	6
274277	4514417	6
3336403	4514417	6
4637503	4514417	6
1189599	4514417	6
258709	4583357	17
3227232	4583357	17
462956	4514417	6
4064286	4514417	6
3071579	4583357	17
1289378	4583357	17
3061321	4514417	6
3973560	4583357	17
2212353	4583357	17
512307	4583357	17
887360	3175531	80
3521915	4514417	6
2131016	4583357	17
592829	4514417	6
1203077	4514417	6
954667	4514417	6
3098414	4514417	6
4629238	4514417	6
3526505	15275	698
4365696	4583357	32
4423048	4583357	17
543117	4514417	6
4649583	4583357	17
2867559	2427390	74
355254	4514417	6
2271862	4514417	6
575788	4583357	17
3443900	4514417	6
3984688	4514417	6
1146841	4583357	17
736667	4583357	17
2248559	4514417	6
438068	4583357	17
535777	4583357	17
1343127	4583357	17
4039324	4514417	6
1187380	4583357	17
86222	4514417	6
3038063	4514417	6
4400742	4583357	32
1828644	4514417	6
1855506	4583357	32
1127312	4514417	6
557538	4514417	6
3069290	4514417	6
4494759	4514417	6
1410500	4514417	6
4583826	3338470	32
4279470	4514417	6
3736304	4514417	6
1245899	4583357	17
1302234	4514417	6
651	4583357	17
1490068	4583357	17
2663415	4583357	17
3314029	4514417	6
1291774	4583357	32
2998836	480947	803
1685466	4514417	6
20775	4514417	6
2382430	4514417	6
2784661	4583357	32
963947	4583357	17
1230076	4583357	17
4629673	4583357	17
4429827	4514417	6
2521600	4583357	17
2760480	3244583	258
3114500	4514417	6
4190311	4583357	17
2581631	4514417	6
941966	4514417	6
3148513	4583357	17
4185158	4583357	17
4101200	4514417	6
1917851	4583357	17
2218717	4514417	6
1697618	4583357	17
1149598	4583357	32
1234468	4583357	17
4551511	4514417	6
199250	4583357	17
2867559	802291	74
1941422	4583357	17
2428345	4514417	6
964165	4514417	6
2567498	4514417	6
3521248	2652351	125
2703335	4514417	6
492541	4583357	17
680806	4583357	17
1008377	4514417	6
3927183	4514417	6
3521248	4583357	46
15275	3268903	68
625123	4583357	17
2038590	4583357	17
2472663	4583357	17
3071579	4514417	6
1760990	4583357	17
721166	4514417	6
3175531	4514417	6
15275	85704	212
1399481	4514417	6
1934862	4583357	17
2276376	4514417	6
3149163	4583357	31
2409431	4514417	6
1429057	4583357	17
281107	4583357	17
2270489	4583357	17
1149598	4583357	17
2951978	4583357	17
4583357	868563	18
3687108	4583357	17
1250316	4583357	17
2484181	4583357	17
2660410	4583357	17
804403	3338470	32
2711049	4514417	6
4237988	4514417	6
4362623	3338470	31
4146436	4514417	6
1973342	4583357	17
4259028	4514417	6
1587212	4583357	17
3981092	4583357	17
117872	4583357	17
3544745	4514417	6
1236540	4583357	17
3814367	4514417	6
3127449	4583357	17
2909620	4583357	17
2652351	2867559	71
4285550	4583357	17
1527811	4514417	6
3800357	4514417	6
473637	4583357	17
761871	4583357	17
2672931	4583357	17
726360	3338470	32
3998096	4583357	17
2743201	4514417	6
3562542	4583357	17
1998880	4514417	6
2388942	4583357	17
4325375	4362623	72
2231139	4583357	32
1961448	4583357	17
840864	4583357	17
4374672	4583357	17
4324621	4583357	17
1458071	4583357	17
2582200	4514417	6
2194585	4583357	17
409217	4583357	17
4191594	4514417	6
478184	4583357	17
4082451	4514417	6
2231862	4514417	6
1727295	4514417	6
2038489	4583357	32
333809	4583357	17
22153	4514417	6
3651238	4583357	17
2652351	2411324	41
848111	4583357	32
992230	4514417	6
892362	4583357	32
2628556	4583357	17
3901032	4514417	6
3748528	4514417	6
575788	4514417	6
1179860	4514417	6
4094866	4514417	6
2002575	4514417	6
4333179	4583357	17
1857296	4583357	17
334747	4514417	6
3223992	4583357	17
1074705	4514417	6
4108578	4583357	17
208939	4514417	6
2445548	4583357	17
603437	4514417	6
3552513	4583357	17
2100998	4583357	24
1881923	4514417	6
2119925	4514417	6
4583357	4260377	38
4489860	4514417	6
3686551	4514417	6
46825	4583357	17
720417	4514417	6
1696782	4583357	17
2195290	4514417	6
2073154	4514417	6
2759789	4514417	6
3026572	4583357	17
3358823	4583357	17
845967	4583357	17
3865964	4514417	6
4271972	4583357	32
3608470	4514417	6
809163	4583357	17
3341015	4514417	6
4583357	4292074	38
1095524	4514417	6
956503	4514417	6
845069	4514417	6
2516844	4583357	17
3804012	4583357	17
2395042	4514417	6
1012302	4583357	17
2926705	4514417	6
3359667	4514417	6
523193	4583357	17
4515946	3338470	32
3595361	4583357	17
1009133	4583357	17
2386979	4514417	6
8551	4583357	17
2564288	4514417	6
2404729	4514417	6
719647	4514417	6
15275	3016619	212
3939865	4583357	17
1971593	4583357	17
633834	4514417	6
15275	4165009	212
1406553	4514417	6
1811300	4514417	6
804403	4583357	17
763224	4514417	6
1493966	4583357	17
15275	4562199	212
2553114	4514417	6
3256565	4514417	6
4050148	4514417	6
206459	4514417	6
144720	4514417	6
4583357	3821899	38
4297296	4583357	17
1565434	4514417	6
1172337	4514417	6
3806452	4583357	17
1890917	4514417	6
11273	4514417	6
2206290	4514417	6
2799706	4583357	17
2060501	4514417	6
3643721	4514417	6
4052229	4514417	6
2870856	4514417	6
1473149	4514417	6
3884335	4583357	17
523760	4514417	6
3827363	4583357	17
811213	4583357	17
390475	4583357	17
3251518	4583357	17
2755816	4514417	6
4563313	4583357	17
3731479	4514417	6
1938567	4583357	17
751351	2123611	80
4583357	803463	38
4159582	4583357	17
76708	4514417	6
2033626	4514417	6
1575583	4514417	6
4583357	3070377	38
3420179	976376	80
158585	4514417	6
1350192	4514417	6
3251518	4514417	6
1959943	4583357	17
2886525	670570	24
120077	4514417	6
2700513	2652351	338
752155	4583357	17
4263636	4583357	17
2190879	4514417	6
4514417	3354636	156
2040500	4514417	6
2513090	4514417	6
4153120	4583357	17
4469425	4514417	6
75516	4583357	32
494054	4514417	6
1499180	4514417	6
724157	4583357	17
144812	4514417	6
3303379	4514417	6
1445538	4583357	167
4289944	4583357	17
3687108	4514417	6
3416089	4583357	17
950223	4514417	6
1423208	4514417	6
3716483	4514417	6
4407405	4583357	17
3353512	4583357	17
4522181	4583357	17
3843902	4583357	17
4149254	480947	87
1573545	4583357	17
1812662	3860115	71
3370818	4583357	17
1353698	4583357	17
3435278	4583357	17
1500775	4583357	17
1289825	4583357	17
3903794	4583357	32
2428784	4583357	17
1406192	3860115	71
2256186	4583357	17
3582761	4514417	6
2019112	4583357	17
1152272	4514417	6
940776	4514417	6
3584	4583357	17
1670758	4583357	17
2867559	4149254	74
2891457	4514417	6
2975050	4583357	17
1422491	774564	212
4431778	2886525	17
635697	4514417	6
3741235	4583357	17
2326038	4583357	17
1168288	4514417	6
4118949	4514417	6
3415771	4583357	17
1020354	4583357	17
4292242	4583357	17
3420179	4583357	17
966176	4583357	17
15275	3726530	212
323981	4514417	6
1154865	4514417	6
651	4514417	6
1025795	4583357	17
1516042	1833630	74
887360	2911651	80
3939865	4514417	6
3599508	4583357	32
2731419	4583357	17
2240018	4514417	6
3966322	4514417	6
325907	4583357	17
1820464	726360	72
3778043	4583357	17
4562199	3338470	32
1395688	4508813	80
964165	4583357	17
1108695	1117560	72
3866088	4583357	17
158794	3215579	72
3681256	4583357	17
4234856	4514417	6
918466	4583357	17
3964873	4583357	17
1479554	4583357	17
2158282	4514417	6
3338470	4508813	38
1228407	4514417	6
775940	4583357	17
3653088	4583357	32
2736431	4562199	80
2309671	4514417	6
4082451	2867559	71
4364401	4514417	6
2557175	4514417	6
1959943	4514417	6
2734512	4514417	6
2924053	4514417	6
2010660	4514417	6
2245150	804403	72
3338470	887360	38
739107	15275	698
1889946	4583357	17
751351	3338470	31
748873	4514417	6
3781547	4583357	17
2312704	4514417	6
1452612	3338470	32
3534382	4583357	17
2663043	4583357	17
920589	4514417	6
3562702	4514417	6
2268681	4583357	17
2269109	4514417	6
2507338	4514417	6
3162574	4514417	6
3938286	4514417	6
3981092	15275	698
2122839	4514417	6
99951	4583357	17
2033065	4514417	6
3338470	4583357	22
3279004	4514417	6
1004836	4514417	6
3904588	4514417	6
2398527	4514417	6
596794	4583357	17
3346734	4583357	17
432797	4514417	6
198816	4583357	17
2505775	4514417	6
1720512	4583357	17
2255291	4514417	6
2034947	4583357	32
3487104	4583357	17
3561878	4514417	6
1456843	4514417	6
3570484	4583357	17
2112619	4583357	17
3058904	4583357	17
4150602	4514417	6
2691668	4514417	6
3860115	1581691	74
2886525	3338470	1713
305511	4583357	17
3489183	4583357	17
2084969	4514417	6
1833630	1516042	71
4544181	4514417	6
2347531	4514417	6
1857451	4514417	6
4125595	4583357	17
1376463	4514417	6
2719717	15275	698
343949	4583357	17
289400	4514417	6
1837117	4514417	6
3240690	4514417	6
4616572	4514417	6
3293670	4583357	17
2231139	4514417	6
4005281	4583357	17
464537	4583357	17
2820051	4514417	6
1875335	4583357	17
2422933	4514417	6
4583357	3692370	38
851006	4583357	17
3570634	4514417	6
4592507	4514417	6
853758	4514417	6
305415	4514417	6
3872121	3338470	32
2915986	4583357	17
2409808	4514417	6
1438778	4583357	17
2681043	4583357	17
4223922	4583357	17
3175531	4583357	17
3244583	4430123	257
550393	4583357	17
1942511	4514417	6
2282704	3908316	38
4498782	4514417	6
2119925	4583357	17
3132500	4514417	6
2454113	4514417	6
2736431	4174156	80
4632785	4583357	17
4222740	4583357	17
1350192	4583357	17
4583357	3230555	38
3030289	4583357	17
2665706	4514417	6
2518317	4514417	6
1838298	4583357	17
3324823	4514417	6
1161922	4514417	6
114133	4514417	6
3809152	4583357	17
730335	4583357	17
2909256	4514417	6
1094217	4514417	6
4012831	4149254	74
2860228	4514417	6
1995880	4583357	17
3534920	4583357	17
2671858	4583357	17
3140602	4514417	6
522065	4583357	17
1395688	15275	698
2419532	4514417	6
3268903	3592153	503
1143454	4583357	17
2451045	926386	80
2998645	4583357	32
1924842	4514417	6
707755	4514417	6
2728383	4583357	17
4243073	4583357	17
917849	4583357	32
1601318	4583357	17
3428608	4514417	6
1976433	4583357	17
4012831	2011557	74
4133966	259650	213
3566551	4514417	6
23018	4583357	17
3762862	4514417	6
99124	4583357	17
4583357	1916520	38
1778887	4583357	17
2679826	4514417	6
1130236	4583357	17
2665706	4583357	17
3669795	4583357	17
2340181	4514417	6
1514019	4583357	17
4079920	4514417	6
3982583	4514417	6
978963	4514417	6
756753	4514417	6
1881923	4583357	17
255244	4583357	17
2483563	4514417	6
4184630	4514417	6
1969780	4583357	17
1290670	4583357	17
1770774	4514417	6
1459550	4583357	17
3582761	4583357	32
1001601	4514417	6
1834701	4514417	6
4632785	4514417	6
259650	1350471	1714
1241799	4514417	6
1632537	4514417	6
3476857	4583357	17
1223781	4514417	6
756753	4583357	17
2696804	4514417	6
404328	4514417	6
151986	4583357	17
3250081	4583357	17
78558	4583357	17
1070854	4583357	17
2833641	4514417	6
3709143	4583357	32
1423208	4583357	17
4514417	1937348	156
4396142	4514417	6
1106292	4583357	17
6244	4583357	17
4396743	4514417	6
4190244	4583357	17
140055	4583357	17
4389439	4514417	6
1961448	4514417	6
3551655	4583357	565
2729174	4514417	6
40603	4514417	6
392852	4583357	17
2622182	4583357	17
125847	4583357	17
650393	4583357	17
1811274	4583357	17
908372	4514417	6
2961959	4514417	6
4379747	4583357	17
3766312	4583357	17
259650	3176734	68
1350471	259650	736
2298943	4514417	6
3534701	4583357	17
850824	4583357	17
3585309	4514417	6
1910384	4514417	6
4588121	4514417	6
1341139	4583357	17
4122255	4583357	17
4455656	4583357	17
4592507	4583357	17
1849964	4514417	6
2302024	4583357	32
3313221	4583357	17
3715165	4514417	6
2619718	4583357	17
3618373	4583357	17
1753387	4583357	17
2298051	15275	698
2012757	15275	698
117872	4514417	6
2483563	4583357	17
2725667	4583357	32
3170686	4514417	6
2541417	4583357	17
3860115	1812662	74
3871041	4514417	6
1195787	4514417	6
3226277	4583357	17
355750	4583357	17
4010344	4583357	17
1791128	4514417	6
2412540	4514417	6
2033065	4583357	17
2491379	4583357	17
2092688	4583357	17
2415158	4583357	17
4160246	4562656	80
3717450	4583357	17
4149394	4583357	17
4429827	15275	698
468473	4583357	17
4643360	1761824	10
1444436	4583357	32
3971797	4514417	6
1754977	4514417	6
46064	4514417	6
1084596	4583357	17
1828521	4514417	6
2328945	4583357	17
881899	4514417	6
4449536	4514417	6
2387563	4583357	17
1859568	4583357	32
2838702	4583357	17
2264488	4583357	17
3655916	4514417	6
4388643	4514417	6
2015048	4583357	17
92466	4583357	17
2648194	4583357	17
1566652	4514417	6
4490477	4583357	17
167674	4514417	6
2777570	4583357	17
87638	4514417	6
2716830	4514417	6
1407322	4583357	17
640294	4583357	17
3067609	4583357	32
1241799	4583357	17
4562199	2086870	72
2445548	4514417	6
359318	4514417	6
554828	4514417	6
2357985	4583357	17
1135574	4583357	17
629860	4514417	6
3389521	4583357	17
1989213	4514417	6
4195648	4514417	6
3036450	4583357	17
3113672	4514417	6
4048388	4514417	6
3566551	4583357	17
3601828	4514417	6
817425	4583357	17
3875389	4514417	6
2623412	4514417	6
2618968	4583357	17
2052307	4514417	6
3064094	4583357	17
222939	4583357	17
3433380	4514417	6
4115097	4583357	17
1989056	4514417	6
1667105	4514417	6
2163550	4514417	6
2546395	4514417	6
4583357	2556524	38
471648	4514417	6
4331395	4514417	6
4594649	4583357	17
3427469	4583357	17
1854849	4583357	17
883713	4583357	17
1108695	4514417	6
2998836	2652351	338
1603345	1515837	80
1054138	4583357	23
2012757	3338470	32
645775	4514417	6
4400836	4583357	17
4583357	3965629	38
2059475	4583357	17
3583752	4514417	6
4343244	4514417	6
2801168	4583357	17
4237163	4514417	6
629948	4583357	17
954135	4583357	17
254413	4583357	17
1441692	4514417	6
4583357	1432508	38
2631011	4583357	32
1572254	4514417	6
2513090	4583357	17
2503704	4514417	6
3307685	4583357	17
887360	3016619	80
3679772	4514417	6
2977168	4583357	17
3675561	4514417	6
4353726	4514417	6
1957090	4583357	17
3548093	4583357	17
4311607	4514417	6
3291998	4583357	17
3965892	4583357	17
4335676	4583357	17
3343644	4583357	17
4398346	4514417	6
3788497	4514417	6
2548713	4514417	6
3131274	4583357	17
3286828	4583357	17
1544784	4583357	17
1819327	4583357	17
4141090	4514417	6
985689	4514417	6
4068669	1917251	32
213872	4514417	6
549981	4583357	17
1514775	4514417	6
4440655	4583357	17
3248005	4583357	17
4583357	3875729	38
4458555	4514417	6
1812931	4583357	17
4504039	4583357	17
9092	4514417	6
314191	4514417	6
387948	4583357	17
4583357	3108577	38
2867559	4430123	248
2668644	4583357	17
3659909	4583357	17
4583357	3599508	38
2097780	4514417	6
2364942	4514417	6
1225042	4583357	17
2141554	4514417	6
1328956	4514417	6
3681256	4514417	6
4300441	4583357	17
3305296	4514417	6
4113368	4514417	6
1848423	4583357	17
1975563	4514417	6
4533222	4583357	17
4645587	4583357	17
1492485	4583357	17
2926705	4583357	17
85704	3059371	72
3798070	4583357	17
2345742	4583357	17
3365000	4068669	72
75516	4514417	6
81059	4583357	17
21329	4583357	17
789513	4514417	6
3245021	4583357	32
443826	4514417	6
3658683	4583357	17
595955	4583357	17
1189599	4583357	32
225251	4514417	6
46064	4583357	17
2222463	4583357	17
4583357	2742658	38
2734605	4583357	17
366388	4583357	32
803463	4514417	6
2057798	4583357	17
4515946	4583357	17
3979016	4583357	17
2263925	4514417	6
2981759	4514417	6
4059199	4514417	6
4391984	4583357	17
2472663	4514417	6
2760480	2867559	234
2692964	4514417	6
655882	4429827	80
1845056	4514417	6
859405	4514417	6
3585309	4583357	17
3559255	4514417	6
2767821	4514417	6
3690593	4514417	6
946907	4514417	6
4501028	4514417	6
3338470	2298051	38
1529966	4583357	17
746261	4514417	6
2430112	4514417	6
3420179	987754	72
1288401	4514417	6
3015800	4583357	17
2289505	4583357	17
1818498	4514417	6
910038	4583357	17
3420179	3338470	32
4191198	4583357	17
3997191	4514417	6
4342276	4583357	32
2003412	4514417	6
4165009	4583357	17
763224	4583357	17
2711933	4583357	17
2765934	4583357	17
3636901	4514417	6
1484495	4583357	17
2953121	4514417	6
4583357	3802816	38
2652351	2355821	41
1192462	4514417	6
828926	4583357	17
2868284	4514417	6
3014014	4583357	17
2026143	4583357	17
1191879	4583357	17
4111832	4514417	6
2453953	4514417	6
3306727	4583357	17
3748048	4514417	6
3533854	4583357	17
2319079	4514417	6
84385	4583357	17
52398	4583357	17
736470	4583357	17
3600545	4514417	6
2087719	4583357	17
2086973	4514417	6
364274	4583357	17
4610402	4583357	17
4195036	4583357	17
828846	4583357	17
2979936	4583357	17
1189436	4583357	17
976145	4514417	6
2373319	4583357	17
2086870	15275	698
2957044	4514417	6
2146038	4583357	17
2140666	4583357	17
1533320	4583357	17
15275	2451045	212
2639113	4583357	17
2305903	4583357	17
15275	3533854	212
2145337	3860115	71
415718	4583357	17
1890917	4583357	17
920767	4562656	72
2506634	4583357	32
4384670	4583357	17
2709538	4583357	17
1931094	4583357	17
2871169	4583357	17
3827890	4583357	17
701929	4583357	17
3930197	4583357	17
1942511	4583357	17
2980746	4514417	6
4090612	4514417	6
1138179	4514417	6
3562542	4514417	6
3027308	4583357	17
4113607	4514417	6
3418925	4583357	17
2343217	4514417	6
707780	4583357	17
9092	4583357	17
1603345	2687841	31
972043	4583357	17
3720253	4583357	17
4355207	4583357	17
4149254	2867559	71
2289620	4514417	6
1161299	4583357	32
4626785	4514417	6
1199423	2652351	338
4583357	4138847	38
1642664	4583357	17
774564	15275	698
1613667	4514417	6
1875208	4583357	17
4138847	4514417	6
92466	4514417	6
2064012	4514417	6
520868	4514417	6
1602724	4514417	6
3481614	4583357	17
2490012	4514417	6
880315	4583357	17
2302024	4514417	6
3524367	4583357	17
2757509	4583357	17
3664180	4583357	17
4583357	2672916	38
829289	4514417	6
2081201	4583357	17
2909978	4514417	6
4367522	4583357	32
3901032	4583357	17
1609297	4514417	6
1201265	4514417	6
853758	4583357	17
189612	4583357	17
1169642	3860115	71
366388	4583357	17
598366	4583357	17
1919070	4583357	17
1913943	4583357	17
2934204	4514417	6
2159796	4583357	17
1325086	4583357	17
130141	4583357	17
3933445	4583357	17
3337184	4514417	6
3206170	4514417	6
2816448	4514417	6
82239	4583357	17
2784661	4514417	6
1550771	4514417	6
3338470	987754	38
965060	4514417	6
1923098	4514417	6
2245150	4583357	17
4044891	4514417	6
3631194	4583357	17
3215579	3059371	72
4406137	4514417	6
3717450	4514417	6
20001	4583357	17
3441636	4514417	6
1936317	4514417	6
1192462	4583357	17
4275056	4514417	6
2326038	4514417	6
105811	4514417	6
946770	4514417	6
3851374	4583357	17
15275	4160246	212
15275	774564	212
4631776	4514417	6
1002321	4583357	24
3737936	4583357	32
1312759	4583357	17
627528	4583357	17
4420121	4583357	17
3204460	4514417	6
3368854	4583357	17
1590090	4583357	17
4182598	4583357	17
3059371	4174156	80
2298051	480947	87
2192018	3338470	31
1893781	4514417	6
2748402	4583357	17
686050	4583357	17
3475543	4583357	17
3370818	4514417	6
847253	4514417	6
4074130	4583357	32
4552423	4583357	32
3009051	3338470	32
155393	4514417	6
182382	4583357	17
4037824	4583357	17
234327	4583357	17
4010876	4583357	17
3664326	4514417	6
3423139	4514417	6
2631385	4514417	6
346428	4583357	17
2132420	4514417	6
2774620	4514417	6
158356	4583357	17
719647	4583357	17
824992	4583357	17
108194	4583357	17
1373419	4583357	17
458197	4514417	6
3271037	4514417	6
2794047	4514417	6
2531070	4514417	6
2567071	4583357	17
4429230	4583357	17
177754	4583357	17
3690337	4514417	6
602392	4583357	17
3908316	2282704	32
1234468	4514417	6
1276855	4514417	6
2929288	4514417	6
2922637	4514417	6
3636901	4583357	17
3351504	4583357	17
4583357	1841475	38
50866	4514417	6
1751854	4583357	17
1435047	4514417	6
4478550	4583357	17
1847988	4514417	6
4174156	15275	698
3928140	4583357	17
3720820	4583357	17
910272	4514417	6
1286631	4514417	6
4131310	4583357	32
4551362	4583357	17
4550593	4583357	17
3453174	4583357	17
4356072	4583357	17
2655565	4514417	6
665729	4514417	6
2148703	4583357	17
4640198	4583357	17
414075	4514417	6
4311607	4583357	17
3964873	4514417	6
3823151	4583357	17
1791552	4514417	6
1313715	4583357	17
3526918	1350471	844
2582200	4583357	17
2543729	4583357	17
4486608	4514417	6
2289253	4514417	6
820653	4514417	6
3267579	4514417	6
3860115	381557	74
1047325	4514417	6
78148	4583357	17
3837517	4514417	6
2867559	3613064	68
1420690	4583357	17
3053142	4514417	6
1701073	4583357	17
4583357	90362	38
4173238	4514417	6
1204030	4583357	17
4279065	4514417	6
4031128	4583357	31
926737	4514417	6
1924960	4514417	6
895143	4583357	17
1309454	4583357	17
3338470	4203425	38
4421542	4583357	17
1095524	4583357	17
2966727	4514417	6
256059	4514417	6
4478829	4514417	6
3189916	4583357	17
1135905	4514417	6
4583357	624495	38
1020354	4514417	6
4514417	4430123	156
3481614	4514417	6
2842293	4583357	17
897760	2886525	17
498680	4514417	6
1986130	4583357	17
2395042	4583357	17
2043133	3338470	32
1066061	4583357	17
2456820	4514417	6
3704512	4583357	17
2853661	4583357	17
1854108	4514417	6
192765	4583357	17
75516	4583357	17
3926733	4583357	17
4161295	4514417	6
594606	4514417	6
2965996	4293030	212
3484664	4583357	17
2124634	4514417	6
1363247	4583357	17
355750	4514417	6
122848	4583357	17
4529391	4514417	6
3204460	4583357	32
4583357	1696227	38
4022340	4514417	6
2189259	4514417	6
2269109	4583357	17
2714251	4583357	17
4306305	4583357	17
650393	4514417	6
1230832	4514417	6
1701140	4583357	17
2379988	4514417	6
365412	4583357	17
1363247	4514417	6
1150817	4514417	6
1428061	4583357	17
625083	4583357	32
4379747	4514417	6
283978	4514417	6
1742019	4583357	17
4509488	4583357	17
3613064	3592153	503
512523	4583357	17
1712593	4583357	17
4451721	4514417	6
4583357	1273927	38
658902	4514417	6
770753	2736431	84
908372	4583357	17
2222463	4514417	6
111366	4583357	17
3212939	480947	87
3860115	1501586	74
4583357	2855121	38
1824350	4514417	6
1718577	4583357	17
1169890	4514417	6
1094156	4583357	17
4562656	3338470	32
2720644	4514417	6
2235412	4514417	6
592370	4514417	6
4198480	4583357	17
965472	4514417	6
2629246	4583357	17
4498782	4583357	17
2689633	4583357	17
3294829	4583357	17
3134420	4514417	6
4068669	2298051	80
2216124	4583357	17
3422549	4514417	6
2652351	3569543	367
1145536	4514417	6
4589890	4514417	6
2817841	4583357	17
1275448	4583357	17
3338470	3420179	38
3992475	4514417	6
478184	4514417	6
1023712	4583357	17
3526918	4362623	80
1304876	4583357	17
356933	4583357	17
2860228	4583357	32
4600857	4583357	17
1751854	4514417	6
4606058	4514417	6
1370316	4514417	6
3762862	4583357	17
1759317	4583357	17
3791789	4583357	17
147818	4514417	6
1850281	4514417	6
1495058	4514417	6
2909978	4583357	17
1313718	4514417	6
85704	15275	698
1041636	4514417	6
3427469	4514417	6
1882586	4514417	6
730335	4514417	6
2351983	4514417	6
52398	4514417	6
427607	4514417	6
48635	4514417	6
2649398	4514417	6
1281360	85704	147
2996793	4583357	17
2745261	4514417	6
3018071	4583357	17
4099108	4514417	6
15275	4203425	212
3678860	4514417	6
3349243	4514417	6
3997191	15275	698
3165703	4583357	17
2777570	4514417	6
522984	4514417	6
3233914	4583357	17
1162531	4514417	6
1618117	4583357	17
3898443	4514417	6
655661	4514417	6
3847682	4583357	17
726360	3338470	31
145637	4583357	17
3716806	1908089	71
2324826	4583357	17
1012807	4514417	6
3712326	4583357	17
2033008	4583357	17
120077	4583357	17
4583357	1445538	45
2555049	4583357	17
1131299	4583357	17
3181262	4583357	17
1867266	4514417	6
1999159	4514417	6
1695973	2652351	338
917849	4583357	17
1041656	4514417	6
3928616	4514417	6
3971647	4514417	6
2374979	4583357	17
1291859	4514417	6
4203425	3059371	72
3878797	4514417	6
892362	4514417	6
3416786	4583357	17
4653691	4583357	17
1118154	4514417	6
427607	4583357	17
1123828	4514417	6
3659909	4514417	6
3451405	4583357	17
502109	4514417	6
2142600	4514417	6
1804969	4583357	17
1668751	4514417	6
2406418	4514417	6
2505769	4514417	6
4583357	2864102	38
76958	4583357	17
4583357	97883	38
4365116	4514417	6
2134298	4583357	17
182330	4583357	17
1498399	4583357	17
855849	4583357	17
2195290	4583357	17
3338470	85704	38
81468	4583357	17
3202847	4514417	6
2007459	4514417	6
1535986	4583357	17
3555677	4514417	6
3627691	4514417	6
64122	4583357	17
3935428	4583357	17
4040048	4583357	17
2785525	4583357	32
2557691	4583357	17
355032	4583357	17
2779799	4583357	17
4074095	4583357	17
492385	4583357	17
1807577	4583357	17
4390116	4583357	32
821524	4514417	6
1996624	4514417	6
3038063	4583357	17
3614970	4583357	17
3681996	4583357	17
3703981	4583357	17
739107	2871584	80
795375	4583357	17
4438746	4514417	6
1214434	4583357	17
4149074	4514417	6
1896774	4514417	6
1241365	4583357	17
4583357	3233741	18
378054	4583357	17
200325	4583357	17
1941207	4583357	17
2942472	4583357	17
2760324	4514417	6
1599530	4514417	6
2387563	4514417	6
4504083	4583357	17
1602724	4583357	17
3170031	4583357	32
2544886	4583357	17
2030087	4583357	17
3714925	4514417	6
4079920	4583357	17
4255056	4583357	565
1727691	4514417	6
4583357	4489860	38
3291998	4514417	6
2248559	4583357	17
4583357	1652504	38
1822489	4514417	6
142115	4583357	17
40603	4583357	17
802291	4514417	6
2288030	4583357	17
2763351	4583357	17
1956977	4583357	17
1441194	4583357	17
1791385	4583357	17
2419532	4583357	17
3148892	4583357	17
1147120	4514417	6
3439470	4583357	17
528901	4514417	6
3718517	4583357	17
4625609	4583357	17
3692018	4583357	17
426137	4583357	17
1742019	4514417	6
738005	4514417	6
2426085	4514417	6
3659718	4583357	17
1851150	4514417	6
4101444	4514417	6
3067609	4514417	6
1377919	4583357	17
4583357	208939	38
480947	2607057	1099
3020723	4514417	6
1298968	4583357	17
1745766	4583357	17
2826543	4583357	17
4068669	987754	80
2878682	4583357	17
2693046	4514417	6
4165552	4514417	6
477423	4514417	6
4559133	4514417	6
15275	3009051	212
2515392	4583357	17
3228057	4583357	17
350998	4583357	17
1023671	4583357	17
4134072	4514417	6
449405	4583357	17
1927494	4514417	6
1880590	4583357	17
4445685	4514417	6
4050101	4514417	6
3677749	4514417	6
1697618	4514417	6
3997191	3338470	31
1622725	1334405	652
2553605	4514417	6
119743	4514417	6
3338470	3872121	38
3931496	4514417	6
4234222	4149254	80
4278353	4514417	6
4182355	4583357	17
4251571	4583357	17
2078214	4514417	6
1820464	4514417	6
1755044	4583357	17
4217507	4583357	17
108864	4583357	17
66345	4514417	6
4226348	4514417	6
2239504	4514417	6
601414	4583357	17
2761155	4583357	32
2731043	4583357	17
432033	4514417	6
3908316	2282704	31
3494650	4583357	17
2245150	3338470	32
3009413	4583357	17
1986130	4514417	6
3103518	4514417	6
2949917	4583357	17
3537085	4583357	32
38797	4514417	6
4550792	4514417	6
4018277	4583357	17
3723828	4583357	17
3585299	4583357	17
1469795	4514417	6
3534382	4514417	6
3338470	3365000	38
2192018	4631207	80
2675125	4514417	6
2628251	4583357	17
3135318	4514417	6
2052666	4583357	17
4158359	4583357	17
2675548	4514417	6
3048746	4583357	17
871344	4583357	17
1108695	3338470	31
822774	4514417	6
1645743	4583357	17
3707264	4583357	17
840579	4514417	6
1870468	1002321	32
2298150	4583357	17
15275	2192018	212
3617765	4583357	17
1281360	4583357	24
2245150	2100998	31
1450397	4514417	6
3952376	4514417	6
2283511	4583357	17
1573545	4514417	6
1663170	4514417	6
3795130	4583357	17
2655565	4583357	17
633834	4583357	17
15275	1957456	212
4634666	4514417	6
2123611	751351	72
2619315	4514417	6
1127312	4583357	17
1917397	4514417	6
3180150	4514417	6
3212939	15275	698
774564	2705811	32
3016619	2718276	31
3048746	4514417	6
15275	1372668	212
2789955	4583357	32
1134713	4583357	17
3936281	4583357	17
2413524	4514417	6
2427390	2867559	71
2132002	4583357	17
3623547	4583357	17
817425	4514417	6
1959842	4514417	6
804403	3338470	31
818696	4514417	6
1093461	4514417	6
2526617	4583357	17
2430112	4583357	17
177096	4583357	17
1018072	4514417	6
3487104	4514417	6
4522858	4583357	17
427781	4583357	17
4388643	4583357	17
954135	4514417	6
549607	4583357	17
1515837	2210410	698
3715165	4583357	17
1978380	4514417	6
3629053	4583357	17
1666678	4583357	17
3105802	4583357	32
2202900	4583357	17
3212939	3233741	31
1809868	4514417	6
3526505	774564	72
182330	4514417	6
2609837	4514417	6
1097994	4583357	32
726360	4515946	72
3984512	4583357	17
1407741	4514417	6
3980240	4583357	17
2454113	4583357	17
1305394	4514417	6
4059199	4583357	17
3501479	4514417	6
4426064	4583357	17
2709804	4514417	6
4106114	4514417	6
1459550	4514417	6
2400865	4514417	6
3213279	4514417	6
2919860	4583357	17
3637196	4583357	17
2179884	2956590	72
2724405	4514417	6
2894802	4583357	32
1250316	4514417	6
2340694	4583357	17
1840354	4514417	6
4583357	1859568	38
3494157	4514417	6
2339957	4583357	17
2038489	4514417	6
1897523	4514417	6
4583357	1340749	38
816668	4514417	6
1797452	4583357	17
83846	4514417	6
4411656	4583357	17
2861977	4514417	6
4299343	4583357	17
2644309	4514417	6
3575215	4514417	6
1603345	4514417	6
4131310	4514417	6
629948	4514417	6
2159796	4514417	6
3617765	4514417	6
4174530	4514417	6
15275	4583357	565
3255407	4514417	6
2917334	4583357	17
1504339	4583357	17
3882019	4583357	17
651914	4583357	17
2857175	4583357	17
2681612	4514417	6
1429057	4514417	6
1145278	4583357	17
3569543	480947	87
168064	4514417	6
3776360	4514417	6
2564808	4514417	6
3252785	4514417	6
4345446	4583357	17
895143	4514417	6
4361497	4583357	17
3256569	4583357	17
1122019	4583357	17
2871584	739107	72
1191879	4514417	6
693954	4514417	6
2801168	4514417	6
918931	4583357	17
3529561	4514417	6
1574160	4583357	17
3822477	4583357	17
1483607	4583357	17
4203425	15275	698
4440354	4514417	6
4325375	2727954	31
15275	1870468	212
3892270	4514417	6
683967	4583357	17
4071427	4583357	17
981527	4583357	17
2365098	4514417	6
4554906	4514417	6
874099	4583357	17
2225578	4583357	17
596794	4514417	6
2163550	4583357	17
4653695	4583357	17
1417092	4583357	17
1095674	4514417	6
1734970	4583357	17
4583357	3997465	38
1436348	4583357	17
3716806	4514417	6
3567778	4583357	17
1809403	4514417	6
3082200	4583357	32
1286190	4514417	6
2192194	4583357	17
2652351	705585	31
775139	4514417	6
480886	4583357	17
2736431	3009051	80
105383	15275	698
1654219	4514417	6
855507	4583357	17
4231730	4514417	6
245661	4583357	17
95302	4583357	17
1065902	2180840	80
954726	4514417	6
664135	4514417	6
4430123	2682366	969
2378646	4583357	17
3580127	4514417	6
946752	4583357	17
2689629	4583357	17
721166	4583357	17
1841475	4583357	32
1025935	4514417	6
1432945	4583357	17
3252198	4583357	17
601013	4514417	6
4501028	4583357	17
4584502	4514417	6
951757	4583357	17
2264414	4514417	6
4583357	2631011	38
4188969	4514417	6
4302049	4514417	6
3844619	4583357	17
3912772	4583357	17
1093858	4514417	6
3066290	4583357	17
1458071	4514417	6
1288401	4583357	17
3207209	4583357	17
3222215	4583357	17
620635	4583357	17
1311871	4583357	17
3386893	4514417	6
3277835	4514417	6
1432701	4583357	17
3363931	4514417	6
3533854	804403	72
1586082	4514417	6
2164276	4583357	17
821524	4583357	17
4600504	4583357	17
247132	4583357	17
322616	4583357	17
1866944	4583357	17
3475543	4514417	6
2283095	4583357	17
1992940	4583357	17
3817394	4583357	17
422513	4514417	6
23018	4514417	6
334747	4583357	17
2836324	4514417	6
701929	4514417	6
2025150	739107	72
4635062	4583357	17
2945019	4514417	6
8551	4514417	6
4583357	1492952	38
1798394	4514417	6
1578924	4514417	6
1023089	4514417	6
690054	4514417	6
1302234	4583357	17
199250	4514417	6
3526505	4514417	6
3692408	4514417	6
3551584	4514417	6
690054	4583357	17
1792934	4514417	6
2002713	4583357	17
2056108	4514417	6
3649656	4514417	6
2644326	4514417	6
3662433	4514417	6
2058323	4514417	6
3568171	4514417	6
4110222	4583357	17
475381	4583357	17
1875959	4514417	6
2978286	4583357	17
4583357	1853889	38
4583357	3435736	38
3723828	4514417	6
870582	4514417	6
1571630	4514417	6
3894998	4583357	17
4144326	4583357	17
3338470	1820464	38
3338470	2043133	38
2966634	4583357	17
1585132	4583357	17
3584282	4583357	17
1651583	4514417	6
3709143	4583357	17
2569638	4583357	17
102705	4514417	6
4598283	4514417	6
1122077	4514417	6
2720644	4583357	17
1279886	4514417	6
2134298	4514417	6
2123611	4583357	17
3044682	4514417	6
1513515	4514417	6
939179	4514417	6
1242036	4514417	6
2737187	4514417	6
4596567	4583357	17
3905771	4514417	6
3900581	4514417	6
3826375	4583357	17
2459933	4514417	6
2419166	4514417	6
3056206	4514417	6
345437	4514417	6
99951	4514417	6
2738786	4514417	6
406563	4514417	6
1366682	4514417	6
1404069	4583357	17
4315715	4514417	6
614175	4514417	6
1279063	4583357	17
15275	673076	212
97883	4583357	32
1966337	4583357	17
2838702	4514417	6
1240643	4514417	6
2653504	4514417	6
1491681	4583357	17
2736431	3503941	80
368536	4583357	17
2557691	4514417	6
3527794	4583357	17
2619951	4583357	17
3908316	2867559	71
15275	2911651	212
4130255	4583357	17
2134528	4583357	17
3729989	4514417	6
2945019	4583357	17
3545720	4514417	6
2729821	4583357	32
1141867	4514417	6
2444127	4514417	6
4583357	4643296	38
625135	4583357	17
4271972	4514417	6
3809752	4514417	6
906110	4514417	6
1466770	4514417	6
2649450	4514417	6
3555677	4583357	32
2436047	4583357	17
282789	4583357	17
15275	751351	212
731218	4583357	17
3267385	4583357	17
1753618	4514417	6
2581631	4583357	17
3339737	4583357	17
2632451	4514417	6
700159	4514417	6
1215694	4514417	6
1876987	4583357	17
4424443	4514417	6
2367855	4514417	6
1304864	4583357	17
2375219	4583357	17
2619951	4514417	6
838572	4583357	17
3324147	4514417	6
4203425	4583357	17
1905802	4583357	17
1341613	4583357	17
1603345	1281360	139
4575382	4514417	6
3762862	4583357	32
2558724	4583357	17
3833437	4514417	6
4347608	4583357	17
2079880	4583357	35
3035647	4514417	6
3726095	4583357	17
4411208	4514417	6
2086973	4583357	17
1377145	4514417	6
3524367	4514417	6
43898	4514417	6
1009021	4583357	17
2428885	4583357	17
1355666	4514417	6
3747641	4514417	6
3871632	4583357	17
3287720	4583357	17
2930460	4514417	6
1872866	4583357	17
3737969	4583357	17
3140184	4583357	17
2650712	4514417	6
87638	4583357	17
1080788	4514417	6
3941662	4514417	6
2134249	4514417	6
3304574	4583357	32
987754	3338470	32
2854906	4583357	32
4039324	4583357	17
1654219	4583357	17
1915700	4583357	17
3459852	4514417	6
4192336	4583357	17
4255118	4583357	17
4243073	4514417	6
4433548	4583357	17
4319001	4583357	17
3874553	4514417	6
1350077	4583357	17
2921186	4514417	6
1093461	4583357	17
4184630	4583357	17
3030289	4514417	6
724711	4583357	17
4413999	4514417	6
439977	4514417	6
2639113	4514417	6
2372107	4514417	6
1289378	4514417	6
211367	4514417	6
2366690	4514417	6
226580	4514417	6
2728706	4583357	17
1772286	4583357	17
1709516	4583357	17
1497344	4514417	6
149301	2867559	71
849471	4514417	6
2223841	4514417	6
3589395	4514417	6
731218	4514417	6
3926733	4514417	6
2704585	4583357	17
2383568	4514417	6
2055486	4514417	6
4020428	4583357	23
3589951	4583357	17
4162202	4583357	17
813573	4514417	6
1984836	4583357	17
1545407	4514417	6
4029337	4514417	6
2122839	4583357	17
176597	4514417	6
3215579	158794	80
987754	3420179	80
2975050	4514417	6
854539	4514417	6
635819	4583357	17
848111	4514417	6
47762	4583357	17
2339957	4514417	6
3257652	4583357	17
3379589	4514417	6
804403	2245150	80
2020809	4514417	6
3255407	4583357	17
3152730	4514417	6
3732055	4514417	6
719307	4514417	6
432134	4514417	6
1159533	4514417	6
2911651	15275	698
1666678	4514417	6
3737940	4514417	6
4400836	4514417	6
1286631	4583357	17
910038	4583357	32
1915700	4583357	32
1254016	4514417	6
1404434	4583357	17
1853889	4583357	17
795788	4583357	17
3998096	4514417	6
2949917	4514417	6
4326148	4583357	17
2068985	4583357	17
665190	4514417	6
221332	4514417	6
3696462	4514417	6
987754	4583357	17
3758561	4514417	6
2094630	4514417	6
1311074	4583357	17
3987181	4583357	17
4138847	4583357	32
3945813	4583357	17
3256565	4583357	17
2526617	4514417	6
2119239	4514417	6
259650	4133966	166
1333128	4583357	17
3872121	105383	72
2724359	4514417	6
803463	4583357	32
2731399	4514417	6
3293459	4514417	6
4157324	4514417	6
386036	4514417	6
726360	4514417	6
327833	4583357	17
132751	4583357	17
2009691	4514417	6
3451980	4514417	6
3591143	4514417	6
3692370	4583357	32
952796	4514417	6
3736412	4583357	32
4628125	4583357	17
3811507	4583357	17
15275	2976935	68
4583357	4139771	38
4587093	4514417	6
2888103	4583357	17
2513933	4583357	17
3860115	4284182	74
3271734	4514417	6
1534547	4514417	6
384867	4583357	17
3924161	4583357	17
2799138	4514417	6
3945813	4514417	6
2408805	4583357	17
804403	1279722	72
1776601	4583357	17
363832	4514417	6
327833	4514417	6
1108695	1870468	80
149301	4514417	6
1613910	4583357	17
1212485	4514417	6
1356817	4583357	17
1304876	4514417	6
3233914	4514417	6
4583357	366388	38
3742322	4514417	6
4583357	3903794	38
1073844	4514417	6
1863255	4514417	6
3052812	4514417	6
4045907	4514417	6
510456	4514417	6
3930867	4514417	6
3230555	4583357	32
625123	4514417	6
198816	4514417	6
4041943	4514417	6
1663170	4583357	17
2218340	4514417	6
901927	4583357	17
3306488	4514417	6
1610142	4583357	17
79788	4583357	17
695927	4514417	6
4351635	4514417	6
4583357	4397807	38
3855085	4583357	17
2620204	4514417	6
2652351	2998836	367
3866088	4514417	6
1267760	4583357	17
2403105	4583357	17
1578924	4583357	17
2276624	4514417	6
393820	2886525	565
214588	4583357	17
2349793	4514417	6
3161566	4583357	17
4204705	4514417	6
3068299	4583357	17
4583357	3762862	38
3860115	1215711	74
671059	4583357	17
15275	3212939	212
3086948	4514417	6
741077	4514417	6
2556524	4583357	17
4506360	4583357	17
1291146	4514417	6
2522382	4583357	167
4480849	4514417	6
1277590	4514417	6
2714251	4514417	6
4518043	4583357	22
3291302	4583357	32
2002480	4514417	6
3118295	4514417	6
2966634	4514417	6
1484495	4583357	32
4583357	3865964	38
81460	4514417	6
1236540	4514417	6
61455	4514417	6
1924241	4583357	17
2710544	4514417	6
3012657	4514417	6
2653619	4514417	6
3811618	4583357	17
1441153	4514417	6
888671	4514417	6
3213279	4583357	17
4583357	2413524	38
438068	4514417	6
2675548	4583357	17
245661	4514417	6
3831048	4514417	6
4324324	4514417	6
2957044	4583357	17
4050148	4583357	17
2866374	4583357	17
15275	3872121	212
4074755	4583357	17
4562656	774564	72
880080	4583357	17
4527810	4514417	6
3243149	4514417	6
1679278	4514417	6
3198003	4583357	17
1032610	4583357	17
3354636	259650	490
1135574	4514417	6
2425564	4514417	6
2521953	4514417	6
1558706	4514417	6
1395688	1305980	72
3338470	4562199	38
2205270	4514417	6
3544260	4514417	6
708163	4583357	17
4148871	4583357	17
323981	4583357	17
848534	4514417	6
4361862	4583357	17
2719082	4514417	6
362837	4514417	6
211367	4583357	17
3427573	4583357	17
2532311	4514417	6
3613064	1334405	652
535777	4514417	6
4576876	4583357	17
2343217	4583357	17
4358836	4514417	6
3381136	4583357	17
2577623	4583357	17
1223781	4583357	17
892002	4583357	17
3707264	4583357	32
4446828	4583357	17
1746705	4514417	6
2154955	4583357	17
1554685	4514417	6
3964405	4514417	6
1472626	4583357	17
3776712	4514417	6
4224726	4583357	17
1983425	4583357	17
3338470	3533854	38
1644369	4514417	6
1466837	4583357	17
4455656	4514417	6
1993883	4514417	6
94718	4583357	17
4426582	4514417	6
4363313	4583357	17
1987485	4583357	17
4583357	3304574	38
3286166	4514417	6
3722340	4514417	6
4541695	4514417	6
2065470	4514417	6
259650	480947	87
168899	4583357	17
831428	4583357	17
3374230	4514417	6
3423478	4583357	17
3855944	4514417	75
4497024	4514417	6
855629	4514417	6
1086332	4583357	17
222939	4514417	6
1141867	4583357	17
3399230	4583357	17
2107415	4583357	17
2951978	4514417	6
3836052	4514417	6
2867559	2760480	248
1095301	4514417	6
1977061	4583357	17
3901753	4514417	6
2617616	4583357	17
1720746	4514417	6
859405	4583357	17
4018277	4514417	6
625801	4583357	17
580299	4514417	6
1335909	4514417	6
1437120	4583357	17
2736431	1603345	80
1340749	4514417	6
2976482	4583357	17
3364780	4583357	17
2287211	4514417	6
4583357	3116910	38
2299446	4583357	17
1139163	4514417	6
4583826	15275	698
4396142	4583357	17
1536245	4514417	6
15275	1395688	212
3775710	4514417	6
58650	4583357	17
584762	4514417	6
2431961	4514417	6
976376	3420179	72
3361650	4583357	32
4421687	4514417	6
1359612	4583357	17
615	4583357	32
4583357	4362091	38
1908089	3009051	74
2947182	4514417	6
1109780	4583357	17
15275	3981092	212
4583357	1936317	38
2034947	4514417	6
1001601	4583357	17
4237163	4583357	32
4420121	4514417	6
1797452	4514417	6
3826375	4514417	6
3212939	4514417	6
4583357	4633451	38
1146466	4583357	17
1752164	4514417	6
1168288	4583357	17
2194585	4514417	6
3687671	4583357	17
2965996	4583357	565
4427575	4583357	17
510142	4583357	17
3423139	4583357	17
664135	4583357	17
1462140	4514417	6
3720290	4514417	6
2623188	4514417	6
2728842	4514417	6
4583357	3627691	38
3822477	4514417	6
1663858	4583357	17
1547545	4583357	23
2638337	4583357	17
1516376	4583357	17
3518705	4514417	6
2782443	4514417	6
3835325	4514417	6
2010660	4583357	17
2791657	4514417	6
446818	4514417	6
4333179	4514417	6
2994464	4514417	6
1431873	4583357	17
2667611	4514417	6
1143454	4514417	6
4583357	1014138	38
2045935	4514417	6
3304798	4583357	17
1688680	4514417	6
2505775	4583357	17
3442512	4583357	32
4455384	4583357	17
3623785	4583357	17
2787233	4583357	17
3477402	4583357	17
2577623	4514417	6
1866744	4583357	17
14264	4514417	6
4130255	4514417	6
2377944	4583357	32
2644309	4583357	17
4039890	4583357	17
2745803	4514417	6
3092273	4583357	17
3365846	4514417	6
771556	4514417	6
803232	4583357	17
1880077	4583357	17
3338470	1957456	38
412802	4583357	17
3908316	1820103	17
629523	4514417	6
2054887	4514417	6
1848496	4583357	17
1617563	4514417	6
1158919	4583357	17
2021715	4583357	24
3381208	4514417	6
3338940	4583357	17
1976433	4514417	6
4583357	2205270	38
37117	4583357	17
1870468	4583357	17
1138948	4583357	17
615572	4514417	6
3544745	4583357	17
534903	4583357	17
2699467	3860115	71
2867559	2508616	1751
4583357	670570	24
4489860	4583357	17
4044891	4583357	17
3589395	4583357	17
3637196	4514417	6
1877079	4583357	17
4078522	4480301	72
2827290	4583357	17
3225303	4583357	17
4119687	4514417	6
446218	4514417	6
3726950	4583357	17
828846	4514417	6
3254138	4514417	6
1306460	4514417	6
406883	4514417	6
26480	4583357	17
2572011	4583357	32
213872	4583357	17
3143967	4514417	6
257729	4583357	17
2527503	4583357	17
2397987	4583357	17
1016642	4514417	6
2421864	4583357	17
4267427	4583357	17
283978	4583357	32
1133752	4583357	32
3872121	15275	698
420470	4583357	17
1799115	4583357	17
1462103	4583357	17
2404264	4583357	17
4067401	4514417	6
3789570	4583357	17
811573	4583357	32
3274304	4514417	6
2374979	4514417	6
1899577	4583357	17
3884589	4514417	6
374932	4514417	6
887360	3726530	80
1675572	4514417	6
2093252	4583357	17
145637	4514417	6
1893781	4583357	17
559751	4583357	17
3286745	4583357	17
1761824	4643360	101
2649450	4583357	17
2535836	4583357	17
4629720	4514417	6
2743415	4583357	17
1948315	4583357	17
2549159	4514417	6
3366289	4583357	32
4169955	4514417	6
1224292	4514417	6
570034	4514417	6
2896250	4583357	17
4349955	4514417	6
3190471	4514417	6
2149385	4514417	6
774311	4583357	17
3612287	4514417	6
1752225	4514417	6
2618558	4514417	6
987754	4514417	6
4583357	2505769	38
4174156	2882745	31
15275	4068669	212
870502	4583357	17
2711828	4583357	17
2697216	4514417	6
21559	4583357	17
1809406	4514417	6
2609644	4583357	17
1145278	4514417	6
1189599	4583357	17
1906762	4583357	17
4465564	4583357	17
4583357	2909620	38
537566	4583357	17
3716806	751351	72
550802	4583357	17
2978286	4514417	6
3226757	4514417	6
3373926	4514417	6
4586016	4583357	17
1338851	4583357	17
2935887	4514417	6
1574099	4583357	17
3506793	4514417	6
2527503	4514417	6
2664143	4583357	17
2948704	4514417	6
214588	4514417	6
4203425	874099	80
2463461	4514417	6
4583357	2288032	18
3287720	4514417	6
468833	4514417	6
3223400	4514417	6
1771576	4583357	17
4006421	4583357	17
38797	4583357	17
2663415	4514417	6
3479235	4583357	17
3099620	4514417	6
538654	4583357	17
1855506	4583357	17
3504838	4583357	17
3446841	4583357	32
3844605	4583357	17
1179876	4514417	6
4650007	4583357	17
3275731	4583357	17
2886525	4514417	6
629523	4583357	17
1170241	4514417	6
290850	4583357	17
3212313	4583357	17
2043133	4583357	17
2880282	4514417	6
3763424	4514417	6
2936223	4514417	6
468402	4583357	17
856234	4514417	6
1458410	4514417	6
1527811	4583357	17
1529966	4514417	6
2345297	4583357	17
1301305	4514417	6
828076	4583357	17
4631207	15275	698
3250181	4583357	17
3240405	4514417	6
1804969	4514417	6
3931178	4583357	17
4415973	4514417	6
2176912	4583357	17
1847323	4583357	17
1574160	4514417	6
4453089	4514417	6
2466453	4583357	17
743383	4583357	17
3594084	4583357	17
2043133	2926772	31
2820818	4583357	17
3288041	4514417	6
2235238	4514417	6
3175531	3338470	31
4426234	4514417	6
4583357	811573	38
290850	4514417	6
2289253	4583357	32
2718276	4649583	38
3595472	4514417	6
624495	4514417	6
2724359	4583357	17
3537467	4583357	17
3547016	4583357	17
3808277	4583357	17
3618798	4514417	6
2796238	4514417	6
724157	4514417	6
1343506	4514417	6
2449724	4583357	17
1861472	4583357	17
1873263	4583357	17
574064	4583357	17
358846	4514417	6
3513172	4583357	17
46297	4514417	6
4324621	4514417	6
2549711	4514417	6
1041656	2123611	72
3288041	4583357	17
3009051	4514417	6
4148489	4583357	17
1652504	4583357	32
2700513	4514417	6
300806	4514417	6
2098588	4514417	6
4583357	3366289	38
1899577	4514417	6
2298051	3233741	31
3279004	4583357	17
142115	4514417	6
3659414	4583357	10
4389048	4583357	17
1374836	4583357	32
2190879	4583357	17
44441	4514417	6
2854906	4583357	17
2697216	4583357	17
3468345	4514417	6
2363500	4583357	17
881510	4514417	6
3059371	1603345	80
4196641	4583357	17
2348414	4583357	17
3462345	4514417	6
1417504	105383	72
3565410	4514417	6
1462140	4583357	17
1346649	4583357	17
4362091	4583357	17
1829056	4583357	23
3935428	4514417	6
2143211	4583357	17
1749980	4514417	6
2052307	4583357	17
1628042	4583357	17
3011207	4583357	17
3274798	4514417	6
2105587	4583357	17
4408711	4514417	6
234327	4514417	6
1372668	3338470	31
1957456	3338470	32
1379225	4514417	6
1763695	4514417	6
925936	4514417	6
359259	4583357	17
4030203	4514417	6
3997191	480947	87
3032630	4583357	17
3198626	4514417	6
3338470	4583357	24
3714151	4583357	17
3860115	1169642	74
2021715	2736431	162
3422473	4583357	24
3570170	4583357	17
4205543	4583357	17
2728842	4583357	17
1757664	4583357	17
3422549	4583357	17
4639936	4583357	17
3570484	4514417	6
97883	4514417	6
3151903	4583357	17
4583357	4426859	38
1429599	4514417	6
4044230	4583357	17
3678860	4583357	17
475381	4514417	6
1675572	4583357	17
1448679	4514417	6
317248	4583357	17
4429230	4583357	32
2719050	4583357	17
4048142	4514417	6
3316746	4514417	6
2866010	4514417	6
3763599	4514417	6
1235191	4514417	6
2332794	4514417	6
2752715	4583357	17
4458555	4583357	17
4190244	4514417	6
1798394	4583357	17
1532754	4583357	17
4101444	4583357	17
2174295	4514417	6
890050	4514417	6
3883660	4514417	6
4073317	4514417	6
1483950	4514417	6
795469	4514417	6
4583357	3338470	18
2366404	4583357	17
1133752	4583357	17
4350159	4583357	17
1762882	4583357	17
1281360	1603345	147
3347009	4514417	6
1706421	4514417	6
342721	4583357	17
4453800	4514417	6
700159	4583357	17
174562	4583357	17
146006	4583357	17
3314991	4583357	17
3960892	4583357	17
1498399	4514417	6
540129	4514417	6
473329	4583357	17
3748048	4583357	17
2445768	4514417	6
2192194	4514417	6
4600741	4514417	6
4333504	4583357	17
4583357	905863	38
1465568	4583357	17
3726095	4514417	6
3460962	4514417	6
2930460	4583357	17
2093439	4514417	6
2007459	4583357	17
1475239	4514417	6
2742658	4514417	6
4583357	2040500	38
1751140	4583357	17
2348576	4583357	17
2530945	4583357	17
4380199	4514417	6
3338470	1108695	38
1080788	4583357	17
335998	4514417	6
2259395	4514417	6
3583638	4514417	6
2787233	4514417	6
4436007	4514417	6
2921186	4583357	17
2438136	4583357	17
1373465	4583357	17
3435736	4583357	32
1201097	4514417	6
3584282	4514417	6
3898443	4583357	17
44441	4583357	17
707780	4514417	6
347444	4514417	6
408698	4514417	6
2591706	4514417	6
3763166	4514417	6
3137454	4514417	6
4583357	770753	45
239510	4514417	6
2626696	4583357	17
960453	4583357	17
15275	158794	212
2061674	4514417	6
3644158	4583357	17
3502661	4514417	6
4583357	2477671	38
2552042	4514417	6
1705041	4583357	17
3418792	4583357	17
3473432	4514417	6
1820464	3338470	32
4426582	4583357	17
3860115	1406192	74
1279722	804403	80
3811507	4514417	6
2958621	4514417	6
4344782	4583357	17
3697096	4514417	6
2934204	4583357	17
1783510	4514417	6
468473	4514417	6
3053471	4514417	6
1223380	4583357	17
3846889	4514417	6
1108695	4012831	71
2913635	4583357	17
2652351	868563	367
1923432	4514417	6
2235454	4583357	17
1581691	3860115	71
1291146	4583357	17
3544522	4583357	17
2008804	4583357	17
1791128	4583357	17
2043133	4514417	6
774564	480947	87
3172584	4583357	17
333033	4583357	32
3547016	4514417	6
2719050	4514417	6
3534701	4514417	6
179012	4583357	17
4340424	4583357	17
4515946	3338470	31
1395688	4514417	6
1501586	4514417	6
989960	4514417	6
4429827	2245150	72
4444268	4583357	17
2342664	4514417	6
3116910	4514417	6
540488	4583357	17
1528690	4583357	17
2007019	4583357	17
1672066	4583357	17
4396405	4514417	6
2064012	4583357	17
1566076	4583357	17
4629807	4514417	6
3279678	4583357	17
1406898	4514417	6
15275	2719717	212
595427	4583357	17
1521169	4583357	17
1738745	4514417	6
281107	4514417	6
2451045	2631749	72
2180840	1065902	72
526938	4514417	6
490381	4514417	6
2231902	4514417	6
2840193	4583357	17
1224292	4583357	17
1344972	4583357	17
2609453	4583357	17
2131016	4514417	6
2428885	4514417	6
3206075	4583357	32
2760427	4583357	17
1874508	4583357	17
2396260	4583357	17
4628125	4514417	6
3365000	3338470	32
4300509	4514417	6
1663858	4514417	6
4600741	4583357	17
2102332	4514417	6
2785818	4583357	17
299370	4583357	17
3365000	15275	698
2545408	4583357	32
316225	4514417	6
4443236	4583357	17
802291	991758	32
4583357	3067609	38
1109780	4514417	6
259650	4583357	17
4583357	3531641	38
2241368	4583357	17
4583357	910038	38
213946	4583357	17
613859	4583357	17
2556524	4514417	6
1154865	4583357	17
3193176	4583357	17
3338470	2086870	38
4365450	4514417	6
3152730	4583357	17
3686551	4583357	17
2704585	4514417	6
297463	4583357	17
697440	4583357	17
3314029	4583357	17
3059371	4316304	31
476704	4583357	17
240437	4583357	24
2064570	4514417	6
346428	4514417	6
3568171	4583357	17
4583357	3105802	38
4041321	4514417	6
58985	4583357	17
1215694	4583357	17
4562656	3997191	80
1547545	4583357	17
1245872	4583357	17
1897369	4583357	32
3358823	4514417	6
1941995	4583357	17
3907589	4514417	6
4633451	4514417	6
991499	4583357	17
2697216	4583357	32
952198	4583357	17
417968	3659414	969
4396332	4583357	17
4012623	4514417	6
1660832	4583357	17
2554270	4583357	17
1800154	4583357	17
1015370	4514417	6
625801	4514417	6
1740330	4514417	6
2079880	2652351	125
629689	4514417	6
2147654	4514417	6
167674	4583357	17
2941392	4514417	6
3088224	4583357	17
2866891	4583357	17
2603077	4583357	17
1414271	4583357	17
874099	4203425	72
4583357	3341015	38
603403	4583357	17
2553605	4583357	17
1494876	4583357	17
4242028	4583357	17
2667163	4514417	6
602833	2043133	74
58650	4514417	6
4174156	2736431	72
1499419	4583357	17
793540	4514417	6
4050101	4583357	17
4299139	4583357	17
2725667	4583357	17
2013168	4583357	17
3228057	4514417	6
3664495	4583357	17
886761	4514417	6
4278353	4583357	17
1305980	3338470	32
3443168	4583357	17
1318772	4583357	17
624946	4514417	6
3607781	4583357	17
3046655	4514417	6
1084734	4583357	17
2779799	4514417	6
125847	4514417	6
1662500	4514417	6
550536	4514417	6
1666548	4514417	6
3521618	4514417	6
135580	4583357	17
3608273	4514417	6
3599051	4514417	6
1856783	4583357	17
3477860	4514417	6
2603077	4514417	6
3341015	4583357	32
1305980	15275	698
235705	4514417	6
3306488	4583357	17
4322609	2886525	31
1173599	4583357	17
882937	4583357	17
1014943	4583357	32
1913943	4514417	6
1491681	4514417	6
1023089	4583357	17
1590680	4583357	17
1714802	4514417	6
4337014	4583357	17
4260377	4514417	6
4363310	4514417	6
446389	4514417	6
3936315	4514417	6
1330852	4583357	17
2785578	4514417	6
2607057	480947	803
3664180	4514417	6
969710	4583357	17
2293371	4514417	6
4513817	4583357	17
3338470	1305980	38
1435047	4583357	17
2909233	4514417	6
4583357	2302024	38
1240643	4583357	17
3343644	4514417	6
2816525	4583357	17
2282010	4583357	17
3212313	4514417	6
2047959	4514417	6
442970	4583357	17
3353512	4514417	6
2282010	4514417	6
1495603	4514417	6
3583638	4583357	17
79778	4514417	6
816668	4583357	17
4234222	4514417	6
3811618	4514417	6
144165	4583357	17
61283	4583357	17
929763	4583357	17
2035903	4514417	6
1995880	4514417	6
1209375	4514417	6
2268854	4514417	6
762695	4514417	6
3692408	4583357	17
209365	4583357	17
3446841	4514417	6
4583357	3582761	38
1931094	4514417	6
4362623	4514417	6
4583357	1855506	38
1875617	4583357	17
1875959	4583357	17
1414412	4583357	17
2557175	4583357	17
1963032	4583357	17
4148375	4583357	17
443826	4583357	17
1902174	4583357	17
2392695	4514417	6
672416	4583357	17
2426085	4583357	17
4551511	4583357	17
3379589	4583357	17
592261	4514417	6
2549711	4583357	17
583676	4583357	17
260504	4583357	17
3966322	4583357	17
774564	3526505	80
4279065	4583357	17
3590297	4583357	17
539208	4514417	6
2969709	4583357	17
4016751	4583357	17
2783193	4583357	17
2449724	4514417	6
395828	4514417	6
581626	4583357	17
1155896	4514417	6
1610986	4583357	17
2887322	4583357	17
4522181	4514417	6
1812931	4514417	6
2356698	4514417	6
1573936	4583357	17
2263387	4583357	17
387896	4514417	6
3960420	4583357	17
3059371	3009051	80
1665062	4514417	6
781929	4514417	6
2998469	4514417	6
4460618	4583357	17
3374398	4514417	6
602833	781929	74
4583357	1025935	38
2030087	4514417	6
1657586	4514417	6
4530427	4583357	17
2422249	4583357	17
1729821	4583357	17
1880590	4514417	6
1245118	4514417	6
1821092	4583357	17
1240871	4514417	6
2573930	4514417	6
3808277	4514417	6
1977157	4514417	6
3837517	4583357	17
2185251	4514417	6
693544	4514417	6
1479555	15275	698
4583357	1983375	38
4196520	4514417	6
4309266	4514417	6
2865895	4583357	17
485222	4514417	6
2574397	4583357	17
1306460	4583357	17
4583357	2999601	38
4031457	4583357	17
1330144	4583357	17
3206075	4514417	6
981447	4583357	17
4064694	4514417	6
4182355	4514417	6
3062143	4514417	6
1881727	4514417	6
1690505	4514417	6
4631138	4583357	17
2286316	4583357	17
1574650	4514417	6
105311	4514417	6
2307244	4583357	17
2760324	4583357	17
2556524	4583357	32
3098414	4583357	17
2388942	4514417	6
2509742	4514417	6
1432118	4583357	17
121727	4583357	17
1385635	4514417	6
1014138	4514417	6
4653695	4514417	6
984823	4583357	17
3215579	15275	698
2595203	4583357	17
3537085	4583357	17
4583357	1438115	38
2628440	4583357	17
2168089	4514417	6
3880777	4514417	6
2521600	4514417	6
594803	4583357	17
2311750	4583357	17
4224074	4514417	6
3507766	4583357	17
90362	4514417	6
414013	4583357	17
4255056	4068669	212
4583357	2850026	38
1344246	4514417	6
3513172	4514417	6
782009	4514417	6
1249021	4583357	17
3832443	4583357	17
3142961	4583357	32
1769021	4514417	6
3948101	4583357	17
3810776	4583357	17
3138873	4514417	6
3112104	4583357	17
15275	987754	212
495382	4583357	17
3390747	4583357	17
333033	4583357	17
15275	3215728	212
201410	4583357	17
2324826	4514417	6
2040500	4583357	17
1573955	4514417	6
4583357	3709143	38
570034	4583357	17
3533854	2141412	80
414075	4583357	17
2809149	4583357	17
2935828	4583357	17
4300509	4583357	17
2357556	4583357	17
1510999	4583357	17
3504838	4514417	6
3126235	4583357	17
1493660	4583357	17
867019	4514417	6
4515946	1279722	80
1291859	4583357	17
987754	3526918	72
3386020	4583357	17
613859	4514417	6
3729098	4514417	6
2760981	4514417	6
3728540	4583357	17
1821092	4514417	6
3341015	4583357	17
1861472	4514417	6
1200391	4514417	6
1479555	3338470	31
105383	4514417	6
4469425	4583357	17
3367963	4514417	6
2141554	4583357	17
4078587	4514417	6
1516376	4514417	6
3507766	4514417	6
2084969	4583357	17
3115412	4514417	6
3230167	4583357	17
3112441	4583357	17
2288032	4583357	24
3795130	4514417	6
3746074	4514417	6
1475206	4514417	6
1230550	4514417	6
1763827	4514417	6
1726604	4583357	17
257729	4514417	6
935630	4583357	17
2882745	259650	38
3860115	876911	74
3968156	4583357	17
1357587	4583357	17
543117	4583357	17
1555340	4583357	17
380251	4514417	6
4416073	4583357	32
1840354	4583357	17
2491017	4583357	17
4583357	1014943	38
1654718	4514417	6
2855121	4583357	17
2564808	4583357	17
327343	4583357	17
4656154	4583357	17
1874508	4514417	6
1147087	4583357	17
1746116	4514417	6
4583357	1367935	38
364274	4514417	6
2866010	4583357	17
15275	4429827	212
538654	4514417	6
4592890	4583357	17
99124	4514417	6
1458569	4583357	17
3852425	4583357	17
1244929	4583357	17
3305644	4514417	6
3091186	4514417	6
2823493	4583357	17
3639780	4514417	6
847253	4583357	17
1455486	4514417	6
168899	4514417	6
3149683	4514417	6
976376	4583357	17
4358076	4583357	17
1388032	4514417	6
4583357	899934	38
4459531	4583357	32
2650712	4583357	17
379666	4583357	17
340533	4514417	6
1701140	4514417	6
4587380	4583357	17
2872060	4583357	17
3521248	4583357	35
47762	4514417	6
4367457	4514417	6
4429827	4119740	31
2419188	4583357	17
85704	1281360	139
3711189	4583357	17
653625	4514417	6
3004856	4514417	6
2413989	4583357	17
1466837	4514417	6
2054887	4583357	17
58323	4583357	17
724969	4583357	17
4583357	3292170	38
4631207	1603345	72
3002792	4583357	17
4411208	2652351	79
3476857	4514417	6
4583357	3361650	38
2957768	4514417	6
1585132	4514417	6
1586082	4583357	17
2734324	4514417	6
4106063	4583357	17
3970330	739107	72
3951359	4583357	32
3223400	4583357	17
15275	2736431	212
574064	4514417	6
4583357	3291302	38
1891734	4583357	17
479861	4583357	17
4113368	4583357	17
715168	4514417	6
3413151	4583357	17
1317279	4583357	17
2368868	4583357	17
674330	4583357	17
3138323	4583357	17
2738058	4583357	17
1909498	4514417	6
2270489	4514417	6
2958149	4583357	17
918466	4514417	6
4583357	2801168	38
1040508	4583357	17
327605	4583357	17
2763964	4514417	6
2956590	3338470	32
1063038	4583357	17
4223187	4514417	6
4490477	4514417	6
1372422	4583357	17
774564	4562656	80
4362623	4068669	72
4562656	4160246	72
4486263	4514417	6
3190020	4583357	17
3208735	4583357	17
4544970	4583357	17
1550587	4583357	17
1501802	4514417	6
1599530	4583357	17
1992397	4583357	17
3338470	2245150	38
4160246	3526505	80
4534614	4583357	17
3897661	4583357	17
4159582	4514417	6
1407322	4514417	6
3855715	4583357	17
624495	4583357	17
1732906	4583357	17
12893	4583357	17
933120	4583357	17
4205237	4583357	17
2513838	4583357	17
4297296	4514417	6
4279346	4514417	6
3092273	4514417	6
668767	4583357	17
178898	4583357	17
955541	4583357	17
2600237	4583357	17
23237	4514417	6
3033086	4514417	6
4399202	4514417	6
2166588	4583357	17
2622182	4514417	6
2827458	4514417	6
3933445	4514417	6
1495603	4583357	17
3707264	4514417	6
2947944	4514417	6
975723	4514417	6
3008059	4514417	6
492385	4514417	6
952796	4583357	17
2132420	4583357	17
4275056	4583357	17
3526505	4583357	17
2291372	4583357	17
1291774	4514417	6
668767	4514417	6
3864295	4514417	6
1746964	4583357	17
85704	4514417	6
859405	4583357	32
1855728	4583357	17
1789315	4514417	6
4583357	2600237	38
383411	4583357	17
3565410	4583357	17
1554685	4583357	17
2865666	4583357	17
989960	4583357	17
877237	4583357	17
1831654	4514417	6
3334750	4514417	6
2432036	4583357	17
4014748	4514417	6
1387792	4583357	17
659501	4514417	6
2824565	4583357	17
3960892	4514417	6
4340325	4583357	17
2345899	4583357	17
813729	4514417	6
4616572	4583357	17
4198480	4514417	6
1350471	3526918	214
584762	4583357	17
111790	4514417	6
1263752	4583357	17
3329424	4583357	17
15275	2245150	212
1813036	4514417	6
2771874	4583357	17
2827290	4514417	6
4386401	4514417	6
3182058	4583357	17
1343127	4514417	6
4213502	4583357	17
2658777	4583357	17
3127449	4514417	6
88361	4583357	17
465236	4514417	6
3964405	4583357	17
1850281	4583357	17
1639004	4583357	17
4195036	4514417	6
1385989	4583357	17
1227803	4583357	17
2888103	4514417	6
4165175	4583357	17
105383	3872121	80
1245899	4514417	6
1916520	4583357	32
3694648	4583357	17
1759317	4514417	6
1387792	4514417	6
3888299	4583357	17
1918455	4514417	6
741077	4583357	17
2231927	4583357	17
2752506	4514417	6
449358	4583357	17
3116910	4583357	32
4264641	4583357	17
3993518	4583357	17
897915	4514417	6
1667105	4583357	17
528901	4583357	17
1596008	4583357	17
1915444	4514417	6
1436348	4514417	6
239269	4514417	6
4552149	4514417	6
3643168	4514417	6
2180840	4562656	72
2311857	4583357	17
283602	4583357	17
804398	4583357	17
2332193	4583357	17
4528444	4514417	6
3020723	4583357	17
4099108	4583357	17
1961118	4583357	17
956661	4514417	6
2505769	4583357	32
2630200	4514417	6
804403	3533854	80
1156284	4583357	17
1390510	4583357	17
888671	4583357	17
2682366	4430123	588
1622725	2571339	1160
15275	2141412	212
4583357	1973481	38
1937348	2867559	234
3855715	4514417	6
3864295	4583357	17
2481159	4583357	17
1490068	4514417	6
3058904	4514417	6
4583357	3653088	38
85704	2736431	72
3520581	4583357	17
4491845	4514417	6
3941554	4514417	6
3575215	4583357	32
3062143	4583357	17
3736304	4583357	17
1311074	4514417	6
245831	4514417	6
2285368	4514417	6
2946165	4583357	17
2880115	4583357	17
4119740	4583357	24
4059551	4514417	6
2398527	4583357	17
2655638	4514417	6
4190311	4514417	6
3900581	4583357	17
3713253	4514417	6
3711189	4514417	6
3082200	4514417	6
3755414	4514417	6
1479555	3215579	72
3378829	4514417	6
1831654	4583357	17
3304574	4583357	17
595760	4583357	17
1422491	2123611	212
3534920	4514417	6
697440	4514417	6
4505456	4514417	6
3373452	4514417	6
4316160	4583357	17
1673571	4583357	17
2956590	1117544	80
2112664	4514417	6
1666548	4583357	17
1740711	4583357	17
3830776	4514417	6
871278	4514417	6
966047	4514417	6
3365000	3233741	31
3970152	4583357	17
3659013	4583357	17
4029402	4514417	6
325907	4514417	6
91032	4514417	6
210968	4583357	17
3426553	4583357	17
1066061	4514417	6
498680	4583357	17
3360516	4583357	17
4069372	4514417	6
751351	15275	698
534903	4514417	6
2828446	4514417	6
493353	4514417	6
2696804	4583357	17
3688879	4583357	17
2706344	4514417	6
2163550	4583357	32
2408805	4514417	6
4583357	3446841	38
1917251	4068669	38
2453255	4514417	6
1917641	4514417	6
4502919	4583357	17
2517521	4514417	6
4583357	3714151	38
1821137	4514417	6
166407	4583357	17
4583357	2453255	38
406549	4583357	17
2416225	4514417	6
375713	4514417	6
2783193	4514417	6
2867559	2652351	74
3135318	4583357	17
2113206	4583357	17
3131274	4514417	6
4581389	4583357	17
3778441	4514417	6
4583357	2282704	18
3003756	4514417	6
3101457	4514417	6
4014748	4583357	17
4562656	15275	698
3158780	4583357	17
1187380	4514417	6
3508327	4514417	6
3763166	4583357	17
3215579	887360	80
4067264	4583357	17
893816	4514417	6
2028787	4514417	6
4562656	480947	87
2855121	4583357	32
2067180	4514417	6
3248005	4514417	6
4583357	2894802	38
2975591	4514417	6
4237988	4583357	17
3307685	4514417	6
176597	4583357	17
1318772	4514417	6
4180006	4583357	17
15275	739107	212
261712	4514417	6
3466719	4514417	6
4583357	2451108	38
1374836	4583357	17
3970330	4583357	17
1452612	15275	698
1441429	4583357	17
282789	4514417	6
3898294	4514417	6
2149210	4583357	17
594606	4583357	17
4356072	4514417	6
1491524	4514417	6
2875	4514417	6
4633451	4583357	32
327343	4514417	6
2865360	4583357	17
963947	4514417	6
1806920	4514417	6
1610142	4514417	6
2145353	4583357	17
1138948	4514417	6
1914507	4583357	17
3059371	15275	698
844506	4514417	6
628684	4583357	17
2760480	4514417	215
1596557	4583357	17
3243149	4583357	17
3182141	4583357	17
3291302	4583357	17
1179876	4583357	17
4598283	4583357	17
370961	4583357	17
4241716	4583357	17
3375038	4514417	6
3901753	4583357	17
3043227	4583357	17
1159533	4583357	17
1828521	4583357	17
4216193	4583357	17
3541260	4583357	17
4583357	1441692	38
3351957	4583357	17
1813919	4583357	17
236122	4583357	17
2348381	4583357	17
2058323	4583357	17
3539807	4514417	6
3498070	4583357	32
2081201	4514417	6
3905771	4583357	17
2958610	4514417	6
1025935	4583357	32
3147178	4583357	17
2998645	4514417	6
462956	4583357	17
3325679	4583357	17
1739345	4514417	6
2646078	4514417	6
2140666	4514417	6
4291340	4583357	17
2929288	4583357	17
4289006	4583357	17
2681612	4583357	17
4375124	4514417	6
3262456	4514417	6
3338470	1417504	38
3650990	4514417	6
1494286	4583357	17
2376896	4514417	6
2917334	4514417	6
987754	4068669	72
4430404	4583357	17
1571457	4583357	17
2342185	4514417	6
4408711	4583357	17
478228	4583357	17
61429	4583357	24
3176734	3592153	503
208833	4514417	6
2145932	4514417	6
1668529	4583357	17
1265381	4583357	17
3802816	4583357	32
2653969	4583357	17
261712	4583357	17
3623785	4514417	6
4513817	4514417	6
1212958	4583357	17
2867559	2069482	74
2160070	4514417	6
4583357	2729821	38
317248	4514417	6
1550771	4583357	17
4551362	4514417	6
2064206	4583357	17
4134820	4514417	6
1924093	4583357	17
3320969	4514417	6
1131168	4583357	17
4515946	4514417	6
717251	4514417	6
4583357	2688325	38
828076	4514417	6
2843702	4514417	6
4583357	1172337	38
1652504	4583357	17
3664326	4583357	17
633500	4514417	6
1603345	4165009	80
683967	4514417	6
2958149	4514417	6
2009911	4583357	17
300806	4583357	17
1380397	4514417	6
4295500	4514417	6
3480096	4583357	17
3365051	4514417	6
363446	4514417	6
4134820	4583357	17
3634237	4583357	17
2059441	4583357	17
1411996	4514417	6
2440957	4583357	17
4411109	4514417	6
1452471	4583357	17
771907	4583357	17
3413151	4514417	6
1313990	4514417	6
3651238	4514417	6
954804	4583357	17
781929	2867559	71
3704199	4514417	6
414088	4583357	17
1060470	4583357	17
1181100	4514417	6
4396159	4514417	6
1707550	4583357	17
933910	4583357	17
2451108	4583357	32
830539	4514417	6
3519815	4583357	17
4141090	4583357	17
2086666	4583357	17
2485595	4514417	6
2288439	4583357	17
2623683	4514417	6
2386979	4583357	17
315358	4514417	6
151552	4583357	17
950223	4583357	17
3907398	4514417	6
46335	4583357	17
1867266	4583357	17
444160	4583357	17
3403540	4514417	6
3659414	417968	588
3945686	4514417	6
3344037	4514417	6
4386401	4583357	17
3968156	4514417	6
4583357	4429230	38
396726	4514417	6
2626696	4514417	6
39601	4514417	6
3016619	480947	87
1438778	4514417	6
4583357	4131310	38
1158919	4514417	6
521371	4514417	6
3381208	4583357	17
2074641	4514417	6
645775	3860115	71
1873263	4514417	6
1032610	4514417	6
4004435	4583357	17
3316746	4583357	17
1564984	4583357	32
4345446	4514417	6
15275	2011557	212
3537513	4583357	17
796797	4514417	6
946752	4514417	6
1441153	4583357	17
2886618	4514417	6
3557283	4514417	6
1022083	4583357	17
1857296	4514417	6
2210410	4583357	565
15275	1117560	212
869906	4514417	6
327447	4583357	17
4275268	4583357	17
1954938	4514417	6
719122	4583357	17
4164999	4514417	6
2056108	4583357	17
1194203	4514417	6
492541	4514417	6
119592	4514417	6
301197	4583357	17
523193	4514417	6
151986	4514417	6
4583357	1149598	38
4045907	4583357	17
3020598	4583357	17
2100927	4514417	6
4583357	2377944	38
2461515	4583357	17
686050	4514417	6
1917851	4514417	6
4141903	4514417	6
1603345	3338470	32
4097805	4583357	17
2886525	1279886	38
3619626	4583357	17
1984836	4514417	6
2768612	4583357	17
2255291	4583357	17
4314999	4514417	6
2855121	4514417	6
230179	4514417	6
1332060	4583357	17
3669795	4514417	6
392852	4514417	6
3766312	4514417	6
3116910	4583357	17
3856340	4583357	17
1385989	4514417	6
283602	4514417	6
932312	4583357	17
3898294	4583357	17
1838263	4514417	6
2160070	4583357	17
1131299	4514417	6
3015800	4514417	6
15275	2886525	565
4241364	4583357	17
2999601	4583357	32
2149385	4583357	17
2003412	4583357	17
910038	4514417	6
4443391	4514417	6
497248	4583357	17
933120	4514417	6
1307416	4514417	6
3265593	4583357	17
1139163	4583357	17
4322685	4514417	6
3434155	4514417	6
3673404	4514417	6
4515946	726360	80
537566	4514417	6
3268903	2571339	1160
3338470	4362623	38
3720351	4583357	17
1802613	4514417	6
1838496	4583357	17
1076474	4514417	6
1215711	3860115	71
4228245	4583357	32
1533320	4514417	6
2868695	4583357	17
1740330	4583357	17
3154756	4583357	17
2956001	4514417	6
2286316	4514417	6
4005281	4514417	6
4583357	2785525	38
2374235	4583357	17
3422995	4514417	6
1414137	4583357	17
1668529	4514417	6
3720351	4514417	6
2029168	4583357	17
4204705	4583357	17
136793	4514417	6
1004836	4583357	17
2837451	4583357	17
1859568	4514417	6
3640885	4514417	6
2998645	4583357	17
1686243	4583357	17
4100107	4583357	17
1328956	4583357	31
1267611	4514417	6
1975563	4583357	17
368536	4514417	6
4251741	4514417	6
498025	4583357	17
3582761	4583357	17
3952376	4583357	17
4426234	4583357	17
2424218	4583357	17
2288381	4514417	6
4461969	4514417	6
1063840	4583357	17
3526918	15275	698
992441	4583357	17
4583357	1291774	38
4146894	4583357	17
432033	4583357	17
3562069	4514417	6
3498143	4583357	17
2728706	4514417	6
4644297	4583357	17
2655638	4583357	17
672416	4514417	6
1069092	4514417	6
4315715	4583357	17
1770774	4583357	17
1076474	4583357	17
1966118	4583357	17
2493047	3860115	71
4337014	4514417	6
2689633	4514417	6
3973560	4514417	6
4514417	417968	156
4517443	480947	454
1957456	4514417	6
2745261	4583357	17
1613272	4583357	17
607917	4583357	17
2648961	4514417	6
2019112	4514417	6
3424822	4583357	17
4041943	4583357	17
3018071	4514417	6
2288118	4514417	6
4613113	4514417	6
3758561	4583357	17
1450635	4583357	17
1706421	4583357	17
4107196	4583357	17
3243174	4514417	6
791567	4583357	17
4350159	4514417	6
1422491	4583357	565
260504	4514417	6
838455	4583357	17
78148	4514417	6
3045937	4583357	17
15275	4562656	212
2531070	4583357	32
1742679	4583357	17
560926	4583357	17
522984	4583357	17
4314999	4583357	17
1722006	4583357	17
4203682	4583357	17
4581389	4514417	6
2357985	4514417	6
3982583	4583357	17
2709538	4514417	6
15275	1417504	212
178898	4514417	6
1214984	4514417	6
223897	4583357	17
3897661	4514417	6
3697096	4583357	17
3900255	4514417	6
1452471	4514417	6
1707550	4514417	6
3331345	4583357	17
3135821	4514417	6
4522458	4583357	17
3255874	4514417	6
2542106	4514417	6
738673	4514417	6
1880176	4583357	17
3420179	3338470	31
2922637	4583357	17
102705	4583357	17
1095674	3860115	71
254001	4583357	17
3267385	4514417	6
40603	4583357	32
4506813	4583357	17
2409808	4583357	17
1848423	4514417	6
4583357	1189599	38
1897369	4514417	6
2086562	4514417	6
4390542	4583357	17
4205237	4514417	6
1169441	4514417	6
4621500	4514417	6
3176734	259650	103
2439312	4583357	17
2434481	4514417	6
1117560	1281360	139
2569638	4514417	6
1421530	4583357	17
2700513	480947	87
4344782	4514417	6
4583357	4014748	38
1814072	4514417	6
1838298	4514417	6
954667	4583357	17
3580972	4583357	17
219238	4514417	6
683592	4583357	17
82239	4514417	6
551240	4583357	17
3903794	4514417	6
1915444	4583357	17
1829056	4583357	17
2378930	4583357	17
3151903	4514417	6
4583357	917849	38
3524221	4583357	32
3346487	4514417	6
3907589	4583357	17
494609	4583357	17
1876987	4514417	6
2539487	4583357	17
3608273	4583357	17
3942931	4583357	17
301197	4514417	6
3993518	4514417	6
4583357	2100998	18
1521293	4514417	6
3537467	4514417	6
1851150	4583357	17
1490714	4583357	17
4588121	4583357	17
1979878	4583357	17
4303742	4583357	17
4099954	4514417	6
2160512	4583357	17
4377953	4583357	17
3362233	4583357	17
3303245	4514417	6
1802626	4583357	17
2833929	4583357	17
1493418	4583357	17
1513840	4583357	17
1843398	4583357	17
2871169	4514417	6
2504756	4514417	6
3176734	1334405	652
343949	4514417	6
218678	4583357	17
3716806	3338470	31
940776	4583357	17
74951	4583357	17
4309448	4583357	17
726268	4583357	17
1880176	4514417	6
1267975	4514417	6
2122008	4514417	6
368345	4514417	6
3216212	4583357	17
3324823	4583357	17
2958610	4583357	17
2631749	3338470	31
854539	4583357	17
1766238	4514417	6
681952	4514417	6
2059475	4514417	6
412802	4514417	6
1662249	4583357	17
374044	4514417	6
2378646	4514417	6
4491043	4514417	6
1197900	4514417	6
3845678	4514417	6
1333120	4514417	6
838572	4514417	6
3159806	4514417	6
1763827	4583357	17
235252	4583357	17
816462	4583357	17
698558	4583357	17
1285664	4583357	17
233000	4583357	17
2371709	4514417	6
4589890	4583357	17
2130279	4514417	6
15275	4343916	212
702151	4514417	6
3580972	4514417	6
2323003	4514417	6
155540	4583357	17
4583357	1377145	38
2468358	4514417	6
1963291	4583357	17
998490	4514417	6
15275	3420179	212
3399690	4583357	17
4375616	4514417	6
375978	4583357	31
4640191	4514417	6
2317998	4514417	6
4289006	4514417	6
1267611	4583357	17
1463464	4583357	17
351765	3860115	71
2071608	4514417	6
2591889	4514417	6
1975731	4583357	32
3673404	4583357	17
2160512	4514417	6
168065	4583357	17
975723	4583357	17
443464	4583357	17
3981092	3338470	32
640036	4514417	6
1138620	4562199	212
3844605	4514417	6
1577809	4583357	17
1977157	4583357	17
1096583	4583357	17
1333120	4583357	17
3551655	4078522	212
2451045	3338470	32
4445711	4583357	17
192765	4514417	6
2179884	4514417	6
85344	4583357	17
4284182	3860115	71
1017894	4583357	17
880315	4514417	6
3105031	4583357	17
2691668	4583357	17
3551817	4583357	17
2663043	4514417	6
3206564	4583357	17
3140184	4514417	6
627528	4514417	6
2620204	4583357	17
2045807	4514417	6
901927	4514417	6
1158106	4514417	6
1441194	4514417	6
1236179	4514417	6
2573930	4583357	17
256059	4583357	17
2319732	4514417	6
1688680	4583357	17
858982	4514417	6
2637374	4583357	17
3715901	4514417	6
1959871	4514417	6
3633109	4514417	6
3337184	4583357	17
1466770	4583357	17
3160754	4514417	6
1567138	4514417	6
1972867	4583357	17
3066293	4583357	17
283087	4514417	6
4455384	4514417	6
4505456	4583357	17
703555	4514417	6
473329	4514417	6
1577923	4514417	6
2656464	4514417	6
3599508	4514417	6
3911263	4583357	32
3233741	4583357	22
4254805	4514417	6
1953261	4514417	6
3204308	4514417	6
81102	4514417	6
1811300	4583357	17
2164149	2298051	2662
651186	4514417	6
1008377	4583357	17
4583357	1002321	18
3489183	4514417	6
751351	887360	80
2748402	4514417	6
1712593	4514417	6
336328	4583357	17
4438159	4583357	17
3631194	4514417	6
1023712	4514417	6
3663595	4514417	6
1905421	4514417	6
144812	4583357	17
4259028	4583357	17
4181080	4514417	6
3980240	4514417	6
4389048	4514417	6
4349955	4583357	17
4583357	3498143	38
1722251	4514417	6
2595203	4514417	6
3663595	4583357	17
240090	4583357	17
2558535	4583357	17
909201	4514417	6
2019635	4514417	6
4324324	4583357	17
1017894	4514417	6
2453953	4583357	17
1773649	4514417	6
84247	4583357	17
2394382	4514417	6
954726	4583357	17
1200391	4583357	17
4275268	4514417	6
2372107	4583357	17
880471	4583357	17
2012757	726360	72
2759789	4583357	17
2996793	4514417	6
3375734	4514417	6
2055486	4583357	17
2688325	4514417	6
85704	3338470	32
978963	4583357	17
4458158	4583357	17
3225187	4514417	6
2116878	4514417	6
2652351	2607057	367
2687841	4583357	24
1138179	4583357	17
951300	4583357	17
34359	4583357	17
3274304	4583357	32
3603768	4514417	6
387896	4583357	17
1441692	4583357	32
2962936	4583357	17
1189436	4514417	6
198025	4514417	6
2498762	4514417	6
4430123	4514417	215
4583357	3274304	38
3032630	4514417	6
2361540	4583357	17
4460618	4514417	6
2867559	3908316	74
1875208	4514417	6
1925002	4583357	17
3022624	4514417	6
2383128	4514417	6
3401731	4583357	17
795375	4514417	6
2147394	4514417	6
2667611	4583357	17
854007	4514417	6
4553969	4583357	17
37760	4583357	17
4583357	240437	18
4423696	4583357	17
1506742	4583357	17
4552788	4514417	6
4649583	61429	31
1565434	4583357	17
1814072	4583357	17
2126332	4583357	17
1819327	4514417	6
2984928	4514417	6
1613667	4583357	17
800717	4583357	17
334975	4583357	17
4330159	4583357	17
3690593	4583357	17
3936281	4514417	6
712900	4514417	6
3405847	4583357	17
2270262	4583357	17
3551817	4514417	6
2681043	4514417	6
3362233	4514417	6
3958689	4514417	6
1101904	4583357	17
4385984	4583357	17
1065902	920767	80
2871535	4583357	17
1698835	4514417	6
239269	4583357	17
4445711	4514417	6
2618558	4583357	17
4161775	4514417	6
3562069	4583357	17
2508616	3162821	708
4509488	4514417	6
2606433	4514417	6
2013168	4514417	6
4624653	4514417	6
3763599	4583357	17
2317998	4583357	17
2733630	4514417	6
1465568	4514417	6
2276624	4583357	17
4514417	84247	6682
3422473	4562199	6707
2190917	1603345	6756
4514417	2990628	6682
3526505	15275	6888
4583357	515969	6693
4514417	306730	6682
4514417	2771874	6682
4514417	3438767	6682
4583357	655661	6693
4514417	3442512	6682
4583357	1522431	6693
991758	4583357	6694
4583357	2502369	6693
4514417	1889946	6682
4583357	1641679	6693
4583357	2319732	6693
4583357	2218717	6693
4514417	522065	6682
4514417	26266	6682
4514417	2748213	6682
4583357	1512827	6693
4583357	1145536	6693
4514417	1479554	6682
4514417	4645587	6682
4583357	2231902	6693
4583357	715168	6693
4583357	4029337	6693
4514417	2857494	6682
4583357	1662500	6693
4514417	1655600	6682
4514417	1642664	6682
4583357	124915	6693
4583357	2223881	6693
4583357	2288381	6693
4514417	3800776	6682
4583357	849385	6693
4514417	850824	6682
4514417	1367935	6682
2012757	726360	6756
4514417	2292848	6682
4514417	2531732	6682
2451225	4583357	6714
4583357	4234856	6693
4583357	1924960	6693
4514417	2693248	6682
4583357	4478829	6693
4583357	2387868	6693
4583357	4572650	6693
4514417	4326148	6682
4514417	3736412	6682
4514417	2753662	6682
4514417	1814568	6682
4514417	3492444	6682
4583357	2946479	6693
4583357	2416441	6693
4583357	2791862	6693
4583357	1122077	6708
4583357	1913131	6693
2043133	15275	6888
4514417	1833630	6682
4583357	575420	6693
4514417	2396260	6682
4514417	3516909	6682
4583357	717251	6693
4583357	432797	6693
4514417	388360	6682
333033	4583357	6714
4631207	1603345	6756
4583357	3438767	6693
1117632	3860115	6750
4514417	601414	6682
4514417	1063038	6682
2012757	15275	6888
4583357	2604947	6693
4514417	485922	6682
4514417	2481159	6682
4514417	4393963	6682
4583357	4575382	6693
1366814	2867559	6750
4583357	3835325	6693
4514417	2258426	6682
4514417	1009133	6682
4583357	3202847	6693
4514417	195478	6682
4583357	3722340	6699
4583357	680735	6708
4514417	791567	6682
4514417	2604947	6682
2652351	3569543	7014
4583357	595216	6693
4583357	101455	6693
4583357	432134	6693
4583357	3292170	6708
4583357	1328607	6693
4514417	3338940	6682
4583357	3714151	6708
4583357	2609837	6693
4583357	1161946	6693
4514417	856661	6682
4514417	1969780	6682
4583357	1379225	6693
3774821	4583357	6714
4583357	4160246	6693
4514417	1285232	6682
4514417	174562	6682
4583357	934048	6693
4514417	3761679	6682
15275	1603345	7374
1603345	1515837	6748
4514417	1848496	6682
4583357	726360	6693
4514417	1925002	6682
4514417	3515232	6682
4514417	724711	6682
4583357	655882	6693
4583357	740558	6693
3338470	3716806	6708
4514417	224529	6682
4583357	476391	6693
4583357	3544509	6693
4514417	4418892	6682
4583357	2156121	6693
4514417	1974712	6682
15275	2011557	7374
2289253	4583357	6714
4514417	697803	6682
4583357	2745803	6693
4514417	2357556	6682
4514417	1373419	6682
4583357	1340749	6693
4583357	372189	6693
4514417	3325844	6682
4583357	2998836	6700
4583357	158585	6693
4583357	2312704	6693
4514417	1899911	6682
4583357	1169434	6693
4583357	2205270	6708
4583357	2086562	6693
4583357	1763695	6693
4583357	2170600	6693
4583357	3000755	6693
4514417	3720253	6682
4583357	2331596	6693
4583357	2790397	6693
4583357	3386048	6693
4514417	1519907	6682
4514417	1639004	6682
4514417	3925953	6682
4514417	3076691	6682
4514417	4213502	6682
4514417	3153474	6682
4583357	2011557	6693
4583357	2219292	6693
4583357	2995318	6707
4514417	336498	6682
4583357	205964	6693
4514417	3527794	6682
2180840	15275	6888
4583357	4064694	6693
4583357	4128249	6693
4583357	2498762	6693
4583357	712900	6707
4514417	1674688	6682
4514417	4502919	6682
4583357	2522561	6693
4583357	3736598	6693
4583357	1014138	6708
4583357	3441636	6693
2867559	3213753	6747
4583357	193619	6693
4583357	1820853	6693
4583357	11273	6693
4514417	151552	6682
2760480	2682366	7264
4514417	170989	6682
4583357	1279722	6693
4514417	4600857	6682
4459531	4583357	6714
4583357	3997465	6708
2760480	3244583	6933
4514417	1353698	6682
4203425	3059371	6756
4583357	2549159	6693
4583357	3570634	6693
602833	781929	6747
4514417	1249215	6682
4514417	1414412	6682
1281360	4583357	6694
4583357	347444	6693
4583357	2956001	6693
4583357	3776360	6708
4514417	1799115	6682
4514417	2154955	6682
4514417	783027	6682
4583357	3618798	6693
4514417	2166588	6682
4583357	4330763	6693
3215579	3059371	6756
4514417	1432945	6682
4583357	3817633	6693
4514417	588006	6682
4514417	3250181	6682
4514417	3367103	6682
4583357	1590884	6693
15275	4643360	6686
4583357	1265642	6693
4514417	4074755	6682
4583357	2076458	6693
4514417	2872060	6682
4514417	1618117	6682
4514417	4478550	6682
4514417	449358	6682
4583357	1739345	6693
4583357	3116936	6708
4514417	2653969	6682
4583357	405696	6693
4583357	586512	6693
4583357	1795551	6693
4514417	1084596	6682
4514417	1559851	6682
4514417	61283	6682
4514417	2894802	6682
4583357	3370513	6693
4514417	4161260	6682
4514417	3808287	6682
4583357	2503704	6708
3860115	876911	6747
4583357	1273927	6708
4514417	1938567	6682
4514417	1506742	6682
4583357	306730	6693
4583357	2998469	6693
4583357	3255874	6693
4514417	3205454	6682
4583357	810032	6693
4583357	1172337	6708
4514417	3508647	6682
4514417	3813778	6682
3076691	4583357	6714
4583357	2451225	6708
4514417	4031128	6682
4583357	3895062	6693
15275	2451045	7374
4583357	2060501	6693
4583357	3252785	6693
4515946	15275	6888
4583357	920589	6693
4514417	3175947	6682
4583357	1240643	6708
4514417	855507	6682
4583357	2891457	6693
4514417	1438115	6682
4583357	2648961	6693
4514417	559751	6682
4583357	3399037	6693
4583357	3035647	6693
4514417	4148871	6682
739107	1861472	6748
4514417	4607812	6682
4514417	1772847	6682
4583357	3928826	6693
4583357	368345	6693
4514417	140055	6682
4514417	2628251	6682
4514417	751726	6682
4514417	3899107	6682
4583357	1822489	6693
4583357	1135905	6693
4583357	2331657	6693
4583357	3627691	6708
4514417	880471	6682
4514417	678523	6682
4583357	1170241	6693
2998645	4583357	6714
887360	3726530	6748
4583357	4088823	6693
4514417	79788	6682
4583357	316225	6693
4583357	4163536	6693
4583357	671387	6693
4583357	2425564	6693
4514417	4176088	6682
4583357	4268922	6693
4583357	1135022	6693
4514417	3034068	6682
3082200	4583357	6714
4583357	4436007	6693
4583357	3047795	6693
4583357	2938919	6693
4583357	43898	6693
4583357	2828446	6693
1603345	4165009	6748
4583357	3227092	6708
4514417	200325	6682
4514417	3720820	6682
4400742	4583357	6714
4514417	1751140	6682
4514417	509714	6682
4082451	2867559	6750
4514417	1625743	6682
4514417	1591321	6682
4514417	1577809	6682
4583357	872978	6693
3808277	4583357	6714
4583357	3162574	6693
4514417	2710582	6682
4583357	99766	6693
4583357	521371	6693
4514417	2214795	6682
4514417	2009911	6682
4514417	468402	6682
4514417	3671329	6682
4583357	283087	6693
4514417	1424108	6682
4583357	3046655	6693
4583357	2600237	6708
4583357	4426859	6708
4583357	18909	6693
4514417	2100553	6682
4514417	2355735	6682
3059371	4174156	6748
2867559	3613064	6779
4514417	4009081	6682
4583357	4376528	6693
4583357	2082636	6693
3498070	4583357	6714
4514417	3230555	6682
4514417	4165175	6682
4583357	1181100	6693
4514417	1891734	6682
4514417	497248	6682
2572011	4583357	6714
4514417	2159638	6682
4583357	2349793	6693
4583357	3162079	6693
4583357	4586792	6693
4583357	2477671	6708
4514417	1996015	6682
4583357	2485595	6693
4583357	138072	6693
4583357	3909143	6693
4583357	3132260	6693
4514417	3821899	6682
4583357	2760981	6693
2179884	2956590	6756
4583357	3531641	6693
4583357	976145	6693
3016619	3505796	6888
4583357	1228407	6693
4583357	1749980	6693
4514417	2240424	6682
4514417	3026572	6682
4583357	1536245	6693
1603345	739107	6748
4514417	3589951	6682
4514417	4019906	6682
4583357	2002575	6693
4583357	3056206	6693
4583357	2727954	6700
4514417	952198	6682
4514417	3880916	6682
4514417	2785525	6682
4583357	23237	6693
4583357	485238	6693
4514417	4301141	6682
4583357	4644476	6693
4583357	4629112	6843
4583357	2804257	6693
3338470	4325375	6708
4583357	523760	6693
4514417	935630	6682
4583357	815574	6693
4583357	4231730	6693
4514417	4427575	6682
4514417	973446	6682
4514417	1931427	6682
4514417	2461975	6682
4583357	3746074	6693
4583357	3329900	6693
4514417	4478967	6682
4514417	1435325	6682
4583357	1340749	6708
4514417	2002713	6682
4583357	2750276	6693
4514417	1613272	6682
4514417	845967	6682
4583357	2444127	6693
4583357	90362	6708
4583357	1854108	6693
4514417	2449610	6682
4514417	1123537	6682
4583357	2411324	6711
4514417	4650007	6682
4514417	3664495	6682
4514417	2029168	6682
4514417	4054702	6682
4583357	1923098	6693
4514417	2219292	6682
4583357	4029402	6693
4514417	1046505	6682
4583357	217764	6693
4514417	2815063	6682
4514417	158356	6682
2736431	3338470	6714
4514417	2348414	6682
4514417	3385426	6682
3951359	4583357	6714
4583357	4058518	6693
4583357	3115412	6693
4514417	204309	6682
4583357	520972	6711
4583357	2692964	6693
4583357	2344675	6693
4514417	1995049	6682
4514417	3330981	6682
4583357	2468358	6693
4514417	1063840	6682
4514417	3096363	6682
4514417	3520581	6682
4583357	2490012	6693
1622725	259650	6744
4583357	2675125	6693
4583357	3595472	6693
2034947	4583357	6714
4583357	1704496	6693
3473432	2652351	9338
4514417	4629673	6682
4583357	907324	6693
4583357	3677749	6693
4514417	673076	6682
4514417	4063842	6682
4514417	132284	6682
4514417	4438159	6682
4514417	1632646	6682
4514417	4583826	6682
4583357	3643721	6693
4514417	4426064	6682
4514417	3112104	6682
4514417	305511	6682
4583357	3831048	6693
4583357	4124055	6693
4583357	2202864	6693
4583357	3402105	6693
4514417	3870311	6682
4583357	1995049	6693
4583357	675553	6693
4514417	677989	6682
4583357	4331395	6693
4514417	774311	6682
4583357	13897	6693
4514417	1743490	6682
4514417	3275731	6682
4174156	15275	6888
4514417	4587509	6682
4583357	2322513	6693
4514417	1019964	6682
4583357	1138620	7241
4514417	4098151	6682
4514417	3230167	6682
4583357	1048629	6693
15275	3215728	7374
4514417	2794283	6682
4583357	1636951	6693
4583357	946907	6693
4583357	1752225	6693
4583357	3205297	6693
4514417	1707345	6682
4583357	1575704	6693
3699960	4583357	6714
2210410	1065902	7374
4583357	3892270	6693
4583357	3934135	6693
4583357	2743201	6693
4514417	4093512	6682
4583357	3086948	6708
4514417	3576977	6682
4583357	1230832	6693
480947	1366814	6763
4514417	628684	6682
3244583	4430123	6934
4514417	1844103	6682
4514417	233000	6682
4514417	2734605	6682
4583357	1809403	6693
4514417	3944881	6682
4583357	3373452	6693
4514417	3984512	6682
4583357	1410500	6693
4583357	4094866	6693
4583357	4545456	6693
4583357	3603768	6693
4514417	3181262	6682
4583357	4102412	6693
4583357	1416008	6693
3804012	4583357	6714
4514417	2711933	6682
4514417	4047812	6682
4583357	2767821	6693
4514417	4335676	6682
4583357	4478967	6693
4203425	2736431	6756
4583357	719307	6693
4583357	2254254	6693
4583357	1370316	6693
4583357	1867402	6693
4583357	2771629	6693
4514417	2866374	6682
4583357	808894	6693
15275	2123611	7374
4514417	4115255	6682
4583357	1424108	6693
4583357	1432508	6693
4514417	2141518	6682
4514417	1003525	6682
4514417	4010876	6682
4583357	2338696	6693
4514417	1250026	6682
4514417	259708	6682
4514417	3930197	6682
4514417	1396324	6682
4583357	1406898	6693
4514417	1732145	6682
4583357	3679226	6693
4583357	2541559	6693
1908089	3009051	6747
4583357	1123537	6693
4514417	2837451	6682
2699467	3860115	6750
4583357	1495058	6693
4583357	4438746	6693
4514417	3453174	6682
4514417	118267	6682
4583357	695927	6693
4583357	4157324	6693
4583357	2518317	6693
4583357	2909256	6693
4514417	1377919	6682
4514417	1350077	6682
4583357	2548713	6693
4514417	3050924	6682
4514417	671059	6682
1138620	4562199	7374
4514417	4458158	6682
4583357	1411996	6693
4583357	4099954	6693
4583357	1332152	6693
4583357	1438115	6693
4583357	2246391	6693
4514417	3112441	6682
4514417	607917	6682
4514417	4023565	6682
4514417	3299620	6682
4514417	414088	6682
4583357	4106114	6693
4583357	4031128	6693
4583357	305608	6693
4583357	2231862	6693
4583357	1959250	6693
4514417	3148892	6682
4514417	2956877	6682
4583357	1738630	6693
4514417	550802	6682
4583357	2197901	6693
4583357	2382700	6693
4514417	1544784	6682
4514417	4647934	6682
4514417	4148489	6682
4514417	3325679	6682
4514417	1169642	6682
4583357	1485074	6693
3860115	381557	6747
4583357	2285368	6693
4583357	3966778	6693
4583357	2347531	6693
4514417	1704496	6682
4583357	3755414	6693
4583357	3903794	6693
4583357	2845840	6693
4583357	1534547	6693
4583357	963675	6693
4583357	2459933	6693
2298051	15275	6888
4583357	13910	6693
4583357	3194613	6693
4514417	1673571	6682
4583357	1395688	6693
4583357	856756	6693
4583357	3061321	6693
4514417	193023	6682
4514417	4245412	6682
4583357	338251	6693
4583357	1670460	6693
2571339	2976935	7836
520972	2652351	6717
4514417	1332060	6682
4514417	3281873	6682
4514417	3557461	6682
4514417	4028129	6682
4514417	1219836	6682
2192018	2926772	6714
4583357	3764269	6722
4514417	2363500	6682
4583357	114133	6693
3643721	4583357	6714
4583357	1819104	6693
4514417	3718517	6682
4514417	1414271	6682
4583357	2656464	6693
4514417	4291920	6682
4583357	2392695	6693
4514417	1847323	6682
4514417	2415158	6682
4583357	1399481	6693
4514417	2484181	6682
4583357	4380199	6693
4583357	2703207	6693
4583357	1169890	6693
4514417	968098	6682
4583357	657929	6693
4583357	2560528	6693
4583357	2354621	6693
4514417	223897	6682
4514417	803232	6682
1161299	4583357	6714
4514417	1121077	6682
4583357	680735	6693
4583357	985824	6693
4583357	664316	6693
4583357	2122008	6693
4514417	4459531	6682
4583357	3175947	6693
4583357	651186	6693
4514417	409217	6682
4583357	701951	6693
4583357	3633109	6693
4514417	1265381	6682
4514417	594938	6682
4514417	166407	6682
4583357	1302331	6693
4583357	629689	6693
4583357	4204291	6693
4583357	4640191	6693
4514417	4106063	6682
4514417	3059522	6682
4583357	1608847	6693
4514417	3428834	6682
4514417	2708660	6682
4583357	2521953	6693
4514417	2515897	6682
4583357	4308498	6693
4514417	989651	6682
4514417	1014943	6682
4514417	2065235	6682
4583357	1193140	6693
4514417	476391	6682
4514417	4374672	6682
4583357	1983375	6708
4583357	1809406	6693
4583357	2836324	6693
4583357	3069930	6693
4514417	1601318	6682
4514417	4160331	6682
1117560	2451045	6748
2190917	1281360	6823
4583357	3305644	6693
4514417	2401050	6682
4514417	1390510	6682
4514417	798358	6682
4514417	2361540	6682
4583357	3716806	6693
4583357	43285	6693
4583357	167170	6693
4514417	4589413	6682
4514417	3955032	6682
4514417	2824565	6682
4514417	1040185	6682
4583357	644899	6693
4583357	1649200	6693
4514417	1045925	6682
4583357	1978380	6693
4514417	2785818	6682
4583357	748873	6693
4583357	520868	6693
4514417	2743415	6682
2079880	2652351	6717
4583357	4459450	6693
4514417	2991092	6682
4514417	4264641	6682
4514417	1649034	6682
1414137	4583357	6714
920767	4562656	6756
4583357	3334750	6693
4583357	3907398	6693
4514417	3297740	6682
4583357	3226125	6693
4583357	4171658	6693
4514417	4212476	6682
4583357	860569	6693
4514417	3569543	6682
4583357	3204308	6693
4514417	3252198	6682
4514417	2911651	6682
4514417	1609356	6682
4583357	939179	6693
4074130	4583357	6714
4583357	2724405	6693
4583357	604485	6693
4583357	2731399	6693
4514417	1615389	6682
4514417	1500775	6682
4583357	65970	6693
4583357	2239504	6693
4583357	3300585	6693
4514417	4643478	6682
4583357	2576353	6693
4514417	3711025	6682
4583357	4279470	6693
4514417	210968	6682
4583357	957327	6693
3338470	2086870	6707
4514417	2616886	6682
2508616	3162821	8203
4514417	177754	6682
4583357	4451721	6693
4514417	726268	6682
4583357	3558056	6693
4583357	2623683	6693
4583357	1750870	6693
4583357	795469	6693
4583357	2451225	6693
4514417	21559	6682
4583357	111790	6693
4514417	151967	6682
4583357	358846	6693
4514417	1492485	6682
4583357	208833	6693
4583357	1989213	6693
4514417	2865360	6682
4583357	1209375	6693
4514417	782440	6682
4583357	1425817	6693
4514417	1662249	6682
4514417	3456318	6682
3215579	15275	6888
4583357	2874400	6693
4514417	3928140	6682
4583357	395732	6693
4514417	2768612	6682
4514417	310956	6682
4583357	3731479	6693
4583357	4453800	6693
4514417	1563146	6682
4583357	738673	6693
4583357	3140602	6693
4514417	3435278	6682
4514417	2287619	6682
4583357	4113547	6693
4583357	256283	6693
4583357	905863	6708
4514417	153715	6682
4514417	752155	6682
4583357	804860	6693
4583357	2467999	6708
4583357	2967059	6693
4629112	4583357	6721
1281360	2190917	6815
15275	3420179	7374
4583357	1109633	6693
4583357	158491	6693
4514417	4465564	6682
4514417	1222813	6682
4514417	3329424	6682
4583357	3549260	6693
4514417	992441	6682
2784661	4583357	6714
4514417	1843398	6682
4583357	2431961	6693
4583357	1609297	6693
4583357	468833	6693
4514417	2809149	6682
4583357	265672	6693
4583357	3254138	6693
4583357	3099620	6693
4583357	1793536	6693
4514417	1986905	6682
4583357	857207	6693
4583357	2175186	6693
4514417	365412	6682
4514417	708163	6682
4583357	2766699	6693
4514417	456759	6682
4514417	1165003	6682
4514417	4358037	6682
4514417	4251571	6682
4583357	380251	6693
4514417	2354621	6682
4514417	113440	6682
4583357	614175	6693
4583357	2981759	6693
4583357	3601828	6693
4514417	1718486	6682
4514417	981447	6682
4514417	2970922	6682
4583357	1849964	6693
3681996	259650	6753
4583357	2124138	6693
4583357	547471	6693
4583357	717384	6693
4583357	1013246	6693
4583357	4348859	6693
4583357	3015663	6693
4514417	4429428	6682
1908089	3860115	7206
4514417	76958	6682
4583357	3375038	6693
4514417	792486	6682
4583357	4322685	6693
4514417	2143211	6682
4514417	2033094	6682
4583357	4393963	6693
4078522	2990682	6714
4514417	939528	6682
4583357	54409	6693
4514417	2471583	6682
4514417	933910	6682
4514417	1853889	6682
4583357	119743	6708
1937348	2867559	6924
4514417	1994126	6682
4583357	2180840	6693
4514417	2441298	6682
4514417	1143177	6682
4514417	2387868	6682
4583357	4358037	6693
4514417	2878682	6682
4583357	4146436	6693
4583357	1714802	6693
4583357	624946	6693
4514417	2288439	6682
2652351	520972	6801
4514417	167170	6682
15275	4160246	7374
105383	15275	6888
4514417	44452	6682
4583357	1707345	6693
4583357	2782443	6693
4583357	1365452	6693
4583357	4025089	6693
4514417	3895062	6682
2736431	3503941	6748
4583357	2193360	6693
4514417	4403271	6682
4583357	113440	6693
4514417	1244929	6682
15275	2976935	6779
4514417	1824447	6682
480947	1603345	6763
4583357	2338696	6708
4514417	595955	6682
4583357	4223187	6693
3365000	3526918	6756
4514417	2707942	6682
4583357	1361271	6693
4514417	810032	6682
4583357	1932785	6693
3354636	259650	7927
4514417	1077139	6682
3059371	15275	6888
4514417	3044850	6682
4514417	2206523	6682
4583357	1938705	6693
4514417	3207810	6682
4514417	2854906	6682
2652351	868563	7014
4514417	2320590	6682
4514417	2522561	6682
4514417	1296289	6682
4583357	2637736	6693
4514417	3009413	6682
4583357	230179	6693
4514417	4443236	6682
4514417	2216124	6682
2652351	4640795	7014
1117560	987754	6756
4583357	3780543	6693
4514417	1813490	6682
4583357	1207696	6693
4583357	3851736	6693
4514417	327605	6682
4583357	4520564	6693
4583357	939528	6693
4583357	215254	6693
4514417	1022083	6682
4514417	651914	6682
4514417	871036	6682
4514417	3416786	6682
4583357	4034870	6693
4583357	2648150	6693
4583357	1998880	6693
4514417	2853661	6682
4583357	1254016	6693
4514417	3226277	6682
4514417	498025	6682
259650	1926345	6755
4514417	1726604	6682
1065902	920767	6748
4583357	401155	6693
4583357	1448679	6708
4583357	4154249	6693
4514417	2587741	6682
3524221	4583357	6714
4583357	2131908	6700
4514417	3147178	6682
4514417	21329	6682
4583357	1753345	6693
4583357	2271862	6693
4514417	2374235	6682
4583357	3639780	6693
4583357	3524338	6693
4583357	3153474	6708
4583357	1172517	6693
4514417	372373	6682
4390116	4583357	6714
4583357	3559255	6693
4583357	181620	6693
4583357	3494157	6693
4583357	4643296	6708
4583357	1787660	6693
4583357	3053471	6693
4514417	3544182	6682
2652351	1726604	7014
4514417	2842293	6682
15275	804403	7374
480947	1726604	7130
4514417	2961500	6682
4514417	4416073	6682
4255056	4068669	7374
4514417	3826238	6682
4514417	1395704	6682
4583357	362837	6693
4514417	4223922	6682
4514417	2546264	6682
4583357	1117632	6693
4514417	3524338	6682
4514417	3011207	6682
4583357	4029127	6693
4583357	3109843	6693
4514417	4608128	6682
3850617	3860115	6750
4583357	2862146	6693
4514417	640205	6682
4583357	1672455	6693
4583357	3556806	6693
4583357	4164999	6693
4583357	3679398	6693
4514417	4333504	6682
4583357	3506793	6693
4583357	2737187	6693
4514417	256283	6682
4514417	1097994	6682
4583357	3434155	6693
4583357	150702	6693
3116936	4583357	6714
4514417	2965397	6682
4514417	1133752	6682
4514417	218678	6682
4583357	2999601	6693
4583357	3009051	6693
15275	4562199	7374
4583357	3876877	6707
4583357	406883	6693
4514417	4340039	6682
4583357	893816	6693
15275	2141412	7374
4514417	1961118	6682
4583357	2985077	6693
4583357	4415973	6693
4514417	1772286	6682
15275	2043133	7374
4514417	2609344	6682
4583357	2564288	6693
4514417	3644645	6682
4583357	322009	6693
4583357	3003696	6693
4514417	3681996	6682
4583357	3814379	6693
4514417	1478166	6682
4583357	4544181	6693
4583357	2364942	6693
4514417	4013934	6682
4583357	76273	6693
4514417	595216	6682
4514417	3439470	6682
3338470	1117560	6708
4514417	4306305	6682
4514417	2969197	6682
4514417	3843902	6682
4583357	2102332	6693
2021715	4583357	6694
4514417	1948491	6682
4583357	3612287	6693
4583357	1916520	6693
4583357	4023833	6693
4514417	1926345	6682
4514417	1099719	6682
4583357	2332794	6693
4514417	454428	6682
4514417	328354	6682
4583357	3420972	6693
3524071	4583357	6714
4514417	1311871	6682
4583357	1492952	6708
4514417	138072	6682
4514417	2076458	6682
4583357	1860845	6693
4583357	3814367	6693
4583357	2905149	6693
4583357	1409169	6693
4514417	3247446	6682
4583357	3204460	6693
4583357	3880777	6693
4583357	4453089	6693
4583357	363446	6693
4583357	2975591	6693
4583357	3108577	6708
4583357	3643168	6693
3526918	2629246	6755
4583357	2799138	6693
4514417	1298968	6682
4583357	4161775	6693
4514417	189612	6682
4583357	2185251	6693
15275	3533854	7374
4514417	1614867	6682
4583357	2379988	6693
4583357	1448679	6693
4583357	3833437	6693
4583357	810628	6693
4514417	95302	6682
4514417	1919070	6682
4514417	4115097	6682
4583357	4503987	6693
4514417	920	6682
4078522	15275	6888
4514417	2609453	6682
4514417	396076	6682
4514417	3832443	6682
4514417	1753345	6682
4514417	4211240	6682
4514417	3070377	6682
4583357	1475239	6693
4583357	3159806	6693
4514417	1861205	6682
4583357	1604442	6693
4583357	1746116	6693
4583357	3669428	6693
4514417	41373	6682
4514417	3930057	6682
4514417	4653691	6682
4583357	259708	6693
4583357	4295500	6693
4514417	1573936	6682
4514417	2231927	6682
4583357	2258426	6693
4583357	423048	6693
4583357	1197900	6693
4514417	151414	6682
4583357	3644645	6693
4583357	3163313	6693
4583357	633500	6693
4514417	4394053	6682
4514417	4440655	6682
4583357	3704199	6693
4514417	4586792	6682
4514417	620635	6682
4583357	1003525	6693
4583357	2422933	6693
4583357	4502919	6708
3533854	2141412	6748
4583357	1016642	6693
4583357	4396743	6693
4583357	4637626	6693
4583357	3813778	6693
4583357	1986905	6693
4514417	1429670	6682
4583357	4383511	6693
4583357	1201097	6693
4514417	1672066	6682
4583357	1837117	6693
4583357	2461714	6693
4514417	3778043	6682
4514417	3679398	6682
4514417	4421542	6682
762695	3860115	6750
4514417	1941207	6682
4514417	1832439	6682
4514417	1263752	6682
4583357	97883	6693
4429827	1445538	6760
4514417	1778887	6682
4583357	2991092	6693
4514417	140644	6682
4583357	3240405	6693
1448679	4583357	6714
4583357	1847988	6693
4514417	4629365	6682
4514417	4216193	6682
4514417	3688879	6682
4583357	1249215	6693
4583357	364124	6693
4583357	3925953	6693
4583357	3036593	6693
4514417	3435736	6682
4514417	3646334	6682
4514417	2386127	6682
4583357	1491524	6693
4514417	3727415	6682
4514417	732249	6682
4583357	4028129	6693
4583357	1813036	6693
4514417	1652504	6682
4514417	1959250	6682
3338470	2086870	6708
4514417	1037396	6682
4514417	3650273	6682
3206075	4583357	6714
4583357	4069372	6693
4583357	3299620	6693
4583357	2609344	6693
4514417	3189916	6682
4583357	1414137	6708
4583357	1948491	6693
1820464	15275	6888
4514417	2732183	6682
3521248	2652351	6717
4583357	1743490	6693
4514417	3226125	6682
4514417	2576353	6682
4514417	2301199	6682
4514417	1109633	6682
4514417	3552011	6682
4514417	4550593	6682
4514417	2180111	6682
4583357	4113607	6693
3643168	4583357	6714
4514417	2574397	6682
4583357	378307	6693
4514417	2985077	6682
4514417	112544	6682
4514417	2766699	6682
4583357	81102	6693
4514417	2107415	6682
4514417	2156121	6682
4583357	1789315	6693
4583357	3498143	6708
4514417	3050043	6682
4514417	1267760	6682
4583357	1287647	6693
4082451	3226942	6889
887360	15275	6888
4583357	3271037	6693
4514417	3653088	6682
4583357	2984928	6693
4583357	2507338	6693
4583357	3297740	6693
1861472	739107	6756
4514417	3165703	6682
4583357	3930057	6693
3860115	3850617	6747
4583357	2174295	6693
4583357	2827458	6693
4583357	1910384	6693
4583357	1201265	6693
4583357	1218975	6693
3175531	3338470	6714
4514417	3331345	6682
4514417	3865772	6682
4514417	987999	6682
4514417	3726950	6682
4583357	3647271	6693
4583357	2880282	6693
4514417	4294089	6682
4514417	2537351	6682
4514417	2219225	6682
4583357	4048142	6693
4583357	856661	6693
4583357	1806920	6693
4514417	322009	6682
4583357	3181034	6693
4514417	888027	6682
4583357	2860228	6693
82735	4583357	6714
4514417	1963291	6682
4514417	657929	6682
4583357	820653	6693
4583357	387896	6708
4514417	1494876	6682
4583357	1544927	6693
4514417	3321898	6682
4583357	340533	6693
4583357	3008059	6693
4514417	1670460	6682
4583357	348957	6693
4514417	2298150	6682
4583357	4452388	6693
4583357	4279346	6693
4583357	3732055	6708
4514417	3020598	6682
4514417	959888	6682
4514417	158491	6682
4583357	3904588	6693
4583357	3113672	6693
3526505	3338470	6714
4514417	4204291	6682
4514417	1973439	6682
4514417	3884520	6682
4583357	2711049	6693
4514417	1948315	6682
4583357	4271906	6693
4583357	2078214	6693
4583357	1685466	6693
4514417	4068392	6682
4514417	2530945	6682
726360	15275	6888
4514417	1795551	6682
4514417	159912	6682
4514417	3279678	6682
4583357	2138277	6693
4514417	880501	6682
4514417	3791789	6682
4514417	20001	6682
4583357	2240424	6693
4514417	1880325	6682
4583357	224529	6693
40603	4583357	6714
4514417	491047	6682
4583357	3767781	6693
4514417	969710	6682
2882745	259650	6708
4583357	1059705	6693
4583357	1455486	6693
4583357	2606433	6693
4517443	2652351	6753
4514417	2793814	6682
4583357	395828	6693
4514417	1200625	6682
4583357	4471012	6693
2202900	4583357	6714
4514417	1880077	6682
4583357	3443900	6693
4583357	665729	6693
4514417	3424822	6682
4583357	374932	6693
4583357	2290960	6693
4583357	3137454	6693
739107	3338470	6714
4514417	2616545	6682
2727954	4583357	6694
4583357	3671329	6693
4583357	3422995	6693
4514417	1762882	6682
4583357	3409147	6693
4514417	1639219	6682
4514417	3194483	6682
4514417	3911263	6682
4514417	363995	6682
15275	2190917	7374
4514417	1013246	6682
4514417	4204651	6682
4583357	2375784	6693
1516042	2867559	7206
4514417	615	6682
4514417	1134713	6682
4583357	4340039	6693
4583357	510456	6693
4514417	2026143	6682
4583357	2386127	6693
1515837	2210410	6888
4514417	1122019	6682
4583357	2774620	6693
4514417	1800614	6682
4514417	2268681	6682
4514417	984823	6682
4514417	1059705	6682
4583357	83846	6693
2785578	2867559	6750
4514417	4552423	6682
4514417	4249200	6682
4583357	224966	6693
4514417	743383	6682
4583357	1837486	6693
4514417	3855085	6682
4514417	1169434	6682
1097994	4583357	6714
4514417	1983375	6682
4583357	702151	6693
1281360	3009051	6815
4514417	309806	6682
4514417	1241365	6682
4583357	4028915	6693
4583357	2909620	6708
4514417	4343916	6682
15275	1372668	7374
4518043	4583357	6694
4583357	1603345	6693
480947	1199423	6763
4514417	3644158	6682
4514417	3855944	6728
4514417	3386048	6682
4583357	4584502	6708
4514417	1509058	6682
4514417	4144326	6682
4583357	1711451	6693
4514417	761447	6682
4583357	1399536	6693
4583357	775139	6693
3981092	1108695	6756
4514417	1820490	6682
4583357	2756201	6693
259650	1622725	6779
3338470	3526505	6708
2886525	670570	6694
4514417	1312759	6682
4583357	1212485	6693
4514417	4639936	6682
4583357	3349243	6693
4583357	792486	6693
4583357	1772847	6693
4514417	1304483	6682
4514417	1279063	6682
4583357	2315428	6693
4583357	153715	6693
4583357	869906	6693
4583357	3508541	6693
4583357	4068392	6693
4583357	2961959	6693
887360	3175531	6748
4514417	1328607	6682
4583357	4573424	6693
4514417	1973481	6682
4583357	81911	6693
4583357	666105	6693
4514417	1575704	6682
4514417	1596008	6682
4583357	1985232	6693
4514417	2162872	6682
4583357	3802816	6693
4583357	1727691	6693
4514417	2202864	6682
4583357	2870856	6693
4583357	1918455	6708
4583357	540526	6693
4514417	684132	6682
4583357	3801462	6693
4316304	4583357	6694
4583357	3052812	6693
4583357	557538	6693
4583357	965703	6693
4514417	4255118	6682
4583357	32363	6693
4514417	4269429	6682
4514417	603403	6682
4583357	4465566	6693
4514417	3397623	6682
4583357	1404770	6693
4583357	2737904	6693
15275	4508813	7374
1372668	1108695	6756
3338470	105383	6707
4583357	4254805	6693
4583357	1909498	6693
4514417	485238	6682
4514417	34359	6682
4583357	3971797	6693
4514417	3208735	6682
480947	4160246	6763
4514417	1733266	6682
4514417	3851374	6682
4583357	1558706	6693
4583357	2857494	6693
4583357	1996015	6693
4583357	697803	6693
4583357	4141903	6693
4514417	3781547	6682
4514417	499675	6682
4514417	3524221	6682
4514417	3257637	6682
4514417	3537085	6682
4514417	3409147	6682
4316304	774564	6707
3526918	1761824	6755
4583357	1099719	6693
4514417	873878	6682
4583357	2784661	6693
2658264	4583357	6714
4583357	1924842	6693
4514417	1889120	6682
4514417	1379165	6682
4514417	3946278	6682
4514417	993571	6682
4514417	381557	6682
4514417	378054	6682
4514417	1185258	6682
4583826	3338470	6714
4514417	2466453	6682
4514417	1376319	6682
4583357	1195787	6693
4583357	4394053	6693
4514417	4271159	6682
4411208	2652351	6753
4583357	2969197	6693
4514417	4272556	6682
4514417	2780300	6682
4583357	3557461	6693
848111	4583357	6714
4514417	2590968	6682
4514417	4545456	6682
4583357	4054702	6693
4583357	2453255	6693
4514417	3245151	6682
4514417	3339737	6682
4583357	3067609	6693
4514417	420470	6682
2012757	3338470	6714
4583357	1644369	6693
4583357	1731126	6693
4583357	3879366	6693
4583357	1513515	6693
4514417	4423048	6682
4514417	4588703	6682
4514417	2311750	6682
4583357	2428720	6693
2998836	480947	7775
1395688	4508813	6748
4514417	4572506	6682
4583357	1838298	6708
4514417	13144	6682
4583357	4421789	6693
4514417	831428	6682
4514417	1490714	6682
4583357	3928616	6693
4583357	3398735	6693
4514417	2698625	6682
4583357	856234	6693
4583357	2134249	6693
4514417	3260107	6682
4583357	687140	6693
4514417	4268922	6682
4514417	3709143	6682
4514417	905863	6682
4514417	4300441	6682
4583357	2815063	6693
4514417	3402105	6682
4583357	891278	6693
4583357	2064570	6693
4514417	2635808	6682
4514417	1870468	6682
4514417	2124138	6682
4514417	4656154	6682
4514417	966176	6682
4583357	3690337	6693
2503704	4583357	6714
4562656	3338470	6714
4514417	2871535	6682
4583357	2298149	6693
4514417	132751	6682
4514417	3039845	6682
4514417	3890162	6682
4514417	1374836	6682
4583357	673436	6693
4583357	1896774	6693
2725667	4583357	6714
4583357	4445685	6693
1761824	3526918	6753
4583357	1960928	6693
4583357	1551951	6693
4583357	1165003	6693
1838298	4583357	6714
2990682	4583357	6694
4514417	1731126	6682
751351	887360	6748
4583357	4406759	6708
4583357	206459	6693
4514417	3047795	6682
4583357	3378829	6693
4583357	2833641	6693
4514417	1964	6682
4583357	1173281	6693
4514417	4241364	6682
4583357	2830728	6693
151967	2652351	6748
4583357	1492952	6693
4583357	2020809	6693
4583357	2266784	6693
3338470	1372668	6708
4583357	3870311	6693
4514417	3007589	6682
4583357	3429146	6693
4583357	120632	6693
4514417	3878813	6682
4514417	4028915	6682
4095957	3860115	6750
4583357	446818	6693
4514417	3479235	6682
4583357	4353463	6693
4514417	539652	6682
4583357	2288118	6693
4514417	4531629	6682
4012831	4149254	6747
3860115	2867559	7446
4514417	2416441	6682
4583357	4161295	6693
4583357	877138	6693
4514417	1975731	6682
4583357	4047812	6693
4583357	2100177	6693
739107	3551655	6888
4514417	443464	6682
4514417	2747383	6682
4583357	506875	6693
4583357	789513	6693
4583357	1326870	6693
4583357	1853763	6693
4514417	4088823	6682
4514417	1521169	6682
4514417	947076	6682
4514417	2031254	6682
4514417	3942931	6682
4514417	4573424	6682
4583357	3748528	6693
4583357	4063842	6693
406883	4583357	6714
4583357	2616886	6693
4583357	1820464	6693
4583357	1179860	6693
4583357	2168089	6693
4514417	1432508	6682
4583357	897915	6708
4583357	245831	6693
4583357	163894	6693
4514417	1559880	6682
4583357	4238639	6693
4514417	3844619	6682
4583357	1905421	6693
4514417	2600237	6682
4514417	2513838	6682
4514417	2949186	6682
4514417	2093252	6682
4583357	751726	6693
4514417	3154756	6682
480947	920767	6763
4583357	3600545	6693
4514417	2033008	6682
4514417	4603230	6682
4583357	693954	6693
4583357	79778	6693
4514417	4396332	6682
4514417	3227232	6682
3226942	4082451	6842
4583357	3033086	6693
4583357	2706344	6693
4514417	3909143	6682
4583357	4082464	6693
4583357	335998	6693
4514417	1670758	6682
4583357	1959871	6693
15275	3726530	7374
4583357	3175947	6708
1279722	3338470	6714
3338470	1820103	8389
4514417	882937	6682
4583357	2465614	6693
4583357	336498	6693
61429	4583357	6694
4514417	1304864	6682
1825184	2451045	6756
4583357	2471966	6693
4514417	3361650	6682
4514417	2995318	6682
4583357	887360	6693
2571339	3613064	7836
4583357	1811879	6693
4514417	1284917	6682
4514417	2055922	6682
3420179	2817574	6748
4583357	2121694	6693
4514417	1820910	6682
4514417	384312	6682
4514417	236122	6682
4514417	3728540	6682
3428608	4583357	6714
4583357	2119239	6693
4583357	829289	6693
4583357	4069053	6693
4514417	32363	6682
4514417	415718	6682
4514417	3510620	6682
4514417	4600504	6682
4502919	4583357	6714
4583357	1201508	6693
625083	4583357	6714
4514417	1025795	6682
4514417	2292205	6682
4514417	3000755	6682
4583357	1244957	6693
4514417	1757932	6682
4108578	4583357	6714
4583357	2797830	6693
4583357	3728495	6693
4508813	15275	6888
4514417	4471012	6682
4514417	2467999	6682
4514417	2762040	6682
4514417	1913131	6682
4583357	3336403	6693
4514417	2298051	6682
4514417	4299343	6682
4514417	2175186	6682
3338470	1417504	6708
4583357	2438456	6693
4583357	374779	6693
4583357	1385635	6693
4514417	4230634	6682
4583357	1763890	6693
4583357	4486608	6693
4583357	3878813	6693
4583357	1818498	6693
4583357	1374051	6693
4583357	4067401	6693
3776360	4583357	6714
4583357	3363931	6693
4583357	389090	6693
4583357	3044850	6693
859405	4583357	6714
4583357	4396762	6693
4583357	4204651	6693
4514417	2491379	6682
4514417	2528548	6682
4514417	986099	6682
4514417	1736460	6682
4514417	258709	6682
4514417	892002	6682
4583357	3059522	6693
4514417	2697601	6682
4583357	3876877	6693
4514417	3247143	6682
4583357	2708660	6693
4583357	1707248	6693
4583357	609254	6693
3233741	4508813	6707
4514417	4576876	6682
4583357	926737	6693
4514417	2884716	6682
4514417	2133318	6682
1917251	4583357	6694
4583357	592261	6693
4583357	2916372	6693
2965996	4293030	7374
4514417	3670022	6682
4514417	3530614	6682
4583357	2990682	6700
1479555	15275	6888
4514417	3879366	6682
4583357	168064	6693
4514417	2390056	6682
4514417	3138323	6682
4583357	1214984	6693
4583357	388360	6693
4583357	1566952	6693
4583357	1161922	6693
4583357	1564984	6693
4583357	48635	6693
4514417	2975025	6682
4583357	1457823	6693
4514417	594803	6682
4583357	3333851	6693
4514417	551329	6682
4562199	2086870	6756
2965996	2956590	7374
4514417	4325375	6682
4514417	3963350	6682
4514417	1273927	6682
4514417	23156	6682
4514417	2250748	6682
4583357	1276855	6693
4583357	305415	6693
4583357	793540	6693
4514417	2422249	6682
4583357	3125297	6693
4583357	4101200	6693
4514417	1855506	6682
4583357	2065235	6693
4583357	1068638	6693
4514417	1763890	6682
4583357	832184	6693
4514417	4158746	6682
4514417	3061569	6682
4583357	3645736	6693
4514417	3198003	6682
4514417	4631138	6682
4583357	2390056	6693
705585	4583357	6694
4514417	146006	6682
4583357	1185258	6693
4583357	438326	6693
4583357	4425225	6693
4514417	4522858	6682
4514417	1934862	6682
3170031	4583357	6714
4514417	4631207	6682
4514417	448126	6682
4583357	3112206	6693
4583357	4045907	6708
4583357	61455	6693
4514417	2395984	6682
4514417	2789955	6682
4583357	1906143	6693
4514417	217764	6682
4583357	4518043	6700
4583357	3374145	6693
4583357	2583846	6693
4583357	1498813	6693
4514417	4524530	6682
4514417	1678431	6682
4514417	664316	6682
1975731	4583357	6714
4514417	1825184	6682
4514417	1084734	6682
4583357	3778441	6693
4514417	1493418	6682
4514417	1941422	6682
4514417	3618373	6682
4514417	4444268	6682
4514417	2368868	6682
4514417	1131168	6682
4514417	2771629	6682
4514417	2069482	6682
4583357	1959842	6693
4583357	1313990	6693
4583357	4552149	6693
4514417	2012757	6682
4583357	139700	6693
4514417	497303	6682
4583357	1652548	6693
4514417	2671858	6682
4583357	920435	6693
4583357	1574177	6693
4514417	3326280	6682
4514417	2288084	6682
4583357	4367522	6693
4583357	550536	6693
4514417	3352821	6682
4583357	2886618	6693
4583357	4621500	6693
2705811	4583357	6694
4583357	1678431	6693
4514417	550393	6682
4514417	4191198	6682
4515946	1279722	6748
4514417	872978	6682
4583357	2316040	6693
4514417	4044230	6682
4514417	1156284	6682
4583357	155393	6693
3860115	1162531	6747
4514417	412405	6682
3442512	4583357	6714
4514417	4203682	6682
4583357	4452769	6693
4514417	3726530	6682
4583357	1143177	6693
4583357	1651583	6693
4583357	485222	6693
4514417	2743191	6682
4583357	3190471	6693
4583357	3865964	6708
4514417	4637626	6682
4514417	675553	6682
4514417	1802626	6682
4514417	4355851	6682
4583357	1435325	6693
4514417	1010913	6682
4583357	2413524	6708
4583357	3809752	6693
4583357	4173238	6693
4514417	3884335	6682
4514417	2850026	6682
4583357	3696462	6693
4583357	2021349	6693
4514417	1193140	6682
4514417	387948	6682
4514417	58323	6682
4514417	3737969	6682
4514417	602392	6682
4514417	1509185	6682
4583357	580299	6693
4583357	2590968	6693
4583357	1330123	6693
4583357	813729	6693
4583357	239510	6693
4583357	3521915	6693
4514417	2331596	6682
4583357	477423	6693
4583357	2097780	6693
4514417	547471	6682
4514417	3843117	6682
4583357	3029015	6693
4514417	2757509	6682
4583357	3091186	6693
4514417	4383511	6682
4514417	1012302	6682
4583357	3875389	6693
4514417	1645743	6682
4583357	380795	6693
4583357	2218717	6707
4583357	959844	6693
4514417	375978	6682
4583357	3927183	6693
2123611	774564	6748
4514417	3019260	6682
4583357	1974712	6693
4583357	3804012	6708
4583357	2102983	6693
4583357	3325844	6693
4583357	3194483	6693
4583357	2718276	6700
4514417	2404264	6682
4583357	3207432	6693
4514417	740558	6682
4514417	334975	6682
4583357	4491845	6693
4514417	3827890	6682
4514417	3353544	6682
4514417	3857554	6682
15275	2192018	7374
2190917	15275	6888
15275	673076	7374
4514417	2266784	6682
987754	3526918	6756
4583357	2112664	6693
4514417	322616	6682
4583357	3486215	6693
4514417	1467090	6682
4583357	2540959	6693
4583357	204309	6693
4514417	4429230	6682
4514417	342721	6682
4583357	4031394	6693
4514417	3919352	6682
4514417	3297590	6682
4514417	3871632	6682
4583357	3199838	6693
4514417	3524071	6682
4583357	3096363	6693
4583357	219223	6693
4583357	2531070	6693
1334405	3268903	7328
480947	3526505	6763
4514417	951757	6682
4583357	4048388	6693
4514417	4292242	6682
4514417	451358	6682
4514417	4397807	6682
4583357	2917394	6693
4514417	81911	6682
4583357	594938	6693
4583357	4348809	6693
4514417	3737936	6682
4514417	965703	6682
4583357	1917641	6693
3086948	4583357	6714
4583357	310372	6693
4583357	2801168	6708
4514417	1432118	6682
4514417	1285664	6682
4514417	3132260	6682
4514417	2291372	6682
4583357	2956877	6693
4514417	3115458	6682
4514417	2548772	6682
2446890	4583357	6714
4583357	3713253	6693
4514417	2668644	6682
4583357	2591706	6693
4583357	3367963	6693
3860115	2342664	7446
4583357	2733630	6693
4583357	3705112	6693
4514417	1149598	6682
4583357	768789	6693
4583357	3761679	6693
4514417	3876877	6682
4514417	1466278	6682
4583357	4629365	6693
4583357	1848808	6693
4583357	3451980	6693
4514417	405696	6682
4583357	1015370	6693
4514417	3533854	6682
887360	3016619	6748
4583357	2419166	6693
4583357	170989	6693
4514417	2008804	6682
4514417	1162445	6682
4514417	3594084	6682
4514417	370961	6682
4583357	3941554	6693
4583357	2693248	6693
4583357	1307416	6693
4514417	3069930	6682
4583357	1235191	6693
4583357	3505796	7241
4514417	2935828	6682
4583357	2513147	6693
4583357	3602355	6693
4514417	3286828	6682
4514417	1819104	6682
4583357	4097596	6693
4514417	2515392	6682
15275	3016619	7374
4514417	4452769	6682
4514417	1324477	6682
4514417	1290670	6682
4514417	2052666	6682
4583357	624495	6708
2682366	2760480	7645
4514417	4534614	6682
4514417	3443168	6682
4583357	905863	6693
4514417	72652	6682
4514417	840864	6682
4583357	4461969	6693
4583357	3492444	6693
4514417	3659718	6682
1695973	2652351	7043
4514417	4232451	6682
4583357	1625743	6693
4514417	1359612	6682
4583357	4455133	6693
4583357	3198474	6693
4514417	449405	6682
4514417	2946165	6682
4514417	417968	6891
4583357	4515050	6693
4514417	2078317	6682
4583357	1923432	6693
4514417	1528160	6682
4583357	4429428	6693
4583357	4416073	6693
4514417	1441429	6682
4514417	3950351	6682
4583357	1162445	6693
4583357	1773743	6693
4583357	2965397	6693
4583357	3280300	6693
4583357	497303	6693
4514417	1499419	6682
4583357	2743191	6693
4583357	3302191	6693
4514417	1812662	6682
4514417	2862146	6682
4514417	2399096	6682
4583357	1118154	6693
4583357	2861977	6693
4583357	2320590	6693
4583357	1897369	6693
4514417	2578484	6682
4514417	1173281	6682
4514417	701951	6682
4514417	857207	6682
4583357	3583752	6693
4583357	4484394	6693
4514417	2664143	6682
4514417	1383826	6682
4583357	3699960	6708
4583357	3316314	6693
4583357	806880	6693
2021715	2736431	6689
4583357	2652351	6693
4583357	2957768	6693
4514417	2818584	6682
4514417	3144612	6682
4514417	625135	6682
4514417	2628440	6682
4583357	3856919	6693
15275	3268903	6779
4514417	1753387	6682
4514417	374779	6682
4514417	852491	6682
4514417	2731043	6682
4514417	807998	6682
4583357	4515216	6693
4514417	4504083	6682
480947	4640795	7479
4583357	613437	6693
4514417	1135022	6682
4514417	3544509	6682
4514417	2241368	6682
4583357	782009	6693
1564984	4583357	6714
4583357	543771	6693
4514417	1822605	6682
119743	4583357	6714
4583357	1242036	6693
4514417	76273	6682
4514417	604485	6682
4514417	2725667	6682
4583357	1219836	6708
4514417	1514019	6682
4514417	800717	6682
4583357	4613113	6693
4583357	2319079	6693
4583357	1245118	6693
4583357	312173	6693
4583357	2850026	6708
4045907	4583357	6714
4583357	3702341	6693
4583357	2371709	6693
4514417	4149254	6682
4583357	3711025	6693
4514417	2629342	6682
4583357	3091358	6693
4514417	1978716	6682
4583357	4533357	6708
2886525	1279886	6708
4514417	447415	6682
4583357	105811	6693
4583357	3501479	6693
4514417	3728355	6682
4514417	478228	6682
4583357	2366247	6693
4514417	3354636	6891
4583357	873878	6693
4514417	4361862	6682
4514417	3207209	6682
4514417	1854849	6682
4583357	50866	6693
4514417	2082636	6682
4583357	4155624	6693
4514417	4010344	6682
4514417	3216212	6682
4514417	12893	6682
4583357	386036	6693
4583357	3373926	6693
2531070	4583357	6714
4583357	1054138	6693
4514417	2446890	6682
4514417	4533357	6682
4514417	540488	6682
4583357	4562656	6693
4583357	1072528	6693
4583357	1514775	6693
4514417	811573	6682
15275	1820464	7374
4514417	2403105	6682
4583357	3561878	6693
4514417	2938919	6682
4514417	4386797	6682
4583357	3945686	6693
4583357	3346487	6693
4583357	2463461	6693
4514417	1223380	6682
4514417	2848375	6682
4583357	703555	6693
4583357	2409431	6693
4514417	2967059	6682
4514417	3965892	6682
4583357	3149683	6693
4583357	3397623	6693
4514417	1330144	6682
4583357	1244929	6708
4583357	2124634	6693
3227092	4583357	6714
4514417	3118017	6682
2956590	15275	6888
4514417	775940	6682
4160246	3526505	6748
4514417	3789570	6682
4514417	1070854	6682
4514417	383411	6682
4514417	4504039	6682
4583357	4149074	6693
4514417	2805153	6682
4583357	2545518	6693
4514417	4004435	6682
4514417	1357587	6682
480947	2652351	6763
4514417	464537	6682
4514417	698558	6682
4583357	4119127	6693
4514417	1590090	6682
4514417	3304798	6682
4514417	680735	6682
2761155	4583357	6714
4514417	899934	6682
4514417	1006847	6682
4514417	4187562	6682
4583357	3776712	6693
4514417	3108577	6682
3338470	1833630	6707
4514417	4640198	6682
4514417	197509	6682
4583357	3446841	6693
4583357	3857554	6693
4514417	3193176	6682
4583357	154527	6693
4583357	796797	6693
4514417	255244	6682
4583357	646855	6693
4583357	1469795	6693
4583357	4118949	6693
4514417	2360120	6682
1108695	1372668	6748
4583357	1957456	6693
3911263	4583357	6714
4583357	1616153	6693
3764269	2652351	6717
4583357	3839975	6693
4583357	420254	6693
4514417	4596567	6682
4583357	1277590	6693
4583357	1094217	6693
4514417	804398	6682
4583357	2412540	6693
4514417	1660832	6682
4583357	2312538	6693
4514417	2948804	6682
3526918	15275	6888
4583357	2012521	6693
4583357	1333901	6693
2338696	4583357	6714
4514417	2491017	6682
4362623	4068669	6756
4514417	4316160	6682
4583357	4052229	6693
4583357	1200625	6693
4583357	3608470	6693
4583357	4224074	6693
4583357	4531629	6693
4583357	920	6693
4514417	2278011	6682
4583357	2503704	6693
4514417	1039053	6682
4514417	804403	6682
4514417	804860	6682
4583357	2725971	6693
4514417	1287647	6682
4583357	2130279	6693
4514417	150702	6682
4583357	3503941	6693
4514417	368294	6682
4583357	1039053	6693
4514417	1279722	6682
480947	1726604	6763
3233741	4583357	8389
4583357	2223841	6693
4514417	951300	6682
4583357	3374398	6693
4514417	131511	6682
4583357	2515897	6693
4583357	652956	6693
3681996	3526918	6753
4583357	1343506	6693
3212939	3338470	6714
4583357	2637109	6693
4583357	981278	6693
4514417	1745766	6682
887360	4160246	6748
4583357	2883275	6693
4514417	4119127	6682
4514417	823954	6682
4514417	1118741	6682
4514417	390475	6682
4583357	771556	6693
4514417	4563313	6682
4514417	78558	6682
4583357	1366682	6693
4583357	3826238	6693
4514417	4462778	6682
4514417	512307	6682
4514417	2226799	6682
3860115	4634261	6747
4583357	491047	6708
4583357	2328401	6693
4583357	3900255	6693
804403	15275	6888
4514417	139470	6682
4514417	1398430	6682
4583357	4111644	6693
4514417	3027308	6682
4514417	1544927	6682
4514417	1979878	6682
4514417	4562656	6682
4514417	3399037	6682
4514417	3440907	6682
4583357	1113924	6693
4514417	2817574	6682
4583357	4607812	6693
4583357	2616545	6693
4583357	335046	6693
4514417	1711451	6682
4583357	3233741	6700
4514417	235252	6682
4583357	2693046	6693
4514417	1992397	6682
480947	1117632	6763
4583357	805847	6693
4514417	1325086	6682
4583357	4453109	6693
4514417	3659013	6682
4583357	4269429	6708
4583357	3576977	6693
4514417	4586016	6682
4583357	132284	6693
3551655	4078522	7374
4583357	3281873	6693
4514417	4165420	6682
4583357	1754977	6693
4514417	981527	6682
4514417	3170031	6682
4583357	3719189	6693
4514417	1732906	6682
4583357	2428345	6693
4514417	3316314	6682
4514417	4071427	6682
4583357	4494759	6693
4583357	2164149	6693
4583357	63676	6693
4583357	4367457	6693
3215579	2123611	6748
4514417	2516844	6682
4583357	3277835	6693
4583357	4203475	6693
4514417	3008878	6682
4583357	2383568	6693
4583357	2027698	6693
4583357	1861205	6693
4583357	1773649	6693
2882745	4583357	6694
4583357	2472400	6693
4514417	4553969	6682
4583357	3134420	6693
4514417	1776601	6682
4514417	3399230	6682
2886525	2522382	6760
4583357	2226799	6708
4514417	2428720	6682
4583357	906110	6693
4583357	2542106	6693
4514417	1973400	6682
4583357	451358	6693
4583357	782440	6693
4583357	670570	6694
4583357	2100927	6693
4583357	3303245	6693
4514417	1404434	6682
480947	2180840	6763
4514417	510142	6682
4514417	154527	6682
4514417	58985	6682
4514417	2176982	6682
2867559	2069482	6747
4514417	4451035	6682
4514417	2897919	6682
4514417	4348859	6682
4583357	2732691	6693
4514417	711821	6682
4583357	637805	6693
4325375	3338470	6714
4514417	1853763	6682
3707264	4583357	6714
4514417	4006421	6682
4514417	2440957	6682
1117560	3338470	6714
4514417	1406192	6682
4514417	4506360	6682
4583357	3830776	6693
4514417	3719189	6682
4583357	85704	6693
4514417	2648150	6682
4583357	2141412	6693
4514417	1524749	6682
4514417	3541260	6682
4514417	3894998	6682
4583357	275078	6693
4583357	1994126	6693
4514417	4503987	6682
4514417	2461714	6682
4514417	3847682	6682
4508813	1108695	6748
4514417	1333901	6682
4514417	2288030	6682
4583357	2355735	6693
4514417	2225578	6682
4514417	2451108	6682
4514417	740721	6682
4514417	2037164	6682
4583357	3649656	6693
4514417	976376	6682
4514417	1800154	6682
4514417	1450635	6682
387896	4583357	6714
4514417	3429146	6682
480947	3215579	6763
4514417	3531641	6682
417968	2867559	6924
4514417	4149394	6682
4583357	2791406	6693
4583357	2753662	6693
4583357	913722	6693
4514417	3715873	6682
1286190	3860115	6750
4583357	1152272	6693
4514417	3418792	6682
4583357	4078587	6693
4583357	4196520	6693
4583357	411062	6693
4583357	1657586	6693
4583357	761525	6693
4514417	305608	6682
4583357	3460962	6693
4583357	3501027	6693
4514417	1872866	6682
4514417	2345742	6682
4583357	1093858	6693
2867559	2785578	6747
4514417	1366814	6682
781929	2867559	6750
4583357	3012657	6693
4583357	1478166	6693
4514417	1811879	6682
4583357	13144	6693
4514417	549607	6682
4514417	2799706	6682
4514417	3294829	6682
4514417	2141412	6682
4514417	3997465	6682
15275	4165009	7374
4514417	2804257	6682
4583357	4245412	6693
4583357	849471	6708
4514417	1444436	6682
4514417	124915	6682
4514417	372189	6682
4514417	3979016	6682
4514417	4480301	6682
4514417	3735660	6682
4514417	2572609	6682
4583357	1504963	6693
4583357	658902	6693
4583357	1897523	6693
4514417	254413	6682
4514417	1044436	6682
4514417	4363313	6682
4514417	1117560	6682
4514417	932312	6682
4514417	2397987	6682
4514417	717384	6682
4514417	3045937	6682
4514417	3802816	6682
673076	4515946	6748
4583357	3206170	6693
4583357	855629	6693
4514417	3699960	6682
4514417	4358076	6682
4514417	4301723	6682
3215579	887360	6748
4583357	4587509	6693
4583357	3653169	6693
4583357	3716483	6693
4583357	2404729	6693
4514417	2660410	6682
4583357	2259395	6693
4583357	314191	6693
4583357	226580	6693
4583357	3114500	6693
4514417	655068	6682
15275	158794	7374
4514417	1635323	6682
4514417	4635062	6682
1444436	4583357	6714
4583357	2970922	6693
4583357	2097402	6693
4583357	359318	6693
4514417	495382	6682
4514417	2763351	6682
4514417	2845840	6682
4583357	807998	6693
4583357	468892	6693
4583357	2658264	6708
4583357	262821	6693
4514417	877237	6682
4583357	4254083	6693
4514417	1791385	6682
2298051	3526918	6756
4583357	3205454	6693
4514417	1480493	6682
4514417	383875	6682
2141412	2043133	6748
4583357	870502	6707
4514417	2438136	6682
4514417	1983425	6682
4514417	1855728	6682
4514417	957327	6682
4583357	2649398	6693
4583357	2734324	6693
4583357	830539	6693
4514417	795788	6682
2652351	2411324	6801
4514417	84385	6682
4514417	350998	6682
4514417	1060470	6682
4583357	4030203	6693
4514417	3567778	6682
3338470	3215579	6708
4514417	1707248	6682
4514417	2064206	6682
3142961	4583357	6714
4514417	3856340	6682
2867559	4649583	6747
4514417	1173599	6682
4514417	4544970	6682
4514417	3908316	6682
4514417	312173	6682
4583357	540129	6693
4514417	1719488	6682
4583357	3849393	6693
4514417	63676	6682
4583357	181620	6707
1417504	105383	6756
4514417	959844	6682
4583357	2009691	6693
4514417	384867	6682
4514417	506875	6682
4583357	2653619	6708
4583357	13433	6693
4514417	2197901	6682
4583357	4365116	6693
4514417	4644476	6682
4583357	2074641	6693
4514417	2756201	6682
4583357	4134072	6693
4514417	2962936	6682
4514417	4431778	6682
4583357	645398	6693
4583357	3240789	6693
4583357	3118295	6693
4325375	15275	6888
4514417	4185158	6682
4514417	2567071	6682
4514417	1493660	6682
4583357	3477860	6693
4583357	870582	6693
4583357	1665062	6693
4514417	3162821	6682
4583357	1655600	6693
2867559	802291	6747
4583357	1214600	6693
4514417	3015663	6682
4514417	1869389	6682
4583357	3952072	6693
4583357	813573	6693
4514417	4400742	6682
4583357	4119026	6693
2697216	4583357	6714
4583357	1841475	6693
4514417	4450500	6682
4514417	1333128	6682
4583357	939008	6693
4514417	2648194	6682
4583357	3180150	6693
4583357	171867	6693
4583357	447415	6693
4583357	2672916	6708
4514417	2750276	6682
4583357	328354	6693
4514417	1610986	6682
1108695	4012831	6750
4514417	74951	6682
4583357	1859568	6693
4514417	366388	6682
4514417	652956	6682
4514417	3965629	6682
4583357	494054	6693
4514417	139700	6682
4583357	615572	6693
4583357	2742161	6693
4514417	3182058	6682
4583357	509714	6693
4583357	1406553	6693
4514417	736470	6682
4514417	3526918	6682
4514417	3767781	6682
4583357	4041321	6693
4649583	2867559	6750
105383	3338470	6714
4514417	1161946	6682
4514417	1113924	6682
4583357	2709804	6693
4583357	1388032	6693
4514417	3951359	6682
4514417	379666	6682
4514417	13897	6682
4583357	1719488	6693
4514417	3548093	6682
4514417	2021349	6682
2451045	2631749	6756
4583357	396076	6693
4514417	2874400	6682
4583357	1791552	6693
4583357	3539807	6693
4583357	3247446	6693
4583357	2261717	6693
4583357	1104747	6693
4514417	551240	6682
4583357	965060	6693
4583357	2414048	6693
15275	1417504	7374
4514417	1513840	6682
2956590	2965996	6888
4514417	2472400	6682
4583357	4165552	6708
4583357	1407214	6693
4583357	2552042	6693
4583357	4358836	6693
4583357	603437	6693
4583357	1473149	6693
4514417	1740711	6682
3860115	1501586	6747
4583357	2909233	6693
4583357	14264	6693
4514417	3810776	6682
4583357	3653088	6693
4583357	4016454	6693
4514417	155540	6682
4514417	4040048	6682
4514417	2628556	6682
4514417	1386925	6682
4514417	824992	6682
4514417	1094156	6682
4583357	4424443	6693
4514417	4067264	6682
4514417	2560528	6682
4583357	136793	6693
4514417	3970152	6682
4583357	4586414	6693
2956590	3338470	6714
4583357	2635927	6693
4514417	2658264	6682
4583357	3643168	6708
4583357	2548772	6693
4514417	4291340	6682
4583357	4396405	6693
4583357	3521534	6693
4583357	2094630	6693
4514417	4470640	6682
4583357	2171637	6693
4514417	4643296	6682
4583357	2046241	6693
4514417	4108578	6682
4514417	1616794	6682
4583357	2990628	6693
4583357	4529391	6693
4514417	3685793	6682
4583357	3712262	6693
4514417	1856783	6682
4583357	871036	6693
4583357	3656142	6693
4514417	1971593	6682
4583357	3749944	6693
2652351	2355821	6801
4583357	998490	6693
4583357	1857451	6693
4583357	4588703	6693
4514417	3126235	6682
4583357	2214795	6693
4514417	99766	6682
4514417	2652351	6682
3338470	4174156	6708
4514417	4625609	6682
2860228	4583357	6714
4514417	4100107	6682
4583357	1458410	6693
4514417	871344	6682
4583357	3150742	6693
4514417	1416008	6682
4583357	2263925	6693
4514417	2781780	6682
4514417	870502	6682
4583357	4629238	6693
4583357	1649034	6693
4514417	2307244	6682
2506634	4583357	6714
4514417	764094	6682
4514417	4311174	6682
4583357	23156	6693
4514417	855849	6682
4514417	2027698	6682
4514417	625083	6682
4583357	2546395	6693
2467999	4583357	6714
4514417	4089537	6682
4514417	4152370	6682
4514417	4203475	6682
4583357	3544182	6693
4514417	46825	6682
4514417	299370	6682
4514417	3142961	6682
4514417	1787660	6682
4583357	2268854	6693
4583357	1762960	6693
4514417	613437	6682
4514417	4425225	6682
4583357	4160331	6693
4514417	3003696	6682
4583357	4394107	6693
4514417	2638337	6682
4514417	1985232	6682
2687841	4583357	6694
4514417	85344	6682
4583357	746261	6693
4514417	4112953	6682
4514417	1096583	6682
4583357	3135821	6693
3338470	3533854	6707
4514417	1757664	6682
4583357	2040500	6708
4514417	500964	6682
4514417	883713	6682
3537085	4583357	6714
4583357	1761824	6693
4583357	1456843	6693
75516	4583357	6714
4514417	3490326	6682
15275	2245150	7374
4514417	680806	6682
4514417	771907	6682
4514417	1356817	6682
4583357	1386925	6693
4514417	3849887	6682
3659414	4583357	6777
4583357	3403540	6693
4583357	1322073	6693
4583357	1462453	6693
4514417	4496166	6682
2867559	2508616	7329
4583357	1680063	6693
4583357	1228948	6693
4583357	2047959	6693
4583357	4603230	6693
4583357	957506	6693
4583357	3334452	6693
4514417	2502369	6682
4514417	4443110	6682
4514417	21126	6682
4583357	2264414	6693
4514417	3002792	6682
4583357	2623188	6693
4514417	3924161	6682
4514417	4452388	6682
4514417	1564984	6682
4583357	2532311	6693
4583357	583831	6693
4583357	3286166	6693
4583357	4260377	6708
4514417	4284182	6682
4583357	3225187	6693
4514417	4095957	6682
4514417	4355207	6682
4583357	4386797	6693
2121543	3860115	6750
4583357	3944881	6693
4583357	82735	6708
15275	1279722	7374
4583357	1355666	6693
4514417	46335	6682
4583357	3524071	6708
4583357	4552788	6693
4583357	3293772	6693
4514417	4069053	6682
4583357	3670022	6693
4583357	456311	6693
2631749	15275	6888
4583357	421635	6693
4583357	2623412	6693
4583357	3843117	6693
4514417	3244583	6682
4583357	2848375	6693
4514417	2432036	6682
4514417	1400572	6682
4228245	4583357	6714
4583357	3747641	6693
4583357	147818	6693
4583357	2033626	6693
4514417	3089055	6682
4514417	4330763	6682
4583357	2755816	6693
4583357	39175	6693
4514417	3501027	6682
4583357	1572254	6693
4514417	877138	6682
4583357	1014943	6693
4583357	1736460	6693
4583357	1188079	6693
4514417	4376528	6682
4583357	4184601	6693
4514417	1086332	6682
4583357	4626785	6693
4583357	3936315	6693
4583357	1222813	6693
4583357	3779833	6693
4514417	2543729	6682
4514417	1672455	6682
4583357	1792934	6693
4583357	4074130	6693
4583357	4309266	6693
4514417	2977168	6682
4514417	3852959	6682
4583357	3453445	6693
4583357	993571	6693
4514417	671387	6682
4583357	2707942	6693
4583357	4348738	6708
4583357	1954938	6693
4514417	3804012	6682
480947	2700513	7130
105383	3526918	6748
4583357	2089383	6693
15275	4343916	7374
4583357	3034068	6693
4514417	37760	6682
4514417	2413989	6682
3009051	3338470	6714
4583357	4375124	6693
4583357	871375	6693
4514417	2344675	6682
4583357	4443110	6693
4514417	2826543	6682
4583357	2387753	6693
4583357	2381414	6693
4583357	2078317	6693
4583357	1376463	6693
15275	2180840	7374
4583357	1547475	6693
4583357	3672887	6700
4514417	2007019	6682
1820464	726360	6756
987754	1117560	6748
4583357	2073154	6693
4514417	4162202	6682
4583357	3955032	6693
4514417	2366404	6682
4583357	2822709	6693
4514417	2539487	6682
4583357	4389439	6693
1726604	2652351	7043
774564	2123611	6756
4514417	4034870	6682
4583357	4375616	6693
4514417	2377037	6682
4583357	4112953	6693
4583357	1074705	6693
4514417	2102983	6682
4514417	189240	6682
4583357	3650990	6693
4514417	4128249	6682
4583357	4165552	6693
4514417	2414048	6682
4583357	2510469	6693
4514417	3304574	6682
4514417	2378930	6682
4583357	2924053	6693
4514417	3728495	6682
4583357	848534	6693
4514417	4533222	6682
4583357	3161050	6693
4583357	1707504	6693
4583357	3226757	6693
4514417	3420410	6682
4583357	3884520	6693
4514417	2993100	6682
4640795	480947	7775
4514417	3570170	6682
4583357	448126	6693
4583357	2235412	6693
2522382	4583357	6721
4514417	1535986	6682
4514417	3105802	6682
4514417	2979936	6682
4583357	235262	6693
3860115	1286190	6747
4583357	4174530	6693
4583357	1118741	6693
4514417	3498070	6682
4514417	4267427	6682
1484495	4583357	6714
4583357	3207810	6693
4514417	4217507	6682
4514417	3451405	6682
4583357	1783510	6693
4514417	1180426	6682
4583357	2297865	6693
4514417	3064094	6682
4514417	1141224	6682
4583357	2133318	6693
4583357	4400742	6693
4514417	3161050	6682
4583357	4087752	6693
4514417	2164276	6682
4514417	3351957	6682
4583357	1690505	6693
3059371	3009051	6748
4583357	39601	6693
4514417	378307	6682
4514417	4031457	6682
4514417	1916520	6682
4514417	644899	6682
4514417	247132	6682
4583357	4449536	6693
4583357	511060	6693
4514417	2038590	6682
4583357	4524530	6693
4583357	3800776	6708
4583357	4211240	6693
4514417	4165009	6682
4640795	2652351	7043
4583357	27080	6693
4583357	3845678	6693
4514417	3368854	6682
4514417	2514706	6682
4514417	2428784	6682
4514417	4113547	6682
4583357	852491	6693
4514417	1452612	6682
4583357	3365846	6693
4583357	4587093	6693
4514417	828926	6682
4583357	4230634	6693
4583357	1927494	6693
4583357	3788497	6693
4583357	3875729	6708
4514417	1596557	6682
4514417	1747071	6682
4583357	2553114	6693
4583357	4369986	6693
4430684	2652351	7043
4583357	1616794	6693
4514417	3029015	6682
4234222	4149254	6748
4514417	1875335	6682
15275	3175531	7374
4583357	2366690	6693
4514417	1709516	6682
2867559	4430123	6910
4583357	4035727	6693
4514417	348957	6682
4583357	26266	6693
4514417	3714151	6682
4583357	1296289	6693
4514417	1610778	6682
4514417	848650	6682
4583357	3646334	6693
4514417	3222215	6682
4514417	2555049	6682
1918455	4583357	6714
15275	3009051	7374
4583357	3774821	6693
1228948	3016619	6756
3526918	4362623	6748
2545408	4583357	6714
4514417	4097596	6682
4583357	3950351	6693
4583357	1141224	6693
4583357	3019260	6693
4514417	3066293	6682
4514417	3692018	6682
4514417	3712262	6682
4583357	3363887	6693
480947	3681996	6763
4514417	359259	6682
4514417	2091778	6682
4514417	2760427	6682
4583357	3466719	6693
4514417	575420	6682
4583357	1018072	6693
4514417	2087719	6682
4514417	2451225	6682
4514417	1705069	6682
4514417	3670006	6682
4514417	2513933	6682
4514417	2790397	6682
4583357	592829	6693
4583357	3852959	6693
4514417	2540959	6682
4514417	1317279	6682
4583357	854007	6693
4514417	1729821	6682
4514417	811213	6682
4514417	2148703	6682
4514417	2544886	6682
4583357	3039845	6693
4514417	4446828	6682
4514417	355032	6682
4583357	1878370	6693
4583357	144720	6693
4583357	3729098	6693
4514417	832184	6682
4583357	2546264	6693
4514417	3590297	6682
4583357	4348738	6693
4514417	809163	6682
4514417	1484495	6682
4514417	3068299	6682
4514417	2558724	6682
4514417	4319001	6682
2451045	926386	6748
4583357	2763964	6693
4514417	1738630	6682
4514417	94718	6682
4514417	2438456	6682
4514417	3453445	6682
4583357	4364401	6693
4514417	3584	6682
4583357	1524749	6693
4583357	1509058	6693
15275	2736431	7374
4583357	1964	6693
4514417	4308498	6682
4514417	1510999	6682
4514417	4271906	6682
4514417	1680063	6682
887360	2911651	6748
4514417	240090	6682
4514417	4411656	6682
4583357	4647934	6693
4583357	3346557	6693
4514417	343756	6682
4514417	3806452	6682
4514417	1696782	6682
4514417	1462453	6682
4583357	1267975	6693
4514417	2493047	6682
4583357	4624653	6693
4583357	3728355	6693
4583357	3262456	6693
4514417	1604442	6682
4514417	1768219	6682
1374836	4583357	6714
4514417	2097402	6682
4583357	3884589	6693
4514417	3856919	6682
2123611	3215579	6756
4514417	886707	6682
4583357	1649347	6693
4583357	1973916	6693
4514417	327447	6682
4514417	1992940	6682
4583357	3344037	6708
4514417	111366	6682
4514417	3556806	6682
1219836	4583357	6714
4583357	2697601	6693
4514417	3518607	6682
4514417	1201508	6682
4514417	2421864	6682
105383	726360	6756
4514417	3801462	6682
4583357	659501	6693
2025150	739107	6756
4514417	871375	6682
4514417	1207696	6682
4514417	3250081	6682
4514417	2905149	6682
4583357	1747071	6693
4514417	1512827	6682
4583357	3305296	6693
4583357	580970	6693
4583357	3834500	6693
4583357	2202900	6708
4583357	2477671	6693
4514417	1421530	6682
4514417	1214434	6682
3672887	3526505	6707
4583357	3428608	6693
4583357	1006847	6693
4514417	2742161	6682
4583357	3089055	6693
4514417	4406759	6682
4514417	2545518	6682
4583357	2097768	6693
4514417	475613	6682
4583357	4353726	6693
4514417	2145337	6682
4583357	3524977	6693
4583357	4631207	6693
4583357	3545720	6693
4583357	1911880	6693
4514417	4515050	6682
4514417	4158359	6682
3672887	4583357	6694
4514417	2212353	6682
4583357	4258574	6693
4514417	2171637	6682
4583357	653625	6693
3175531	15275	6888
4514417	359926	6682
4583357	2528548	6693
3365000	15275	6888
2653619	4583357	6714
4583357	4169955	6693
4514417	583831	6682
4583357	4418892	6693
4514417	4309448	6682
4583357	2145624	6693
4514417	1558331	6682
85704	2736431	6756
1452612	15275	6888
4583357	4497024	6693
4583357	3198626	6693
4514417	1498813	6682
4583357	3704995	6693
4514417	4613664	6682
4514417	330561	6682
4583357	3808287	6693
4514417	2915986	6682
4514417	2917394	6682
4514417	2076120	6682
4583357	739107	6693
4583357	2796238	6693
4514417	4082464	6682
4583357	867019	6693
2867559	417968	6910
4514417	3494650	6682
4583357	1881727	6693
4514417	144165	6682
4583357	4176088	6693
4583357	62458	6693
4583357	890050	6693
4514417	348173	6682
4514417	2331657	6682
3009051	1281360	6823
4514417	2715071	6682
4514417	1068638	6682
4514417	3774821	6682
887360	3215728	6748
4583357	4259362	6693
4583357	2400865	6693
4583357	1399555	6693
4583357	818696	6693
4583357	159912	6693
4514417	897760	6682
4583357	4550792	6693
4514417	2012521	6682
4514417	3423478	6682
4583357	3510620	6693
4583357	1230550	6693
4583357	3274798	6693
4514417	3643688	6682
4514417	4592890	6682
4514417	108194	6682
3204460	4583357	6714
4514417	48147	6682
4514417	2086666	6682
4514417	540526	6682
4583357	4306321	6693
4583357	681952	6693
4583357	4411109	6693
4583357	3551584	6693
4514417	1249021	6682
4514417	3908383	6682
2086870	15275	6888
4514417	2207170	6682
4348738	4583357	6714
4514417	2015048	6682
3226942	4133966	7806
4583357	91032	6693
4583357	2504756	6693
4514417	2212457	6682
4583357	1802613	6693
4583357	274277	6693
4583357	2312820	6693
4514417	2045249	6682
4514417	2100177	6682
4583357	1899911	6693
4514417	1522431	6682
4583357	2653504	6693
15275	4515946	7374
4514417	666105	6682
4583357	502109	6693
4514417	3623547	6682
4583357	4572506	6693
4583357	4549338	6693
4514417	1557653	6682
4583357	3053142	6693
4583357	1372668	6693
4514417	2554270	6682
887360	1957456	6748
4583357	3093140	6693
4514417	969481	6682
4583357	941966	6693
4583357	1301305	6693
4514417	2758304	6682
4514417	2862302	6682
4583357	112544	6693
4514417	1444105	6682
4583357	4643478	6693
4583357	1376319	6693
4514417	3333851	6682
4514417	3436877	6682
4583357	3300937	6693
4514417	3416089	6682
4583357	2288084	6693
4583357	1108695	6693
4583357	4009081	6693
4583357	4108578	6708
4514417	1209618	6682
4583357	1557653	6693
4514417	954804	6682
4514417	2689629	6682
655882	4429827	6748
4514417	1793536	6682
3338470	4562656	6707
2652351	2607057	7014
4514417	3306727	6682
4514417	465100	6682
4514417	4146894	6682
4514417	1365452	6682
4583357	407048	6693
4583357	1324477	6693
1529966	4583357	6714
4583357	2883286	6693
4514417	646855	6682
4583357	48147	6693
4514417	1906143	6682
4514417	2977636	6682
4583357	3240690	6693
4583357	4629720	6693
2760480	4514417	6832
4583357	1041636	6693
4514417	4139771	6682
3860115	2121543	6747
4514417	2572011	6682
4514417	2089383	6682
4514417	2170600	6682
4634261	3860115	6750
3338470	4362623	6708
4583357	783027	6693
4583357	991758	6700
4583357	1696227	6693
4514417	2290960	6682
4514417	1866944	6682
4514417	876911	6682
4583357	1040185	6693
4583357	1123828	6693
4514417	3564955	6682
1199423	2652351	7043
4583357	1993883	6693
4583357	1509151	6693
4583357	1615389	6693
4583357	2028787	6693
4514417	515969	6682
4583357	3775710	6693
3939723	1395688	7425
4514417	512523	6682
2736431	4562199	6748
4514417	1566076	6682
4583357	2045807	6693
4583357	1705442	6693
4514417	1571457	6682
4583357	4271159	6693
4583357	2158282	6693
4583357	2698625	6693
4583357	1573955	6693
1515837	15275	6888
4514417	2316040	6682
4583357	560813	6693
3526918	105383	6756
4514417	122848	6682
4583357	1757932	6693
4583357	2033094	6699
3981092	3338470	6714
4514417	4205543	6682
4514417	3291302	6682
4583357	4012755	6693
4583357	2719717	6693
4514417	3035488	6682
4583357	4428278	6693
3716806	15275	6888
4583357	2456820	6693
4514417	953863	6682
4514417	3558056	6682
4514417	351765	6682
4583357	3056665	6693
4514417	1686243	6682
4514417	3498143	6682
4583357	4073317	6693
15275	1117560	7374
4583357	383875	6693
4514417	427781	6682
4514417	2728383	6682
4583357	2180111	6693
4514417	2719717	6682
15275	1870468	7374
4583357	2958621	6693
4583357	3137676	6693
4583357	3849887	6693
4514417	4342276	6682
4583357	2742658	6708
4514417	2738058	6682
4514417	356933	6682
4514417	1966118	6682
4514417	673436	6682
4583357	355254	6693
15275	3503941	7374
4583357	2718276	6698
4583357	892362	6693
4514417	1914507	6682
4514417	108864	6682
4583357	3675561	6693
4583357	4301723	6693
4583357	2394382	6693
4583357	3108577	6693
4514417	1722006	6682
4514417	3163313	6682
3970330	739107	6756
4583357	1813490	6693
4583357	4496166	6693
1065902	2210410	6888
15275	3716806	7374
3338470	2736431	6707
4514417	2618968	6682
4583357	119592	6693
4514417	2513147	6682
4583357	3821899	6708
4583357	3823411	6693
4514417	3882019	6682
4583357	4523337	6693
3521248	4583357	6739
4583357	4012623	6693
4514417	2355799	6682
4583357	4022340	6693
4174156	3338470	6714
4514417	4433548	6682
4514417	4192336	6682
4583357	930994	6693
4514417	879054	6682
2493047	3860115	6750
4583357	2184321	6693
4514417	193619	6682
4514417	3741235	6682
4514417	3398735	6682
4514417	2840193	6682
4583357	3783422	6693
4583357	2045935	6693
4583357	3737940	6693
4514417	4110222	6682
4514417	2202900	6682
4514417	2366247	6682
4514417	39175	6682
4583357	374044	6693
4514417	3736598	6682
4514417	2506634	6682
4514417	3785042	6682
4583357	3905949	6693
4583357	4188969	6693
4583357	4221679	6693
4583357	2990531	6693
4514417	645398	6682
4583357	655068	6693
4514417	1332152	6682
4583357	888027	6693
4514417	4426859	6682
4514417	395732	6682
4583357	2446890	6708
4514417	1973342	6682
4583357	446389	6693
4514417	3190020	6682
4514417	913722	6682
4514417	401155	6682
4514417	1532754	6682
4514417	2328945	6682
4514417	2892026	6682
4583357	1267673	6693
4514417	2436047	6682
4583357	1444105	6693
4583357	3326280	6708
4583357	2035903	6693
4514417	969410	6682
4514417	1146466	6682
1914345	4583357	6694
4583357	1091407	6707
4514417	2263387	6682
4514417	1414137	6682
4583357	1147120	6693
4583357	4095050	6693
4514417	62458	6682
4583357	1400572	6693
4583357	2025150	6693
4012831	2011557	6747
4583357	3865772	6693
4514417	3687671	6682
4583357	1380397	6708
4583357	1450397	6693
4583357	1559880	6693
4583357	4297026	6693
4583357	2360120	6693
4583357	2192751	6693
4583357	3293459	6693
739107	1603345	6756
4583357	2644326	6693
4514417	1547545	6682
4293030	15275	6888
4583357	3170686	6693
4583357	816043	6693
4514417	4572650	6682
4583357	3530614	6693
4583357	4637503	6693
2629246	3526918	6753
480947	887360	6763
4514417	3629053	6682
4514417	3847798	6682
4514417	2661761	6682
4583357	3880773	6693
4514417	1492952	6682
4514417	2385839	6682
4583357	2554957	6693
4514417	3966778	6682
4514417	1326870	6682
4514417	1295306	6682
4583357	3971647	6693
4514417	3334452	6682
4514417	4459450	6682
2141412	3338470	6714
4583357	3508647	6693
4514417	1941995	6682
4514417	1346649	6682
4583357	2355821	6711
3763424	4583357	6714
4514417	609254	6682
4514417	3814379	6682
4583357	1047325	6693
4583357	592370	6693
4514417	595760	6682
4583357	2250705	6693
4583357	458197	6693
4514417	3300585	6682
4583357	1800614	6693
2926772	2192018	6708
4514417	4504341	6682
4514417	1118778	6682
2509742	4583357	6714
4514417	1875617	6682
4583357	353974	6693
4583357	384312	6693
4514417	595427	6682
4583357	1574650	6693
3338470	259650	6707
4583357	3007589	6693
4514417	3286745	6682
4583357	2567498	6693
3716806	751351	6756
2342664	3860115	7206
4514417	2105587	6682
1897369	4583357	6714
4583357	1398430	6693
4583357	1383146	6693
4514417	1762960	6682
4514417	1581691	6682
4583357	986099	6693
4583357	4606058	6693
4583357	2864102	6708
4514417	2857175	6682
4583357	881510	6693
4583357	3946278	6693
4514417	3265593	6682
4429827	240437	6714
4583357	3375734	6693
4514417	2059441	6682
4514417	849385	6682
4583357	551329	6693
4583357	969410	6693
4514417	4421789	6682
3344037	4583357	6714
4514417	3702341	6682
4514417	235262	6682
4583357	1562888	6693
4583357	705585	6700
4514417	3368692	6682
3338470	1820464	6707
4514417	1616153	6682
4514417	1963032	6682
4514417	3245021	6682
4514417	335046	6682
4514417	18909	6682
4514417	1817285	6682
4583357	2038489	6693
4583357	3462345	6693
4583357	1172337	6693
774564	2705811	6714
4514417	43285	6682
4583357	345437	6693
4514417	1555340	6682
4583357	1438115	6708
4583357	4613664	6693
4514417	985824	6682
4583357	20775	6693
4583357	3508327	6693
4583357	2545408	6693
4068669	2298051	6748
3716806	1908089	6750
4514417	177096	6682
4583357	1073844	6693
4514417	2377944	6682
4514417	1117632	6682
4583357	4150602	6693
4583357	3271734	6693
4514417	2344361	6682
4514417	929763	6682
4514417	2312820	6682
4583357	3359667	6693
4514417	580970	6682
4583357	3524071	6693
4583357	4440354	6693
4583357	4554906	6693
4514417	1493966	6682
4583357	1632537	6693
4583357	1284917	6693
4583357	1180426	6693
4583357	2994464	6693
4514417	1204030	6682
4583357	3679772	6693
4583357	3627691	6693
4583357	87107	6693
4514417	2323645	6682
4583357	2235238	6693
4583357	3132500	6693
4514417	3549260	6682
4514417	182382	6682
4583357	2635808	6707
4583357	2980746	6693
4514417	4455133	6682
4514417	224966	6682
4583357	3911001	6693
4514417	4153120	6682
4583357	2037164	6693
4583357	1475206	6693
4583357	3518705	6693
4583357	4491043	6693
4583357	2067180	6693
4514417	4390116	6682
4583357	2026961	6693
4514417	2729821	6682
4514417	329157	6682
4583357	393820	7241
4583357	2986715	6693
4583357	3735660	6693
4583357	2679826	6693
4514417	1574177	6682
4583357	1845056	6693
4583357	4398346	6693
15275	4293030	7374
4514417	4367522	6682
4583357	2794283	6693
4583357	3004856	6693
4514417	1302331	6682
4583357	3564955	6693
4514417	4111644	6682
3422473	4583357	6694
4583357	3883660	6693
804403	3338470	6714
4583357	1058529	6693
4583357	2710544	6693
4514417	2345899	6682
4583357	72652	6693
480947	3244583	6763
4514417	2312538	6682
4583357	2387058	6693
4583357	1563146	6693
4583357	4013934	6693
4583357	2780300	6693
4514417	259650	6682
4514417	3360516	6682
4583357	4559133	6693
4514417	1117544	6682
2038489	4583357	6714
4583357	588006	6693
4583357	4527810	6693
4514417	1742679	6682
4514417	1404069	6682
4583357	1999159	6693
4514417	1340358	6682
4583357	41178	6707
4514417	1969214	6682
4514417	1054138	6682
4514417	3880773	6682
4514417	4394107	6682
4514417	3521534	6682
4514417	3948101	6682
4514417	2736431	6682
4583357	4227640	6693
4514417	2583846	6682
4514417	2094671	6682
4514417	476704	6682
4514417	2541417	6682
4514417	3830586	6682
4583357	406883	6708
4514417	2026961	6682
4514417	1044394	6682
4514417	3386020	6682
4514417	805847	6682
4514417	1590457	6682
4583357	1549355	6693
4583357	46297	6693
4583357	761447	6693
3732055	4583357	6714
4583357	2653577	6693
4514417	736667	6682
4514417	444160	6682
4514417	4242066	6682
4514417	3199838	6682
4514417	1746964	6682
4583357	1869389	6693
4583357	2210817	6693
4514417	2985177	6682
4514417	4012755	6682
4514417	808894	6682
4514417	902394	6682
3860115	4095957	6747
4514417	1425817	6682
4515946	673076	6756
4514417	41178	6682
4514417	2387058	6682
4514417	1322073	6682
4514417	1289825	6682
4514417	1130236	6682
4583357	3515232	6693
4583357	1528420	6693
4514417	2461515	6682
4514417	3809152	6682
4514417	3634237	6682
4514417	3401731	6682
4514417	1244957	6682
4583357	4343244	6693
4514417	2360792	6682
4583357	4276158	6693
4583357	3763424	6708
4583357	2355799	6693
4583357	3267579	6693
4514417	2305903	6682
4583357	1549315	6693
4514417	3381136	6682
4514417	3624525	6682
480947	2652351	7130
4514417	991499	6682
4514417	1720512	6682
2789955	4583357	6714
4514417	4423696	6682
4583357	408698	6693
4514417	891278	6682
726360	105383	6748
3575215	4583357	6714
4514417	3389521	6682
4514417	4184601	6682
4514417	2011557	6682
4583357	4093512	6693
4583357	920767	6693
3338470	1395688	6707
2451045	1825184	6748
4583357	1720746	6693
4583357	198025	6693
4583357	2344361	6693
4583357	1377145	6708
4514417	2246391	6682
4583357	1590457	6693
4583357	3650273	6693
4514417	101455	6682
4583357	1567138	6693
4514417	1695973	6682
4583357	3035488	6693
4583357	4249200	6693
4583357	2145932	6693
4583357	3908383	6693
4514417	955541	6682
4514417	2933911	6682
4583357	1566652	6693
4514417	2108002	6682
4514417	856756	6682
4583357	1095301	6693
4583357	1668751	6693
4514417	1866744	6682
4583357	2703335	6693
4583357	500964	6693
4583357	3061569	6693
4514417	1938705	6682
4583357	2993100	6693
4583357	343756	6693
4514417	2292930	6682
3716806	3338470	6714
4515946	3338470	6714
4514417	549981	6682
4514417	88361	6682
4514417	957506	6682
4583357	1639219	6693
4583357	4365450	6693
4583357	1429599	6693
4583357	1396324	6693
4583357	2947944	6693
4514417	4102412	6682
4583357	485922	6693
4514417	1420690	6682
4583357	4413999	6693
4514417	1485074	6682
4514417	1665306	6682
4583357	3557283	6693
1108695	15275	6888
4514417	2672916	6682
4514417	1623246	6682
897915	4583357	6714
4514417	1522177	6682
4583357	3516909	6693
4514417	1058529	6682
4514417	53702	6682
2043133	2141412	6756
4514417	4508813	6682
1395688	1305980	6756
4514417	2264488	6682
4583357	956503	6693
4583357	2949186	6693
4583357	2071608	6693
4583357	1545407	6693
4583357	340780	6693
4514417	468892	6682
4514417	1902174	6682
2652351	4517443	6755
4514417	3105031	6682
4293030	3338470	6714
4514417	213946	6682
4583357	1571630	6693
1334405	2976935	7328
4514417	4340424	6682
15275	4362623	7374
4583357	880501	6693
4514417	1432701	6682
4583357	1718486	6693
4583357	4019906	6693
4583357	2063381	6693
4583357	4064286	6693
4583357	363832	6693
4514417	414013	6682
3860115	762695	6747
4562656	3997191	6748
4514417	1504963	6682
4583357	1480493	6693
4583357	404328	6693
4514417	719122	6682
4514417	2580	6682
4583357	3347009	6693
3338470	1279722	6708
4583357	2342185	6693
4583357	1654718	6693
4514417	473637	6682
2682366	4583357	6777
1957456	887360	6756
4583357	3502661	6693
4583357	1824447	6693
4583357	770753	6843
4583357	2619315	6693
4514417	3783422	6682
4583357	3722340	6693
4514417	4549338	6682
4514417	1309454	6682
4514417	1760990	6682
4514417	2419188	6682
4583357	1045925	6693
4583357	1833630	6693
4583357	3367103	6693
4514417	295891	6682
4583357	199748	6693
4583357	3044682	6693
4514417	4298610	6682
4514417	1847595	6682
4514417	2761155	6682
4583357	1989056	6693
4514417	3091358	6682
1108695	1870468	6748
4514417	2887322	6682
4583357	2282704	6700
4514417	2146038	6682
4583357	1717143	6693
3737936	4583357	6714
4514417	860569	6682
4583357	1470876	6693
4514417	645770	6682
4514417	1649347	6682
4583357	1169441	6693
4514417	2193360	6682
4583357	2947182	6693
602833	2043133	6747
4583357	2758304	6693
4325375	4362623	6756
4514417	1550587	6682
4514417	3257652	6682
4514417	13433	6682
4631207	15275	6888
4514417	4647094	6682
15275	726360	7374
4583357	3069290	6693
4514417	2254254	6682
4514417	4029127	6682
4514417	880080	6682
4514417	2382700	6682
4514417	6244	6682
4514417	1101904	6682
4514417	3958553	6682
4514417	3366289	6682
4514417	1822171	6682
4583357	4397807	6708
4514417	1437120	6682
4514417	724969	6682
4583357	4533357	6693
4583357	844506	6693
4514417	171867	6682
4514417	2990531	6682
4583357	329157	6693
2886525	4629112	6760
4583357	802291	6693
4514417	1590884	6682
4583357	1499180	6693
4583357	2975549	6693
4514417	3293772	6682
4583357	1665590	6693
4514417	2658777	6682
4583357	2401050	6693
4514417	2311857	6682
4583357	902394	6693
4583357	2098588	6693
4583357	601013	6693
4514417	4154249	6682
4514417	3256569	6682
4583357	3729989	6693
4583357	3144612	6693
4583357	2352512	6693
4583357	2705811	6700
4583357	225251	6693
4514417	838455	6682
4514417	4023833	6682
4583357	2212457	6693
4514417	768789	6682
4514417	4259362	6682
4365696	4583357	6714
4583357	1010913	6693
1065902	15275	6888
480947	149301	6763
2231139	4583357	6714
4583357	1978716	6693
4514417	1613910	6682
4583357	193023	6693
4514417	3850617	6682
4514417	3329900	6682
4583357	4399202	6693
4514417	4254083	6682
4583357	1844103	6693
4514417	1509151	6682
4583357	2308401	6693
4583357	2926772	6700
4514417	2554957	6682
3592153	1622725	7179
4514417	3658683	6682
4514417	3158780	6682
4583357	4181080	6693
4583357	2377037	6693
4583357	4115255	6693
4514417	3418925	6682
4583357	2176982	6693
4583357	2394118	6693
4514417	1214600	6682
4583357	822774	6693
4583357	1014138	6693
4514417	4414355	6682
4514417	1773743	6682
4583357	2045249	6693
4583357	2961500	6693
4583357	21126	6693
3338470	739107	6708
4583357	1623246	6693
4583357	1012302	6708
4514417	2121543	6682
4583357	4139771	6708
4514417	438326	6682
4514417	2653577	6682
4514417	674330	6682
4514417	3798070	6682
4583357	4191594	6693
4514417	297463	6682
4583357	1771373	6693
4514417	4385984	6682
4514417	860053	6682
3551655	739107	7374
4514417	3931178	6682
4583357	1917251	6700
15275	2631749	7374
4514417	3036593	6682
4583357	925936	6693
4583357	1563246	6693
4583357	711821	6693
4583357	4394107	6708
4583357	3836052	6693
3505796	3016619	7374
4583357	4226348	6693
4583357	412405	6693
2180840	4562656	6756
259650	3681996	6755
4514417	2235454	6682
4583357	1305394	6693
4514417	1528420	6682
4583357	3160754	6693
4583357	1847595	6693
4583357	3958689	6693
4583357	2449610	6693
4514417	1696227	6682
4514417	3207432	6682
4583357	4424111	6693
4583357	2219225	6693
675553	4583357	6714
4514417	3692370	6682
4583357	2340181	6693
4583357	3890162	6693
4514417	4428278	6682
4583357	4528444	6693
4514417	3194613	6682
3338470	887360	6707
4514417	3280300	6682
4514417	1878370	6682
4583357	1379165	6693
4514417	583676	6682
4078522	4480301	6756
4514417	423048	6682
4514417	2672931	6682
2998836	4583357	6694
4514417	2864102	6682
4583357	490381	6693
4514417	1566952	6682
4583357	1814568	6693
2990682	4078522	6708
4583357	910697	6693
4583357	2948804	6693
2867559	3860115	7206
4514417	1225042	6682
4514417	4362091	6682
4583357	886761	6693
4514417	2315428	6682
4583357	1367935	6708
4583357	684132	6693
4514417	963675	6682
4514417	3088224	6682
4583357	1609356	6693
4583357	2862302	6693
4583357	3428834	6693
4583357	224181	6693
4514417	2289505	6682
4583357	3613922	6693
4514417	3014014	6682
4514417	1470876	6682
4583357	640036	6693
4514417	2223881	6682
4583357	1150817	6693
4514417	934048	6682
4514417	1399536	6682
4583357	1931427	6693
4583357	2239152	6693
4514417	4141828	6682
4583357	2171675	6693
4514417	1860845	6682
4583357	1123537	6699
4514417	340780	6682
4583357	2875	6693
4583357	1828644	6693
4583357	151414	6693
4583357	2953121	6693
4514417	3036450	6682
4583357	2646078	6693
4583357	1809868	6693
4514417	2427390	6682
4583357	2399096	6693
480947	4430684	7130
4583357	1285232	6693
4583357	3531641	6708
4514417	1341139	6682
4514417	4182598	6682
2926772	4583357	6694
4514417	2381414	6682
4583357	1407741	6693
4514417	2319956	6682
4514417	4347608	6682
4583357	2287211	6708
4583357	1155896	6693
4583357	3260107	6708
4583357	1250026	6693
4514417	2180840	6682
4514417	1338851	6682
4583357	1236179	6693
4583357	2977636	6693
4583357	2206523	6693
4514417	4016751	6682
4514417	2942472	6682
4583357	2884716	6693
4583357	4251741	6699
1603345	15275	6888
4514417	1091407	6682
4583357	1936317	6708
4514417	135580	6682
4583357	1891835	6693
4514417	65970	6682
4583357	1069092	6693
4583357	4215453	6693
4583357	3720290	6693
4583357	4406137	6693
4514417	1829056	6682
4583357	774410	6693
4583357	2141518	6693
4583357	1674688	6693
4583357	3297590	6693
4514417	3405847	6682
4514417	1777683	6682
4367522	4583357	6714
4584502	4583357	6714
4514417	3486215	6682
4583357	4629807	6693
4514417	2510469	6682
4583357	2159638	6693
4583357	1019964	6693
4583357	645770	6693
4514417	2477671	6682
4583357	439977	6693
4514417	1977061	6682
4583357	2789023	6693
920767	15275	6888
4514417	2699467	6682
4583357	987999	6693
2287211	4583357	6714
4514417	1426554	6682
4583357	1558331	6693
4514417	3524977	6682
3212939	2011557	6756
3260107	4583357	6714
4583357	801353	6693
4583357	2055922	6693
4583357	738005	6693
4583357	3518607	6693
4514417	2149210	6682
4514417	1472626	6682
4583357	943742	6693
4514417	3300937	6682
4583357	454428	6693
4583357	3887864	6693
892362	4583357	6714
4514417	560926	6682
4514417	4025089	6682
4583357	1308397	6693
2700513	2652351	7043
4583357	3138873	6693
4583357	1215600	6693
4583357	4362091	6708
4583357	4421687	6693
4514417	182934	6682
4514417	389090	6682
4514417	4520564	6682
4583357	3914904	6693
4514417	1458569	6682
4583357	3350741	6693
480947	3473432	6763
4514417	917849	6682
4583357	1822171	6693
4583357	1304483	6693
4514417	2820818	6682
4514417	4353463	6682
4514417	1771576	6682
4514417	3705112	6682
4514417	3552513	6682
4514417	2791406	6682
4583357	840579	6693
4583357	182934	6693
1380397	4583357	6714
4514417	4122255	6682
4514417	1972867	6682
3215579	3338470	6714
4514417	1549315	6682
4583357	4294089	6693
4583357	3599051	6693
4514417	4377953	6682
1870468	1002321	6714
4583357	3871041	6693
4514417	1665590	6682
4514417	640294	6682
4583357	845069	6693
480947	4082451	6763
4514417	3363887	6682
4514417	3313221	6682
4583357	3215628	6693
4514417	1846381	6682
4583357	693544	6693
4514417	3043227	6682
4583357	593031	6693
283978	4583357	6714
4583357	3124988	6693
4514417	1987485	6682
4583357	3931496	6693
4514417	3215628	6682
4514417	3317199	6682
4514417	4074095	6682
4514417	364124	6682
4514417	4635380	6682
4583357	2820051	6693
4514417	4285550	6682
4514417	4087752	6682
4583357	1889120	6693
4583357	3992475	6693
4165552	4583357	6714
4514417	1287184	6682
3215579	2736431	6756
4514417	3852425	6682
4514417	3293670	6682
4583357	2882745	6700
4583357	2517521	6693
4514417	87107	6682
4514417	2789023	6682
4583357	3101457	6693
4514417	2865895	6682
3526918	2298051	6748
4514417	4292074	6682
4514417	3647271	6682
3338470	3533854	6708
4583357	2537351	6693
4583357	3830586	6693
4514417	4125595	6682
4514417	1245872	6682
4514417	2865666	6682
4583357	3490326	6693
4583357	2360792	6693
4583357	4451035	6693
4583357	2445786	6693
4514417	3780543	6682
4583357	4589413	6693
4514417	494609	6682
3533854	4012831	6750
4583357	2206290	6693
4583357	3965629	6708
4583357	359926	6693
4514417	4241716	6682
4583357	3727415	6693
4583357	3874553	6693
4316304	1870468	6707
4583357	3529561	6693
3338470	3212939	6708
4583357	1719488	6708
1133752	4583357	6714
4583357	1722251	6693
4583357	675553	6708
4583357	3066293	6708
4583357	992230	6693
4583357	1203077	6693
4583357	1614867	6693
4583357	871278	6693
4514417	1707504	6682
4583357	368294	6693
4583357	4363310	6693
4583357	1497344	6693
4583357	2293371	6693
4583357	985689	6693
4514417	2394118	6682
4514417	3875729	6682
4514417	4160246	6682
4583357	4298610	6693
4583357	2716830	6693
4583357	965472	6693
4583357	315358	6693
4514417	3205297	6682
4514417	2184321	6682
1244929	4583357	6714
4514417	2270262	6682
4533357	4583357	6714
4583357	1483950	6693
4514417	2297865	6682
4514417	2171675	6682
4583357	635697	6693
4514417	1275448	6682
849471	4583357	6714
4514417	4430404	6682
4583357	1044436	6693
4583357	4647094	6693
15275	1515837	7374
4514417	3827363	6682
4514417	3346734	6682
4514417	801353	6682
4514417	4180006	6682
4583357	3003756	6693
4514417	3987181	6682
4583357	1698835	6693
4514417	3849393	6682
4583357	2289620	6693
4583357	2385839	6693
4514417	3823151	6682
4514417	4058518	6682
4583357	968098	6693
4583357	860053	6693
4514417	1891835	6682
4583357	966047	6693
4583357	3386893	6693
4514417	333809	6682
4514417	2256186	6682
4583357	105311	6693
4583357	1521293	6693
4583357	3257637	6693
4514417	593031	6682
2226799	4583357	6714
4514417	2830728	6682
4583357	1846381	6693
4514417	4111857	6682
4583357	2461975	6693
4583357	4187562	6693
4583357	1635323	6693
4583357	2780395	6693
4514417	3912772	6682
4583357	4342276	6693
4583357	3963350	6693
4514417	2631011	6682
4583357	2816448	6693
480947	4517443	6763
4583357	2719082	6693
4514417	4215453	6682
4583357	1591321	6693
4583357	1227552	6693
3526918	3365000	6748
4514417	2112619	6682
4583357	2382700	6708
4583357	2985177	6693
4514417	2975549	6682
4514417	637805	6682
4514417	4097805	6682
4514417	3614970	6682
4514417	910697	6682
705585	2652351	6708
3016619	1228948	6748
4514417	4407405	6682
4583357	3022624	6693
4514417	1483607	6682
4514417	3390747	6682
4514417	1551951	6682
15275	4325375	7374
4514417	2637109	6682
4583357	1753618	6693
4583357	3459852	6693
4514417	1563246	6682
4583357	3247143	6693
4583357	4322609	6693
4514417	3182141	6682
15275	1065902	7374
4583357	375713	6693
4583357	1295306	6693
4514417	406549	6682
4514417	338251	6682
4514417	4242028	6682
4514417	806880	6682
491047	4583357	6714
4514417	511060	6682
4514417	3093140	6682
4514417	1086236	6682
4583357	1037396	6693
4583357	2793814	6693
4583826	15275	6888
4583357	105383	6693
4583357	4023565	6693
4583357	3215579	6693
4514417	2308401	6682
4583357	3737936	6693
4514417	2523159	6682
4583357	3344037	6693
4514417	1924241	6682
4514417	3454433	6682
4514417	3712326	6682
4583357	3919352	6693
4514417	1040508	6682
4583357	44452	6693
4583357	886707	6693
4514417	3537513	6682
4583357	289400	6693
4514417	2121694	6682
4583357	1509185	6693
4583357	3115458	6693
15275	2956590	7374
4514417	3399690	6682
4583357	4489860	6708
4514417	2375784	6682
4583357	2794047	6693
1095674	3860115	6750
4583357	1696227	6708
4514417	560813	6682
1395688	105383	6756
4514417	1932785	6682
4583357	4292074	6708
15275	920767	7374
4583357	1311589	6693
4583357	2406418	6693
4583357	1287184	6693
4583357	2100553	6693
4514417	3427573	6682
4583357	2319956	6693
4514417	199748	6682
4514417	3079539	6682
3181034	4562199	6756
4514417	1641679	6682
4514417	3679226	6682
4514417	4035727	6682
4583357	3082200	6693
4514417	3595361	6682
4583357	1344246	6693
15275	1108695	7374
4514417	2791862	6682
4514417	3703981	6682
4514417	3911001	6682
2192018	4631207	6748
4514417	3066290	6682
4583357	2033094	6693
4583357	832689	6693
4583357	2682366	6686
4514417	1215711	6682
4514417	4649583	6682
4514417	3585299	6682
4583357	2383128	6693
4583357	2292205	6693
4514417	4634261	6682
4583357	1834701	6693
4583357	2781780	6693
4514417	816462	6682
4514417	1652548	6682
4514417	1636951	6682
4514417	2348381	6682
4514417	310372	6682
4514417	2976482	6682
2736431	3215579	6748
4514417	972043	6682
4583357	3847798	6693
4583357	2933911	6693
4514417	918931	6682
4583357	235705	6693
2736431	4203425	6748
4583357	3938286	6693
4514417	1341613	6682
4514417	1457823	6682
4583357	4163802	6693
4514417	1409169	6682
4514417	1660646	6682
4514417	3749944	6682
4583357	1610778	6693
4514417	1147087	6682
1422491	2123611	7374
4583357	3575215	6693
4583357	2715071	6693
4583357	1882586	6693
4514417	1574099	6682
4583357	1775398	6693
4583357	3939723	6700
85704	3059371	6756
4514417	1212958	6682
4583357	3715901	6693
4514417	275078	6682
1479555	3215579	6756
4583357	4173663	6693
4514417	2637374	6682
4583357	2147654	6693
4514417	4297026	6682
4514417	2711828	6682
4514417	4390542	6682
4514417	1937348	6891
4514417	3817394	6682
4514417	1407214	6682
351765	3860115	6750
4583357	3808277	6708
4583357	2278011	6693
4514417	2833929	6682
4583357	1426554	6693
2131908	4583357	6694
4514417	2765934	6682
4583357	499675	6693
4583357	525327	6693
4514417	4224726	6682
4514417	2322513	6682
3153474	4583357	6714
1914345	739107	6707
4583357	1679278	6693
4583357	4396159	6693
4514417	4644297	6682
4583357	3878797	6693
4583357	4608128	6693
4583357	1838263	6693
3338470	887360	6708
4514417	959034	6682
4514417	1807577	6682
4514417	1344972	6682
4583357	118267	6693
4583357	953863	6693
4583357	3420410	6693
4583357	2382430	6693
4583357	4311174	6693
4583357	3303379	6693
4514417	4221679	6682
4514417	2969709	6682
4583357	1733266	6693
4514417	3426553	6682
4514417	1705041	6682
4583357	2632451	6693
4583357	4267730	6693
4583357	2091778	6693
4514417	81468	6682
4583357	3800357	6693
4514417	4196641	6682
4583357	2868284	6693
4514417	2817841	6682
4583357	3245151	6693
4514417	4369986	6682
4583357	947076	6693
4514417	4430684	6682
4583357	539208	6693
4514417	3150742	6682
3860115	1265642	6747
4514417	4173663	6682
4583357	4141828	6693
4583357	1632646	6693
4583357	3243174	6693
4583357	2093439	6693
4583357	4351635	6693
4514417	4610402	6682
4514417	1311589	6682
15275	1957456	7374
4583357	2147394	6693
4514417	3895132	6682
2163550	4583357	6714
4514417	27080	6682
3175947	4583357	6714
4583357	2002480	6693
4583357	475613	6693
4514417	1161299	6682
2123611	15275	6888
4583357	66345	6693
4583357	3544260	6693
4514417	1428061	6682
4583357	3324147	6693
4514417	1911880	6682
3326280	4583357	6714
4514417	2637736	6682
4514417	3544522	6682
4514417	2471966	6682
4583357	989651	6693
4583357	2471583	6693
4514417	3952072	6682
4514417	1608847	6682
4514417	1957090	6682
4514417	3162079	6682
3066293	4583357	6714
4514417	1528690	6682
4583357	131511	6693
4583357	2743939	6693
4583357	3580127	6693
4583357	4212476	6693
4583357	221332	6693
4514417	1072528	6682
4514417	1023671	6682
4514417	2558535	6682
4514417	3484664	6682
4583357	678523	6693
1108695	1117560	6756
4514417	1771373	6682
4514417	2445786	6682
4514417	930994	6682
4514417	2424310	6682
4583357	4272556	6693
4583357	1727295	6693
4514417	3215579	6682
4583357	385388	6693
4514417	761525	6682
4237163	4583357	6714
4514417	4037824	6682
4514417	3056665	6682
4514417	1404770	6682
4514417	2725971	6682
4514417	2192751	6682
4583357	1012807	6693
4514417	480886	6682
4514417	2816525	6682
4583357	1086236	6693
4583357	4316304	6700
4514417	3244697	6682
4514417	4299139	6682
4583357	1824350	6693
4583357	3079539	6693
4583357	798358	6693
4583357	330561	6693
4514417	3653169	6682
4583357	3785042	6693
4583357	3320969	6693
4514417	442970	6682
4514417	55202	6682
4583357	4349562	6693
4514417	4166844	6682
4583357	640205	6693
4583357	2897919	6693
4514417	1960928	6682
4583357	4562199	6693
4514417	2134528	6682
4583357	3742322	6693
4583357	2309671	6693
4514417	2545408	6682
4583357	2892026	6693
4514417	586512	6682
4514417	3704512	6682
4583357	442778	6693
4583357	1519907	6693
2652351	3764269	6801
4514417	4179252	6682
4583357	1395704	6693
4583357	3436877	6693
4583357	1466278	6693
4583357	76708	6693
4119740	4583357	6694
4583357	4443391	6693
4583357	1821137	6693
4583357	2631385	6693
4583357	2531732	6693
1012302	4583357	6714
4583357	3599508	6693
4583357	2031254	6693
4514417	2057798	6682
4583357	1046505	6693
4514417	3602355	6682
4514417	3477402	6682
4514417	3198474	6682
4514417	2298149	6682
4583357	4291920	6693
4514417	2909620	6682
4583357	4634666	6693
3526918	3338470	6714
4583357	2218340	6693
4583357	1335909	6693
3997191	15275	6888
4583357	2661761	6693
4514417	1265642	6682
4583357	2734512	6693
4583357	3520077	6693
4583357	3050924	6693
4514417	3905949	6682
4514417	81059	6682
4514417	2250705	6682
4514417	2310535	6682
4514417	209365	6682
4583357	2276376	6693
4514417	3149163	6682
4514417	2635927	6682
4514417	815574	6682
4514417	82735	6682
4583357	946770	6693
1240643	4583357	6714
4583357	629860	6693
149301	2867559	6750
4583357	3353544	6693
4514417	1215600	6682
4583357	2523159	6693
1452612	3338470	6714
4583357	2936223	6693
4583357	1973481	6708
4583357	3118017	6693
4514417	1227552	6682
4514417	3364780	6682
4514417	3206564	6682
4160246	887360	6756
15275	987754	7374
4583357	2142600	6693
4583357	3433380	6693
4514417	960453	6682
4583357	2572609	6693
4514417	3480096	6682
4514417	2283511	6682
4514417	1069935	6682
4514417	1361271	6682
4514417	1399369	6682
4514417	3669428	6682
4514417	2145624	6682
2652351	151967	6756
4514417	1701073	6682
4583357	3365000	6693
4583357	1575583	6693
2288032	987754	6707
4514417	1848808	6682
4583357	2591889	6693
4583357	848650	6693
4429827	2245150	6756
4514417	2465614	6682
4514417	179012	6682
4514417	4228245	6682
4514417	3814496	6682
4514417	1374051	6682
4514417	168065	6682
4514417	4238639	6682
4583357	1617563	6693
4514417	3520077	6682
4514417	832689	6682
4583357	3317199	6693
4394107	4583357	6714
4514417	4074130	6682
4583357	2445768	6693
4514417	3888299	6682
4583357	3814496	6693
4514417	4289944	6682
4583357	1905421	6707
4514417	543771	6682
4514417	1048629	6682
2867559	1516042	7446
4583357	4403271	6693
4583357	1914345	6700
4643360	15275	6777
4514417	380795	6682
4583357	956661	6693
4514417	420254	6682
3860115	1908089	7446
4514417	887360	6682
4583357	2292930	6693
4583357	1820490	6693
4514417	1877079	6682
4514417	2332193	6682
4583357	4166844	6693
4514417	1373465	6682
4583357	2941392	6693
4583357	1660646	6693
4583357	905171	6693
4514417	333033	6682
3526918	3681996	6755
4514417	3370513	6682
4514417	3731285	6682
4583357	665190	6693
4583357	2323003	6693
4583357	2424310	6693
4514417	683592	6682
4514417	2797830	6682
4514417	1811274	6682
4583357	139470	6693
4514417	2737904	6682
4342276	4583357	6714
4583357	3880916	6693
4514417	907324	6682
4514417	687140	6682
4514417	1383146	6682
4514417	3914904	6682
4583357	2413524	6693
4583357	526938	6693
4514417	3148513	6682
4583357	4343916	6693
2718276	4649583	6708
4583357	4470640	6693
4514417	2823493	6682
4514417	2245150	6682
4514417	3645736	6682
4514417	4586414	6682
4583357	3070377	6708
4583357	2076120	6693
4583357	309806	6693
4514417	598366	6682
4514417	4227640	6682
4583357	868563	6700
4514417	4119026	6682
2652351	705585	6714
4583357	2061674	6693
2736431	3009051	6748
4514417	1504339	6682
4583357	2710582	6693
4583357	823954	6693
4514417	1734970	6682
4583357	899934	6708
4583357	348173	6693
4514417	2919860	6682
4583357	22153	6693
4583357	1313718	6693
4583357	4161260	6693
4583357	2729821	6693
4583357	2287619	6693
4514417	1718577	6682
4514417	120632	6682
4133966	3226942	7964
4583357	4541695	6693
4583357	2189259	6693
4514417	4348738	6682
4514417	181620	6682
4583357	3361650	6693
4514417	905171	6682
15275	4068669	7374
4583357	1069935	6693
4514417	4384670	6682
615	4583357	6714
4583357	858982	6693
3800776	4583357	6714
4514417	1966337	6682
4514417	2883275	6682
4514417	442778	6682
4583357	4098151	6693
4583357	1383826	6693
240437	4429827	6708
4514417	54409	6682
4583357	4089537	6693
4514417	3223992	6682
4514417	3823411	6682
4514417	2743939	6682
4514417	254001	6682
943742	4583357	6714
4514417	1813919	6682
4514417	4506813	6682
4514417	3613922	6682
4514417	2609644	6682
4514417	2338696	6682
4583357	3643721	6708
4583357	4232451	6693
4514417	2132002	6682
4514417	810628	6682
4583357	2752506	6693
4583357	1822605	6693
4583357	3774821	6708
1279722	15275	6888
4583357	372373	6693
4583357	2416225	6693
3245021	4583357	6714
4583357	2630200	6693
4583357	2323645	6693
4583357	3624525	6693
4583357	1844111	6693
4583357	811573	6693
4583357	2310535	6693
4583357	3244697	6693
4583357	3958553	6693
4514417	3656142	6682
4514417	1263939	6682
4514417	1375929	6682
4514417	1218975	6682
4583357	4014748	6708
3555677	4583357	6714
4583357	422513	6693
4583357	1340358	6693
4514417	3351504	6682
4514417	2780395	6682
4583357	4301141	6693
4514417	2373319	6682
2718276	4583357	6694
4514417	3508541	6682
4514417	1705442	6682
4583357	2127093	6693
4514417	3839975	6682
4514417	2916372	6682
4583357	2748213	6693
4514417	3519815	6682
4583357	2688325	6708
680735	4583357	6714
4514417	163894	6682
4514417	2328401	6682
4514417	1717143	6682
4583357	2738786	6693
802291	991758	6714
4514417	4155624	6682
4583357	910272	6693
4514417	4124055	6682
4514417	385388	6682
4583357	3468345	6693
4583357	4090612	6693
480947	2785578	6763
4514417	2348576	6682
4583357	3330981	6693
4514417	2387753	6682
645775	3860115	6750
4514417	1956977	6682
1108695	4508813	6756
4583357	1752164	6693
4583357	3930867	6693
4514417	2283095	6682
4583357	3008878	6693
4583357	3385426	6693
4583357	1529966	6708
3503941	15275	6888
3338470	1305980	6707
4583357	1118778	6693
4583357	55202	6693
4514417	1628042	6682
4583357	1545407	6699
4583357	1158106	6693
3855944	4082451	6752
4583357	3454433	6693
4583357	1524670	6693
4514417	1399555	6682
4583357	2629342	6693
4514417	1460365	6682
4583357	2441298	6693
3736412	4583357	6714
4514417	3851736	6682
4583357	3440907	6693
4583357	4426859	6693
4583357	732249	6693
4514417	1820853	6682
4514417	4031394	6682
3939723	4583357	6694
4583357	295891	6693
4583357	2791657	6693
4583357	764094	6693
4514417	3779833	6682
4583357	195478	6693
4514417	456311	6682
4514417	3887864	6682
4583357	959888	6693
4514417	3225303	6682
4514417	2986715	6682
4583357	1665306	6693
4583357	1161299	6693
4583357	3895132	6693
4583357	562159	6693
4583357	1233159	6693
3338470	4293030	6708
4583357	197509	6693
4514417	13910	6682
4514417	3116936	6682
4583357	1832439	6693
4583357	1731274	6693
4514417	4587380	6682
1162531	3860115	6750
4583357	1429670	6693
4583357	4504341	6693
4514417	1973916	6682
2736431	1603345	6748
4514417	3350741	6682
4514417	1227803	6682
4583357	1746705	6693
4514417	562159	6682
4514417	219223	6682
3338470	2736431	6708
4514417	1330123	6682
4514417	939008	6682
4583357	2451045	6693
3338470	4508813	6708
3338470	2298051	6708
4514417	2424218	6682
4583357	1917397	6693
105383	1395688	6748
4514417	4523337	6682
4514417	3960420	6682
4514417	2239152	6682
4583357	2065470	6693
4514417	3834500	6682
4583357	3366289	6693
1603345	3338470	6714
3338470	4203425	6708
4514417	4016454	6682
4514417	2619718	6682
4514417	26480	6682
4514417	1524670	6682
4583357	1077139	6693
4583357	363995	6693
3338470	4068669	6707
4514417	1844111	6682
4514417	4095050	6682
4514417	121727	6682
4583357	4179252	6693
4583357	109643	6693
4514417	4267730	6682
4583357	3552011	6693
4583357	2818584	6693
4583357	4111832	6693
4583357	4480849	6693
4514417	4039890	6682
4583357	2207170	6693
3338470	1108695	6708
4583357	2367855	6693
4514417	1755044	6682
4583357	3321898	6693
4583357	4362623	6693
4583357	3899107	6693
15275	4078522	7374
2011557	3212939	6748
4514417	4107196	6682
4583357	2762040	6693
4583357	471648	6693
4583357	1953261	6693
4583357	909201	6693
4514417	2913635	6682
4583357	4462778	6693
3338470	3526918	6708
4514417	2752715	6682
4514417	2068985	6682
4583357	140644	6693
4514417	1494286	6682
4583357	406563	6693
4514417	4330159	6682
4514417	2703207	6682
15275	887360	7374
4514417	4263636	6682
4514417	926386	6682
4583357	3731285	6693
4583357	3715873	6693
4583357	3670006	6693
4583357	3116936	6693
4583357	396726	6693
4583357	310956	6693
4514417	64122	6682
4583357	3714925	6693
2817574	3420179	6756
3215579	3716806	6748
4514417	4349562	6682
4416073	4583357	6714
4583357	677989	6693
4583357	1766238	6693
4583357	881899	6693
4514417	3934135	6682
4514417	3109843	6682
4514417	2880115	6682
4583357	4152370	6693
4583357	2729174	6693
4583357	1820910	6693
4514417	421635	6682
4583357	2850026	6693
4514417	774410	6682
4514417	130141	6682
4583357	2365098	6693
1372668	3338470	6714
4514417	4163802	6682
4583357	2301199	6693
4583357	1467090	6693
4583357	2871584	6693
4514417	1590680	6682
1915700	4583357	6714
4514417	4594649	6682
4583357	1853889	6708
4583357	1738745	6693
4583357	2116878	6693
2382700	4583357	6714
4583357	3050043	6693
4583357	219238	6693
4583357	2580	6693
2652351	4430684	7014
4583357	119743	6693
4514417	2113206	6682
4583357	1432508	6708
4514417	851006	6682
2867559	1366814	6747
4583357	3984688	6693
4514417	353974	6682
4514417	761871	6682
1108695	3981092	6748
4583357	4635380	6693
4514417	1547475	6682
4514417	1267673	6682
4583357	1880325	6693
4514417	2617616	6682
4583357	86222	6693
4583357	208939	6708
4514417	3292170	6682
4583357	3352821	6693
4583357	1263939	6693
4514417	2127093	6682
4406759	4583357	6714
4514417	943742	6682
4514417	3607781	6682
4583357	707755	6693
1395688	3338470	6714
4583357	879054	6693
4514417	1838496	6682
4583357	1969214	6693
1265642	3860115	6750
4583357	3685793	6693
4583357	2395984	6693
4583357	4251741	6693
4514417	1233159	6682
4514417	336328	6682
4583357	1732145	6693
4514417	1230076	6682
4514417	224181	6682
4583357	2587741	6693
4514417	2896250	6682
4583357	740721	6693
4514417	2340694	6682
4583357	3374230	6693
4514417	1146841	6682
3365000	4068669	6756
4514417	2535836	6682
4583357	2805153	6693
4514417	2299446	6682
4514417	1587212	6682
4514417	3928826	6682
4514417	4361497	6682
4514417	411062	6682
4514417	3124988	6682
1719488	4583357	6714
4583357	1598486	6693
4583357	1996624	6693
4583357	4414355	6693
4514417	4303742	6682
4514417	525327	6682
4514417	2822709	6682
4514417	1308397	6682
4583357	1817285	6693
4012831	3533854	6747
4514417	1905802	6682
4583357	456759	6693
4583357	4631776	6693
4583357	1973439	6693
4514417	816043	6682
4514417	3420972	6682
4583357	4486263	6693
4583357	465236	6693
4583357	2732183	6693
4583357	943742	6708
4514417	4424111	6682
4514417	3152031	6682
1117560	1281360	6823
4362623	15275	6888
4583357	3076691	6708
4583357	3655916	6693
4514417	265672	6682
4514417	407048	6682
4514417	581626	6682
4583357	4158746	6693
4514417	1104747	6682
4514417	2375219	6682
4514417	2092688	6682
4514417	1417092	6682
4514417	4148375	6682
4583357	3103518	6693
4514417	2145353	6682
4583357	4119687	6693
4514417	1731274	6682
4514417	2126332	6682
4514417	4276158	6682
4514417	1549355	6682
1122077	4583357	6714
4583357	3521618	6693
4583357	2094671	6693
4583357	2966727	6693
4514417	215254	6682
4514417	2210817	6682
4514417	1106292	6682
3338470	2141412	6708
4514417	3346557	6682
4514417	635819	6682
4583357	1375929	6693
4514417	3817633	6682
4583357	2019635	6693
4514417	1562888	6682
4514417	3158195	6682
4514417	2541559	6682
4514417	1372422	6682
4514417	4340325	6682
4514417	1775398	6682
4583357	3764269	6711
4583357	3591143	6693
4514417	205964	6682
4514417	3704995	6682
4514417	3137676	6682
1926345	259650	6753
4552423	4583357	6714
4583357	539652	6693
4583357	3368692	6693
4514417	2732691	6682
4514417	3302191	6682
4514417	426137	6682
4514417	2046241	6682
4514417	3112206	6682
4269429	4583357	6714
4583357	554828	6693
4514417	4306321	6682
4583357	41373	6693
2451045	3338470	6714
4583357	1194203	6693
480947	4508813	6763
4583357	3428608	6708
4583357	2975025	6693
4583357	81460	6693
4514417	4163536	6682
4514417	4484394	6682
3213753	2867559	6750
4514417	1313715	6682
4583357	2356698	6693
4583357	189240	6693
3338470	1395688	6708
4583357	2292848	6693
3059371	1603345	6748
4583357	720417	6693
4514417	4396762	6682
4514417	262821	6682
4514417	3213753	6682
4583357	2250748	6693
4514417	1906762	6682
4514417	4258574	6682
4271972	4583357	6714
4583357	465100	6693
4583357	3662433	6693
4583357	4242066	6693
2451045	1117560	6756
2131908	3009051	6707
4514417	4348809	6682
4514417	3240789	6682
4583357	4450500	6693
4514417	4391984	6682
4514417	2345297	6682
4583357	4195648	6693
4583357	2935887	6693
4583357	1121077	6693
4583357	4366750	6693
4583357	446218	6693
4514417	2946479	6682
4518043	158794	6707
4514417	3619626	6682
4514417	1009021	6682
4514417	3415771	6682
4583357	1863255	6693
4514417	2731419	6682
480947	1833630	6763
4583357	1240871	6693
4514417	3227092	6682
4583357	1769021	6693
4583357	4237163	6693
4583357	1777683	6693
3338470	105383	6708
4583357	1768219	6693
4583357	2376896	6693
4514417	981278	6682
4514417	1199423	6682
4514417	37117	6682
4514417	1188079	6682
4583357	4302049	6693
4583357	2747383	6693
4583357	3152031	6693
4514417	4365696	6682
4514417	3161566	6682
4583357	2514706	6693
4583357	3941662	6693
4583357	1559851	6693
4583357	1705069	6693
4514417	2138277	6682
4514417	2097768	6682
4514417	1837486	6682
4583357	1044394	6693
4514417	4530427	6682
726360	3338470	6714
4514417	479861	6682
4514417	109643	6682
4514417	1867402	6682
4583357	1577923	6693
4583357	1460365	6693
4514417	1750870	6682
4583357	1973400	6693
4583357	53702	6693
1041656	2123611	6756
4583357	3143967	6693
4514417	4366750	6682
4514417	1463464	6682
4514417	4522458	6682
4514417	1172517	6682
3215728	887360	6756
3716806	3215579	6756
4583357	2351983	6693
4583357	973446	6693
4583357	959034	6693
4514417	2868695	6682
4514417	2883286	6682
4583357	4174156	6693
4514417	2176912	6682
4514417	1915700	6682
4583357	3640885	6693
4514417	3172584	6682
4583357	1528160	6693
4514417	201410	6682
4583357	2453255	6708
4514417	1431873	6682
1603345	2190917	6748
4583357	2162872	6693
4583357	1501802	6693
4514417	2261717	6682
3338470	3175531	6708
4583357	2108002	6693
4514417	3314991	6682
4514417	2999601	6682
3764269	4583357	6739
4583357	2240018	6693
4583357	1399369	6693
4514417	4171658	6682
4514417	4222740	6682
2956590	1117544	6748
4514417	1598486	6682
4583357	4355851	6693
4514417	4453109	6682
4514417	3694648	6682
4514417	3125297	6682
4583357	3365051	6693
4514417	1649200	6682
4583357	3846889	6693
4583357	2298943	6693
4583357	4111857	6693
4583357	2578484	6693
4583357	2667163	6693
4514417	4020428	6682
4583357	3562702	6693
2145337	3860115	6750
4583357	4480301	6693
4514417	1330852	6682
4583357	4059551	6693
4583357	2948704	6693
4583357	3643688	6693
4583357	1522177	6693
4514417	3374145	6682
4514417	920435	6682
3860115	1117632	6747
4514417	1462103	6682
1305980	15275	6888
4583357	3456318	6693
4583357	2192018	6693
4514417	2866891	6682
4583357	2509742	6708
4583357	4165420	6693
4562199	3181034	6748
4583357	3158195	6693
4514417	2063381	6682
4514417	1841475	6682
4583357	493353	6693
4514417	2439312	6682
4583357	969481	6693
1422491	774564	7374
4514417	1924093	6682
4583357	2843702	6693
4583357	2434481	6693
4514417	4465566	6682
4514417	2352512	6682
4583357	1209618	6693
2854906	4583357	6714
4514417	4515216	6682
4514417	274277	6682
4514417	3336403	6682
4514417	4637503	6682
4514417	1189599	6682
4583357	258709	6693
4583357	3227232	6693
4514417	462956	6682
4514417	4064286	6682
4583357	3071579	6693
4583357	1289378	6693
4514417	3061321	6682
4583357	3973560	6693
4583357	2212353	6693
4583357	512307	6693
3175531	887360	6756
4514417	3521915	6682
4583357	2131016	6693
4514417	592829	6682
4514417	1203077	6682
4514417	954667	6682
4514417	3098414	6682
4514417	4629238	6682
15275	3526505	7374
4583357	4365696	6708
4583357	4423048	6693
4514417	543117	6682
4583357	4649583	6693
2427390	2867559	6750
4514417	355254	6682
4514417	2271862	6682
4583357	575788	6693
4514417	3443900	6682
4514417	3984688	6682
4583357	1146841	6693
4583357	736667	6693
4514417	2248559	6682
4583357	438068	6693
4583357	535777	6693
4583357	1343127	6693
4514417	4039324	6682
4583357	1187380	6693
4514417	86222	6682
4514417	3038063	6682
4583357	4400742	6708
4514417	1828644	6682
4583357	1855506	6708
4514417	1127312	6682
4514417	557538	6682
4514417	3069290	6682
4514417	4494759	6682
4514417	1410500	6682
3338470	4583826	6708
4514417	4279470	6682
4514417	3736304	6682
4583357	1245899	6693
4514417	1302234	6682
4583357	651	6693
4583357	1490068	6693
4583357	2663415	6693
4514417	3314029	6682
4583357	1291774	6708
480947	2998836	7479
4514417	1685466	6682
4514417	20775	6682
4514417	2382430	6682
4583357	2784661	6708
4583357	963947	6693
4583357	1230076	6693
4583357	4629673	6693
4514417	4429827	6682
4583357	2521600	6693
3244583	2760480	6934
4514417	3114500	6682
4583357	4190311	6693
4514417	2581631	6682
4514417	941966	6682
4583357	3148513	6693
4583357	4185158	6693
4514417	4101200	6682
4583357	1917851	6693
4514417	2218717	6682
4583357	1697618	6693
4583357	1149598	6708
4583357	1234468	6693
4514417	4551511	6682
4583357	199250	6693
802291	2867559	6750
4583357	1941422	6693
4514417	2428345	6682
4514417	964165	6682
4514417	2567498	6682
2652351	3521248	6801
4514417	2703335	6682
4583357	492541	6693
4583357	680806	6693
4514417	1008377	6682
4514417	3927183	6682
4583357	3521248	6722
3268903	15275	6744
4583357	625123	6693
4583357	2038590	6693
4583357	2472663	6693
4514417	3071579	6682
4583357	1760990	6693
4514417	721166	6682
4514417	3175531	6682
85704	15275	6888
4514417	1399481	6682
4583357	1934862	6693
4514417	2276376	6682
4583357	3149163	6707
4514417	2409431	6682
4583357	1429057	6693
4583357	281107	6693
4583357	2270489	6693
4583357	1149598	6693
4583357	2951978	6693
868563	4583357	6694
4583357	3687108	6693
4583357	1250316	6693
4583357	2484181	6693
4583357	2660410	6693
3338470	804403	6708
4514417	2711049	6682
4514417	4237988	6682
3338470	4362623	6707
4514417	4146436	6682
4583357	1973342	6693
4514417	4259028	6682
4583357	1587212	6693
4583357	3981092	6693
4583357	117872	6693
4514417	3544745	6682
4583357	1236540	6693
4514417	3814367	6682
4583357	3127449	6693
4583357	2909620	6693
2867559	2652351	6747
4583357	4285550	6693
4514417	1527811	6682
4514417	3800357	6682
4583357	473637	6693
4583357	761871	6693
4583357	2672931	6693
3338470	726360	6708
4583357	3998096	6693
4514417	2743201	6682
4583357	3562542	6693
4514417	1998880	6682
4583357	2388942	6693
4362623	4325375	6748
4583357	2231139	6708
4583357	1961448	6693
4583357	840864	6693
4583357	4374672	6693
4583357	4324621	6693
4583357	1458071	6693
4514417	2582200	6682
4583357	2194585	6693
4583357	409217	6693
4514417	4191594	6682
4583357	478184	6693
4514417	4082451	6682
4514417	2231862	6682
4514417	1727295	6682
4583357	2038489	6708
4583357	333809	6693
4514417	22153	6682
4583357	3651238	6693
2411324	2652351	6717
4583357	848111	6708
4514417	992230	6682
4583357	892362	6708
4583357	2628556	6693
4514417	3901032	6682
4514417	3748528	6682
4514417	575788	6682
4514417	1179860	6682
4514417	4094866	6682
4514417	2002575	6682
4583357	4333179	6693
4583357	1857296	6693
4514417	334747	6682
4583357	3223992	6693
4514417	1074705	6682
4583357	4108578	6693
4514417	208939	6682
4583357	2445548	6693
4514417	603437	6682
4583357	3552513	6693
4583357	2100998	6700
4514417	1881923	6682
4514417	2119925	6682
4260377	4583357	6714
4514417	4489860	6682
4514417	3686551	6682
4583357	46825	6693
4514417	720417	6682
4583357	1696782	6693
4514417	2195290	6682
4514417	2073154	6682
4514417	2759789	6682
4583357	3026572	6693
4583357	3358823	6693
4583357	845967	6693
4514417	3865964	6682
4583357	4271972	6708
4514417	3608470	6682
4583357	809163	6693
4514417	3341015	6682
4292074	4583357	6714
4514417	1095524	6682
4514417	956503	6682
4514417	845069	6682
4583357	2516844	6693
4583357	3804012	6693
4514417	2395042	6682
4583357	1012302	6693
4514417	2926705	6682
4514417	3359667	6682
4583357	523193	6693
3338470	4515946	6708
4583357	3595361	6693
4583357	1009133	6693
4514417	2386979	6682
4583357	8551	6693
4514417	2564288	6682
4514417	2404729	6682
4514417	719647	6682
3016619	15275	6888
4583357	3939865	6693
4583357	1971593	6693
4514417	633834	6682
4165009	15275	6888
4514417	1406553	6682
4514417	1811300	6682
4583357	804403	6693
4514417	763224	6682
4583357	1493966	6693
4562199	15275	6888
4514417	2553114	6682
4514417	3256565	6682
4514417	4050148	6682
4514417	206459	6682
4514417	144720	6682
3821899	4583357	6714
4583357	4297296	6693
4514417	1565434	6682
4514417	1172337	6682
4583357	3806452	6693
4514417	1890917	6682
4514417	11273	6682
4514417	2206290	6682
4583357	2799706	6693
4514417	2060501	6682
4514417	3643721	6682
4514417	4052229	6682
4514417	2870856	6682
4514417	1473149	6682
4583357	3884335	6693
4514417	523760	6682
4583357	3827363	6693
4583357	811213	6693
4583357	390475	6693
4583357	3251518	6693
4514417	2755816	6682
4583357	4563313	6693
4514417	3731479	6682
4583357	1938567	6693
2123611	751351	6756
803463	4583357	6714
4583357	4159582	6693
4514417	76708	6682
4514417	2033626	6682
4514417	1575583	6682
3070377	4583357	6714
976376	3420179	6756
4514417	158585	6682
4514417	1350192	6682
4514417	3251518	6682
4583357	1959943	6693
670570	2886525	6700
4514417	120077	6682
2652351	2700513	7014
4583357	752155	6693
4583357	4263636	6693
4514417	2190879	6682
3354636	4514417	6832
4514417	2040500	6682
4514417	2513090	6682
4583357	4153120	6693
4514417	4469425	6682
4583357	75516	6708
4514417	494054	6682
4514417	1499180	6682
4583357	724157	6693
4514417	144812	6682
4514417	3303379	6682
4583357	1445538	6843
4583357	4289944	6693
4514417	3687108	6682
4583357	3416089	6693
4514417	950223	6682
4514417	1423208	6682
4514417	3716483	6682
4583357	4407405	6693
4583357	3353512	6693
4583357	4522181	6693
4583357	3843902	6693
480947	4149254	6763
4583357	1573545	6693
3860115	1812662	6747
4583357	3370818	6693
4583357	1353698	6693
4583357	3435278	6693
4583357	1500775	6693
4583357	1289825	6693
4583357	3903794	6708
4583357	2428784	6693
3860115	1406192	6747
4583357	2256186	6693
4514417	3582761	6682
4583357	2019112	6693
4514417	1152272	6682
4514417	940776	6682
4583357	3584	6693
4583357	1670758	6693
4149254	2867559	6750
4514417	2891457	6682
4583357	2975050	6693
774564	1422491	6888
2886525	4431778	6693
4514417	635697	6682
4583357	3741235	6693
4583357	2326038	6693
4514417	1168288	6682
4514417	4118949	6682
4583357	3415771	6693
4583357	1020354	6693
4583357	4292242	6693
4583357	3420179	6693
4583357	966176	6693
3726530	15275	6888
4514417	323981	6682
4514417	1154865	6682
4514417	651	6682
4583357	1025795	6693
1833630	1516042	6750
2911651	887360	6756
4514417	3939865	6682
4583357	3599508	6708
4583357	2731419	6693
4514417	2240018	6682
4514417	3966322	6682
4583357	325907	6693
726360	1820464	6748
4583357	3778043	6693
3338470	4562199	6708
4508813	1395688	6756
4583357	964165	6693
1117560	1108695	6748
4583357	3866088	6693
3215579	158794	6748
4583357	3681256	6693
4514417	4234856	6682
4583357	918466	6693
4583357	3964873	6693
4583357	1479554	6693
4514417	2158282	6682
4508813	3338470	6714
4514417	1228407	6682
4583357	775940	6693
4583357	3653088	6708
4562199	2736431	6756
4514417	2309671	6682
2867559	4082451	6747
4514417	4364401	6682
4514417	2557175	6682
4514417	1959943	6682
4514417	2734512	6682
4514417	2924053	6682
4514417	2010660	6682
804403	2245150	6748
887360	3338470	6714
15275	739107	7374
4583357	1889946	6693
3338470	751351	6707
4514417	748873	6682
4583357	3781547	6693
4514417	2312704	6682
3338470	1452612	6708
4583357	3534382	6693
4583357	2663043	6693
4514417	920589	6682
4514417	3562702	6682
4583357	2268681	6693
4514417	2269109	6682
4514417	2507338	6682
4514417	3162574	6682
4514417	3938286	6682
15275	3981092	7374
4514417	2122839	6682
4583357	99951	6693
4514417	2033065	6682
4583357	3338470	6698
4514417	3279004	6682
4514417	1004836	6682
4514417	3904588	6682
4514417	2398527	6682
4583357	596794	6693
4583357	3346734	6693
4514417	432797	6682
4583357	198816	6693
4514417	2505775	6682
4583357	1720512	6693
4514417	2255291	6682
4583357	2034947	6708
4583357	3487104	6693
4514417	3561878	6682
4514417	1456843	6682
4583357	3570484	6693
4583357	2112619	6693
4583357	3058904	6693
4514417	4150602	6682
4514417	2691668	6682
1581691	3860115	6750
3338470	2886525	8389
4583357	305511	6693
4583357	3489183	6693
4514417	2084969	6682
1516042	1833630	6747
4514417	4544181	6682
4514417	2347531	6682
4514417	1857451	6682
4583357	4125595	6693
4514417	1376463	6682
15275	2719717	7374
4583357	343949	6693
4514417	289400	6682
4514417	1837117	6682
4514417	3240690	6682
4514417	4616572	6682
4583357	3293670	6693
4514417	2231139	6682
4583357	4005281	6693
4583357	464537	6693
4514417	2820051	6682
4583357	1875335	6693
4514417	2422933	6682
3692370	4583357	6714
4583357	851006	6693
4514417	3570634	6682
4514417	4592507	6682
4514417	853758	6682
4514417	305415	6682
3338470	3872121	6708
4583357	2915986	6693
4514417	2409808	6682
4583357	1438778	6693
4583357	2681043	6693
4583357	4223922	6693
4583357	3175531	6693
4430123	3244583	6933
4583357	550393	6693
4514417	1942511	6682
3908316	2282704	6714
4514417	4498782	6682
4583357	2119925	6693
4514417	3132500	6682
4514417	2454113	6682
4174156	2736431	6756
4583357	4632785	6693
4583357	4222740	6693
4583357	1350192	6693
3230555	4583357	6714
4583357	3030289	6693
4514417	2665706	6682
4514417	2518317	6682
4583357	1838298	6693
4514417	3324823	6682
4514417	1161922	6682
4514417	114133	6682
4583357	3809152	6693
4583357	730335	6693
4514417	2909256	6682
4514417	1094217	6682
4149254	4012831	6750
4514417	2860228	6682
4583357	1995880	6693
4583357	3534920	6693
4583357	2671858	6693
4514417	3140602	6682
4583357	522065	6693
15275	1395688	7374
4514417	2419532	6682
3592153	3268903	7179
4583357	1143454	6693
926386	2451045	6756
4583357	2998645	6708
4514417	1924842	6682
4514417	707755	6682
4583357	2728383	6693
4583357	4243073	6693
4583357	917849	6708
4583357	1601318	6693
4514417	3428608	6682
4583357	1976433	6693
2011557	4012831	6750
259650	4133966	6889
4514417	3566551	6682
4583357	23018	6693
4514417	3762862	6682
4583357	99124	6693
1916520	4583357	6714
4583357	1778887	6693
4514417	2679826	6682
4583357	1130236	6693
4583357	2665706	6693
4583357	3669795	6693
4514417	2340181	6682
4583357	1514019	6693
4514417	4079920	6682
4514417	3982583	6682
4514417	978963	6682
4514417	756753	6682
4583357	1881923	6693
4583357	255244	6693
4514417	2483563	6682
4514417	4184630	6682
4583357	1969780	6693
4583357	1290670	6693
4514417	1770774	6682
4583357	1459550	6693
4583357	3582761	6708
4514417	1001601	6682
4514417	1834701	6682
4514417	4632785	6682
1350471	259650	8390
4514417	1241799	6682
4514417	1632537	6682
4583357	3476857	6693
4514417	1223781	6682
4583357	756753	6693
4514417	2696804	6682
4514417	404328	6682
4583357	151986	6693
4583357	3250081	6693
4583357	78558	6693
4583357	1070854	6693
4514417	2833641	6682
4583357	3709143	6708
4583357	1423208	6693
1937348	4514417	6832
4514417	4396142	6682
4583357	1106292	6693
4583357	6244	6693
4514417	4396743	6682
4583357	4190244	6693
4583357	140055	6693
4514417	4389439	6682
4514417	1961448	6682
4583357	3551655	7241
4514417	2729174	6682
4514417	40603	6682
4583357	392852	6693
4583357	2622182	6693
4583357	125847	6693
4583357	650393	6693
4583357	1811274	6693
4514417	908372	6682
4514417	2961959	6682
4583357	4379747	6693
4583357	3766312	6693
3176734	259650	6744
259650	1350471	7412
4514417	2298943	6682
4583357	3534701	6693
4583357	850824	6693
4514417	3585309	6682
4514417	1910384	6682
4514417	4588121	6682
4583357	1341139	6693
4583357	4122255	6693
4583357	4455656	6693
4583357	4592507	6693
4514417	1849964	6682
4583357	2302024	6708
4583357	3313221	6693
4514417	3715165	6682
4583357	2619718	6693
4583357	3618373	6693
4583357	1753387	6693
15275	2298051	7374
15275	2012757	7374
4514417	117872	6682
4583357	2483563	6693
4583357	2725667	6708
4514417	3170686	6682
4583357	2541417	6693
1812662	3860115	6750
4514417	3871041	6682
4514417	1195787	6682
4583357	3226277	6693
4583357	355750	6693
4583357	4010344	6693
4514417	1791128	6682
4514417	2412540	6682
4583357	2033065	6693
4583357	2491379	6693
4583357	2092688	6693
4583357	2415158	6693
4562656	4160246	6756
4583357	3717450	6693
4583357	4149394	6693
15275	4429827	7374
4583357	468473	6693
1761824	4643360	6686
4583357	1444436	6708
4514417	3971797	6682
4514417	1754977	6682
4514417	46064	6682
4583357	1084596	6693
4514417	1828521	6682
4583357	2328945	6693
4514417	881899	6682
4514417	4449536	6682
4583357	2387563	6693
4583357	1859568	6708
4583357	2838702	6693
4583357	2264488	6693
4514417	3655916	6682
4514417	4388643	6682
4583357	2015048	6693
4583357	92466	6693
4583357	2648194	6693
4514417	1566652	6682
4583357	4490477	6693
4514417	167674	6682
4583357	2777570	6693
4514417	87638	6682
4514417	2716830	6682
4583357	1407322	6693
4583357	640294	6693
4583357	3067609	6708
4583357	1241799	6693
2086870	4562199	6748
4514417	2445548	6682
4514417	359318	6682
4514417	554828	6682
4583357	2357985	6693
4583357	1135574	6693
4514417	629860	6682
4583357	3389521	6693
4514417	1989213	6682
4514417	4195648	6682
4583357	3036450	6693
4514417	3113672	6682
4514417	4048388	6682
4583357	3566551	6693
4514417	3601828	6682
4583357	817425	6693
4514417	3875389	6682
4514417	2623412	6682
4583357	2618968	6693
4514417	2052307	6682
4583357	3064094	6693
4583357	222939	6693
4514417	3433380	6682
4583357	4115097	6693
4514417	1989056	6682
4514417	1667105	6682
4514417	2163550	6682
4514417	2546395	6682
2556524	4583357	6714
4514417	471648	6682
4514417	4331395	6682
4583357	4594649	6693
4583357	3427469	6693
4583357	1854849	6693
4583357	883713	6693
4514417	1108695	6682
2652351	2998836	7014
1515837	1603345	6756
4583357	1054138	6699
3338470	2012757	6708
4514417	645775	6682
4583357	4400836	6693
3965629	4583357	6714
4583357	2059475	6693
4514417	3583752	6682
4514417	4343244	6682
4583357	2801168	6693
4514417	4237163	6682
4583357	629948	6693
4583357	954135	6693
4583357	254413	6693
4514417	1441692	6682
1432508	4583357	6714
4583357	2631011	6708
4514417	1572254	6682
4583357	2513090	6693
4514417	2503704	6682
4583357	3307685	6693
3016619	887360	6756
4514417	3679772	6682
4583357	2977168	6693
4514417	3675561	6682
4514417	4353726	6682
4583357	1957090	6693
4583357	3548093	6693
4514417	4311607	6682
4583357	3291998	6693
4583357	3965892	6693
4583357	4335676	6693
4583357	3343644	6693
4514417	4398346	6682
4514417	3788497	6682
4514417	2548713	6682
4583357	3131274	6693
4583357	3286828	6693
4583357	1544784	6693
4583357	1819327	6693
4514417	4141090	6682
4514417	985689	6682
1917251	4068669	6708
4514417	213872	6682
4583357	549981	6693
4514417	1514775	6682
4583357	4440655	6693
4583357	3248005	6693
3875729	4583357	6714
4514417	4458555	6682
4583357	1812931	6693
4583357	4504039	6693
4514417	9092	6682
4514417	314191	6682
4583357	387948	6693
3108577	4583357	6714
4430123	2867559	6924
4583357	2668644	6693
4583357	3659909	6693
3599508	4583357	6714
4514417	2097780	6682
4514417	2364942	6682
4583357	1225042	6693
4514417	2141554	6682
4514417	1328956	6682
4514417	3681256	6682
4583357	4300441	6693
4514417	3305296	6682
4514417	4113368	6682
4583357	1848423	6693
4514417	1975563	6682
4583357	4533222	6693
4583357	4645587	6693
4583357	1492485	6693
4583357	2926705	6693
3059371	85704	6748
4583357	3798070	6693
4583357	2345742	6693
4068669	3365000	6748
4514417	75516	6682
4583357	81059	6693
4583357	21329	6693
4514417	789513	6682
4583357	3245021	6708
4514417	443826	6682
4583357	3658683	6693
4583357	595955	6693
4583357	1189599	6708
4514417	225251	6682
4583357	46064	6693
4583357	2222463	6693
2742658	4583357	6714
4583357	2734605	6693
4583357	366388	6708
4514417	803463	6682
4583357	2057798	6693
4583357	4515946	6693
4583357	3979016	6693
4514417	2263925	6682
4514417	2981759	6682
4514417	4059199	6682
4583357	4391984	6693
4514417	2472663	6682
2867559	2760480	6910
4514417	2692964	6682
4429827	655882	6756
4514417	1845056	6682
4514417	859405	6682
4583357	3585309	6693
4514417	3559255	6682
4514417	2767821	6682
4514417	3690593	6682
4514417	946907	6682
4514417	4501028	6682
2298051	3338470	6714
4583357	1529966	6693
4514417	746261	6682
4514417	2430112	6682
987754	3420179	6748
4514417	1288401	6682
4583357	3015800	6693
4583357	2289505	6693
4514417	1818498	6682
4583357	910038	6693
3338470	3420179	6708
4583357	4191198	6693
4514417	3997191	6682
4583357	4342276	6708
4514417	2003412	6682
4583357	4165009	6693
4583357	763224	6693
4583357	2711933	6693
4583357	2765934	6693
4514417	3636901	6682
4583357	1484495	6693
4514417	2953121	6682
3802816	4583357	6714
2355821	2652351	6717
4514417	1192462	6682
4583357	828926	6693
4514417	2868284	6682
4583357	3014014	6693
4583357	2026143	6693
4583357	1191879	6693
4514417	4111832	6682
4514417	2453953	6682
4583357	3306727	6693
4514417	3748048	6682
4583357	3533854	6693
4514417	2319079	6682
4583357	84385	6693
4583357	52398	6693
4583357	736470	6693
4514417	3600545	6682
4583357	2087719	6693
4514417	2086973	6682
4583357	364274	6693
4583357	4610402	6693
4583357	4195036	6693
4583357	828846	6693
4583357	2979936	6693
4583357	1189436	6693
4514417	976145	6682
4583357	2373319	6693
15275	2086870	7374
4514417	2957044	6682
4583357	2146038	6693
4583357	2140666	6693
4583357	1533320	6693
2451045	15275	6888
4583357	2639113	6693
4583357	2305903	6693
3533854	15275	6888
3860115	2145337	6747
4583357	415718	6693
4583357	1890917	6693
4562656	920767	6748
4583357	2506634	6708
4583357	4384670	6693
4583357	2709538	6693
4583357	1931094	6693
4583357	2871169	6693
4583357	3827890	6693
4583357	701929	6693
4583357	3930197	6693
4583357	1942511	6693
4514417	2980746	6682
4514417	4090612	6682
4514417	1138179	6682
4514417	3562542	6682
4583357	3027308	6693
4514417	4113607	6682
4583357	3418925	6693
4514417	2343217	6682
4583357	707780	6693
4583357	9092	6693
2687841	1603345	6707
4583357	972043	6693
4583357	3720253	6693
4583357	4355207	6693
2867559	4149254	6747
4514417	2289620	6682
4583357	1161299	6708
4514417	4626785	6682
2652351	1199423	7014
4138847	4583357	6714
4583357	1642664	6693
15275	774564	7374
4514417	1613667	6682
4583357	1875208	6693
4514417	4138847	6682
4514417	92466	6682
4514417	2064012	6682
4514417	520868	6682
4514417	1602724	6682
4583357	3481614	6693
4514417	2490012	6682
4583357	880315	6693
4514417	2302024	6682
4583357	3524367	6693
4583357	2757509	6693
4583357	3664180	6693
2672916	4583357	6714
4514417	829289	6682
4583357	2081201	6693
4514417	2909978	6682
4583357	4367522	6708
4583357	3901032	6693
4514417	1609297	6682
4514417	1201265	6682
4583357	853758	6693
4583357	189612	6693
3860115	1169642	6747
4583357	366388	6693
4583357	598366	6693
4583357	1919070	6693
4583357	1913943	6693
4514417	2934204	6682
4583357	2159796	6693
4583357	1325086	6693
4583357	130141	6693
4583357	3933445	6693
4514417	3337184	6682
4514417	3206170	6682
4514417	2816448	6682
4583357	82239	6693
4514417	2784661	6682
4514417	1550771	6682
987754	3338470	6714
4514417	965060	6682
4514417	1923098	6682
4583357	2245150	6693
4514417	4044891	6682
4583357	3631194	6693
3059371	3215579	6748
4514417	4406137	6682
4514417	3717450	6682
4583357	20001	6693
4514417	3441636	6682
4514417	1936317	6682
4583357	1192462	6693
4514417	4275056	6682
4514417	2326038	6682
4514417	105811	6682
4514417	946770	6682
4583357	3851374	6693
4160246	15275	6888
774564	15275	6888
4514417	4631776	6682
4583357	1002321	6700
4583357	3737936	6708
4583357	1312759	6693
4583357	627528	6693
4583357	4420121	6693
4514417	3204460	6682
4583357	3368854	6693
4583357	1590090	6693
4583357	4182598	6693
4174156	3059371	6756
480947	2298051	6763
3338470	2192018	6707
4514417	1893781	6682
4583357	2748402	6693
4583357	686050	6693
4583357	3475543	6693
4514417	3370818	6682
4514417	847253	6682
4583357	4074130	6708
4583357	4552423	6708
3338470	3009051	6708
4514417	155393	6682
4583357	182382	6693
4583357	4037824	6693
4583357	234327	6693
4583357	4010876	6693
4514417	3664326	6682
4514417	3423139	6682
4514417	2631385	6682
4583357	346428	6693
4514417	2132420	6682
4514417	2774620	6682
4583357	158356	6693
4583357	719647	6693
4583357	824992	6693
4583357	108194	6693
4583357	1373419	6693
4514417	458197	6682
4514417	3271037	6682
4514417	2794047	6682
4514417	2531070	6682
4583357	2567071	6693
4583357	4429230	6693
4583357	177754	6693
4514417	3690337	6682
4583357	602392	6693
2282704	3908316	6708
4514417	1234468	6682
4514417	1276855	6682
4514417	2929288	6682
4514417	2922637	6682
4583357	3636901	6693
4583357	3351504	6693
1841475	4583357	6714
4514417	50866	6682
4583357	1751854	6693
4514417	1435047	6682
4583357	4478550	6693
4514417	1847988	6682
15275	4174156	7374
4583357	3928140	6693
4583357	3720820	6693
4514417	910272	6682
4514417	1286631	6682
4583357	4131310	6708
4583357	4551362	6693
4583357	4550593	6693
4583357	3453174	6693
4583357	4356072	6693
4514417	2655565	6682
4514417	665729	6682
4583357	2148703	6693
4583357	4640198	6693
4514417	414075	6682
4583357	4311607	6693
4514417	3964873	6682
4583357	3823151	6693
4514417	1791552	6682
4583357	1313715	6693
1350471	3526918	7520
4583357	2582200	6693
4583357	2543729	6693
4514417	4486608	6682
4514417	2289253	6682
4514417	820653	6682
4514417	3267579	6682
381557	3860115	6750
4514417	1047325	6682
4583357	78148	6693
4514417	3837517	6682
3613064	2867559	6744
4583357	1420690	6693
4514417	3053142	6682
4583357	1701073	6693
90362	4583357	6714
4514417	4173238	6682
4583357	1204030	6693
4514417	4279065	6682
4583357	4031128	6707
4514417	926737	6682
4514417	1924960	6682
4583357	895143	6693
4583357	1309454	6693
4203425	3338470	6714
4583357	4421542	6693
4583357	1095524	6693
4514417	2966727	6682
4514417	256059	6682
4514417	4478829	6682
4583357	3189916	6693
4514417	1135905	6682
624495	4583357	6714
4514417	1020354	6682
4430123	4514417	6832
4514417	3481614	6682
4583357	2842293	6693
2886525	897760	6693
4514417	498680	6682
4583357	1986130	6693
4583357	2395042	6693
3338470	2043133	6708
4583357	1066061	6693
4514417	2456820	6682
4583357	3704512	6693
4583357	2853661	6693
4514417	1854108	6682
4583357	192765	6693
4583357	75516	6693
4583357	3926733	6693
4514417	4161295	6682
4514417	594606	6682
4293030	2965996	6888
4583357	3484664	6693
4514417	2124634	6682
4583357	1363247	6693
4514417	355750	6682
4583357	122848	6693
4514417	4529391	6682
4583357	3204460	6708
1696227	4583357	6714
4514417	4022340	6682
4514417	2189259	6682
4583357	2269109	6693
4583357	2714251	6693
4583357	4306305	6693
4514417	650393	6682
4514417	1230832	6682
4583357	1701140	6693
4514417	2379988	6682
4583357	365412	6693
4514417	1363247	6682
4514417	1150817	6682
4583357	1428061	6693
4583357	625083	6708
4514417	4379747	6682
4514417	283978	6682
4583357	1742019	6693
4583357	4509488	6693
3592153	3613064	7179
4583357	512523	6693
4583357	1712593	6693
4514417	4451721	6682
1273927	4583357	6714
4514417	658902	6682
2736431	770753	6760
4583357	908372	6693
4514417	2222463	6682
4583357	111366	6693
480947	3212939	6763
1501586	3860115	6750
2855121	4583357	6714
4514417	1824350	6682
4583357	1718577	6693
4514417	1169890	6682
4583357	1094156	6693
3338470	4562656	6708
4514417	2720644	6682
4514417	2235412	6682
4514417	592370	6682
4583357	4198480	6693
4514417	965472	6682
4583357	2629246	6693
4583357	4498782	6693
4583357	2689633	6693
4583357	3294829	6693
4514417	3134420	6682
2298051	4068669	6756
4583357	2216124	6693
4514417	3422549	6682
3569543	2652351	7043
4514417	1145536	6682
4514417	4589890	6682
4583357	2817841	6693
4583357	1275448	6693
3420179	3338470	6714
4514417	3992475	6682
4514417	478184	6682
4583357	1023712	6693
4362623	3526918	6756
4583357	1304876	6693
4583357	356933	6693
4583357	2860228	6708
4583357	4600857	6693
4514417	1751854	6682
4514417	4606058	6682
4514417	1370316	6682
4583357	3762862	6693
4583357	1759317	6693
4583357	3791789	6693
4514417	147818	6682
4514417	1850281	6682
4514417	1495058	6682
4583357	2909978	6693
4514417	1313718	6682
15275	85704	7374
4514417	1041636	6682
4514417	3427469	6682
4514417	1882586	6682
4514417	730335	6682
4514417	2351983	6682
4514417	52398	6682
4514417	427607	6682
4514417	48635	6682
4514417	2649398	6682
85704	1281360	6823
4583357	2996793	6693
4514417	2745261	6682
4583357	3018071	6693
4514417	4099108	6682
4203425	15275	6888
4514417	3678860	6682
4514417	3349243	6682
15275	3997191	7374
4583357	3165703	6693
4514417	2777570	6682
4514417	522984	6682
4583357	3233914	6693
4514417	1162531	6682
4583357	1618117	6693
4514417	3898443	6682
4514417	655661	6682
4583357	3847682	6693
3338470	726360	6707
4583357	145637	6693
1908089	3716806	6747
4583357	2324826	6693
4514417	1012807	6682
4583357	3712326	6693
4583357	2033008	6693
4583357	120077	6693
1445538	4583357	6721
4583357	2555049	6693
4583357	1131299	6693
4583357	3181262	6693
4514417	1867266	6682
4514417	1999159	6682
2652351	1695973	7014
4583357	917849	6693
4514417	1041656	6682
4514417	3928616	6682
4514417	3971647	6682
4583357	2374979	6693
4514417	1291859	6682
3059371	4203425	6748
4514417	3878797	6682
4514417	892362	6682
4583357	3416786	6693
4583357	4653691	6693
4514417	1118154	6682
4583357	427607	6693
4514417	1123828	6682
4514417	3659909	6682
4583357	3451405	6693
4514417	502109	6682
4514417	2142600	6682
4583357	1804969	6693
4514417	1668751	6682
4514417	2406418	6682
4514417	2505769	6682
2864102	4583357	6714
4583357	76958	6693
97883	4583357	6714
4514417	4365116	6682
4583357	2134298	6693
4583357	182330	6693
4583357	1498399	6693
4583357	855849	6693
4583357	2195290	6693
85704	3338470	6714
4583357	81468	6693
4514417	3202847	6682
4514417	2007459	6682
4583357	1535986	6693
4514417	3555677	6682
4514417	3627691	6682
4583357	64122	6693
4583357	3935428	6693
4583357	4040048	6693
4583357	2785525	6708
4583357	2557691	6693
4583357	355032	6693
4583357	2779799	6693
4583357	4074095	6693
4583357	492385	6693
4583357	1807577	6693
4583357	4390116	6708
4514417	821524	6682
4514417	1996624	6682
4583357	3038063	6693
4583357	3614970	6693
4583357	3681996	6693
4583357	3703981	6693
2871584	739107	6756
4583357	795375	6693
4514417	4438746	6682
4583357	1214434	6693
4514417	4149074	6682
4514417	1896774	6682
4583357	1241365	6693
3233741	4583357	6694
4583357	378054	6693
4583357	200325	6693
4583357	1941207	6693
4583357	2942472	6693
4514417	2760324	6682
4514417	1599530	6682
4514417	2387563	6682
4583357	4504083	6693
4583357	1602724	6693
4583357	3170031	6708
4583357	2544886	6693
4583357	2030087	6693
4514417	3714925	6682
4583357	4079920	6693
4583357	4255056	7241
4514417	1727691	6682
4489860	4583357	6714
4514417	3291998	6682
4583357	2248559	6693
1652504	4583357	6714
4514417	1822489	6682
4583357	142115	6693
4583357	40603	6693
4514417	802291	6682
4583357	2288030	6693
4583357	2763351	6693
4583357	1956977	6693
4583357	1441194	6693
4583357	1791385	6693
4583357	2419532	6693
4583357	3148892	6693
4514417	1147120	6682
4583357	3439470	6693
4514417	528901	6682
4583357	3718517	6693
4583357	4625609	6693
4583357	3692018	6693
4583357	426137	6693
4514417	1742019	6682
4514417	738005	6682
4514417	2426085	6682
4583357	3659718	6693
4514417	1851150	6682
4514417	4101444	6682
4514417	3067609	6682
4583357	1377919	6693
208939	4583357	6714
2607057	480947	7775
4514417	3020723	6682
4583357	1298968	6693
4583357	1745766	6693
4583357	2826543	6693
987754	4068669	6756
4583357	2878682	6693
4514417	2693046	6682
4514417	4165552	6682
4514417	477423	6682
4514417	4559133	6682
3009051	15275	6888
4583357	2515392	6693
4583357	3228057	6693
4583357	350998	6693
4583357	1023671	6693
4514417	4134072	6682
4583357	449405	6693
4514417	1927494	6682
4583357	1880590	6693
4514417	4445685	6682
4514417	4050101	6682
4514417	3677749	6682
4514417	1697618	6682
3338470	3997191	6707
1334405	1622725	7328
4514417	2553605	6682
4514417	119743	6682
3872121	3338470	6714
4514417	3931496	6682
4149254	4234222	6756
4514417	4278353	6682
4583357	4182355	6693
4583357	4251571	6693
4514417	2078214	6682
4514417	1820464	6682
4583357	1755044	6693
4583357	4217507	6693
4583357	108864	6693
4514417	66345	6682
4514417	4226348	6682
4514417	2239504	6682
4583357	601414	6693
4583357	2761155	6708
4583357	2731043	6693
4514417	432033	6682
2282704	3908316	6707
4583357	3494650	6693
3338470	2245150	6708
4583357	3009413	6693
4514417	1986130	6682
4514417	3103518	6682
4583357	2949917	6693
4583357	3537085	6708
4514417	38797	6682
4514417	4550792	6682
4583357	4018277	6693
4583357	3723828	6693
4583357	3585299	6693
4514417	1469795	6682
4514417	3534382	6682
3365000	3338470	6714
4631207	2192018	6756
4514417	2675125	6682
4583357	2628251	6693
4514417	3135318	6682
4583357	2052666	6693
4583357	4158359	6693
4514417	2675548	6682
4583357	3048746	6693
4583357	871344	6693
3338470	1108695	6707
4514417	822774	6682
4583357	1645743	6693
4583357	3707264	6693
4514417	840579	6682
1002321	1870468	6708
4583357	2298150	6693
2192018	15275	6888
4583357	3617765	6693
4583357	1281360	6700
2100998	2245150	6707
4514417	1450397	6682
4514417	3952376	6682
4583357	2283511	6693
4514417	1573545	6682
4514417	1663170	6682
4583357	3795130	6693
4583357	2655565	6693
4583357	633834	6693
1957456	15275	6888
4514417	4634666	6682
751351	2123611	6748
4514417	2619315	6682
4583357	1127312	6693
4514417	1917397	6682
4514417	3180150	6682
15275	3212939	7374
2705811	774564	6708
2718276	3016619	6707
4514417	3048746	6682
1372668	15275	6888
4583357	2789955	6708
4583357	1134713	6693
4583357	3936281	6693
4514417	2413524	6682
2867559	2427390	6747
4583357	2132002	6693
4583357	3623547	6693
4514417	817425	6682
4514417	1959842	6682
3338470	804403	6707
4514417	818696	6682
4514417	1093461	6682
4583357	2526617	6693
4583357	2430112	6693
4583357	177096	6693
4514417	1018072	6682
4514417	3487104	6682
4583357	4522858	6693
4583357	427781	6693
4583357	4388643	6693
4514417	954135	6682
4583357	549607	6693
2210410	1515837	7374
4583357	3715165	6693
4514417	1978380	6682
4583357	3629053	6693
4583357	1666678	6693
4583357	3105802	6708
4583357	2202900	6693
3233741	3212939	6707
4514417	1809868	6682
774564	3526505	6748
4514417	182330	6682
4514417	2609837	6682
4583357	1097994	6708
4515946	726360	6748
4583357	3984512	6693
4514417	1407741	6682
4583357	3980240	6693
4583357	2454113	6693
4514417	1305394	6682
4583357	4059199	6693
4514417	3501479	6682
4583357	4426064	6693
4514417	2709804	6682
4514417	4106114	6682
4514417	1459550	6682
4514417	2400865	6682
4514417	3213279	6682
4583357	2919860	6693
4583357	3637196	6693
2956590	2179884	6748
4514417	2724405	6682
4583357	2894802	6708
4514417	1250316	6682
4583357	2340694	6693
4514417	1840354	6682
1859568	4583357	6714
4514417	3494157	6682
4583357	2339957	6693
4514417	2038489	6682
4514417	1897523	6682
1340749	4583357	6714
4514417	816668	6682
4583357	1797452	6693
4514417	83846	6682
4583357	4411656	6693
4514417	2861977	6682
4583357	4299343	6693
4514417	2644309	6682
4514417	3575215	6682
4514417	1603345	6682
4514417	4131310	6682
4514417	629948	6682
4514417	2159796	6682
4514417	3617765	6682
4514417	4174530	6682
4583357	15275	7241
4514417	3255407	6682
4583357	2917334	6693
4583357	1504339	6693
4583357	3882019	6693
4583357	651914	6693
4583357	2857175	6693
4514417	2681612	6682
4514417	1429057	6682
4583357	1145278	6693
480947	3569543	6763
4514417	168064	6682
4514417	3776360	6682
4514417	2564808	6682
4514417	3252785	6682
4583357	4345446	6693
4514417	895143	6682
4583357	4361497	6693
4583357	3256569	6693
4583357	1122019	6693
739107	2871584	6748
4514417	1191879	6682
4514417	693954	6682
4514417	2801168	6682
4583357	918931	6693
4514417	3529561	6682
4583357	1574160	6693
4583357	3822477	6693
4583357	1483607	6693
15275	4203425	7374
4514417	4440354	6682
2727954	4325375	6707
1870468	15275	6888
4514417	3892270	6682
4583357	683967	6693
4583357	4071427	6693
4583357	981527	6693
4514417	2365098	6682
4514417	4554906	6682
4583357	874099	6693
4583357	2225578	6693
4514417	596794	6682
4583357	2163550	6693
4583357	4653695	6693
4583357	1417092	6693
4514417	1095674	6682
4583357	1734970	6693
3997465	4583357	6714
4583357	1436348	6693
4514417	3716806	6682
4583357	3567778	6693
4514417	1809403	6682
4583357	3082200	6708
4514417	1286190	6682
4583357	2192194	6693
705585	2652351	6707
4514417	775139	6682
4583357	480886	6693
3009051	2736431	6756
15275	105383	7374
4514417	1654219	6682
4583357	855507	6693
4514417	4231730	6682
4583357	245661	6693
4583357	95302	6693
2180840	1065902	6756
4514417	954726	6682
4514417	664135	6682
2682366	4430123	7645
4583357	2378646	6693
4514417	3580127	6682
4583357	946752	6693
4583357	2689629	6693
4583357	721166	6693
4583357	1841475	6708
4514417	1025935	6682
4583357	1432945	6693
4583357	3252198	6693
4514417	601013	6682
4583357	4501028	6693
4514417	4584502	6682
4583357	951757	6693
4514417	2264414	6682
2631011	4583357	6714
4514417	4188969	6682
4514417	4302049	6682
4583357	3844619	6693
4583357	3912772	6693
4514417	1093858	6682
4583357	3066290	6693
4514417	1458071	6682
4583357	1288401	6693
4583357	3207209	6693
4583357	3222215	6693
4583357	620635	6693
4583357	1311871	6693
4514417	3386893	6682
4514417	3277835	6682
4583357	1432701	6693
4514417	3363931	6682
804403	3533854	6748
4514417	1586082	6682
4583357	2164276	6693
4583357	821524	6693
4583357	4600504	6693
4583357	247132	6693
4583357	322616	6693
4583357	1866944	6693
4514417	3475543	6682
4583357	2283095	6693
4583357	1992940	6693
4583357	3817394	6693
4514417	422513	6682
4514417	23018	6682
4583357	334747	6693
4514417	2836324	6682
4514417	701929	6682
739107	2025150	6748
4583357	4635062	6693
4514417	2945019	6682
4514417	8551	6682
1492952	4583357	6714
4514417	1798394	6682
4514417	1578924	6682
4514417	1023089	6682
4514417	690054	6682
4583357	1302234	6693
4514417	199250	6682
4514417	3526505	6682
4514417	3692408	6682
4514417	3551584	6682
4583357	690054	6693
4514417	1792934	6682
4583357	2002713	6693
4514417	2056108	6682
4514417	3649656	6682
4514417	2644326	6682
4514417	3662433	6682
4514417	2058323	6682
4514417	3568171	6682
4583357	4110222	6693
4583357	475381	6693
4514417	1875959	6682
4583357	2978286	6693
1853889	4583357	6714
3435736	4583357	6714
4514417	3723828	6682
4514417	870582	6682
4514417	1571630	6682
4583357	3894998	6693
4583357	4144326	6693
1820464	3338470	6714
2043133	3338470	6714
4583357	2966634	6693
4583357	1585132	6693
4583357	3584282	6693
4514417	1651583	6682
4583357	3709143	6693
4583357	2569638	6693
4514417	102705	6682
4514417	4598283	6682
4514417	1122077	6682
4583357	2720644	6693
4514417	1279886	6682
4514417	2134298	6682
4583357	2123611	6693
4514417	3044682	6682
4514417	1513515	6682
4514417	939179	6682
4514417	1242036	6682
4514417	2737187	6682
4583357	4596567	6693
4514417	3905771	6682
4514417	3900581	6682
4583357	3826375	6693
4514417	2459933	6682
4514417	2419166	6682
4514417	3056206	6682
4514417	345437	6682
4514417	99951	6682
4514417	2738786	6682
4514417	406563	6682
4514417	1366682	6682
4583357	1404069	6693
4514417	4315715	6682
4514417	614175	6682
4583357	1279063	6693
673076	15275	6888
4583357	97883	6708
4583357	1966337	6693
4514417	2838702	6682
4514417	1240643	6682
4514417	2653504	6682
4583357	1491681	6693
3503941	2736431	6756
4583357	368536	6693
4514417	2557691	6682
4583357	3527794	6693
4583357	2619951	6693
2867559	3908316	6747
2911651	15275	6888
4583357	4130255	6693
4583357	2134528	6693
4514417	3729989	6682
4583357	2945019	6693
4514417	3545720	6682
4583357	2729821	6708
4514417	1141867	6682
4514417	2444127	6682
4643296	4583357	6714
4583357	625135	6693
4514417	4271972	6682
4514417	3809752	6682
4514417	906110	6682
4514417	1466770	6682
4514417	2649450	6682
4583357	3555677	6708
4583357	2436047	6693
4583357	282789	6693
751351	15275	6888
4583357	731218	6693
4583357	3267385	6693
4514417	1753618	6682
4583357	2581631	6693
4583357	3339737	6693
4514417	2632451	6682
4514417	700159	6682
4514417	1215694	6682
4583357	1876987	6693
4514417	4424443	6682
4514417	2367855	6682
4583357	1304864	6693
4583357	2375219	6693
4514417	2619951	6682
4583357	838572	6693
4514417	3324147	6682
4583357	4203425	6693
4583357	1905802	6693
4583357	1341613	6693
1281360	1603345	6815
4514417	4575382	6682
4583357	3762862	6708
4583357	2558724	6693
4514417	3833437	6682
4583357	4347608	6693
4583357	2079880	6711
4514417	3035647	6682
4583357	3726095	6693
4514417	4411208	6682
4583357	2086973	6693
4514417	1377145	6682
4514417	3524367	6682
4514417	43898	6682
4583357	1009021	6693
4583357	2428885	6693
4514417	1355666	6682
4514417	3747641	6682
4583357	3871632	6693
4583357	3287720	6693
4514417	2930460	6682
4583357	1872866	6693
4583357	3737969	6693
4583357	3140184	6693
4514417	2650712	6682
4583357	87638	6693
4514417	1080788	6682
4514417	3941662	6682
4514417	2134249	6682
4583357	3304574	6708
3338470	987754	6708
4583357	2854906	6708
4583357	4039324	6693
4583357	1654219	6693
4583357	1915700	6693
4514417	3459852	6682
4583357	4192336	6693
4583357	4255118	6693
4514417	4243073	6682
4583357	4433548	6693
4583357	4319001	6693
4514417	3874553	6682
4583357	1350077	6693
4514417	2921186	6682
4583357	1093461	6693
4583357	4184630	6693
4514417	3030289	6682
4583357	724711	6693
4514417	4413999	6682
4514417	439977	6682
4514417	2639113	6682
4514417	2372107	6682
4514417	1289378	6682
4514417	211367	6682
4514417	2366690	6682
4514417	226580	6682
4583357	2728706	6693
4583357	1772286	6693
4583357	1709516	6693
4514417	1497344	6682
2867559	149301	6747
4514417	849471	6682
4514417	2223841	6682
4514417	3589395	6682
4514417	731218	6682
4514417	3926733	6682
4583357	2704585	6693
4514417	2383568	6682
4514417	2055486	6682
4583357	4020428	6699
4583357	3589951	6693
4583357	4162202	6693
4514417	813573	6682
4583357	1984836	6693
4514417	1545407	6682
4514417	4029337	6682
4583357	2122839	6693
4514417	176597	6682
158794	3215579	6756
3420179	987754	6756
4514417	2975050	6682
4514417	854539	6682
4583357	635819	6693
4514417	848111	6682
4583357	47762	6693
4514417	2339957	6682
4583357	3257652	6693
4514417	3379589	6682
2245150	804403	6756
4514417	2020809	6682
4583357	3255407	6693
4514417	3152730	6682
4514417	3732055	6682
4514417	719307	6682
4514417	432134	6682
4514417	1159533	6682
15275	2911651	7374
4514417	1666678	6682
4514417	3737940	6682
4514417	4400836	6682
4583357	1286631	6693
4583357	910038	6708
4583357	1915700	6708
4514417	1254016	6682
4583357	1404434	6693
4583357	1853889	6693
4583357	795788	6693
4514417	3998096	6682
4514417	2949917	6682
4583357	4326148	6693
4583357	2068985	6693
4514417	665190	6682
4514417	221332	6682
4514417	3696462	6682
4583357	987754	6693
4514417	3758561	6682
4514417	2094630	6682
4583357	1311074	6693
4583357	3987181	6693
4583357	4138847	6708
4583357	3945813	6693
4583357	3256565	6693
4514417	2526617	6682
4514417	2119239	6682
4133966	259650	6842
4583357	1333128	6693
105383	3872121	6748
4514417	2724359	6682
4583357	803463	6708
4514417	2731399	6682
4514417	3293459	6682
4514417	4157324	6682
4514417	386036	6682
4514417	726360	6682
4583357	327833	6693
4583357	132751	6693
4514417	2009691	6682
4514417	3451980	6682
4514417	3591143	6682
4583357	3692370	6708
4514417	952796	6682
4583357	3736412	6708
4583357	4628125	6693
4583357	3811507	6693
2976935	15275	6744
4139771	4583357	6714
4514417	4587093	6682
4583357	2888103	6693
4583357	2513933	6693
4284182	3860115	6750
4514417	3271734	6682
4514417	1534547	6682
4583357	384867	6693
4583357	3924161	6693
4514417	2799138	6682
4514417	3945813	6682
4583357	2408805	6693
1279722	804403	6748
4583357	1776601	6693
4514417	363832	6682
4514417	327833	6682
1870468	1108695	6756
4514417	149301	6682
4583357	1613910	6693
4514417	1212485	6682
4583357	1356817	6693
4514417	1304876	6682
4514417	3233914	6682
366388	4583357	6714
4514417	3742322	6682
3903794	4583357	6714
4514417	1073844	6682
4514417	1863255	6682
4514417	3052812	6682
4514417	4045907	6682
4514417	510456	6682
4514417	3930867	6682
4583357	3230555	6708
4514417	625123	6682
4514417	198816	6682
4514417	4041943	6682
4583357	1663170	6693
4514417	2218340	6682
4583357	901927	6693
4514417	3306488	6682
4583357	1610142	6693
4583357	79788	6693
4514417	695927	6682
4514417	4351635	6682
4397807	4583357	6714
4583357	3855085	6693
4514417	2620204	6682
2998836	2652351	7043
4514417	3866088	6682
4583357	1267760	6693
4583357	2403105	6693
4583357	1578924	6693
4514417	2276624	6682
2886525	393820	7241
4583357	214588	6693
4514417	2349793	6682
4583357	3161566	6693
4514417	4204705	6682
4583357	3068299	6693
3762862	4583357	6714
1215711	3860115	6750
4583357	671059	6693
3212939	15275	6888
4514417	3086948	6682
4514417	741077	6682
4583357	2556524	6693
4583357	4506360	6693
4514417	1291146	6682
4583357	2522382	6843
4514417	4480849	6682
4514417	1277590	6682
4514417	2714251	6682
4583357	4518043	6698
4583357	3291302	6708
4514417	2002480	6682
4514417	3118295	6682
4514417	2966634	6682
4583357	1484495	6708
3865964	4583357	6714
4514417	81460	6682
4514417	1236540	6682
4514417	61455	6682
4583357	1924241	6693
4514417	2710544	6682
4514417	3012657	6682
4514417	2653619	6682
4583357	3811618	6693
4514417	1441153	6682
4514417	888671	6682
4583357	3213279	6693
2413524	4583357	6714
4514417	438068	6682
4583357	2675548	6693
4514417	245661	6682
4514417	3831048	6682
4514417	4324324	6682
4583357	2957044	6693
4583357	4050148	6693
4583357	2866374	6693
3872121	15275	6888
4583357	4074755	6693
774564	4562656	6748
4583357	880080	6693
4514417	4527810	6682
4514417	3243149	6682
4514417	1679278	6682
4583357	3198003	6693
4583357	1032610	6693
259650	3354636	7166
4514417	1135574	6682
4514417	2425564	6682
4514417	2521953	6682
4514417	1558706	6682
1305980	1395688	6748
4562199	3338470	6714
4514417	2205270	6682
4514417	3544260	6682
4583357	708163	6693
4583357	4148871	6693
4583357	323981	6693
4514417	848534	6682
4583357	4361862	6693
4514417	2719082	6682
4514417	362837	6682
4583357	211367	6693
4583357	3427573	6693
4514417	2532311	6682
1334405	3613064	7328
4514417	535777	6682
4583357	4576876	6693
4583357	2343217	6693
4514417	4358836	6682
4583357	3381136	6693
4583357	2577623	6693
4583357	1223781	6693
4583357	892002	6693
4583357	3707264	6708
4583357	4446828	6693
4514417	1746705	6682
4583357	2154955	6693
4514417	1554685	6682
4514417	3964405	6682
4583357	1472626	6693
4514417	3776712	6682
4583357	4224726	6693
4583357	1983425	6693
3533854	3338470	6714
4514417	1644369	6682
4583357	1466837	6693
4514417	4455656	6682
4514417	1993883	6682
4583357	94718	6693
4514417	4426582	6682
4583357	4363313	6693
4583357	1987485	6693
3304574	4583357	6714
4514417	3286166	6682
4514417	3722340	6682
4514417	4541695	6682
4514417	2065470	6682
480947	259650	6763
4583357	168899	6693
4583357	831428	6693
4514417	3374230	6682
4583357	3423478	6693
4514417	3855944	6751
4514417	4497024	6682
4514417	855629	6682
4583357	1086332	6693
4514417	222939	6682
4583357	1141867	6693
4583357	3399230	6693
4583357	2107415	6693
4514417	2951978	6682
4514417	3836052	6682
2760480	2867559	6924
4514417	1095301	6682
4583357	1977061	6693
4514417	3901753	6682
4583357	2617616	6693
4514417	1720746	6682
4583357	859405	6693
4514417	4018277	6682
4583357	625801	6693
4514417	580299	6682
4514417	1335909	6682
4583357	1437120	6693
1603345	2736431	6756
4514417	1340749	6682
4583357	2976482	6693
4583357	3364780	6693
4514417	2287211	6682
3116910	4583357	6714
4583357	2299446	6693
4514417	1139163	6682
15275	4583826	7374
4583357	4396142	6693
4514417	1536245	6682
1395688	15275	6888
4514417	3775710	6682
4583357	58650	6693
4514417	584762	6682
4514417	2431961	6682
3420179	976376	6748
4583357	3361650	6708
4514417	4421687	6682
4583357	1359612	6693
4583357	615	6708
4362091	4583357	6714
3009051	1908089	6750
4514417	2947182	6682
4583357	1109780	6693
3981092	15275	6888
1936317	4583357	6714
4514417	2034947	6682
4583357	1001601	6693
4583357	4237163	6708
4514417	4420121	6682
4514417	1797452	6682
4514417	3826375	6682
4514417	3212939	6682
4633451	4583357	6714
4583357	1146466	6693
4514417	1752164	6682
4583357	1168288	6693
4514417	2194585	6682
4583357	3687671	6693
4583357	2965996	7241
4583357	4427575	6693
4583357	510142	6693
4583357	3423139	6693
4583357	664135	6693
4514417	1462140	6682
4514417	3720290	6682
4514417	2623188	6682
4514417	2728842	6682
3627691	4583357	6714
4514417	3822477	6682
4583357	1663858	6693
4583357	1547545	6699
4583357	2638337	6693
4583357	1516376	6693
4514417	3518705	6682
4514417	2782443	6682
4514417	3835325	6682
4583357	2010660	6693
4514417	2791657	6682
4514417	446818	6682
4514417	4333179	6682
4514417	2994464	6682
4583357	1431873	6693
4514417	2667611	6682
4514417	1143454	6682
1014138	4583357	6714
4514417	2045935	6682
4583357	3304798	6693
4514417	1688680	6682
4583357	2505775	6693
4583357	3442512	6708
4583357	4455384	6693
4583357	3623785	6693
4583357	2787233	6693
4583357	3477402	6693
4514417	2577623	6682
4583357	1866744	6693
4514417	14264	6682
4514417	4130255	6682
4583357	2377944	6708
4583357	2644309	6693
4583357	4039890	6693
4514417	2745803	6682
4583357	3092273	6693
4514417	3365846	6682
4514417	771556	6682
4583357	803232	6693
4583357	1880077	6693
1957456	3338470	6714
4583357	412802	6693
1820103	3908316	6693
4514417	629523	6682
4514417	2054887	6682
4583357	1848496	6693
4514417	1617563	6682
4583357	1158919	6693
4583357	2021715	6700
4514417	3381208	6682
4583357	3338940	6693
4514417	1976433	6682
2205270	4583357	6714
4583357	37117	6693
4583357	1870468	6693
4583357	1138948	6693
4514417	615572	6682
4583357	3544745	6693
4583357	534903	6693
3860115	2699467	6747
2508616	2867559	8427
670570	4583357	6700
4583357	4489860	6693
4583357	4044891	6693
4583357	3589395	6693
4514417	3637196	6682
4583357	1877079	6693
4480301	4078522	6748
4583357	2827290	6693
4583357	3225303	6693
4514417	4119687	6682
4514417	446218	6682
4583357	3726950	6693
4514417	828846	6682
4514417	3254138	6682
4514417	1306460	6682
4514417	406883	6682
4583357	26480	6693
4583357	2572011	6708
4583357	213872	6693
4514417	3143967	6682
4583357	257729	6693
4583357	2527503	6693
4583357	2397987	6693
4514417	1016642	6682
4583357	2421864	6693
4583357	4267427	6693
4583357	283978	6708
4583357	1133752	6708
15275	3872121	7374
4583357	420470	6693
4583357	1799115	6693
4583357	1462103	6693
4583357	2404264	6693
4514417	4067401	6682
4583357	3789570	6693
4583357	811573	6708
4514417	3274304	6682
4514417	2374979	6682
4583357	1899577	6693
4514417	3884589	6682
4514417	374932	6682
3726530	887360	6756
4514417	1675572	6682
4583357	2093252	6693
4514417	145637	6682
4583357	1893781	6693
4583357	559751	6693
4583357	3286745	6693
4643360	1761824	6777
4583357	2649450	6693
4583357	2535836	6693
4514417	4629720	6682
4583357	2743415	6693
4583357	1948315	6693
4514417	2549159	6682
4583357	3366289	6708
4514417	4169955	6682
4514417	1224292	6682
4514417	570034	6682
4583357	2896250	6693
4514417	4349955	6682
4514417	3190471	6682
4514417	2149385	6682
4583357	774311	6693
4514417	3612287	6682
4514417	1752225	6682
4514417	2618558	6682
4514417	987754	6682
2505769	4583357	6714
2882745	4174156	6707
4068669	15275	6888
4583357	870502	6693
4583357	2711828	6693
4514417	2697216	6682
4583357	21559	6693
4514417	1809406	6682
4583357	2609644	6693
4514417	1145278	6682
4583357	1189599	6693
4583357	1906762	6693
4583357	4465564	6693
2909620	4583357	6714
4583357	537566	6693
751351	3716806	6748
4583357	550802	6693
4514417	2978286	6682
4514417	3226757	6682
4514417	3373926	6682
4583357	4586016	6693
4583357	1338851	6693
4514417	2935887	6682
4583357	1574099	6693
4514417	3506793	6682
4514417	2527503	6682
4583357	2664143	6693
4514417	2948704	6682
4514417	214588	6682
874099	4203425	6756
4514417	2463461	6682
2288032	4583357	6694
4514417	3287720	6682
4514417	468833	6682
4514417	3223400	6682
4583357	1771576	6693
4583357	4006421	6693
4583357	38797	6693
4514417	2663415	6682
4583357	3479235	6693
4514417	3099620	6682
4583357	538654	6693
4583357	1855506	6693
4583357	3504838	6693
4583357	3446841	6708
4583357	3844605	6693
4514417	1179876	6682
4583357	4650007	6693
4583357	3275731	6693
4514417	2886525	6682
4583357	629523	6693
4514417	1170241	6682
4583357	290850	6693
4583357	3212313	6693
4583357	2043133	6693
4514417	2880282	6682
4514417	3763424	6682
4514417	2936223	6682
4583357	468402	6693
4514417	856234	6682
4514417	1458410	6682
4583357	1527811	6693
4514417	1529966	6682
4583357	2345297	6693
4514417	1301305	6682
4583357	828076	6693
15275	4631207	7374
4583357	3250181	6693
4514417	3240405	6682
4514417	1804969	6682
4583357	3931178	6693
4514417	4415973	6682
4583357	2176912	6693
4583357	1847323	6693
4514417	1574160	6682
4514417	4453089	6682
4583357	2466453	6693
4583357	743383	6693
4583357	3594084	6693
2926772	2043133	6707
4583357	2820818	6693
4514417	3288041	6682
4514417	2235238	6682
3338470	3175531	6707
4514417	4426234	6682
811573	4583357	6714
4514417	290850	6682
4583357	2289253	6708
4649583	2718276	6714
4514417	3595472	6682
4514417	624495	6682
4583357	2724359	6693
4583357	3537467	6693
4583357	3547016	6693
4583357	3808277	6693
4514417	3618798	6682
4514417	2796238	6682
4514417	724157	6682
4514417	1343506	6682
4583357	2449724	6693
4583357	1861472	6693
4583357	1873263	6693
4583357	574064	6693
4514417	358846	6682
4583357	3513172	6693
4514417	46297	6682
4514417	4324621	6682
4514417	2549711	6682
2123611	1041656	6748
4583357	3288041	6693
4514417	3009051	6682
4583357	4148489	6693
4583357	1652504	6708
4514417	2700513	6682
4514417	300806	6682
4514417	2098588	6682
3366289	4583357	6714
4514417	1899577	6682
3233741	2298051	6707
4583357	3279004	6693
4514417	142115	6682
4583357	3659414	6686
4583357	4389048	6693
4583357	1374836	6708
4583357	2190879	6693
4514417	44441	6682
4583357	2854906	6693
4583357	2697216	6693
4514417	3468345	6682
4583357	2363500	6693
4514417	881510	6682
1603345	3059371	6756
4583357	4196641	6693
4583357	2348414	6693
4514417	3462345	6682
105383	1417504	6748
4514417	3565410	6682
4583357	1462140	6693
4583357	1346649	6693
4583357	4362091	6693
4583357	1829056	6699
4514417	3935428	6682
4583357	2143211	6693
4514417	1749980	6682
4583357	2052307	6693
4583357	1628042	6693
4583357	3011207	6693
4514417	3274798	6682
4583357	2105587	6693
4514417	4408711	6682
4514417	234327	6682
3338470	1372668	6707
3338470	1957456	6708
4514417	1379225	6682
4514417	1763695	6682
4514417	925936	6682
4583357	359259	6693
4514417	4030203	6682
480947	3997191	6763
4583357	3032630	6693
4514417	3198626	6682
4583357	3338470	6700
4583357	3714151	6693
1169642	3860115	6750
2736431	2021715	6838
4583357	3422473	6700
4583357	3570170	6693
4583357	4205543	6693
4583357	2728842	6693
4583357	1757664	6693
4583357	3422549	6693
4583357	4639936	6693
4514417	3570484	6682
4514417	97883	6682
4583357	3151903	6693
4426859	4583357	6714
4514417	1429599	6682
4583357	4044230	6693
4583357	3678860	6693
4514417	475381	6682
4583357	1675572	6693
4514417	1448679	6682
4583357	317248	6693
4583357	4429230	6708
4583357	2719050	6693
4514417	4048142	6682
4514417	3316746	6682
4514417	2866010	6682
4514417	3763599	6682
4514417	1235191	6682
4514417	2332794	6682
4583357	2752715	6693
4583357	4458555	6693
4514417	4190244	6682
4583357	1798394	6693
4583357	1532754	6693
4583357	4101444	6693
4514417	2174295	6682
4514417	890050	6682
4514417	3883660	6682
4514417	4073317	6682
4514417	1483950	6682
4514417	795469	6682
3338470	4583357	6694
4583357	2366404	6693
4583357	1133752	6693
4583357	4350159	6693
4583357	1762882	6693
1603345	1281360	6823
4514417	3347009	6682
4514417	1706421	6682
4583357	342721	6693
4514417	4453800	6682
4583357	700159	6693
4583357	174562	6693
4583357	146006	6693
4583357	3314991	6693
4583357	3960892	6693
4514417	1498399	6682
4514417	540129	6682
4583357	473329	6693
4583357	3748048	6693
4514417	2445768	6682
4514417	2192194	6682
4514417	4600741	6682
4583357	4333504	6693
905863	4583357	6714
4583357	1465568	6693
4514417	3726095	6682
4514417	3460962	6682
4583357	2930460	6693
4514417	2093439	6682
4583357	2007459	6693
4514417	1475239	6682
4514417	2742658	6682
2040500	4583357	6714
4583357	1751140	6693
4583357	2348576	6693
4583357	2530945	6693
4514417	4380199	6682
1108695	3338470	6714
4583357	1080788	6693
4514417	335998	6682
4514417	2259395	6682
4514417	3583638	6682
4514417	2787233	6682
4514417	4436007	6682
4583357	2921186	6693
4583357	2438136	6693
4583357	1373465	6693
4583357	3435736	6708
4514417	1201097	6682
4514417	3584282	6682
4583357	3898443	6693
4583357	44441	6693
4514417	707780	6682
4514417	347444	6682
4514417	408698	6682
4514417	2591706	6682
4514417	3763166	6682
4514417	3137454	6682
770753	4583357	6721
4514417	239510	6682
4583357	2626696	6693
4583357	960453	6693
158794	15275	6888
4514417	2061674	6682
4583357	3644158	6693
4514417	3502661	6682
2477671	4583357	6714
4514417	2552042	6682
4583357	1705041	6693
4583357	3418792	6693
4514417	3473432	6682
3338470	1820464	6708
4583357	4426582	6693
1406192	3860115	6750
804403	1279722	6756
4514417	3811507	6682
4514417	2958621	6682
4583357	4344782	6693
4514417	3697096	6682
4583357	2934204	6693
4514417	1783510	6682
4514417	468473	6682
4514417	3053471	6682
4583357	1223380	6693
4514417	3846889	6682
4012831	1108695	6747
4583357	2913635	6693
868563	2652351	7043
4514417	1923432	6682
4583357	2235454	6693
3860115	1581691	6747
4583357	1291146	6693
4583357	3544522	6693
4583357	2008804	6693
4583357	1791128	6693
4514417	2043133	6682
480947	774564	6763
4583357	3172584	6693
4583357	333033	6708
4514417	3547016	6682
4514417	2719050	6682
4514417	3534701	6682
4583357	179012	6693
4583357	4340424	6693
3338470	4515946	6707
4514417	1395688	6682
4514417	1501586	6682
4514417	989960	6682
2245150	4429827	6748
4583357	4444268	6693
4514417	2342664	6682
4514417	3116910	6682
4583357	540488	6693
4583357	1528690	6693
4583357	2007019	6693
4583357	1672066	6693
4514417	4396405	6682
4583357	2064012	6693
4583357	1566076	6693
4514417	4629807	6682
4583357	3279678	6693
4514417	1406898	6682
2719717	15275	6888
4583357	595427	6693
4583357	1521169	6693
4514417	1738745	6682
4514417	281107	6682
2631749	2451045	6748
1065902	2180840	6748
4514417	526938	6682
4514417	490381	6682
4514417	2231902	6682
4583357	2840193	6693
4583357	1224292	6693
4583357	1344972	6693
4583357	2609453	6693
4514417	2131016	6682
4514417	2428885	6682
4583357	3206075	6708
4583357	2760427	6693
4583357	1874508	6693
4583357	2396260	6693
4514417	4628125	6682
3338470	3365000	6708
4514417	4300509	6682
4514417	1663858	6682
4583357	4600741	6693
4514417	2102332	6682
4583357	2785818	6693
4583357	299370	6693
15275	3365000	7374
4583357	2545408	6708
4514417	316225	6682
4583357	4443236	6693
991758	802291	6708
3067609	4583357	6714
4514417	1109780	6682
4583357	259650	6693
3531641	4583357	6714
4583357	2241368	6693
910038	4583357	6714
4583357	213946	6693
4583357	613859	6693
4514417	2556524	6682
4583357	1154865	6693
4583357	3193176	6693
2086870	3338470	6714
4514417	4365450	6682
4583357	3152730	6693
4583357	3686551	6693
4514417	2704585	6682
4583357	297463	6693
4583357	697440	6693
4583357	3314029	6693
4316304	3059371	6707
4583357	476704	6693
4583357	240437	6700
4514417	2064570	6682
4514417	346428	6682
4583357	3568171	6693
3105802	4583357	6714
4514417	4041321	6682
4583357	58985	6693
4583357	1215694	6693
3997191	4562656	6756
4583357	1547545	6693
4583357	1245872	6693
4583357	1897369	6708
4514417	3358823	6682
4583357	1941995	6693
4514417	3907589	6682
4514417	4633451	6682
4583357	991499	6693
4583357	2697216	6708
4583357	952198	6693
3659414	417968	7645
4583357	4396332	6693
4514417	4012623	6682
4583357	1660832	6693
4583357	2554270	6693
4583357	1800154	6693
4514417	1015370	6682
4514417	625801	6682
4514417	1740330	6682
2652351	2079880	6801
4514417	629689	6682
4514417	2147654	6682
4583357	167674	6693
4514417	2941392	6682
4583357	3088224	6693
4583357	2866891	6693
4583357	2603077	6693
4583357	1414271	6693
4203425	874099	6748
3341015	4583357	6714
4583357	603403	6693
4583357	2553605	6693
4583357	1494876	6693
4583357	4242028	6693
4514417	2667163	6682
2043133	602833	6750
4514417	58650	6682
2736431	4174156	6748
4583357	1499419	6693
4514417	793540	6682
4583357	4050101	6693
4583357	4299139	6693
4583357	2725667	6693
4583357	2013168	6693
4514417	3228057	6682
4583357	3664495	6693
4514417	886761	6682
4583357	4278353	6693
3338470	1305980	6708
4583357	3443168	6693
4583357	1318772	6693
4514417	624946	6682
4583357	3607781	6693
4514417	3046655	6682
4583357	1084734	6693
4514417	2779799	6682
4514417	125847	6682
4514417	1662500	6682
4514417	550536	6682
4514417	1666548	6682
4514417	3521618	6682
4583357	135580	6693
4514417	3608273	6682
4514417	3599051	6682
4583357	1856783	6693
4514417	3477860	6682
4514417	2603077	6682
4583357	3341015	6708
15275	1305980	7374
4514417	235705	6682
4583357	3306488	6693
2886525	4322609	6707
4583357	1173599	6693
4583357	882937	6693
4583357	1014943	6708
4514417	1913943	6682
4514417	1491681	6682
4583357	1023089	6693
4583357	1590680	6693
4514417	1714802	6682
4583357	4337014	6693
4514417	4260377	6682
4514417	4363310	6682
4514417	446389	6682
4514417	3936315	6682
4583357	1330852	6693
4514417	2785578	6682
480947	2607057	7479
4514417	3664180	6682
4583357	969710	6693
4514417	2293371	6682
4583357	4513817	6693
1305980	3338470	6714
4583357	1435047	6693
4514417	2909233	6682
2302024	4583357	6714
4583357	1240643	6693
4514417	3343644	6682
4583357	2816525	6693
4583357	2282010	6693
4514417	3212313	6682
4514417	2047959	6682
4583357	442970	6693
4514417	3353512	6682
4514417	2282010	6682
4514417	1495603	6682
4583357	3583638	6693
4514417	79778	6682
4583357	816668	6693
4514417	4234222	6682
4514417	3811618	6682
4583357	144165	6693
4583357	61283	6693
4583357	929763	6693
4514417	2035903	6682
4514417	1995880	6682
4514417	1209375	6682
4514417	2268854	6682
4514417	762695	6682
4583357	3692408	6693
4583357	209365	6693
4514417	3446841	6682
3582761	4583357	6714
4514417	1931094	6682
4514417	4362623	6682
1855506	4583357	6714
4583357	1875617	6693
4583357	1875959	6693
4583357	1414412	6693
4583357	2557175	6693
4583357	1963032	6693
4583357	4148375	6693
4583357	443826	6693
4583357	1902174	6693
4514417	2392695	6682
4583357	672416	6693
4583357	2426085	6693
4583357	4551511	6693
4583357	3379589	6693
4514417	592261	6682
4583357	2549711	6693
4583357	583676	6693
4583357	260504	6693
4583357	3966322	6693
3526505	774564	6756
4583357	4279065	6693
4583357	3590297	6693
4514417	539208	6682
4583357	2969709	6693
4583357	4016751	6693
4583357	2783193	6693
4514417	2449724	6682
4514417	395828	6682
4583357	581626	6693
4514417	1155896	6682
4583357	1610986	6693
4583357	2887322	6693
4514417	4522181	6682
4514417	1812931	6682
4514417	2356698	6682
4583357	1573936	6693
4583357	2263387	6693
4514417	387896	6682
4583357	3960420	6693
3009051	3059371	6756
4514417	1665062	6682
4514417	781929	6682
4514417	2998469	6682
4583357	4460618	6693
4514417	3374398	6682
781929	602833	6750
1025935	4583357	6714
4514417	2030087	6682
4514417	1657586	6682
4583357	4530427	6693
4583357	2422249	6693
4583357	1729821	6693
4514417	1880590	6682
4514417	1245118	6682
4583357	1821092	6693
4514417	1240871	6682
4514417	2573930	6682
4514417	3808277	6682
4514417	1977157	6682
4583357	3837517	6693
4514417	2185251	6682
4514417	693544	6682
15275	1479555	7374
1983375	4583357	6714
4514417	4196520	6682
4514417	4309266	6682
4583357	2865895	6693
4514417	485222	6682
4583357	2574397	6693
4583357	1306460	6693
2999601	4583357	6714
4583357	4031457	6693
4583357	1330144	6693
4514417	3206075	6682
4583357	981447	6693
4514417	4064694	6682
4514417	4182355	6682
4514417	3062143	6682
4514417	1881727	6682
4514417	1690505	6682
4583357	4631138	6693
4583357	2286316	6693
4514417	1574650	6682
4514417	105311	6682
4583357	2307244	6693
4583357	2760324	6693
4583357	2556524	6708
4583357	3098414	6693
4514417	2388942	6682
4514417	2509742	6682
4583357	1432118	6693
4583357	121727	6693
4514417	1385635	6682
4514417	1014138	6682
4514417	4653695	6682
4583357	984823	6693
15275	3215579	7374
4583357	2595203	6693
4583357	3537085	6693
1438115	4583357	6714
4583357	2628440	6693
4514417	2168089	6682
4514417	3880777	6682
4514417	2521600	6682
4583357	594803	6693
4583357	2311750	6693
4514417	4224074	6682
4583357	3507766	6693
4514417	90362	6682
4583357	414013	6693
4068669	4255056	6888
2850026	4583357	6714
4514417	1344246	6682
4514417	3513172	6682
4514417	782009	6682
4583357	1249021	6693
4583357	3832443	6693
4583357	3142961	6708
4514417	1769021	6682
4583357	3948101	6693
4583357	3810776	6693
4514417	3138873	6682
4583357	3112104	6693
987754	15275	6888
4583357	495382	6693
4583357	3390747	6693
4583357	333033	6693
3215728	15275	6888
4583357	201410	6693
4514417	2324826	6682
4583357	2040500	6693
4514417	1573955	6682
3709143	4583357	6714
4583357	570034	6693
2141412	3533854	6756
4583357	414075	6693
4583357	2809149	6693
4583357	2935828	6693
4583357	4300509	6693
4583357	2357556	6693
4583357	1510999	6693
4514417	3504838	6682
4583357	3126235	6693
4583357	1493660	6693
4514417	867019	6682
1279722	4515946	6756
4583357	1291859	6693
3526918	987754	6748
4583357	3386020	6693
4514417	613859	6682
4514417	3729098	6682
4514417	2760981	6682
4583357	3728540	6693
4514417	1821092	6682
4583357	3341015	6693
4514417	1861472	6682
4514417	1200391	6682
3338470	1479555	6707
4514417	105383	6682
4583357	4469425	6693
4514417	3367963	6682
4583357	2141554	6693
4514417	4078587	6682
4514417	1516376	6682
4514417	3507766	6682
4583357	2084969	6693
4514417	3115412	6682
4583357	3230167	6693
4583357	3112441	6693
4583357	2288032	6700
4514417	3795130	6682
4514417	3746074	6682
4514417	1475206	6682
4514417	1230550	6682
4514417	1763827	6682
4583357	1726604	6693
4514417	257729	6682
4583357	935630	6693
259650	2882745	6714
876911	3860115	6750
4583357	3968156	6693
4583357	1357587	6693
4583357	543117	6693
4583357	1555340	6693
4514417	380251	6682
4583357	4416073	6708
4583357	1840354	6693
4583357	2491017	6693
1014943	4583357	6714
4514417	1654718	6682
4583357	2855121	6693
4583357	2564808	6693
4583357	327343	6693
4583357	4656154	6693
4514417	1874508	6682
4583357	1147087	6693
4514417	1746116	6682
1367935	4583357	6714
4514417	364274	6682
4583357	2866010	6693
4429827	15275	6888
4514417	538654	6682
4583357	4592890	6693
4514417	99124	6682
4583357	1458569	6693
4583357	3852425	6693
4583357	1244929	6693
4514417	3305644	6682
4514417	3091186	6682
4583357	2823493	6693
4514417	3639780	6682
4583357	847253	6693
4514417	1455486	6682
4514417	168899	6682
4514417	3149683	6682
4583357	976376	6693
4583357	4358076	6693
4514417	1388032	6682
899934	4583357	6714
4583357	4459531	6708
4583357	2650712	6693
4583357	379666	6693
4514417	340533	6682
4514417	1701140	6682
4583357	4587380	6693
4583357	2872060	6693
4583357	3521248	6711
4514417	47762	6682
4514417	4367457	6682
4119740	4429827	6707
4583357	2419188	6693
1281360	85704	6815
4583357	3711189	6693
4514417	653625	6682
4514417	3004856	6682
4583357	2413989	6693
4514417	1466837	6682
4583357	2054887	6693
4583357	58323	6693
4583357	724969	6693
3292170	4583357	6714
1603345	4631207	6748
4583357	3002792	6693
2652351	4411208	6755
4514417	3476857	6682
3361650	4583357	6714
4514417	2957768	6682
4514417	1585132	6682
4583357	1586082	6693
4514417	2734324	6682
4583357	4106063	6693
739107	3970330	6748
4583357	3951359	6708
4583357	3223400	6693
2736431	15275	6888
4514417	574064	6682
3291302	4583357	6714
4583357	1891734	6693
4583357	479861	6693
4583357	4113368	6693
4514417	715168	6682
4583357	3413151	6693
4583357	1317279	6693
4583357	2368868	6693
4583357	674330	6693
4583357	3138323	6693
4583357	2738058	6693
4514417	1909498	6682
4514417	2270489	6682
4583357	2958149	6693
4514417	918466	6682
2801168	4583357	6714
4583357	1040508	6693
4583357	327605	6693
4514417	2763964	6682
3338470	2956590	6708
4583357	1063038	6693
4514417	4223187	6682
4514417	4490477	6682
4583357	1372422	6693
4562656	774564	6756
4068669	4362623	6748
4160246	4562656	6748
4514417	4486263	6682
4583357	3190020	6693
4583357	3208735	6693
4583357	4544970	6693
4583357	1550587	6693
4514417	1501802	6682
4583357	1599530	6693
4583357	1992397	6693
2245150	3338470	6714
3526505	4160246	6756
4583357	4534614	6693
4583357	3897661	6693
4514417	4159582	6682
4514417	1407322	6682
4583357	3855715	6693
4583357	624495	6693
4583357	1732906	6693
4583357	12893	6693
4583357	933120	6693
4583357	4205237	6693
4583357	2513838	6693
4514417	4297296	6682
4514417	4279346	6682
4514417	3092273	6682
4583357	668767	6693
4583357	178898	6693
4583357	955541	6693
4583357	2600237	6693
4514417	23237	6682
4514417	3033086	6682
4514417	4399202	6682
4583357	2166588	6693
4514417	2622182	6682
4514417	2827458	6682
4514417	3933445	6682
4583357	1495603	6693
4514417	3707264	6682
4514417	2947944	6682
4514417	975723	6682
4514417	3008059	6682
4514417	492385	6682
4583357	952796	6693
4583357	2132420	6693
4583357	4275056	6693
4583357	3526505	6693
4583357	2291372	6693
4514417	1291774	6682
4514417	668767	6682
4514417	3864295	6682
4583357	1746964	6693
4514417	85704	6682
4583357	859405	6708
4583357	1855728	6693
4514417	1789315	6682
2600237	4583357	6714
4583357	383411	6693
4583357	3565410	6693
4583357	1554685	6693
4583357	2865666	6693
4583357	989960	6693
4583357	877237	6693
4514417	1831654	6682
4514417	3334750	6682
4583357	2432036	6693
4514417	4014748	6682
4583357	1387792	6693
4514417	659501	6682
4583357	2824565	6693
4514417	3960892	6682
4583357	4340325	6693
4583357	2345899	6693
4514417	813729	6682
4583357	4616572	6693
4514417	4198480	6682
3526918	1350471	6890
4583357	584762	6693
4514417	111790	6682
4583357	1263752	6693
4583357	3329424	6693
2245150	15275	6888
4514417	1813036	6682
4583357	2771874	6693
4514417	2827290	6682
4514417	4386401	6682
4583357	3182058	6693
4514417	1343127	6682
4583357	4213502	6693
4583357	2658777	6693
4514417	3127449	6682
4583357	88361	6693
4514417	465236	6682
4583357	3964405	6693
4583357	1850281	6693
4583357	1639004	6693
4514417	4195036	6682
4583357	1385989	6693
4583357	1227803	6693
4514417	2888103	6682
4583357	4165175	6693
3872121	105383	6756
4514417	1245899	6682
4583357	1916520	6708
4583357	3694648	6693
4514417	1759317	6682
4514417	1387792	6682
4583357	3888299	6693
4514417	1918455	6682
4583357	741077	6693
4583357	2231927	6693
4514417	2752506	6682
4583357	449358	6693
4583357	3116910	6708
4583357	4264641	6693
4583357	3993518	6693
4514417	897915	6682
4583357	1667105	6693
4583357	528901	6693
4583357	1596008	6693
4514417	1915444	6682
4514417	1436348	6682
4514417	239269	6682
4514417	4552149	6682
4514417	3643168	6682
4562656	2180840	6748
4583357	2311857	6693
4583357	283602	6693
4583357	804398	6693
4583357	2332193	6693
4514417	4528444	6682
4583357	3020723	6693
4583357	4099108	6693
4583357	1961118	6693
4514417	956661	6682
4583357	2505769	6708
4514417	2630200	6682
3533854	804403	6756
4583357	1156284	6693
4583357	1390510	6693
4583357	888671	6693
4430123	2682366	7264
2571339	1622725	7836
2141412	15275	6888
1973481	4583357	6714
2867559	1937348	6910
4514417	3855715	6682
4583357	3864295	6693
4583357	2481159	6693
4514417	1490068	6682
4514417	3058904	6682
3653088	4583357	6714
2736431	85704	6748
4583357	3520581	6693
4514417	4491845	6682
4514417	3941554	6682
4583357	3575215	6708
4583357	3062143	6693
4583357	3736304	6693
4514417	1311074	6682
4514417	245831	6682
4514417	2285368	6682
4583357	2946165	6693
4583357	2880115	6693
4583357	4119740	6700
4514417	4059551	6682
4583357	2398527	6693
4514417	2655638	6682
4514417	4190311	6682
4583357	3900581	6693
4514417	3713253	6682
4514417	3711189	6682
4514417	3082200	6682
4514417	3755414	6682
3215579	1479555	6748
4514417	3378829	6682
4583357	1831654	6693
4583357	3304574	6693
4583357	595760	6693
2123611	1422491	6888
4514417	3534920	6682
4514417	697440	6682
4514417	4505456	6682
4514417	3373452	6682
4583357	4316160	6693
4583357	1673571	6693
1117544	2956590	6756
4514417	2112664	6682
4583357	1666548	6693
4583357	1740711	6693
4514417	3830776	6682
4514417	871278	6682
4514417	966047	6682
3233741	3365000	6707
4583357	3970152	6693
4583357	3659013	6693
4514417	4029402	6682
4514417	325907	6682
4514417	91032	6682
4583357	210968	6693
4583357	3426553	6693
4514417	1066061	6682
4583357	498680	6693
4583357	3360516	6693
4514417	4069372	6682
15275	751351	7374
4514417	534903	6682
4514417	2828446	6682
4514417	493353	6682
4583357	2696804	6693
4583357	3688879	6693
4514417	2706344	6682
4583357	2163550	6708
4514417	2408805	6682
3446841	4583357	6714
4068669	1917251	6714
4514417	2453255	6682
4514417	1917641	6682
4583357	4502919	6693
4514417	2517521	6682
3714151	4583357	6714
4514417	1821137	6682
4583357	166407	6693
2453255	4583357	6714
4583357	406549	6693
4514417	2416225	6682
4514417	375713	6682
4514417	2783193	6682
2652351	2867559	6750
4583357	3135318	6693
4583357	2113206	6693
4514417	3131274	6682
4583357	4581389	6693
4514417	3778441	6682
2282704	4583357	6694
4514417	3003756	6682
4514417	3101457	6682
4583357	4014748	6693
15275	4562656	7374
4583357	3158780	6693
4514417	1187380	6682
4514417	3508327	6682
4583357	3763166	6693
887360	3215579	6756
4583357	4067264	6693
4514417	893816	6682
4514417	2028787	6682
480947	4562656	6763
4583357	2855121	6708
4514417	2067180	6682
4514417	3248005	6682
2894802	4583357	6714
4514417	2975591	6682
4583357	4237988	6693
4514417	3307685	6682
4583357	176597	6693
4514417	1318772	6682
4583357	4180006	6693
739107	15275	6888
4514417	261712	6682
4514417	3466719	6682
2451108	4583357	6714
4583357	1374836	6693
4583357	3970330	6693
15275	1452612	7374
4583357	1441429	6693
4514417	282789	6682
4514417	3898294	6682
4583357	2149210	6693
4583357	594606	6693
4514417	4356072	6682
4514417	1491524	6682
4514417	2875	6682
4583357	4633451	6708
4514417	327343	6682
4583357	2865360	6693
4514417	963947	6682
4514417	1806920	6682
4514417	1610142	6682
4583357	2145353	6693
4514417	1138948	6682
4583357	1914507	6693
15275	3059371	7374
4514417	844506	6682
4583357	628684	6693
4514417	2760480	6891
4583357	1596557	6693
4583357	3243149	6693
4583357	3182141	6693
4583357	3291302	6693
4583357	1179876	6693
4583357	4598283	6693
4583357	370961	6693
4583357	4241716	6693
4514417	3375038	6682
4583357	3901753	6693
4583357	3043227	6693
4583357	1159533	6693
4583357	1828521	6693
4583357	4216193	6693
4583357	3541260	6693
1441692	4583357	6714
4583357	3351957	6693
4583357	1813919	6693
4583357	236122	6693
4583357	2348381	6693
4583357	2058323	6693
4514417	3539807	6682
4583357	3498070	6708
4514417	2081201	6682
4583357	3905771	6693
4514417	2958610	6682
4583357	1025935	6708
4583357	3147178	6693
4514417	2998645	6682
4583357	462956	6693
4583357	3325679	6693
4514417	1739345	6682
4514417	2646078	6682
4514417	2140666	6682
4583357	4291340	6693
4583357	2929288	6693
4583357	4289006	6693
4583357	2681612	6693
4514417	4375124	6682
4514417	3262456	6682
1417504	3338470	6714
4514417	3650990	6682
4583357	1494286	6693
4514417	2376896	6682
4514417	2917334	6682
4068669	987754	6748
4583357	4430404	6693
4583357	1571457	6693
4514417	2342185	6682
4583357	4408711	6693
4583357	478228	6693
4583357	61429	6700
3592153	3176734	7179
4514417	208833	6682
4514417	2145932	6682
4583357	1668529	6693
4583357	1265381	6693
4583357	3802816	6708
4583357	2653969	6693
4583357	261712	6693
4514417	3623785	6682
4514417	4513817	6682
4583357	1212958	6693
2069482	2867559	6750
4514417	2160070	6682
2729821	4583357	6714
4514417	317248	6682
4583357	1550771	6693
4514417	4551362	6682
4583357	2064206	6693
4514417	4134820	6682
4583357	1924093	6693
4514417	3320969	6682
4583357	1131168	6693
4514417	4515946	6682
4514417	717251	6682
2688325	4583357	6714
4514417	828076	6682
4514417	2843702	6682
1172337	4583357	6714
4583357	1652504	6693
4583357	3664326	6693
4514417	633500	6682
4165009	1603345	6756
4514417	683967	6682
4514417	2958149	6682
4583357	2009911	6693
4583357	300806	6693
4514417	1380397	6682
4514417	4295500	6682
4583357	3480096	6693
4514417	3365051	6682
4514417	363446	6682
4583357	4134820	6693
4583357	3634237	6693
4583357	2059441	6693
4514417	1411996	6682
4583357	2440957	6693
4514417	4411109	6682
4583357	1452471	6693
4583357	771907	6693
4514417	3413151	6682
4514417	1313990	6682
4514417	3651238	6682
4583357	954804	6693
2867559	781929	6747
4514417	3704199	6682
4583357	414088	6693
4583357	1060470	6693
4514417	1181100	6682
4514417	4396159	6682
4583357	1707550	6693
4583357	933910	6693
4583357	2451108	6708
4514417	830539	6682
4583357	3519815	6693
4583357	4141090	6693
4583357	2086666	6693
4514417	2485595	6682
4583357	2288439	6693
4514417	2623683	6682
4583357	2386979	6693
4514417	315358	6682
4583357	151552	6693
4583357	950223	6693
4514417	3907398	6682
4583357	46335	6693
4583357	1867266	6693
4583357	444160	6693
4514417	3403540	6682
417968	3659414	7264
4514417	3945686	6682
4514417	3344037	6682
4583357	4386401	6693
4514417	3968156	6682
4429230	4583357	6714
4514417	396726	6682
4514417	2626696	6682
4514417	39601	6682
480947	3016619	6763
4514417	1438778	6682
4131310	4583357	6714
4514417	1158919	6682
4514417	521371	6682
4583357	3381208	6693
4514417	2074641	6682
3860115	645775	6747
4514417	1873263	6682
4514417	1032610	6682
4583357	4004435	6693
4583357	3316746	6693
4583357	1564984	6708
4514417	4345446	6682
2011557	15275	6888
4583357	3537513	6693
4514417	796797	6682
4514417	946752	6682
4583357	1441153	6693
4514417	2886618	6682
4514417	3557283	6682
4583357	1022083	6693
4514417	1857296	6682
4583357	2210410	7241
1117560	15275	6888
4514417	869906	6682
4583357	327447	6693
4583357	4275268	6693
4514417	1954938	6682
4583357	719122	6693
4514417	4164999	6682
4583357	2056108	6693
4514417	1194203	6682
4514417	492541	6682
4514417	119592	6682
4583357	301197	6693
4514417	523193	6682
4514417	151986	6682
1149598	4583357	6714
4583357	4045907	6693
4583357	3020598	6693
4514417	2100927	6682
2377944	4583357	6714
4583357	2461515	6693
4514417	686050	6682
4514417	1917851	6682
4514417	4141903	6682
3338470	1603345	6708
4583357	4097805	6693
1279886	2886525	6714
4583357	3619626	6693
4514417	1984836	6682
4583357	2768612	6693
4583357	2255291	6693
4514417	4314999	6682
4514417	2855121	6682
4514417	230179	6682
4583357	1332060	6693
4514417	3669795	6682
4514417	392852	6682
4514417	3766312	6682
4583357	3116910	6693
4583357	3856340	6693
4514417	1385989	6682
4514417	283602	6682
4583357	932312	6693
4583357	3898294	6693
4514417	1838263	6682
4583357	2160070	6693
4514417	1131299	6682
4514417	3015800	6682
2886525	15275	7241
4583357	4241364	6693
4583357	2999601	6708
4583357	2149385	6693
4583357	2003412	6693
4514417	910038	6682
4514417	4443391	6682
4583357	497248	6693
4514417	933120	6682
4514417	1307416	6682
4583357	3265593	6693
4583357	1139163	6693
4514417	4322685	6682
4514417	3434155	6682
4514417	3673404	6682
726360	4515946	6756
4514417	537566	6682
2571339	3268903	7836
4362623	3338470	6714
4583357	3720351	6693
4514417	1802613	6682
4583357	1838496	6693
4514417	1076474	6682
3860115	1215711	6747
4583357	4228245	6708
4514417	1533320	6682
4583357	2868695	6693
4583357	1740330	6693
4583357	3154756	6693
4514417	2956001	6682
4514417	2286316	6682
4514417	4005281	6682
2785525	4583357	6714
4583357	2374235	6693
4514417	3422995	6682
4583357	1414137	6693
4514417	1668529	6682
4514417	3720351	6682
4583357	2029168	6693
4583357	4204705	6693
4514417	136793	6682
4583357	1004836	6693
4583357	2837451	6693
4514417	1859568	6682
4514417	3640885	6682
4583357	2998645	6693
4583357	1686243	6693
4583357	4100107	6693
4583357	1328956	6707
4514417	1267611	6682
4583357	1975563	6693
4514417	368536	6682
4514417	4251741	6682
4583357	498025	6693
4583357	3582761	6693
4583357	3952376	6693
4583357	4426234	6693
4583357	2424218	6693
4514417	2288381	6682
4514417	4461969	6682
4583357	1063840	6693
15275	3526918	7374
4583357	992441	6693
1291774	4583357	6714
4583357	4146894	6693
4583357	432033	6693
4514417	3562069	6682
4583357	3498143	6693
4514417	2728706	6682
4583357	4644297	6693
4583357	2655638	6693
4514417	672416	6682
4514417	1069092	6682
4583357	4315715	6693
4583357	1770774	6693
4583357	1076474	6693
4583357	1966118	6693
3860115	2493047	6747
4514417	4337014	6682
4514417	2689633	6682
4514417	3973560	6682
417968	4514417	6832
480947	4517443	7130
4514417	1957456	6682
4583357	2745261	6693
4583357	1613272	6693
4583357	607917	6693
4514417	2648961	6682
4514417	2019112	6682
4583357	3424822	6693
4583357	4041943	6693
4514417	3018071	6682
4514417	2288118	6682
4514417	4613113	6682
4583357	3758561	6693
4583357	1450635	6693
4583357	1706421	6693
4583357	4107196	6693
4514417	3243174	6682
4583357	791567	6693
4514417	4350159	6682
4583357	1422491	7241
4514417	260504	6682
4583357	838455	6693
4514417	78148	6682
4583357	3045937	6693
4562656	15275	6888
4583357	2531070	6708
4583357	1742679	6693
4583357	560926	6693
4583357	522984	6693
4583357	4314999	6693
4583357	1722006	6693
4583357	4203682	6693
4514417	4581389	6682
4514417	2357985	6682
4583357	3982583	6693
4514417	2709538	6682
1417504	15275	6888
4514417	178898	6682
4514417	1214984	6682
4583357	223897	6693
4514417	3897661	6682
4583357	3697096	6693
4514417	3900255	6682
4514417	1452471	6682
4514417	1707550	6682
4583357	3331345	6693
4514417	3135821	6682
4583357	4522458	6693
4514417	3255874	6682
4514417	2542106	6682
4514417	738673	6682
4583357	1880176	6693
3338470	3420179	6707
4583357	2922637	6693
4583357	102705	6693
3860115	1095674	6747
4583357	254001	6693
4514417	3267385	6682
4583357	40603	6708
4583357	4506813	6693
4583357	2409808	6693
4514417	1848423	6682
1189599	4583357	6714
4514417	1897369	6682
4514417	2086562	6682
4583357	4390542	6693
4514417	4205237	6682
4514417	1169441	6682
4514417	4621500	6682
259650	3176734	6779
4583357	2439312	6693
4514417	2434481	6682
1281360	1117560	6815
4514417	2569638	6682
4583357	1421530	6693
480947	2700513	6763
4514417	4344782	6682
4014748	4583357	6714
4514417	1814072	6682
4514417	1838298	6682
4583357	954667	6693
4583357	3580972	6693
4514417	219238	6682
4583357	683592	6693
4514417	82239	6682
4583357	551240	6693
4514417	3903794	6682
4583357	1915444	6693
4583357	1829056	6693
4583357	2378930	6693
4514417	3151903	6682
917849	4583357	6714
4583357	3524221	6708
4514417	3346487	6682
4583357	3907589	6693
4583357	494609	6693
4514417	1876987	6682
4583357	2539487	6693
4583357	3608273	6693
4583357	3942931	6693
4514417	301197	6682
4514417	3993518	6682
2100998	4583357	6694
4514417	1521293	6682
4514417	3537467	6682
4583357	1851150	6693
4583357	1490714	6693
4583357	4588121	6693
4583357	1979878	6693
4583357	4303742	6693
4514417	4099954	6682
4583357	2160512	6693
4583357	4377953	6693
4583357	3362233	6693
4514417	3303245	6682
4583357	1802626	6693
4583357	2833929	6693
4583357	1493418	6693
4583357	1513840	6693
4583357	1843398	6693
4514417	2871169	6682
4514417	2504756	6682
1334405	3176734	7328
4514417	343949	6682
4583357	218678	6693
3338470	3716806	6707
4583357	940776	6693
4583357	74951	6693
4583357	4309448	6693
4583357	726268	6693
4514417	1880176	6682
4514417	1267975	6682
4514417	2122008	6682
4514417	368345	6682
4583357	3216212	6693
4583357	3324823	6693
4583357	2958610	6693
3338470	2631749	6707
4583357	854539	6693
4514417	1766238	6682
4514417	681952	6682
4514417	2059475	6682
4514417	412802	6682
4583357	1662249	6693
4514417	374044	6682
4514417	2378646	6682
4514417	4491043	6682
4514417	1197900	6682
4514417	3845678	6682
4514417	1333120	6682
4514417	838572	6682
4514417	3159806	6682
4583357	1763827	6693
4583357	235252	6693
4583357	816462	6693
4583357	698558	6693
4583357	1285664	6693
4583357	233000	6693
4514417	2371709	6682
4583357	4589890	6693
4514417	2130279	6682
4343916	15275	6888
4514417	702151	6682
4514417	3580972	6682
4514417	2323003	6682
4583357	155540	6693
1377145	4583357	6714
4514417	2468358	6682
4583357	1963291	6693
4514417	998490	6682
3420179	15275	6888
4583357	3399690	6693
4514417	4375616	6682
4583357	375978	6707
4514417	4640191	6682
4514417	2317998	6682
4514417	4289006	6682
4583357	1267611	6693
4583357	1463464	6693
3860115	351765	6747
4514417	2071608	6682
4514417	2591889	6682
4583357	1975731	6708
4583357	3673404	6693
4514417	2160512	6682
4583357	168065	6693
4583357	975723	6693
4583357	443464	6693
3338470	3981092	6708
4514417	640036	6682
4562199	1138620	6888
4514417	3844605	6682
4583357	1577809	6693
4583357	1977157	6693
4583357	1096583	6693
4583357	1333120	6693
4078522	3551655	6888
3338470	2451045	6708
4583357	4445711	6693
4514417	192765	6682
4514417	2179884	6682
4583357	85344	6693
3860115	4284182	6747
4583357	1017894	6693
4514417	880315	6682
4583357	3105031	6693
4583357	2691668	6693
4583357	3551817	6693
4514417	2663043	6682
4583357	3206564	6693
4514417	3140184	6682
4514417	627528	6682
4583357	2620204	6693
4514417	2045807	6682
4514417	901927	6682
4514417	1158106	6682
4514417	1441194	6682
4514417	1236179	6682
4583357	2573930	6693
4583357	256059	6693
4514417	2319732	6682
4583357	1688680	6693
4514417	858982	6682
4583357	2637374	6693
4514417	3715901	6682
4514417	1959871	6682
4514417	3633109	6682
4583357	3337184	6693
4583357	1466770	6693
4514417	3160754	6682
4514417	1567138	6682
4583357	1972867	6693
4583357	3066293	6693
4514417	283087	6682
4514417	4455384	6682
4583357	4505456	6693
4514417	703555	6682
4514417	473329	6682
4514417	1577923	6682
4514417	2656464	6682
4514417	3599508	6682
4583357	3911263	6708
4583357	3233741	6698
4514417	4254805	6682
4514417	1953261	6682
4514417	3204308	6682
4514417	81102	6682
4583357	1811300	6693
2298051	2164149	9338
4514417	651186	6682
4583357	1008377	6693
1002321	4583357	6694
4514417	3489183	6682
887360	751351	6756
4514417	2748402	6682
4514417	1712593	6682
4583357	336328	6693
4583357	4438159	6693
4514417	3631194	6682
4514417	1023712	6682
4514417	3663595	6682
4514417	1905421	6682
4583357	144812	6693
4583357	4259028	6693
4514417	4181080	6682
4514417	3980240	6682
4514417	4389048	6682
4583357	4349955	6693
3498143	4583357	6714
4514417	1722251	6682
4514417	2595203	6682
4583357	3663595	6693
4583357	240090	6693
4583357	2558535	6693
4514417	909201	6682
4514417	2019635	6682
4583357	4324324	6693
4514417	1017894	6682
4583357	2453953	6693
4514417	1773649	6682
4583357	84247	6693
4514417	2394382	6682
4583357	954726	6693
4583357	1200391	6693
4514417	4275268	6682
4583357	2372107	6693
4583357	880471	6693
726360	2012757	6748
4583357	2759789	6693
4514417	2996793	6682
4514417	3375734	6682
4583357	2055486	6693
4514417	2688325	6682
3338470	85704	6708
4583357	978963	6693
4583357	4458158	6693
4514417	3225187	6682
4514417	2116878	6682
2607057	2652351	7043
4583357	2687841	6700
4583357	1138179	6693
4583357	951300	6693
4583357	34359	6693
4583357	3274304	6708
4514417	3603768	6682
4583357	387896	6693
4583357	1441692	6708
4583357	2962936	6693
4514417	1189436	6682
4514417	198025	6682
4514417	2498762	6682
4514417	4430123	6891
3274304	4583357	6714
4514417	3032630	6682
4583357	2361540	6693
4514417	4460618	6682
3908316	2867559	6750
4514417	1875208	6682
4583357	1925002	6693
4514417	3022624	6682
4514417	2383128	6682
4583357	3401731	6693
4514417	795375	6682
4514417	2147394	6682
4583357	2667611	6693
4514417	854007	6682
4583357	4553969	6693
4583357	37760	6693
240437	4583357	6694
4583357	4423696	6693
4583357	1506742	6693
4514417	4552788	6682
61429	4649583	6707
4583357	1565434	6693
4583357	1814072	6693
4583357	2126332	6693
4514417	1819327	6682
4514417	2984928	6682
4583357	1613667	6693
4583357	800717	6693
4583357	334975	6693
4583357	4330159	6693
4583357	3690593	6693
4514417	3936281	6682
4514417	712900	6682
4583357	3405847	6693
4583357	2270262	6693
4514417	3551817	6682
4514417	2681043	6682
4514417	3362233	6682
4514417	3958689	6682
4583357	1101904	6693
4583357	4385984	6693
920767	1065902	6756
4583357	2871535	6693
4514417	1698835	6682
4583357	239269	6693
4514417	4445711	6682
4583357	2618558	6693
4514417	4161775	6682
4583357	3562069	6693
3162821	2508616	7384
4514417	4509488	6682
4514417	2606433	6682
4514417	2013168	6682
4514417	4624653	6682
4583357	3763599	6693
4583357	2317998	6693
4514417	2733630	6682
4514417	1465568	6682
4583357	2276624	6693
